frame,cx_px,cy_px,w_px,h_px,cx_norm,cy_norm,w_norm,h_norm,conf
1,1754.62,594.66,261.55,262.45,0.913867,0.550607,0.136223,0.243006,0.9351
1,204.52,138.29,290.16,276.15,0.106522,0.128042,0.151125,0.255698,0.9333
1,1138.85,149.93,350.75,299.86,0.593149,0.138825,0.182682,0.277651,0.9325
1,673.6,678.26,298.4,296.99,0.350833,0.628018,0.155415,0.274993,0.9312
1,1637.91,96.06,263.16,192.12,0.853076,0.088943,0.137063,0.177886,0.9307
1,927.84,924.08,233.9,234.55,0.48325,0.855626,0.121823,0.217178,0.9248
1,1131.13,518.13,292.06,291.68,0.589131,0.479753,0.152116,0.270076,0.9162
1,1258.47,1006.73,281.94,146.53,0.655452,0.932161,0.146844,0.135678,0.8984
1,624.04,56.9,227.1,113.8,0.325018,0.052685,0.118283,0.10537,0.8772
1,57.49,707.31,74.72,74.56,0.029943,0.65492,0.038919,0.069034,0.8444
1,959.57,699.72,100.66,100.39,0.499778,0.647886,0.052426,0.092952,0.8444
1,1653.5,653.48,64.17,63.59,0.861195,0.605071,0.033422,0.058876,0.8419
1,392.46,215.4,66.81,67.04,0.204407,0.199444,0.034798,0.062071,0.8247
1,654.7,1014.21,83.09,82.71,0.340991,0.939084,0.043277,0.076584,0.8011
1,228.17,1035.4,298.59,87.31,0.118841,0.958705,0.155515,0.080842,0.7924
1,1840.41,1039.2,159.18,80.5,0.958547,0.96222,0.082907,0.074538,0.7465
1,422.07,387.14,65.43,65.8,0.21983,0.358463,0.034076,0.060924,0.738
1,1679.88,249.09,71.62,71.27,0.874937,0.230641,0.037304,0.065987,0.7221
2,209.43,125.79,293.94,251.59,0.109078,0.116475,0.153091,0.23295,0.9395
2,1647.17,125.11,268.78,249.82,0.857899,0.115845,0.139989,0.23131,0.939
2,1145.22,164.92,358.88,329.83,0.596469,0.1527,0.186916,0.3054,0.9387
2,648.87,676.77,302.09,305.59,0.337953,0.626635,0.157339,0.282955,0.9358
2,1734.64,653.47,263.67,264.98,0.903459,0.605062,0.137327,0.245352,0.9349
2,1117.9,542.51,307.18,304.93,0.58224,0.502327,0.159987,0.282338,0.929
2,889.16,933.7,238.92,238.12,0.463104,0.864533,0.124438,0.220478,0.9248
2,1209.69,1020.12,278.56,118.09,0.630045,0.944555,0.145084,0.109343,0.8792
2,639.97,56.4,221.22,112.79,0.333319,0.052218,0.11522,0.104437,0.8776
2,190.59,1027.69,242.71,102.48,0.099264,0.951562,0.126412,0.094891,0.8641
2,394.39,197.65,64.97,65.58,0.205409,0.18301,0.033837,0.060718,0.8436
2,34.43,670.1,68.85,71.52,0.01793,0.620464,0.035861,0.066219,0.8332
2,934.21,712.3,102.04,103.83,0.48657,0.659535,0.053146,0.096142,0.8325
2,1630.4,708.11,65.98,65.19,0.849165,0.655661,0.034365,0.06036,0.8081
2,613.19,1011.32,84.32,86.67,0.319368,0.936404,0.043916,0.080248,0.7859
2,415.29,372.6,69.64,69.03,0.216295,0.344996,0.036273,0.063921,0.7456
3,852.65,941.75,258.73,259.12,0.444086,0.87199,0.134753,0.239922,0.9373
3,628.15,670.35,331.06,328.25,0.327161,0.620691,0.172426,0.303934,0.9333
3,1154.32,182.77,377.95,361.57,0.601209,0.169234,0.196851,0.334787,0.9319
3,219.48,109.25,284.74,218.5,0.114313,0.101158,0.148302,0.202315,0.9318
3,1709.5,709.98,278.13,276.6,0.890366,0.657387,0.14486,0.256108,0.9308
3,1103.33,562.12,332.25,327.97,0.574651,0.520477,0.173046,0.303676,0.9304
3,1649.1,169.98,277.32,270.56,0.858906,0.15739,0.144439,0.250521,0.9263
3,140.53,1013.47,239.72,130.66,0.073195,0.938398,0.124853,0.120984,0.8951
3,654.63,56.13,235.95,112.26,0.340955,0.051972,0.122889,0.103945,0.8692
3,907.47,725.8,109.11,110.69,0.472642,0.672041,0.056828,0.102492,0.8405
3,396.98,179.21,65.09,64.93,0.206761,0.16594,0.033904,0.060122,0.8268
3,1166.74,1030.55,311.48,97.24,0.607678,0.954208,0.16223,0.090038,0.807
3,1603.12,759.42,67.94,66.77,0.834958,0.703168,0.035387,0.061821,0.7932
4,229.55,102.07,301.71,204.14,0.119558,0.09451,0.157142,0.18902,0.9402
4,603.84,665.89,337.52,333.88,0.314501,0.616567,0.175792,0.309148,0.9361
4,1081.79,582.72,342.01,339.09,0.563432,0.539558,0.178128,0.313971,0.934
4,1156.78,199.51,386.26,381.84,0.602487,0.184732,0.201177,0.353551,0.9334
4,812.2,945.89,262.48,260.67,0.42302,0.87582,0.136709,0.241363,0.9294
4,1678.77,763.88,280.56,281.59,0.874358,0.707296,0.146124,0.260729,0.9264
4,1652.28,221.75,285.3,280.12,0.860564,0.205322,0.148596,0.259373,0.9248
4,107.66,997.29,215.33,163.96,0.056076,0.92342,0.112151,0.151815,0.908
4,669.78,54.9,240.4,109.8,0.348845,0.050835,0.125209,0.10167,0.8767
4,399.95,161.62,67.09,67.9,0.208306,0.149652,0.034943,0.062871,0.841
4,879.01,733.22,114.18,116.1,0.457817,0.678909,0.05947,0.107496,0.8361
4,1570.38,807.31,67.37,65.9,0.817907,0.747511,0.035087,0.061016,0.7987
4,1111.39,1038.05,318.61,82.06,0.578849,0.961158,0.165943,0.075977,0.7418
4,401.4,338.47,69.91,72.35,0.209062,0.313394,0.03641,0.066988,0.7232
5,576.3,655.32,338.66,339.22,0.300157,0.606781,0.176384,0.314089,0.941
5,1061.11,603.02,337.98,336.51,0.552663,0.558347,0.176032,0.311585,0.9376
5,771.08,947.41,267.77,262.43,0.401604,0.877229,0.139464,0.242988,0.9366
5,87.67,974.71,174.95,210.58,0.045659,0.90251,0.091121,0.194979,0.9341
5,239.28,89.11,319.43,178.21,0.124627,0.082506,0.166368,0.165013,0.9283
5,1651.72,272.61,290.48,288.34,0.86027,0.252421,0.151289,0.26698,0.9269
5,1650.03,819.33,278.67,278.29,0.859391,0.758641,0.145143,0.257672,0.9253
5,1155.64,222.3,393.79,391.04,0.601897,0.205834,0.205101,0.36207,0.9251
5,680.48,55.92,253.28,111.85,0.354416,0.051781,0.131917,0.103563,0.8952
5,1536.34,852.96,67.94,69.18,0.800178,0.789779,0.035383,0.064059,0.8438
5,849.93,740.8,113.23,116.8,0.442672,0.685922,0.058972,0.108144,0.8306
5,405.43,142.56,71.64,70.32,0.211163,0.132003,0.037315,0.065109,0.8296
5,482.23,979.84,94.77,97.61,0.251162,0.907256,0.049361,0.090375,0.7184
5,1565.84,42.73,362.7,85.47,0.815544,0.039569,0.188904,0.079139,0.7096
6,728.24,946.05,269.87,264.76,0.37929,0.875968,0.140559,0.245146,0.9342
6,550.86,645.42,342.3,339.91,0.286908,0.597609,0.178281,0.314736,0.934
6,1039.97,619.66,337.2,334.15,0.541651,0.573759,0.175627,0.309402,0.9334
6,1154.7,239.72,391.15,390.11,0.601405,0.221963,0.203724,0.361209,0.9326
6,1648.78,320.59,298.82,298.22,0.858738,0.296839,0.155634,0.276129,0.9306
6,1615.1,867.96,284.23,284.75,0.841196,0.803669,0.148035,0.263658,0.9295
6,254.63,76.6,334.51,153.21,0.13262,0.07093,0.174224,0.141861,0.9133
6,68.64,945.63,137.19,268.1,0.035748,0.875585,0.071454,0.248239,0.9065
6,690.3,53.88,247.93,107.67,0.35953,0.049889,0.129131,0.099694,0.8844
6,1586.66,68.79,417.81,137.21,0.826388,0.063691,0.217611,0.127051,0.8668
6,819.0,743.62,111.14,109.24,0.426564,0.688534,0.057883,0.101146,0.8548
6,212.28,520.96,57.8,57.05,0.110561,0.482375,0.030105,0.052826,0.8184
6,409.77,122.9,78.01,78.19,0.213422,0.113795,0.040633,0.072396,0.8175
6,1499.8,895.18,68.9,67.91,0.781147,0.828872,0.035887,0.062876,0.8071
6,1878.28,830.52,83.44,282.54,0.978271,0.768997,0.043458,0.261615,0.7672
6,389.47,296.31,75.2,75.93,0.202851,0.274357,0.039167,0.070308,0.7453
7,1014.73,631.66,338.2,337.48,0.528503,0.584873,0.176147,0.312481,0.9364
7,524.69,629.74,337.84,340.05,0.273278,0.583088,0.175961,0.314864,0.9353
7,1641.72,367.88,300.5,300.82,0.855065,0.340631,0.156509,0.278537,0.9314
7,1577.38,911.7,294.84,297.89,0.821552,0.844168,0.15356,0.275828,0.9303
7,686.52,943.27,268.07,265.26,0.357562,0.873394,0.139618,0.245615,0.9286
7,1151.41,261.8,390.07,396.09,0.599691,0.242412,0.203159,0.366749,0.9249
7,1591.24,95.47,412.03,190.93,0.828772,0.088396,0.214601,0.176791,0.9024
7,1854.65,885.91,130.7,288.82,0.965964,0.820286,0.068073,0.267426,0.8966
7,789.72,745.99,113.95,112.4,0.411313,0.690733,0.05935,0.104074,0.8762
7,266.54,61.82,316.99,123.64,0.138826,0.057242,0.165096,0.114483,0.8744
7,702.96,52.35,252.21,104.61,0.366128,0.048468,0.13136,0.09686,0.8662
7,47.22,902.96,94.44,249.98,0.024593,0.836073,0.049185,0.231459,0.8528
7,1458.11,935.44,71.46,71.15,0.759432,0.866147,0.037218,0.06588,0.8521
7,413.3,100.83,78.18,77.78,0.215261,0.093361,0.04072,0.072017,0.8221
7,194.76,487.49,58.93,58.91,0.101439,0.451381,0.030694,0.054543,0.8187
7,384.76,274.99,76.92,77.62,0.200398,0.254624,0.040065,0.071866,0.7817
8,502.82,615.08,355.71,350.73,0.261884,0.569521,0.185266,0.324747,0.9367
8,986.24,643.54,344.86,342.99,0.513668,0.595875,0.179614,0.317583,0.9345
8,642.69,937.75,272.52,271.16,0.334732,0.868291,0.141939,0.251073,0.9313
8,1535.66,943.08,297.1,273.84,0.799822,0.873223,0.154741,0.253555,0.9274
8,1591.35,117.22,410.7,234.44,0.82883,0.108539,0.213905,0.217077,0.9272
8,1628.67,413.86,309.68,308.0,0.848266,0.383205,0.161294,0.285184,0.926
8,1145.86,283.1,399.8,399.71,0.596802,0.262132,0.208227,0.370097,0.9232
8,1834.51,945.3,170.99,269.4,0.955472,0.875278,0.089055,0.249444,0.9188
8,758.1,743.89,118.25,117.96,0.394845,0.688784,0.061587,0.10922,0.8772
8,1415.19,970.29,71.39,71.8,0.737077,0.898418,0.03718,0.066483,0.8542
8,715.15,52.8,274.64,105.31,0.372472,0.048889,0.143042,0.097509,0.847
8,418.42,79.3,75.83,75.77,0.217929,0.073424,0.039495,0.070154,0.8176
8,280.51,44.79,302.51,89.57,0.146099,0.041468,0.157555,0.082936,0.8102
8,154.45,1033.82,308.9,90.6,0.080443,0.957243,0.160887,0.083887,0.755
8,1162.12,33.48,254.0,66.97,0.60527,0.031003,0.132294,0.062007,0.7079
9,477.58,595.49,359.46,357.15,0.24874,0.55138,0.187219,0.330692,0.9372
9,1597.02,141.19,410.16,281.74,0.831784,0.130728,0.213624,0.260867,0.9362
9,1139.94,300.68,404.42,405.11,0.593718,0.278412,0.210636,0.375104,0.9351
9,602.57,926.61,281.86,288.41,0.313839,0.857975,0.146801,0.267042,0.9345
9,960.34,654.16,356.13,353.48,0.500178,0.605706,0.185484,0.327292,0.9328
9,1808.75,969.93,222.5,218.75,0.942059,0.898084,0.115883,0.20255,0.9328
9,1488.66,960.55,301.62,237.37,0.775345,0.889402,0.157096,0.219789,0.9315
9,1611.55,456.95,307.01,303.15,0.839348,0.423099,0.159902,0.28069,0.9312
9,725.85,738.21,119.44,120.01,0.378046,0.683528,0.062207,0.111123,0.8533
9,1368.74,1001.62,72.32,70.95,0.712884,0.927429,0.037665,0.065695,0.8445
9,1173.67,45.21,261.74,90.43,0.611287,0.041865,0.136322,0.08373,0.8426
9,142.12,1015.94,283.5,126.34,0.074023,0.94069,0.147657,0.116984,0.8391
9,723.63,51.81,267.37,103.62,0.376889,0.047974,0.139254,0.095948,0.8383
9,425.66,57.77,75.03,73.05,0.221697,0.05349,0.039078,0.067638,0.8301
9,164.32,417.36,58.13,58.44,0.085585,0.386446,0.030278,0.054116,0.798
9,315.18,888.79,103.02,105.63,0.164156,0.822958,0.053655,0.097809,0.7022
10,1131.35,315.34,417.93,422.38,0.589246,0.291979,0.217674,0.391096,0.9426
10,455.15,575.14,357.1,357.04,0.237055,0.532534,0.185991,0.330592,0.9413
10,932.35,655.01,363.8,365.83,0.485602,0.606487,0.189479,0.33873,0.939
10,1445.22,974.31,323.41,209.54,0.75272,0.902136,0.168445,0.194017,0.9337
10,560.04,911.83,296.54,298.93,0.291689,0.844288,0.154447,0.276784,0.9328
10,1603.05,165.25,421.72,330.51,0.834924,0.153013,0.219648,0.306026,0.93
10,1596.87,498.14,311.34,313.86,0.831703,0.461243,0.162156,0.290615,0.9219
10,1780.49,995.48,278.14,167.57,0.927337,0.921739,0.144863,0.155159,0.9033
10,1184.18,57.15,282.17,113.98,0.616762,0.052915,0.146964,0.105533,0.8702
10,117.26,983.56,234.08,190.73,0.061072,0.910702,0.121916,0.1766,0.8505
10,736.64,51.42,288.9,102.83,0.383667,0.047607,0.150466,0.095215,0.8386
10,694.16,730.9,120.32,120.58,0.361541,0.676756,0.062669,0.111648,0.8379
10,1321.96,1030.21,75.59,75.06,0.688519,0.953896,0.039371,0.0695,0.8342
10,152.13,379.16,59.51,59.29,0.079236,0.351071,0.030996,0.054901,0.8197
10,431.13,36.58,79.79,72.16,0.224544,0.033869,0.04156,0.066815,0.8114
10,1193.28,92.07,57.69,57.34,0.6215,0.085249,0.030044,0.053095,0.7297
11,1607.12,186.38,424.29,372.75,0.837043,0.172571,0.220984,0.345142,0.9434
11,905.61,662.59,369.85,362.58,0.471674,0.613512,0.192633,0.335722,0.9396
11,434.46,551.11,365.14,363.39,0.22628,0.510287,0.190178,0.336475,0.9364
11,518.45,893.83,299.84,300.13,0.270026,0.827622,0.156168,0.277902,0.9343
11,1122.93,329.18,429.91,432.4,0.584857,0.304796,0.223909,0.400373,0.9337
11,1574.25,538.16,321.21,320.11,0.819922,0.498294,0.167298,0.296398,0.9325
11,1398.21,988.23,325.57,183.54,0.728236,0.915026,0.169566,0.169948,0.911
11,95.3,960.46,190.6,238.07,0.049637,0.889313,0.099273,0.220437,0.9027
11,1195.81,65.89,300.18,131.78,0.62282,0.061011,0.156342,0.122021,0.8923
11,1753.87,1021.52,324.06,115.01,0.913474,0.945851,0.16878,0.106487,0.8549
11,662.69,720.61,121.6,121.17,0.34515,0.667233,0.063332,0.112192,0.8438
11,141.17,338.57,61.04,61.7,0.073524,0.313489,0.031793,0.057133,0.8306
11,748.53,47.08,288.21,94.17,0.38986,0.043595,0.150108,0.08719,0.8175
11,797.37,52.6,57.76,58.88,0.415296,0.048707,0.030082,0.054518,0.8052
11,1274.31,1046.73,77.87,66.53,0.663705,0.969199,0.040557,0.061602,0.7798
11,438.78,23.52,73.94,46.59,0.228529,0.021777,0.038508,0.043138,0.7459
11,1512.09,724.24,94.59,94.68,0.787546,0.670595,0.049266,0.087669,0.7339
11,238.55,823.56,105.88,107.3,0.124247,0.762555,0.055145,0.099354,0.7203
12,878.13,658.2,367.64,373.36,0.457361,0.60944,0.191479,0.345708,0.9429
12,411.76,525.99,371.04,369.14,0.214461,0.487023,0.193251,0.341799,0.9412
12,1602.38,208.5,427.55,412.91,0.834571,0.193054,0.222682,0.382322,0.9303
12,1549.66,576.1,316.03,323.2,0.807115,0.533426,0.164599,0.299259,0.9283
12,478.87,871.11,294.59,297.2,0.249409,0.806579,0.153431,0.275181,0.9269
12,1115.82,343.42,431.08,428.35,0.581157,0.317981,0.22452,0.396621,0.923
12,1346.68,1001.93,313.92,154.66,0.701395,0.927715,0.163499,0.143208,0.9093
12,1204.4,75.84,302.26,151.41,0.627294,0.070221,0.157426,0.140193,0.9038
12,67.07,937.57,133.44,283.11,0.034931,0.868122,0.069499,0.262136,0.8649
12,633.18,705.32,123.41,126.99,0.329782,0.653072,0.064276,0.117581,0.8437
12,132.42,296.56,61.83,62.38,0.068971,0.274589,0.032203,0.057757,0.7604
12,375.42,143.67,79.46,79.19,0.195533,0.133025,0.041387,0.07332,0.7256
12,761.07,42.59,304.97,85.17,0.396388,0.039431,0.158837,0.078862,0.7212
13,850.75,657.86,373.37,369.94,0.4431,0.609126,0.194462,0.342538,0.9401
13,391.55,496.14,371.71,371.56,0.203934,0.459388,0.1936,0.344037,0.9378
13,438.99,846.0,302.77,301.24,0.22864,0.78333,0.157695,0.278927,0.9343
13,1529.93,610.38,322.66,323.79,0.796839,0.565165,0.16805,0.29981,0.9336
13,1603.08,238.01,430.22,428.54,0.834937,0.220382,0.224074,0.396794,0.932
13,1102.97,353.92,430.95,432.78,0.574464,0.327703,0.224454,0.400722,0.9236
13,1197.27,84.89,321.93,169.74,0.623577,0.078603,0.167669,0.157163,0.9081
13,1299.33,1009.43,342.26,139.51,0.676736,0.934658,0.178258,0.129176,0.8932
13,602.23,691.3,126.58,126.06,0.313663,0.640088,0.065929,0.116721,0.8553
13,1885.0,447.22,70.01,79.31,0.981769,0.414093,0.036463,0.073437,0.8421
13,125.3,253.43,62.74,62.66,0.065262,0.234659,0.032676,0.05802,0.8056
13,46.12,923.0,92.1,310.75,0.024018,0.854628,0.047968,0.287736,0.7714
13,617.05,1034.56,329.15,89.07,0.321378,0.957923,0.17143,0.082477,0.7532
13,167.92,748.05,106.53,105.65,0.087456,0.692641,0.055482,0.097826,0.7227
14,820.55,650.9,367.3,372.84,0.427372,0.602681,0.191304,0.345224,0.941
14,374.5,465.55,372.26,375.21,0.195055,0.431063,0.193888,0.347416,0.9343
14,400.24,818.61,300.92,303.81,0.208459,0.757969,0.156727,0.281305,0.9338
14,1090.0,362.88,424.38,427.88,0.567706,0.336003,0.22103,0.396186,0.9333
14,1500.47,642.46,320.64,322.46,0.781494,0.594872,0.167,0.298573,0.9278
14,1596.63,273.97,428.36,430.72,0.831576,0.253671,0.223105,0.398814,0.9249
14,1203.73,91.82,320.97,183.65,0.626945,0.085022,0.16717,0.170044,0.9118
14,1252.33,1019.04,362.33,119.83,0.652255,0.943556,0.188714,0.110955,0.8558
14,573.11,672.89,122.44,125.99,0.298495,0.623044,0.063773,0.116656,0.8409
14,551.46,1026.76,337.73,104.54,0.287221,0.950701,0.175901,0.096798,0.8199
14,121.35,209.48,60.98,61.49,0.063201,0.193958,0.031761,0.056933,0.8194
14,1871.18,498.82,78.64,78.84,0.974572,0.461867,0.040958,0.073004,0.8076
14,814.52,35.39,57.81,57.53,0.424231,0.03277,0.03011,0.053266,0.7676
14,137.71,703.86,106.61,108.85,0.071726,0.651723,0.055528,0.100789,0.7409
14,1884.4,180.5,71.21,288.51,0.981457,0.167133,0.037086,0.267137,0.7051
15,1077.3,370.53,429.5,434.76,0.561093,0.343083,0.223697,0.402557,0.9425
15,1475.32,673.86,318.85,318.75,0.768396,0.623942,0.166067,0.295138,0.9361
15,359.14,431.51,378.32,374.2,0.187052,0.399545,0.197043,0.346485,0.9357
15,792.37,643.46,371.53,372.09,0.41269,0.595792,0.193508,0.344525,0.9351
15,364.53,786.06,303.43,304.2,0.189859,0.727833,0.158035,0.281671,0.9342
15,1214.38,98.88,311.01,197.75,0.632489,0.091552,0.161984,0.183103,0.932
15,1593.3,308.63,434.31,432.99,0.829843,0.285766,0.226201,0.400921,0.9291
15,491.02,1016.18,368.36,125.68,0.255738,0.94091,0.191855,0.116366,0.8659
15,1850.03,549.07,75.01,74.56,0.963555,0.508396,0.039067,0.069033,0.8609
15,546.47,650.05,126.93,128.9,0.284618,0.601896,0.066109,0.119352,0.8546
15,822.56,27.85,59.06,55.38,0.428415,0.02579,0.030761,0.05128,0.8279
15,1200.99,1025.14,388.23,107.78,0.625514,0.949201,0.202204,0.099793,0.8072
15,120.21,163.5,60.84,61.18,0.062607,0.151385,0.031689,0.056646,0.7988
15,847.28,925.42,58.9,57.93,0.441289,0.856871,0.030675,0.05364,0.7558
15,383.21,52.49,85.56,87.54,0.199589,0.048606,0.044562,0.081056,0.7503
15,1883.5,231.75,73.0,299.09,0.980991,0.214584,0.038018,0.276939,0.7295
15,107.19,657.9,106.14,107.77,0.055828,0.609165,0.055283,0.099789,0.708
16,1068.07,375.56,431.38,437.64,0.556287,0.347744,0.224677,0.40522,0.9456
16,770.45,632.1,375.1,374.8,0.401274,0.585279,0.195363,0.347035,0.9399
16,332.11,752.9,301.76,305.3,0.172975,0.697129,0.157165,0.282689,0.9383
16,341.47,399.63,372.52,373.01,0.177848,0.370028,0.194019,0.345383,0.9358
16,1446.22,698.14,321.62,322.91,0.753238,0.646423,0.167511,0.298992,0.9298
16,1219.25,107.35,320.22,214.7,0.635024,0.099398,0.166779,0.198796,0.9288
16,1582.91,343.02,429.79,431.9,0.82443,0.317615,0.223851,0.399911,0.919
16,436.64,1002.47,357.78,153.44,0.227418,0.928215,0.186342,0.14207,0.8984
16,520.69,626.16,125.64,127.05,0.271195,0.579777,0.06544,0.117636,0.8646
16,121.0,115.68,61.5,61.17,0.06302,0.107114,0.032031,0.056635,0.8129
16,1827.27,595.33,78.41,77.71,0.951705,0.551234,0.040841,0.071951,0.8124
16,1142.43,1029.38,374.65,99.47,0.595016,0.953129,0.19513,0.092099,0.7755
16,81.95,609.55,101.98,105.73,0.042682,0.564395,0.053117,0.097902,0.7628
16,1881.08,289.55,77.84,315.1,0.97973,0.268103,0.04054,0.291757,0.736
17,745.37,618.8,373.4,373.25,0.388215,0.572965,0.194477,0.345606,0.9359
17,331.87,362.94,369.35,369.11,0.172849,0.336053,0.192369,0.341764,0.9356
17,300.97,716.71,303.67,304.33,0.156754,0.663617,0.158161,0.281786,0.932
17,1055.5,378.74,429.91,432.31,0.549742,0.350687,0.223911,0.400287,0.9311
17,1417.03,723.1,317.12,315.08,0.738038,0.669536,0.165165,0.291744,0.9311
17,1573.69,371.36,429.02,433.86,0.819628,0.343856,0.223448,0.401719,0.9298
17,1226.16,113.13,315.55,226.27,0.638625,0.104754,0.164351,0.209509,0.9181
17,387.91,984.39,340.09,189.54,0.202035,0.911474,0.177131,0.175502,0.9146
17,495.82,599.79,126.65,127.03,0.258239,0.555363,0.065962,0.117619,0.8628
17,124.09,69.13,61.54,62.09,0.064631,0.064007,0.032052,0.057488,0.8516
17,1803.12,640.12,75.97,75.95,0.939127,0.592707,0.039566,0.070325,0.8319
17,1082.66,1033.46,347.29,91.18,0.563883,0.956911,0.180878,0.084428,0.8023
17,1875.28,336.93,89.45,287.21,0.976706,0.311972,0.046588,0.265938,0.7431
17,56.22,559.93,104.26,102.31,0.02928,0.518455,0.054303,0.094733,0.7267
18,1558.4,398.52,426.79,432.46,0.811665,0.369003,0.222284,0.400429,0.9433
18,719.16,604.31,370.49,370.13,0.374563,0.559548,0.192962,0.342711,0.9378
18,271.55,674.59,301.41,304.66,0.141431,0.624617,0.156984,0.282091,0.9363
18,1045.57,380.36,422.78,428.11,0.54457,0.352188,0.220198,0.396402,0.9321
18,323.38,324.49,367.31,366.31,0.168428,0.30045,0.191307,0.339172,0.931
18,1382.19,745.22,316.48,316.36,0.71989,0.690021,0.164832,0.292922,0.9303
18,340.58,967.11,353.46,224.18,0.177384,0.89547,0.184096,0.207573,0.9288
18,1229.37,117.33,305.24,234.65,0.640299,0.108635,0.158979,0.217265,0.9211
18,469.29,571.81,125.38,126.41,0.24442,0.529454,0.065302,0.117048,0.849
18,1775.26,681.56,76.29,76.54,0.924615,0.631076,0.039732,0.070874,0.8283
18,1869.16,388.34,101.69,290.89,0.973519,0.359577,0.052961,0.269343,0.7967
18,130.7,25.58,59.65,51.15,0.068073,0.023683,0.031068,0.047365,0.7892
18,1031.3,1034.03,346.64,90.14,0.537137,0.957432,0.180542,0.08346,0.7716
18,1257.86,890.72,92.42,94.14,0.655137,0.824739,0.048136,0.087167,0.7562
19,697.5,584.62,362.15,365.76,0.36328,0.541318,0.188618,0.338671,0.9398
19,295.69,948.86,339.64,261.09,0.154005,0.878574,0.176897,0.241749,0.9371
19,314.64,283.29,363.89,361.62,0.163876,0.262305,0.189527,0.334829,0.9354
19,1543.9,429.07,426.67,429.52,0.804115,0.397283,0.222226,0.397708,0.934
19,243.85,635.72,297.41,298.91,0.127005,0.588628,0.1549,0.276772,0.9324
19,1354.23,761.85,313.49,314.08,0.705331,0.70542,0.163276,0.290812,0.9298
19,1031.14,377.96,425.35,430.23,0.537052,0.349962,0.221535,0.398364,0.9261
19,1233.72,124.09,306.88,248.18,0.642563,0.114897,0.159835,0.229795,0.9179
19,449.98,539.12,126.21,126.28,0.234365,0.499186,0.065733,0.116926,0.871
19,1862.02,443.6,115.95,284.49,0.969804,0.410738,0.060392,0.263416,0.8378
19,1747.04,719.44,76.2,76.33,0.909915,0.666146,0.03969,0.070675,0.8304
19,1769.43,43.62,280.08,87.24,0.921578,0.040387,0.145875,0.080774,0.8134
19,965.91,1031.35,368.37,95.67,0.50308,0.954952,0.19186,0.088588,0.7842
20,309.36,244.11,360.24,359.11,0.161126,0.226023,0.187627,0.33251,0.9386
20,1020.19,377.56,413.8,414.25,0.531347,0.349596,0.215522,0.383566,0.9341
20,676.39,563.05,358.62,357.66,0.352286,0.521343,0.186779,0.331169,0.9338
20,220.75,588.06,289.44,287.84,0.114972,0.544504,0.150748,0.266521,0.9327
20,1238.13,127.36,301.65,254.71,0.64486,0.117923,0.157107,0.235846,0.9249
20,251.78,928.51,340.43,302.98,0.131135,0.859732,0.177308,0.280536,0.9241
20,1320.17,777.1,312.35,308.82,0.68759,0.719538,0.162684,0.285948,0.9237
20,1530.62,453.46,419.54,419.56,0.797198,0.419866,0.218513,0.388483,0.9178
20,1771.68,63.86,285.23,127.7,0.922749,0.059134,0.148558,0.118241,0.8941
20,1856.0,485.12,127.99,278.07,0.966669,0.449182,0.066662,0.257468,0.887
20,432.1,503.92,119.66,120.05,0.225053,0.466591,0.062322,0.11116,0.8605
20,1715.97,754.95,73.23,73.66,0.893736,0.69903,0.038138,0.068205,0.8084
20,926.57,1034.49,339.81,89.51,0.482591,0.957857,0.176984,0.082879,0.7744
21,1007.79,373.78,407.64,405.1,0.524891,0.346094,0.212314,0.375093,0.944
21,201.59,542.11,287.58,288.59,0.104994,0.50195,0.14978,0.267212,0.9398
21,655.76,541.64,352.35,354.46,0.341539,0.501518,0.183515,0.328208,0.9365
21,307.29,201.97,356.57,356.6,0.160048,0.187013,0.185711,0.330182,0.9359
21,213.13,901.12,335.53,336.87,0.111003,0.834373,0.174753,0.31192,0.9338
21,1289.56,789.92,301.08,302.7,0.671646,0.731403,0.156814,0.280276,0.9289
21,1515.75,474.71,411.32,412.78,0.789454,0.439547,0.21423,0.382207,0.9279
21,1783.09,79.08,266.0,158.16,0.928695,0.073224,0.138543,0.146449,0.9209
21,1240.21,128.45,290.71,256.48,0.645945,0.118934,0.151411,0.237478,0.9166
21,1847.64,527.53,144.73,282.63,0.962311,0.488458,0.075379,0.261694,0.9054
21,415.29,469.32,117.3,120.0,0.216298,0.434555,0.061094,0.111108,0.8581
21,1684.7,786.49,71.47,72.16,0.877446,0.728236,0.037223,0.066816,0.832
21,880.63,1031.75,293.27,94.79,0.458662,0.95532,0.152742,0.087772,0.7986
21,767.1,1056.69,75.71,46.29,0.399529,0.978413,0.039435,0.042865,0.7648
21,1187.7,58.53,183.37,116.59,0.618595,0.054193,0.095505,0.107952,0.7227
21,1140.06,911.68,89.68,87.88,0.593783,0.844145,0.046708,0.081368,0.7028
22,1786.55,92.53,251.33,185.05,0.930494,0.085672,0.130901,0.171344,0.9374
22,185.97,493.62,281.92,282.88,0.096858,0.457052,0.146831,0.26193,0.9372
22,638.08,515.98,348.29,347.6,0.332334,0.477758,0.181401,0.321849,0.9359
22,998.26,363.28,400.85,396.01,0.519927,0.336371,0.208775,0.366672,0.9349
22,305.73,168.2,347.18,336.41,0.159232,0.155744,0.180825,0.311489,0.9331
22,176.61,852.62,319.63,321.65,0.091984,0.78946,0.166475,0.29782,0.9327
22,1500.31,497.65,411.44,405.91,0.781413,0.460786,0.21429,0.375844,0.932
22,1257.59,799.07,297.71,298.7,0.654993,0.739876,0.155055,0.276572,0.9278
22,1249.26,130.52,282.56,261.04,0.650654,0.12085,0.147167,0.2417,0.9263
22,1835.57,572.65,168.86,287.15,0.956027,0.530229,0.087947,0.265878,0.9174
22,399.67,431.54,114.2,113.65,0.208161,0.399572,0.059479,0.105235,0.86
22,825.17,1025.94,294.48,106.23,0.429774,0.949941,0.153372,0.098358,0.8544
22,719.51,1046.6,74.57,66.79,0.374745,0.969078,0.03884,0.061844,0.8127
22,1651.51,816.18,73.03,72.96,0.860164,0.755719,0.038037,0.067557,0.8117
23,1484.56,517.14,406.23,399.32,0.773207,0.478836,0.211578,0.369738,0.9395
23,307.72,144.2,344.63,288.4,0.160269,0.133517,0.179495,0.267035,0.9391
23,170.14,442.13,277.1,278.38,0.088613,0.409377,0.144321,0.257762,0.9375
23,988.78,356.64,393.32,389.82,0.514992,0.330223,0.204854,0.360941,0.9328
23,622.73,491.2,335.99,334.19,0.32434,0.454818,0.174997,0.309437,0.9313
23,1794.24,108.45,246.6,216.89,0.9345,0.100413,0.128436,0.200826,0.9298
23,1224.41,805.04,291.0,291.14,0.637713,0.745408,0.151563,0.269576,0.9293
23,151.76,802.57,303.34,319.04,0.079044,0.743122,0.157991,0.295411,0.9267
23,1252.85,133.43,276.87,263.88,0.652524,0.123549,0.144202,0.24433,0.9233
23,1825.85,611.68,188.3,282.81,0.950964,0.566371,0.098072,0.261857,0.9197
23,782.5,1018.61,327.1,120.6,0.407551,0.943161,0.170365,0.111665,0.8696
23,388.92,393.62,112.95,114.19,0.202565,0.364464,0.058828,0.105735,0.8465
23,1618.16,842.78,72.12,71.9,0.842794,0.780351,0.037563,0.066574,0.8427
23,674.51,1028.55,75.52,75.36,0.351307,0.952358,0.039335,0.069782,0.8235
24,314.32,119.47,337.01,238.94,0.163707,0.110618,0.175526,0.221237,0.9354
24,157.57,392.54,270.8,269.85,0.082067,0.363462,0.141043,0.249865,0.9327
24,605.86,463.38,340.19,339.55,0.315551,0.429054,0.17718,0.314394,0.9308
24,981.34,349.3,390.3,387.43,0.511113,0.323425,0.203282,0.358728,0.93
24,1259.14,136.6,278.57,269.65,0.655805,0.126478,0.145088,0.249672,0.9267
24,1466.62,530.31,404.78,403.32,0.763867,0.491024,0.210825,0.373441,0.9261
24,1195.49,809.07,287.77,287.17,0.622649,0.749137,0.149881,0.265894,0.9259
24,1817.81,647.11,204.38,258.08,0.946775,0.599176,0.10645,0.238962,0.9253
24,1796.62,129.0,238.36,241.27,0.935741,0.119448,0.124147,0.223397,0.9216
24,135.42,750.56,270.73,317.27,0.070531,0.694961,0.141005,0.293766,0.9197
24,726.25,1011.01,291.99,136.35,0.378255,0.936118,0.152077,0.126247,0.8986
24,1583.32,866.14,71.16,70.51,0.824647,0.801982,0.037063,0.065286,0.8592
24,632.45,1003.2,76.46,78.72,0.329403,0.928892,0.039825,0.072887,0.8579
24,378.67,355.45,114.72,115.1,0.197222,0.329119,0.059752,0.106571,0.8499
24,1027.19,902.96,85.54,84.64,0.534997,0.836074,0.044552,0.078367,0.7108
24,1218.27,63.53,196.41,127.07,0.634513,0.058828,0.102298,0.117657,0.7012
25,592.35,435.07,331.44,332.92,0.308518,0.402847,0.172623,0.308263,0.9369
25,1450.43,546.28,395.22,398.56,0.755431,0.505815,0.205843,0.369037,0.936
25,319.27,97.39,331.87,194.78,0.166288,0.090178,0.172847,0.180356,0.9355
25,1806.93,682.57,226.14,264.63,0.94111,0.632013,0.117781,0.245026,0.9355
25,1164.41,809.84,292.94,292.1,0.606463,0.749848,0.152574,0.270464,0.933
25,149.56,340.35,267.59,266.51,0.077897,0.315143,0.139369,0.246766,0.9314
25,120.44,693.97,240.88,304.64,0.06273,0.642563,0.12546,0.282075,0.9309
25,1263.56,140.95,267.45,264.38,0.658105,0.130513,0.139297,0.244793,0.9298
25,977.24,338.69,387.4,384.1,0.508978,0.3136,0.201772,0.355645,0.9245
25,1801.16,161.09,233.27,243.4,0.938102,0.149154,0.121493,0.225372,0.9237
25,678.49,998.68,303.51,161.15,0.353382,0.924706,0.158078,0.149213,0.9204
25,591.62,975.58,73.94,75.18,0.308135,0.903311,0.038508,0.06961,0.8541
25,371.31,313.58,112.33,112.33,0.19339,0.290355,0.058507,0.10401,0.8475
25,1549.38,886.95,71.26,74.01,0.806971,0.821246,0.037112,0.068527,0.8305
25,991.57,895.68,82.15,81.1,0.516444,0.829333,0.042785,0.075096,0.7758
25,1221.7,61.57,180.17,123.14,0.636302,0.057011,0.09384,0.114023,0.7338
26,1434.57,561.26,404.02,403.15,0.747173,0.519686,0.210426,0.373285,0.9432
26,1794.84,711.31,249.1,259.09,0.934814,0.658624,0.12974,0.239902,0.9349
26,107.74,640.72,215.22,302.37,0.056117,0.593258,0.112092,0.27997,0.934
26,146.1,286.4,260.76,262.16,0.076095,0.265189,0.135813,0.242745,0.9324
26,584.64,403.91,328.61,330.65,0.304502,0.373992,0.17115,0.306158,0.9316
26,972.28,329.3,383.89,384.62,0.506396,0.304908,0.199942,0.356127,0.9309
26,1802.79,195.22,233.33,240.58,0.938952,0.180755,0.121526,0.222757,0.9288
26,1134.42,808.31,290.08,289.5,0.590846,0.748438,0.151085,0.268056,0.9227
26,638.14,983.59,292.97,191.1,0.332365,0.910732,0.152588,0.176942,0.9226
26,1266.0,144.43,272.85,269.48,0.659376,0.133732,0.14211,0.249515,0.9206
26,338.82,74.29,332.0,148.59,0.176471,0.06879,0.172916,0.13758,0.8977
26,1889.8,1013.13,60.4,68.74,0.984271,0.938082,0.031459,0.063647,0.8648
26,368.29,274.01,110.58,109.64,0.191819,0.253712,0.057595,0.101518,0.847
26,1514.63,904.22,69.44,68.98,0.788872,0.837245,0.036165,0.063869,0.8372
26,553.28,945.52,75.68,76.06,0.288166,0.875479,0.039418,0.07043,0.8304
26,957.87,886.84,82.23,83.86,0.498888,0.82115,0.042828,0.077646,0.7263
26,122.32,1057.91,104.35,44.19,0.063709,0.979542,0.05435,0.040915,0.7199
27,1416.12,570.78,394.52,393.02,0.737561,0.5285,0.205477,0.363909,0.9361
27,598.18,971.83,284.74,214.76,0.311551,0.899843,0.148304,0.198854,0.936
27,967.49,316.96,375.7,375.95,0.503901,0.293485,0.195679,0.348104,0.9352
27,144.75,232.65,258.97,262.17,0.075392,0.215416,0.134882,0.242753,0.934
27,1771.75,743.07,255.5,253.78,0.922785,0.688027,0.133074,0.234978,0.9313
27,99.82,583.83,199.16,304.37,0.051987,0.540582,0.103731,0.28182,0.9306
27,578.28,374.18,323.82,323.62,0.301187,0.346465,0.168657,0.299645,0.9299
27,1105.72,803.46,279.86,280.43,0.575898,0.743946,0.145761,0.25966,0.9296
27,1804.19,222.63,229.72,243.78,0.939682,0.20614,0.119644,0.225724,0.9259
27,1269.2,146.42,270.87,268.83,0.661039,0.135573,0.14108,0.248914,0.9213
27,367.76,229.63,109.28,110.93,0.19154,0.212624,0.056916,0.102709,0.8546
27,518.43,910.7,71.26,71.95,0.270016,0.843242,0.037115,0.06662,0.8471
27,81.88,1030.37,103.51,97.86,0.042647,0.954043,0.053911,0.090609,0.8419
27,1851.72,1045.6,64.58,66.94,0.964436,0.968144,0.033638,0.06198,0.8121
27,361.19,52.43,294.94,104.64,0.18812,0.048544,0.153613,0.096888,0.81
27,1480.73,919.44,67.92,67.64,0.771213,0.851331,0.035373,0.062629,0.8
27,1242.8,63.7,190.24,127.41,0.647292,0.058986,0.099083,0.117972,0.7259
27,1880.2,1028.38,75.57,103.23,0.979269,0.952208,0.039362,0.095584,0.7126
28,961.4,304.4,360.01,359.74,0.500729,0.281854,0.187508,0.333094,0.9371
28,145.71,175.97,255.1,255.35,0.07589,0.16294,0.132867,0.236437,0.9354
28,571.28,336.91,315.07,317.26,0.297544,0.311953,0.164097,0.293763,0.931
28,559.42,957.33,271.27,244.7,0.291367,0.886421,0.141287,0.226575,0.9308
28,1077.76,796.02,267.6,267.93,0.561335,0.737055,0.139373,0.248079,0.9291
28,1272.78,149.5,257.45,255.25,0.662905,0.138427,0.134088,0.236341,0.9271
28,1397.11,579.43,376.68,375.54,0.727664,0.536513,0.196187,0.347719,0.922
28,1744.84,769.44,249.5,251.03,0.90877,0.71244,0.129947,0.232435,0.9198
28,89.56,524.51,179.13,299.99,0.046648,0.485654,0.093296,0.277766,0.9196
28,1804.35,253.88,223.33,223.98,0.939766,0.235077,0.116317,0.207393,0.9134
28,485.91,874.46,67.32,68.66,0.25308,0.809689,0.035064,0.063578,0.8491
28,1445.5,931.39,66.48,67.77,0.752866,0.862401,0.034627,0.062751,0.8469
28,369.79,186.85,107.99,107.9,0.192601,0.173014,0.056244,0.099911,0.8412
28,46.99,973.76,93.63,98.46,0.024473,0.901629,0.048764,0.091168,0.8243
28,1814.4,1061.62,70.82,36.76,0.944999,0.982983,0.036884,0.034034,0.7527
28,1254.62,62.1,176.35,124.19,0.65345,0.057497,0.091848,0.114994,0.737
29,149.17,124.3,253.68,247.13,0.077691,0.115091,0.132127,0.22882,0.9432
29,959.11,289.16,351.59,351.13,0.499534,0.267739,0.18312,0.325118,0.93
29,1381.81,589.62,357.8,358.08,0.719695,0.545945,0.186354,0.331555,0.929
29,1278.14,152.52,245.29,241.28,0.665697,0.141224,0.127757,0.223407,0.9282
29,566.96,302.87,306.7,308.88,0.29529,0.280437,0.159742,0.286004,0.9275
29,1049.52,783.4,256.37,254.32,0.546622,0.72537,0.133528,0.235481,0.927
29,523.85,938.25,267.7,268.05,0.272838,0.86875,0.139428,0.248193,0.9253
29,84.88,466.27,169.3,301.19,0.044208,0.431734,0.088176,0.27888,0.9229
29,1718.44,794.95,231.94,228.44,0.895021,0.736062,0.120803,0.211515,0.9199
29,1805.64,279.56,221.59,224.45,0.940439,0.25885,0.115409,0.207826,0.9146
29,373.71,143.37,107.24,105.76,0.19464,0.132747,0.055852,0.097928,0.8677
29,1411.44,940.48,64.19,65.21,0.735126,0.870812,0.033433,0.060381,0.8385
29,455.77,836.43,65.55,66.86,0.23738,0.774472,0.034139,0.061912,0.8353
29,67.63,1021.08,133.8,116.26,0.035224,0.945443,0.069688,0.107645,0.829
29,1265.18,57.42,166.09,114.84,0.658946,0.053166,0.086505,0.106332,0.7899
29,29.88,915.17,59.27,103.44,0.015562,0.847377,0.030872,0.095778,0.7758
30,159.05,95.19,237.83,190.39,0.082839,0.088142,0.12387,0.176284,0.9383
30,492.52,897.68,267.56,267.4,0.256521,0.831185,0.139352,0.247596,0.9345
30,1365.45,596.85,347.76,349.21,0.711174,0.552643,0.181127,0.323341,0.9309
30,956.62,275.45,335.48,335.86,0.49824,0.255047,0.174727,0.310986,0.9299
30,1285.2,151.82,239.2,237.7,0.669375,0.140577,0.124585,0.220093,0.9269
30,564.95,271.7,302.82,303.93,0.294244,0.251577,0.157718,0.281415,0.9269
30,1694.49,818.82,230.23,226.09,0.882545,0.758166,0.119912,0.209341,0.9226
30,76.77,408.44,152.63,288.71,0.039985,0.378184,0.079496,0.267324,0.9172
30,1021.08,775.52,246.52,247.51,0.531811,0.718071,0.128398,0.229177,0.9125
30,1803.08,309.78,216.08,216.04,0.939104,0.286832,0.11254,0.200041,0.9103
30,51.43,989.03,101.7,180.76,0.026787,0.915769,0.052971,0.167373,0.8547
30,1377.78,948.49,58.59,60.4,0.717593,0.878234,0.030514,0.055924,0.8502
30,381.85,102.14,102.9,101.68,0.198882,0.094576,0.053592,0.094147,0.8439
30,428.98,796.49,67.11,69.23,0.223426,0.737487,0.034951,0.064097,0.8437
30,1275.22,60.41,166.31,120.82,0.664176,0.055936,0.086617,0.111872,0.7684
30,836.13,818.73,72.64,72.0,0.435484,0.758088,0.037834,0.066671,0.7031
31,463.03,862.6,264.22,261.93,0.241161,0.798707,0.137615,0.242526,0.9311
31,1351.2,597.75,357.22,358.53,0.703752,0.553471,0.186052,0.33197,0.9304
31,957.56,263.15,342.73,341.89,0.498728,0.24366,0.178506,0.316565,0.9304
31,566.41,238.17,301.64,304.08,0.295005,0.220525,0.157105,0.281555,0.9285
31,1803.73,329.59,222.83,224.93,0.939443,0.305171,0.116059,0.208266,0.9236
31,1290.26,153.25,243.65,241.96,0.672013,0.141895,0.126899,0.224041,0.9231
31,1667.72,836.21,230.88,230.01,0.868603,0.77427,0.120248,0.212974,0.9218
31,998.04,760.85,247.57,250.53,0.519811,0.704491,0.128941,0.231975,0.9203
31,74.97,345.3,149.0,294.92,0.039049,0.319723,0.077603,0.273072,0.9137
31,170.48,70.76,230.52,141.51,0.088789,0.065514,0.12006,0.131028,0.9137
31,405.35,755.0,70.66,70.89,0.21112,0.699077,0.0368,0.065641,0.8595
31,391.87,58.38,105.41,104.11,0.204098,0.054052,0.054899,0.096401,0.8408
31,1346.26,951.8,62.41,61.87,0.701178,0.881295,0.032505,0.05729,0.8193
31,1874.96,1025.27,89.75,101.73,0.976543,0.949328,0.046744,0.094198,0.7684
31,809.06,797.04,74.0,73.38,0.421386,0.738002,0.03854,0.067946,0.7609
31,36.03,953.93,71.08,246.97,0.018766,0.883268,0.037023,0.228672,0.7531
31,1292.58,59.37,174.31,118.74,0.673217,0.054971,0.090787,0.109942,0.7433
32,961.08,245.71,355.05,352.6,0.50056,0.227513,0.184921,0.326479,0.9321
32,1338.3,601.1,368.39,368.12,0.697029,0.556576,0.191871,0.340849,0.9318
32,435.63,822.78,272.59,270.86,0.226892,0.761838,0.141972,0.250792,0.9294
32,571.37,202.97,308.93,309.82,0.297587,0.187932,0.160902,0.286869,0.9267
32,1644.19,854.53,241.96,240.35,0.85635,0.791229,0.126022,0.222543,0.925
32,978.92,746.36,265.87,262.71,0.509853,0.691071,0.138475,0.243253,0.9235
32,1799.09,357.92,228.63,229.63,0.937028,0.33141,0.119079,0.212623,0.9221
32,1297.52,154.19,246.55,244.0,0.675792,0.14277,0.128411,0.225927,0.9214
32,76.99,284.72,153.07,297.27,0.040099,0.263626,0.079725,0.27525,0.9147
32,1314.39,954.23,65.82,65.36,0.684578,0.883547,0.034281,0.060521,0.8351
32,383.52,711.17,66.95,67.94,0.199752,0.658494,0.034871,0.062904,0.811
32,177.35,44.67,255.96,89.33,0.09237,0.041357,0.133315,0.082714,0.8066
32,406.28,33.61,105.18,66.27,0.211606,0.031117,0.054779,0.061359,0.806
32,786.41,772.5,77.47,76.2,0.409586,0.71528,0.040349,0.070553,0.7512
32,1299.54,59.43,167.72,118.87,0.676846,0.055032,0.087355,0.110064,0.7357
32,1842.86,1041.72,98.98,76.55,0.959821,0.964558,0.051552,0.070884,0.7191
33,1323.71,602.34,378.16,380.44,0.68943,0.557724,0.19696,0.352257,0.9383
33,578.55,171.63,320.8,323.03,0.301328,0.158916,0.167082,0.299104,0.9334
33,968.06,228.7,367.66,369.72,0.504199,0.211755,0.191492,0.342335,0.9315
33,413.11,780.59,288.49,288.47,0.215159,0.722769,0.150253,0.267098,0.9314
33,959.25,733.82,276.27,276.4,0.499612,0.67946,0.143889,0.255927,0.9281
33,1795.1,383.39,236.45,237.47,0.93495,0.354989,0.12315,0.219878,0.927
33,1307.94,154.67,257.85,257.26,0.681216,0.143213,0.134298,0.238203,0.9246
33,1619.23,869.67,248.41,249.26,0.843347,0.805254,0.129381,0.2308,0.9225
33,80.79,219.6,160.94,309.37,0.042079,0.203331,0.083823,0.286455,0.9216
33,1888.65,891.01,62.71,72.03,0.98367,0.825008,0.032661,0.066695,0.8409
33,366.8,667.3,70.21,70.45,0.191039,0.617872,0.036568,0.065236,0.839
33,1284.47,954.01,66.43,65.73,0.668995,0.88334,0.0346,0.060863,0.8154
33,501.24,1031.97,300.05,93.68,0.261061,0.95553,0.156275,0.086737,0.7983
33,1887.55,588.44,62.17,105.04,0.9831,0.544856,0.03238,0.097258,0.7951
33,1306.74,59.26,160.92,118.53,0.680592,0.054874,0.083812,0.109747,0.7885
33,1805.15,1053.33,87.79,53.34,0.940183,0.975306,0.045724,0.049388,0.7655
33,1885.23,1018.74,69.17,108.01,0.98189,0.943282,0.036025,0.100009,0.7614
33,1806.13,33.24,226.23,66.49,0.940694,0.030781,0.117831,0.061562,0.7163
34,1310.74,603.9,394.95,392.83,0.682675,0.559168,0.205701,0.363733,0.9391
34,587.53,148.99,332.03,296.7,0.306007,0.137955,0.172934,0.274722,0.9342
34,393.16,737.43,288.71,288.61,0.204769,0.682801,0.15037,0.267233,0.9329
34,1794.26,406.06,240.75,245.06,0.934509,0.375985,0.125389,0.226907,0.9316
34,973.56,211.77,384.0,384.15,0.507063,0.196083,0.200001,0.355693,0.9312
34,84.52,161.43,168.62,307.47,0.044022,0.149475,0.087821,0.284698,0.9263
34,1314.25,156.5,263.56,264.68,0.684504,0.144906,0.137269,0.245077,0.9239
34,942.05,713.21,279.86,278.56,0.490652,0.660379,0.145758,0.257928,0.9205
34,1590.74,883.75,251.95,254.81,0.828511,0.818291,0.131226,0.235933,0.9175
34,466.41,1012.98,275.41,132.07,0.242923,0.937949,0.143442,0.122289,0.9006
34,1255.34,951.96,67.15,67.82,0.653823,0.881445,0.034973,0.062792,0.8537
34,1870.61,917.46,84.16,83.34,0.974278,0.849497,0.043834,0.077164,0.8344
34,352.28,621.5,71.27,70.85,0.18348,0.575468,0.037118,0.065606,0.8277
34,1879.63,615.88,80.74,103.78,0.978974,0.570257,0.042053,0.096094,0.8046
34,1865.4,1035.68,108.02,88.64,0.971561,0.958963,0.056263,0.082074,0.7613
34,1327.08,61.33,178.14,122.67,0.69119,0.056791,0.092781,0.113583,0.7427
34,1811.31,42.63,217.39,85.26,0.943389,0.039471,0.113222,0.078941,0.7371
34,1404.39,1065.6,61.5,28.79,0.731453,0.986669,0.032031,0.026662,0.7214
34,746.9,721.51,81.82,80.99,0.389011,0.668068,0.042612,0.074991,0.7194
35,88.68,124.51,176.71,248.43,0.046188,0.115282,0.092037,0.23003,0.9428
35,598.49,134.73,340.7,268.67,0.311714,0.124748,0.17745,0.248769,0.938
35,1299.91,602.31,401.54,400.39,0.677036,0.557692,0.209137,0.370727,0.9378
35,376.84,694.3,294.56,292.48,0.196273,0.642873,0.153416,0.270813,0.9333
35,925.69,697.79,285.93,282.26,0.482128,0.646105,0.148923,0.261353,0.9314
35,979.83,199.39,385.57,381.21,0.51033,0.184625,0.20082,0.352971,0.9302
35,1789.59,428.15,239.96,242.23,0.932077,0.396431,0.124977,0.224285,0.9241
35,1323.28,154.31,267.12,266.91,0.689211,0.142882,0.139123,0.247134,0.9211
35,436.52,990.72,281.77,177.35,0.227353,0.917332,0.146756,0.164212,0.9151
35,1566.1,894.44,259.99,261.52,0.815675,0.82819,0.135414,0.242148,0.9141
35,1228.14,947.84,70.78,69.83,0.639657,0.877632,0.036867,0.064657,0.8664
35,1821.38,57.49,197.24,114.98,0.948636,0.05323,0.102727,0.10646,0.8653
35,1843.29,941.37,81.2,82.13,0.960048,0.871638,0.042293,0.07605,0.8584
35,341.73,576.38,73.8,74.45,0.177986,0.533686,0.038436,0.068934,0.8298
35,1839.35,1048.46,119.4,63.09,0.957994,0.970793,0.062188,0.058415,0.7787
35,730.96,693.39,83.59,83.06,0.380708,0.642025,0.043535,0.076905,0.7558
35,1872.2,639.53,94.98,113.65,0.975104,0.592161,0.049467,0.105235,0.7442
36,98.74,96.51,196.22,193.02,0.051425,0.089363,0.102198,0.178726,0.9351
36,910.28,674.6,282.55,282.14,0.474103,0.624631,0.147161,0.261237,0.9326
36,985.35,187.07,387.21,372.13,0.513202,0.173215,0.20167,0.344564,0.9307
36,1288.82,598.7,399.0,399.37,0.671259,0.554352,0.207812,0.369788,0.9305
36,363.59,649.23,294.96,295.42,0.189368,0.601134,0.153627,0.273534,0.9292
36,611.71,116.46,343.76,232.92,0.318598,0.107833,0.179043,0.215665,0.928
36,406.2,969.68,287.21,218.95,0.211563,0.89785,0.149589,0.202731,0.9276
36,1790.54,449.51,246.55,247.69,0.932575,0.416216,0.128411,0.229342,0.9235
36,1543.56,903.35,259.82,258.21,0.803939,0.836433,0.135323,0.239083,0.9235
36,1336.75,154.06,270.02,272.76,0.696225,0.142651,0.140636,0.252551,0.9231
36,1827.65,69.63,184.69,139.26,0.951903,0.064474,0.096193,0.128948,0.8913
36,1202.0,940.86,73.07,74.12,0.626041,0.871163,0.03806,0.068629,0.8646
36,331.26,530.31,73.57,73.33,0.172534,0.491027,0.03832,0.067902,0.8476
36,1817.15,963.9,81.75,82.76,0.946435,0.892501,0.04258,0.076626,0.8356
36,1864.97,666.85,105.34,106.8,0.971339,0.617456,0.054864,0.098889,0.81
36,1804.94,1057.47,126.71,45.06,0.940072,0.979137,0.065993,0.041725,0.7567
36,717.51,664.83,83.06,81.67,0.373704,0.615587,0.043258,0.075617,0.7348
37,377.92,946.6,291.18,266.4,0.196835,0.876481,0.151655,0.246671,0.9365
37,621.44,100.15,342.15,200.31,0.323666,0.092736,0.178203,0.185472,0.9361
37,1278.21,595.17,393.45,394.3,0.665736,0.551082,0.204921,0.365096,0.9329
37,994.67,178.66,387.38,357.31,0.51806,0.165422,0.20176,0.330843,0.9326
37,1789.24,466.85,253.44,259.01,0.931895,0.432266,0.132,0.239823,0.9312
37,1521.32,914.59,266.03,267.89,0.792353,0.846843,0.13856,0.248047,0.9298
37,351.02,603.97,300.72,301.27,0.182824,0.559229,0.156624,0.27895,0.9295
37,1836.94,83.77,166.13,167.53,0.956738,0.07756,0.086525,0.155121,0.9275
37,1345.84,156.28,269.67,272.94,0.70096,0.144703,0.140453,0.252724,0.9214
37,899.32,656.68,282.93,284.49,0.468396,0.608038,0.147357,0.263415,0.9203
37,105.53,65.3,210.69,130.59,0.054966,0.060459,0.109737,0.120917,0.8777
37,1176.74,935.18,70.77,71.63,0.612884,0.865903,0.036862,0.066323,0.8742
37,1791.82,984.69,86.41,85.92,0.933238,0.911752,0.045004,0.079552,0.8736
37,71.44,1001.43,142.31,156.35,0.037209,0.927248,0.074122,0.144764,0.8672
37,1856.15,687.16,111.37,112.54,0.966745,0.63626,0.058006,0.104201,0.8371
37,1629.95,1042.14,58.49,59.61,0.84893,0.964945,0.030462,0.055193,0.8301
37,327.01,483.42,75.63,76.81,0.170316,0.447612,0.039389,0.071116,0.8212
37,704.68,636.15,83.52,82.04,0.367022,0.589032,0.043498,0.075959,0.761
38,343.5,558.98,303.7,305.32,0.178907,0.517578,0.158179,0.282703,0.9353
38,1007.15,172.45,393.91,344.9,0.524557,0.159675,0.205162,0.31935,0.9353
38,354.27,914.55,295.32,296.56,0.184516,0.846805,0.153812,0.274591,0.9338
38,1269.75,590.39,389.68,392.36,0.661327,0.546659,0.20296,0.363299,0.9332
38,1499.7,921.04,263.93,263.67,0.781095,0.852811,0.137465,0.244136,0.9321
38,885.1,637.41,286.14,284.46,0.460991,0.590193,0.149031,0.263388,0.9289
38,1784.76,487.38,253.3,254.41,0.929564,0.451274,0.131927,0.235564,0.9278
38,1356.77,154.09,280.14,274.31,0.706654,0.142679,0.145906,0.253994,0.9249
38,1844.02,96.81,151.95,193.63,0.96043,0.089641,0.079141,0.179283,0.9242
38,640.92,86.3,343.41,172.6,0.333815,0.079908,0.17886,0.159816,0.9159
38,60.47,971.44,120.05,215.95,0.031496,0.899483,0.062527,0.199952,0.8901
38,1764.99,1002.36,85.79,85.72,0.919268,0.928112,0.044681,0.079372,0.8638
38,1841.1,709.0,113.31,114.26,0.958905,0.656482,0.059015,0.105793,0.845
38,1601.81,1052.14,57.91,55.72,0.834279,0.974202,0.030162,0.051596,0.8434
38,324.63,436.78,75.01,76.94,0.169076,0.404426,0.039069,0.071244,0.8269
38,1153.6,924.67,73.01,73.95,0.600833,0.856173,0.038026,0.068471,0.8065
38,695.71,607.49,83.73,84.14,0.362349,0.562493,0.043607,0.077903,0.7829
38,1623.81,51.71,69.69,68.85,0.845736,0.047883,0.036297,0.063749,0.7752
38,117.28,36.48,234.56,72.95,0.061083,0.033775,0.122166,0.06755,0.7612
39,1018.22,163.11,384.13,326.22,0.530322,0.151028,0.200066,0.302056,0.9376
39,1262.17,586.98,398.57,399.72,0.657378,0.5435,0.207589,0.370114,0.9345
39,879.06,614.58,292.46,291.86,0.457841,0.569058,0.152323,0.270243,0.9334
39,1474.97,923.48,268.73,266.68,0.768216,0.855076,0.139961,0.246923,0.9311
39,1781.17,506.91,256.4,254.39,0.927691,0.469361,0.133544,0.235546,0.9299
39,334.77,872.53,296.41,298.81,0.174359,0.807894,0.15438,0.276679,0.929
39,340.25,516.69,302.86,302.51,0.177214,0.47842,0.157742,0.280105,0.9271
39,1367.41,154.44,271.39,273.77,0.71219,0.143002,0.14135,0.253488,0.9186
39,1851.26,106.29,137.47,212.59,0.9642,0.098419,0.071601,0.196838,0.9017
39,657.01,69.35,323.12,138.7,0.34219,0.064214,0.168293,0.128429,0.8855
39,1132.5,915.84,73.3,72.23,0.589844,0.847998,0.038175,0.066876,0.8599
39,1741.15,1018.65,87.08,87.22,0.90685,0.943191,0.045352,0.080762,0.8555
39,1829.26,730.16,114.71,114.11,0.95274,0.67607,0.059743,0.105662,0.8452
39,325.01,391.41,75.82,77.73,0.169278,0.362421,0.039491,0.071972,0.8287
39,47.87,943.91,95.5,272.18,0.024932,0.873989,0.049741,0.252023,0.8164
39,1573.48,1056.37,59.05,47.25,0.81952,0.978123,0.030757,0.043753,0.79
39,1639.59,64.86,69.22,68.68,0.853952,0.060057,0.036051,0.063589,0.7844
39,688.93,576.03,83.75,81.83,0.35882,0.533364,0.043619,0.07577,0.758
40,1255.72,580.65,408.27,410.29,0.654022,0.537636,0.212638,0.379899,0.9449
40,337.5,467.68,311.73,308.08,0.17578,0.433038,0.162362,0.285258,0.9324
40,318.71,823.77,304.21,301.65,0.165993,0.762754,0.158444,0.279303,0.9299
40,1033.33,160.02,403.25,320.04,0.538194,0.148166,0.210024,0.296332,0.9297
40,1453.95,927.23,274.02,276.48,0.757263,0.858544,0.142717,0.255996,0.9285
40,872.77,589.64,302.27,297.95,0.454568,0.545961,0.157433,0.275884,0.9282
40,1776.44,522.86,261.22,262.91,0.925228,0.484127,0.136054,0.243435,0.9256
40,1380.03,153.82,277.02,276.95,0.718766,0.142428,0.144282,0.256438,0.9209
40,1855.93,116.38,128.14,232.77,0.966631,0.107763,0.066739,0.215527,0.8855
40,1715.93,1032.96,88.22,88.63,0.893712,0.956441,0.04595,0.082069,0.882
40,681.3,55.91,328.06,111.82,0.354843,0.051769,0.170866,0.103538,0.8537
40,1110.62,904.43,73.01,72.37,0.578446,0.837432,0.038029,0.067011,0.8529
40,1816.0,748.48,115.54,116.1,0.945831,0.693033,0.060176,0.107499,0.8322
40,327.77,345.83,81.57,81.76,0.170714,0.320211,0.042483,0.075701,0.8296
40,681.54,547.03,86.36,86.86,0.354967,0.50651,0.044981,0.080425,0.796
40,1656.56,76.25,68.72,68.99,0.86279,0.070598,0.035792,0.063879,0.7764
40,1547.3,1059.49,61.82,41.01,0.805887,0.981012,0.032196,0.037976,0.7467
40,38.93,898.56,77.53,289.13,0.020278,0.831999,0.040379,0.267713,0.7292
40,513.31,1045.1,280.19,67.52,0.267347,0.967684,0.145934,0.062517,0.7097
41,1250.95,575.3,420.36,421.46,0.651536,0.532688,0.218937,0.390238,0.9471
41,868.3,569.69,311.37,310.99,0.452242,0.527495,0.162173,0.287951,0.9357
41,1047.59,153.24,399.95,306.48,0.545621,0.141887,0.208307,0.283774,0.9321
41,302.93,780.99,308.34,308.21,0.157777,0.723143,0.160591,0.285378,0.9302
41,338.98,426.06,319.47,316.88,0.176551,0.394502,0.166393,0.293408,0.9298
41,1774.92,538.17,273.77,269.64,0.924437,0.498302,0.142587,0.249669,0.9291
41,1394.4,153.77,283.99,283.39,0.726253,0.142377,0.147913,0.262402,0.9288
41,1433.66,929.31,273.4,273.61,0.746698,0.860474,0.142397,0.253338,0.9285
41,333.74,301.29,80.89,79.85,0.173821,0.278972,0.042129,0.073937,0.8714
41,469.22,1025.59,288.17,106.92,0.244383,0.949616,0.150088,0.099003,0.8468
41,1865.62,133.12,108.75,247.18,0.97168,0.123263,0.056641,0.228875,0.8429
41,1093.17,891.13,76.03,76.57,0.569358,0.825123,0.039597,0.070899,0.8234
41,679.54,517.48,89.18,90.15,0.353927,0.479149,0.04645,0.083469,0.82
41,1690.18,1041.76,86.04,76.48,0.880303,0.964591,0.04481,0.070819,0.8058
41,1671.88,87.84,68.86,67.03,0.870773,0.081331,0.035865,0.062064,0.7835
41,709.05,45.61,363.9,91.22,0.369297,0.042232,0.189532,0.084465,0.7638
41,1521.41,1063.19,64.17,33.62,0.7924,0.984436,0.033424,0.031129,0.746
41,1803.77,764.97,115.16,114.86,0.939462,0.708309,0.059978,0.106353,0.73
41,1436.03,69.8,182.01,139.6,0.747934,0.06463,0.094795,0.129261,0.724
42,1247.47,571.25,429.77,431.48,0.649723,0.528934,0.22384,0.39952,0.9409
42,290.84,732.81,305.71,307.12,0.151478,0.678523,0.159226,0.284368,0.9357
42,343.09,379.37,319.47,318.35,0.178692,0.351266,0.166389,0.294765,0.9332
42,863.7,549.67,311.03,308.96,0.449846,0.508951,0.161995,0.286078,0.9329
42,1773.6,554.0,274.7,273.81,0.92375,0.512967,0.143074,0.253526,0.9325
42,1418.85,930.74,279.08,278.5,0.738984,0.861798,0.145353,0.25787,0.932
42,1407.71,156.53,293.84,285.52,0.733182,0.144938,0.153043,0.264369,0.9265
42,1059.66,149.91,414.93,299.64,0.551908,0.138808,0.216109,0.277449,0.9228
42,443.94,1004.63,300.76,149.23,0.231219,0.930213,0.156647,0.138176,0.9146
42,1889.77,864.56,60.46,78.46,0.984256,0.800521,0.031488,0.072646,0.8573
42,1075.77,878.56,76.15,76.13,0.560296,0.813482,0.039663,0.070488,0.8408
42,1792.61,784.2,115.2,115.84,0.933653,0.726111,0.06,0.107256,0.8334
42,342.92,255.86,83.01,83.19,0.178606,0.236904,0.043234,0.077023,0.8254
42,678.77,487.76,89.34,89.81,0.353528,0.451627,0.046534,0.083159,0.814
42,1867.97,160.21,104.05,287.81,0.972902,0.148344,0.054195,0.266492,0.796
42,1666.63,1047.86,100.23,64.29,0.868038,0.970238,0.052204,0.059525,0.7926
42,1499.16,1064.83,65.31,30.35,0.780815,0.985949,0.034016,0.028101,0.7156
43,863.97,525.15,314.79,310.85,0.449985,0.486254,0.163953,0.287824,0.9395
43,1080.68,145.16,417.38,290.1,0.562854,0.134405,0.217385,0.268608,0.9393
43,1245.57,567.41,430.19,435.59,0.648732,0.525378,0.224056,0.403326,0.9352
43,1771.47,572.3,277.61,273.31,0.922641,0.529907,0.144588,0.253062,0.9315
43,346.51,335.55,324.67,317.77,0.180475,0.310697,0.169098,0.294229,0.931
43,1397.91,931.37,277.92,279.24,0.728076,0.862376,0.14475,0.258552,0.9298
43,281.93,686.87,312.63,314.45,0.146839,0.635994,0.162828,0.291155,0.9272
43,1422.85,157.57,296.24,290.35,0.741068,0.145899,0.154294,0.268845,0.9255
43,423.97,983.05,298.39,191.88,0.220816,0.91023,0.15541,0.17767,0.9161
43,354.31,211.87,81.18,81.19,0.184539,0.196172,0.042282,0.075177,0.8495
43,1882.52,884.18,74.97,79.21,0.980477,0.818689,0.039046,0.073338,0.8404
43,1780.4,798.24,123.27,123.73,0.927289,0.739107,0.064203,0.114568,0.8324
43,1061.65,864.8,77.85,79.12,0.552941,0.800739,0.040547,0.073256,0.8235
43,1644.55,1052.4,94.29,55.2,0.856535,0.974443,0.049111,0.051114,0.8019
43,1706.37,111.53,70.47,70.46,0.888735,0.103264,0.036701,0.065237,0.792
43,680.18,456.59,91.92,93.03,0.354263,0.422771,0.047876,0.086135,0.7919
43,1877.93,189.38,84.14,309.59,0.978088,0.175355,0.043824,0.28666,0.7317
43,1473.15,1066.8,59.06,26.4,0.767267,0.987777,0.030759,0.024445,0.71
44,1383.66,929.96,278.47,280.67,0.720658,0.861078,0.145036,0.259882,0.9374
44,861.3,503.48,322.29,319.59,0.448596,0.466181,0.167861,0.295913,0.9367
44,355.1,295.05,328.28,320.21,0.184946,0.273199,0.17098,0.296492,0.9358
44,1770.27,585.92,281.64,277.73,0.922013,0.54252,0.146686,0.257154,0.9328
44,1242.42,560.86,435.57,442.06,0.647094,0.519316,0.226859,0.409319,0.9321
44,405.47,962.42,281.44,233.93,0.211184,0.891129,0.146586,0.2166,0.932
44,1095.76,139.93,434.2,279.09,0.570708,0.129563,0.226145,0.258413,0.9318
44,277.52,641.41,314.13,313.05,0.144541,0.593898,0.163609,0.289863,0.9315
44,1438.01,159.12,291.83,289.45,0.748964,0.147335,0.151996,0.268006,0.9239
44,1047.96,850.92,78.62,79.17,0.545815,0.787886,0.040947,0.073309,0.8575
44,1869.87,902.73,79.09,79.14,0.973893,0.835857,0.041193,0.073279,0.8537
44,1768.95,814.01,122.78,122.19,0.921327,0.753712,0.063946,0.113139,0.8484
44,367.66,168.13,81.52,82.68,0.19149,0.155672,0.042458,0.076556,0.826
44,683.95,426.48,92.98,93.51,0.356226,0.39489,0.048428,0.086581,0.7959
44,1723.32,123.28,75.06,76.14,0.897561,0.114149,0.039094,0.070497,0.765
44,1619.39,1056.81,90.65,46.38,0.843431,0.978529,0.047213,0.042942,0.754
44,1484.85,74.16,193.54,148.33,0.773359,0.068669,0.100803,0.137339,0.7219
45,863.64,481.89,321.2,318.06,0.44981,0.44619,0.16729,0.294498,0.9358
45,273.02,594.69,317.43,317.09,0.142198,0.550638,0.165329,0.293598,0.933
45,1766.22,598.8,281.76,278.19,0.919907,0.554443,0.146752,0.257587,0.9325
45,366.49,250.67,334.67,331.03,0.19088,0.232101,0.174307,0.306506,0.9318
45,1239.77,554.57,436.84,440.79,0.645713,0.51349,0.227521,0.408141,0.9307
45,384.97,940.3,288.28,275.95,0.200506,0.870647,0.150148,0.255509,0.9281
45,1367.41,927.83,283.59,280.01,0.712194,0.859103,0.147703,0.259265,0.9269
45,1455.82,159.89,299.96,297.26,0.758239,0.148046,0.156228,0.275241,0.9242
45,1117.33,132.52,431.07,263.98,0.581942,0.122701,0.224514,0.244424,0.9202
45,1854.86,921.86,81.97,81.84,0.966073,0.853576,0.042694,0.075782,0.8669
45,1757.04,828.59,121.2,120.65,0.915123,0.767209,0.063126,0.11171,0.8391
45,1036.03,835.33,80.96,82.24,0.539596,0.773454,0.042166,0.076145,0.8233
45,382.7,127.09,84.41,84.84,0.199324,0.117671,0.043964,0.07856,0.8224
45,1739.98,136.5,73.13,73.71,0.90624,0.126387,0.03809,0.068252,0.7774
45,1597.66,1060.01,82.75,39.98,0.832112,0.981493,0.043101,0.037015,0.7758
45,689.56,397.67,93.39,93.92,0.359144,0.368212,0.048642,0.086959,0.7738
46,868.61,458.92,318.49,317.32,0.4524,0.424924,0.165881,0.293819,0.9399
46,380.45,208.39,328.73,326.67,0.198154,0.192956,0.171213,0.302475,0.9383
46,370.97,906.59,289.39,286.92,0.193215,0.839433,0.150722,0.265664,0.9358
46,1352.56,926.66,286.76,285.86,0.704458,0.858019,0.149353,0.264686,0.9356
46,1765.19,612.38,279.78,280.21,0.919368,0.567015,0.14572,0.259451,0.935
46,1242.01,545.43,436.14,437.28,0.646882,0.50503,0.227158,0.404885,0.9333
46,271.98,550.5,316.04,316.34,0.141654,0.509719,0.164604,0.292904,0.9308
46,1469.25,163.94,303.81,295.61,0.765233,0.151793,0.158236,0.273709,0.9307
46,1137.86,128.52,438.2,256.51,0.592637,0.118997,0.22823,0.237513,0.9235
46,1026.25,820.77,79.99,78.45,0.534507,0.759974,0.041664,0.072635,0.8618
46,1746.04,841.42,120.44,123.23,0.909394,0.77909,0.062729,0.114098,0.8419
46,1527.49,77.26,182.94,154.52,0.795566,0.071539,0.095279,0.143078,0.8362
46,1840.21,939.29,82.09,81.42,0.958444,0.869715,0.042757,0.075391,0.8202
46,401.55,87.14,86.5,87.8,0.209141,0.080682,0.045051,0.081293,0.8187
46,697.31,368.99,97.18,95.89,0.363182,0.341661,0.050615,0.08879,0.7946
46,1756.96,149.16,72.01,75.74,0.915085,0.138111,0.037506,0.070128,0.7655
46,1048.85,1053.45,81.37,53.1,0.546276,0.975416,0.042378,0.049168,0.7307
47,1338.35,922.77,285.84,291.23,0.697058,0.854418,0.148877,0.269655,0.938
47,872.04,438.12,322.29,323.91,0.45419,0.405666,0.167858,0.299912,0.9358
47,395.24,171.21,331.03,327.55,0.205855,0.15853,0.172413,0.30329,0.9357
47,1241.4,538.24,441.81,443.83,0.646565,0.498368,0.230108,0.410951,0.9354
47,273.67,506.71,315.75,317.09,0.142537,0.469174,0.164453,0.293599,0.934
47,1764.94,627.28,285.35,282.28,0.919242,0.580812,0.148621,0.261368,0.9323
47,361.51,865.57,289.73,288.94,0.188289,0.801455,0.150902,0.267539,0.9288
47,1486.37,163.44,305.57,300.74,0.774149,0.151336,0.159152,0.278464,0.9239
47,1167.23,125.98,441.98,251.31,0.607934,0.116649,0.2302,0.232691,0.9098
47,421.37,48.74,85.56,86.1,0.219464,0.045127,0.04456,0.079723,0.8794
47,1827.82,953.82,77.74,79.0,0.951989,0.883164,0.040491,0.073153,0.8545
47,1016.05,806.02,79.47,77.98,0.529195,0.746313,0.041391,0.072208,0.8273
47,1549.91,79.59,179.54,159.18,0.807245,0.073693,0.093508,0.147386,0.8207
47,1736.89,852.8,124.77,123.93,0.904628,0.789633,0.064987,0.114746,0.8178
47,1772.76,163.77,71.31,70.04,0.923311,0.151643,0.037142,0.064854,0.7286
47,704.99,340.64,92.56,93.45,0.367184,0.315411,0.048206,0.086526,0.728
48,878.89,418.64,324.66,324.04,0.457756,0.387628,0.169094,0.300038,0.9391
48,1246.12,532.12,444.91,442.45,0.649023,0.492706,0.231725,0.409679,0.9387
48,414.32,147.71,329.56,295.43,0.21579,0.136772,0.171645,0.273543,0.9367
48,1762.34,640.98,284.34,280.92,0.917886,0.593504,0.148092,0.260112,0.9327
48,1329.15,917.34,284.79,287.65,0.692267,0.849392,0.14833,0.26634,0.9315
48,278.73,463.08,316.23,314.83,0.145171,0.428778,0.164702,0.291506,0.9302
48,350.69,824.65,289.21,287.64,0.182651,0.763569,0.150631,0.266336,0.9269
48,1503.98,166.33,304.09,302.86,0.783322,0.154012,0.158382,0.280429,0.9249
48,1185.45,118.21,447.1,236.22,0.617421,0.109454,0.232866,0.218724,0.9097
48,1009.91,789.3,79.75,79.01,0.525995,0.730834,0.041537,0.073155,0.862
48,1814.19,968.85,77.61,80.78,0.944889,0.897084,0.040423,0.074797,0.8598
48,1565.7,82.96,179.67,165.93,0.815467,0.076819,0.093576,0.153639,0.8404
48,1729.2,867.56,120.48,120.41,0.900627,0.803299,0.062749,0.111492,0.8262
48,716.65,315.69,93.38,92.19,0.373253,0.292301,0.048635,0.085358,0.7689
48,1789.47,176.43,71.2,69.74,0.932017,0.163362,0.037084,0.064578,0.7684
48,1015.67,1032.8,76.44,76.97,0.528992,0.956294,0.039813,0.071269,0.7427
49,1253.73,527.74,442.95,442.72,0.652987,0.488651,0.230702,0.409927,0.9421
49,886.54,399.49,325.72,321.82,0.46174,0.3699,0.169643,0.297985,0.9411
49,434.44,128.22,334.85,256.29,0.226273,0.118724,0.174399,0.237309,0.9403
49,343.31,781.98,292.58,288.83,0.178808,0.724058,0.152388,0.26744,0.9374
49,1762.74,652.12,285.74,280.62,0.918094,0.603813,0.148824,0.259834,0.9332
49,284.33,421.85,322.65,318.29,0.14809,0.390605,0.168047,0.294715,0.9327
49,1315.59,916.6,288.26,294.38,0.685201,0.848702,0.150133,0.272572,0.9302
49,1522.93,168.48,305.26,301.85,0.793192,0.155998,0.15899,0.279491,0.9267
49,1199.0,115.74,435.86,231.47,0.624479,0.107164,0.227009,0.214328,0.9115
49,1801.87,982.38,77.82,80.08,0.938475,0.909614,0.040529,0.074151,0.8872
49,1591.55,83.95,173.58,167.9,0.828934,0.077729,0.090407,0.155459,0.8666
49,1721.49,876.83,126.75,123.95,0.89661,0.811883,0.066016,0.114772,0.8526
49,1003.43,773.56,79.96,80.02,0.522617,0.71626,0.041644,0.074093,0.8271
49,727.86,288.56,94.02,95.84,0.379093,0.267187,0.048971,0.088742,0.7618
49,241.95,1030.26,424.98,97.84,0.126014,0.953946,0.221344,0.090588,0.7504
49,1807.81,190.22,69.57,69.78,0.941569,0.176134,0.036237,0.064611,0.7314
50,1254.71,518.87,439.54,443.66,0.653494,0.480439,0.22893,0.410796,0.9444
50,1760.57,665.96,285.43,284.16,0.916965,0.61663,0.148659,0.26311,0.9366
50,1535.81,171.19,304.1,297.96,0.7999,0.158511,0.158387,0.27589,0.9324
50,295.64,381.97,320.24,319.36,0.15398,0.353674,0.16679,0.295704,0.9313
50,895.42,380.54,326.71,328.97,0.466365,0.352354,0.170164,0.304605,0.9304
50,452.2,111.05,343.95,222.11,0.235523,0.102827,0.179141,0.205654,0.9277
50,339.87,746.3,293.29,291.1,0.177013,0.691016,0.152756,0.269533,0.9275
50,1302.74,908.8,284.89,286.59,0.67851,0.841482,0.148381,0.265361,0.9247
50,1231.62,111.57,447.86,223.13,0.641471,0.103302,0.233261,0.206604,0.9047
50,1789.97,996.24,79.73,80.9,0.932274,0.922448,0.041525,0.074903,0.8941
50,217.9,1006.69,416.52,144.84,0.113491,0.932124,0.216939,0.134112,0.8716
50,1609.7,87.0,172.52,173.99,0.838385,0.080552,0.089853,0.161103,0.8625
50,1000.34,758.16,81.36,80.57,0.52101,0.701999,0.042376,0.074604,0.8398
50,1709.42,885.47,122.83,120.64,0.890321,0.819876,0.063976,0.1117,0.8013
50,741.89,264.12,93.13,94.98,0.386403,0.244556,0.048504,0.087941,0.7777
50,1340.95,1063.38,62.9,33.23,0.698411,0.984614,0.03276,0.030772,0.7448
50,1822.8,203.63,73.43,73.15,0.949376,0.188544,0.038246,0.067728,0.7401
51,1262.19,512.89,442.71,449.85,0.65739,0.474901,0.230578,0.416524,0.9435
51,908.99,365.03,324.69,320.48,0.473431,0.337988,0.16911,0.296745,0.9373
51,308.45,338.57,315.78,318.27,0.16065,0.313494,0.164471,0.294695,0.9328
51,1299.48,906.06,285.17,285.81,0.676811,0.838941,0.148528,0.264639,0.9316
51,337.1,706.34,290.31,286.32,0.175572,0.654015,0.151202,0.265107,0.9289
51,1762.36,674.9,283.93,283.75,0.917894,0.624903,0.14788,0.262734,0.928
51,1555.69,176.03,308.0,306.33,0.810257,0.162993,0.160417,0.28364,0.926
51,470.02,94.72,340.89,189.45,0.244801,0.087707,0.177549,0.175415,0.9203
51,1253.86,109.56,455.81,219.11,0.65305,0.10144,0.237403,0.20288,0.8838
51,1778.74,1007.91,79.88,78.65,0.926426,0.933249,0.041602,0.072827,0.8744
51,205.44,986.16,410.88,185.75,0.106999,0.913112,0.213998,0.171993,0.8697
51,1629.92,94.49,184.86,184.03,0.848916,0.087492,0.096279,0.170395,0.8682
51,1703.58,896.26,125.57,126.31,0.88728,0.82987,0.065403,0.116954,0.8371
51,757.74,239.43,95.36,95.89,0.394658,0.221697,0.049666,0.088787,0.8341
51,998.01,742.78,79.22,78.81,0.519795,0.687756,0.04126,0.072976,0.8221
51,1840.64,218.41,74.98,74.29,0.958665,0.202233,0.039051,0.068785,0.7791
51,45.24,231.31,90.48,338.1,0.023562,0.214171,0.047123,0.31306,0.7513
51,153.71,1013.89,132.0,127.2,0.080055,0.938784,0.068752,0.117775,0.7211
52,919.81,342.52,322.59,320.31,0.479068,0.317151,0.168018,0.296587,0.9434
52,1267.54,506.96,435.24,444.49,0.66018,0.469405,0.226688,0.411565,0.9393
52,321.36,300.87,314.33,312.54,0.167374,0.278582,0.163712,0.289387,0.9383
52,338.07,667.17,289.9,287.89,0.176076,0.617749,0.150991,0.266564,0.9347
52,1292.91,901.3,282.69,280.25,0.67339,0.834539,0.147234,0.259492,0.932
52,1762.47,687.77,282.03,279.88,0.917955,0.636825,0.146892,0.259148,0.9292
52,1578.22,180.22,306.32,304.48,0.821988,0.166872,0.159539,0.281923,0.9273
52,1270.9,103.17,425.31,206.33,0.661925,0.095524,0.221514,0.191049,0.9157
52,497.58,76.54,333.65,153.07,0.259154,0.070867,0.173777,0.141733,0.9138
52,205.38,960.14,410.76,237.31,0.10697,0.889015,0.213939,0.219731,0.8942
52,1697.8,906.49,120.76,120.72,0.88427,0.839344,0.062896,0.111781,0.8693
52,1654.05,100.24,185.71,181.83,0.861483,0.092812,0.096722,0.16836,0.8452
52,996.39,727.0,80.82,81.61,0.518955,0.673151,0.042095,0.075564,0.845
52,1768.58,1020.47,76.4,77.54,0.921137,0.944881,0.039793,0.071801,0.8394
52,1857.81,232.78,72.24,71.35,0.967612,0.21554,0.037626,0.06606,0.8104
52,53.05,177.96,106.1,345.22,0.027631,0.164781,0.055261,0.319648,0.8032
52,772.38,217.84,93.84,94.56,0.402279,0.201706,0.048875,0.087555,0.7759
52,1314.45,1059.38,67.27,41.23,0.68461,0.98091,0.035037,0.038179,0.7528
52,144.21,972.6,124.37,123.91,0.075111,0.900552,0.064777,0.114733,0.7345
53,932.28,324.86,322.51,322.52,0.485561,0.300796,0.167976,0.298632,0.9402
53,335.41,263.01,313.84,314.88,0.174693,0.243527,0.163458,0.29156,0.9356
53,1761.63,699.33,280.12,276.26,0.917517,0.647525,0.145894,0.255799,0.9303
53,1276.02,502.36,431.07,438.53,0.664594,0.465149,0.224518,0.406043,0.9296
53,1286.66,897.7,287.6,284.48,0.670137,0.831207,0.149791,0.263405,0.9283
53,338.67,631.55,290.12,285.27,0.176392,0.58477,0.151106,0.264138,0.9271
53,1592.58,185.09,303.47,300.62,0.829468,0.171382,0.158059,0.278349,0.926
53,200.76,938.92,396.92,282.15,0.104563,0.869373,0.206727,0.261253,0.9103
53,1298.45,102.72,432.18,205.45,0.676278,0.095115,0.225092,0.190231,0.8874
53,527.44,61.09,332.18,122.18,0.274707,0.056564,0.173008,0.113128,0.8769
53,65.22,145.87,130.06,291.73,0.033971,0.135061,0.067737,0.270121,0.8714
53,1757.68,1033.2,72.81,74.7,0.915457,0.956671,0.037923,0.069171,0.8674
53,1690.67,915.43,120.33,119.29,0.880556,0.847621,0.062674,0.110455,0.8453
53,1672.53,106.68,178.05,179.25,0.871111,0.098776,0.092734,0.165976,0.8343
53,997.2,711.33,80.53,81.43,0.519376,0.658638,0.041944,0.075397,0.8256
53,136.21,930.08,118.22,115.04,0.070942,0.861188,0.061571,0.106518,0.82
53,1874.53,246.64,73.97,73.06,0.976316,0.22837,0.038527,0.067652,0.7926
53,1300.91,1057.69,67.21,44.62,0.677556,0.979344,0.035006,0.041313,0.7855
53,790.31,193.59,91.9,91.41,0.41162,0.179249,0.047866,0.084637,0.7301
54,946.62,311.3,322.12,322.61,0.493034,0.288242,0.167772,0.298715,0.938
54,1286.24,497.76,430.6,438.67,0.669916,0.460891,0.224273,0.406179,0.9321
54,1608.48,191.78,298.25,298.25,0.837749,0.177575,0.15534,0.276156,0.9312
54,352.17,228.2,313.8,308.98,0.183422,0.211293,0.163437,0.286095,0.929
54,1763.79,709.97,286.67,280.7,0.918642,0.657383,0.149305,0.259909,0.9285
54,343.3,594.78,291.78,288.17,0.1788,0.550721,0.15197,0.266824,0.9283
54,1278.66,891.97,283.43,281.62,0.665966,0.825894,0.147621,0.260761,0.9262
54,74.8,122.05,148.55,242.75,0.038959,0.113008,0.077368,0.22477,0.9052
54,1320.06,98.37,438.9,196.74,0.687532,0.091085,0.228595,0.182171,0.8916
54,1748.51,1041.98,74.62,76.05,0.910681,0.964792,0.038866,0.070416,0.8837
54,200.75,917.14,397.43,325.71,0.104559,0.849208,0.206995,0.301584,0.8735
54,1696.9,113.15,177.66,182.65,0.883804,0.104771,0.09253,0.169116,0.8642
54,1684.03,922.97,119.66,122.04,0.877099,0.854603,0.062325,0.113004,0.8399
54,998.48,697.76,81.65,81.61,0.520043,0.646077,0.042525,0.075567,0.8285
54,1290.78,1054.57,60.62,50.86,0.672284,0.976452,0.03157,0.047097,0.8052
54,128.26,887.91,125.16,120.94,0.066801,0.822142,0.065187,0.111981,0.8006
54,808.85,173.5,93.35,93.07,0.421278,0.160647,0.048618,0.086173,0.8005
54,1887.73,261.04,64.54,71.03,0.983193,0.241702,0.033614,0.065772,0.796
54,556.43,46.66,323.81,93.32,0.289805,0.043203,0.168652,0.086405,0.7625
54,640.04,1035.26,250.62,87.61,0.333356,0.958572,0.130529,0.081123,0.727
54,953.19,936.32,75.25,75.29,0.496454,0.866961,0.039193,0.069711,0.7156
55,351.39,560.22,281.03,280.73,0.183014,0.518719,0.146372,0.259938,0.9397
55,958.13,296.9,326.14,318.34,0.499027,0.274905,0.169866,0.29476,0.9361
55,1627.78,201.56,291.2,292.64,0.847804,0.186634,0.151669,0.270961,0.9324
55,1767.7,722.81,279.12,277.05,0.920676,0.669266,0.145377,0.256524,0.9319
55,370.26,190.95,312.96,315.11,0.192846,0.176808,0.163001,0.291767,0.9317
55,1292.6,493.82,428.08,434.06,0.673227,0.457236,0.222957,0.401905,0.9309
55,1273.07,885.59,274.23,272.55,0.663056,0.819988,0.142829,0.252364,0.9282
55,78.72,97.39,155.79,194.78,0.041002,0.090177,0.081141,0.180354,0.9187
55,193.6,898.47,387.21,363.06,0.100836,0.831915,0.201671,0.336169,0.9064
55,1354.66,97.09,441.53,194.19,0.705554,0.089903,0.229962,0.179805,0.8919
55,673.38,1032.93,133.81,94.14,0.350719,0.956415,0.069695,0.08717,0.8539
55,1000.67,684.42,78.25,77.35,0.52118,0.633724,0.040755,0.071623,0.8418
55,1680.05,930.83,117.42,118.54,0.875028,0.861882,0.061156,0.109762,0.84
55,1712.33,128.27,182.4,181.87,0.89184,0.118765,0.094999,0.168402,0.8282
55,1739.34,1046.45,76.46,67.1,0.905905,0.968935,0.039825,0.06213,0.8225
55,829.5,152.93,95.85,95.38,0.432029,0.141605,0.049922,0.088311,0.8215
55,1282.53,1052.77,60.99,54.45,0.667984,0.974791,0.031766,0.050418,0.7871
55,1028.55,1058.01,77.0,43.97,0.535704,0.979641,0.040105,0.040717,0.778
55,612.62,1025.72,261.59,106.8,0.319071,0.949741,0.136244,0.098886,0.7741
55,125.65,846.02,120.69,117.42,0.065444,0.783349,0.062857,0.108718,0.7176
55,947.76,919.77,77.05,76.2,0.493627,0.851642,0.040128,0.070558,0.7036
56,978.26,278.72,315.35,314.42,0.50951,0.258075,0.164245,0.29113,0.9416
56,388.35,159.93,306.28,305.04,0.202265,0.148083,0.15952,0.282442,0.9387
56,1298.59,487.07,424.12,426.63,0.676348,0.450994,0.220897,0.39503,0.9339
56,1766.65,731.22,268.59,270.26,0.920131,0.677052,0.139889,0.250237,0.9317
56,187.93,880.15,375.86,399.04,0.097881,0.814952,0.195762,0.369484,0.9316
56,1650.0,205.56,295.3,293.41,0.859376,0.19033,0.153803,0.271675,0.9289
56,1272.14,881.61,274.97,274.5,0.662571,0.816305,0.143212,0.254167,0.9281
56,356.57,527.65,280.67,280.65,0.185714,0.488565,0.146182,0.259864,0.9197
56,1380.01,92.77,430.26,185.54,0.718755,0.085897,0.224096,0.171794,0.8942
56,97.5,72.82,194.34,145.64,0.050784,0.067426,0.101217,0.134851,0.8941
56,1273.19,1051.03,59.56,57.94,0.663122,0.973178,0.031021,0.053644,0.8463
56,667.13,1019.67,130.21,118.33,0.347462,0.944135,0.067817,0.109563,0.8434
56,607.84,1014.45,263.92,129.42,0.316582,0.939303,0.137457,0.119835,0.8409
56,1674.76,938.27,115.98,115.03,0.872271,0.868765,0.060404,0.10651,0.8366
56,1003.81,671.04,76.15,76.61,0.522816,0.621334,0.03966,0.070939,0.835
56,1739.84,133.18,179.48,181.02,0.906166,0.123312,0.093482,0.167613,0.8322
56,1731.21,1052.27,76.62,55.46,0.901674,0.974323,0.039907,0.051355,0.8192
56,1018.28,1052.03,76.46,55.94,0.530352,0.974104,0.039823,0.051792,0.8162
56,127.25,803.81,126.79,124.2,0.066279,0.744266,0.066038,0.114998,0.7634
56,848.82,133.08,90.73,88.78,0.442095,0.123218,0.047255,0.082206,0.7011
57,1312.6,486.11,425.69,428.33,0.683644,0.450104,0.221715,0.396603,0.9469
57,992.78,265.04,312.99,315.09,0.517073,0.24541,0.163017,0.291754,0.9409
57,408.15,139.93,303.33,279.61,0.212581,0.129566,0.157984,0.258894,0.9382
57,1772.04,743.12,271.9,266.87,0.922936,0.688072,0.141614,0.247097,0.9311
57,369.0,492.35,278.63,278.19,0.192187,0.455876,0.145118,0.257585,0.931
57,1271.46,877.38,270.52,271.03,0.662217,0.812385,0.140895,0.250957,0.9257
57,185.95,848.85,371.89,418.28,0.096847,0.785976,0.193694,0.387294,0.9254
57,1664.34,209.94,289.67,289.67,0.866846,0.194389,0.150871,0.268211,0.9212
57,1403.83,91.25,411.85,182.5,0.731164,0.08449,0.214507,0.168979,0.9089
57,608.92,1000.74,245.25,157.16,0.317148,0.926608,0.127737,0.145516,0.8774
57,660.64,1001.19,126.9,128.22,0.344086,0.927027,0.066094,0.118723,0.8623
57,1757.63,142.33,180.19,180.26,0.915431,0.131785,0.09385,0.166909,0.8619
57,1012.83,1046.23,72.16,67.54,0.527515,0.968731,0.037586,0.062538,0.8606
57,1267.27,1046.26,58.31,56.99,0.660036,0.968757,0.03037,0.052768,0.8404
57,1008.43,657.37,77.25,78.7,0.525224,0.608677,0.040233,0.07287,0.8323
57,1671.25,945.25,119.74,120.68,0.870441,0.875229,0.062364,0.111741,0.8045
57,869.95,116.32,89.92,89.29,0.453099,0.107705,0.046834,0.082678,0.7961
57,1723.49,1055.54,74.87,48.92,0.897651,0.977353,0.038993,0.045293,0.791
57,942.91,890.15,75.59,75.36,0.491098,0.824217,0.039368,0.069778,0.7888
57,112.83,50.89,224.83,101.78,0.058764,0.047118,0.117098,0.094237,0.7497
58,1010.64,253.15,314.03,314.41,0.526374,0.234394,0.163556,0.29112,0.9423
58,1323.2,480.61,418.71,421.5,0.689167,0.445012,0.218078,0.390278,0.9409
58,432.69,125.22,305.98,250.44,0.22536,0.115946,0.159363,0.231892,0.9367
58,184.87,813.31,368.92,401.22,0.096286,0.753067,0.192144,0.371501,0.9324
58,1268.21,873.57,267.21,268.5,0.660524,0.808865,0.139169,0.24861,0.9323
58,376.91,463.51,278.66,278.48,0.196307,0.429181,0.145133,0.257854,0.9308
58,1774.61,754.49,272.64,265.41,0.924274,0.698603,0.141998,0.245749,0.9296
58,1685.7,219.41,284.17,286.77,0.877969,0.20316,0.148003,0.265527,0.9271
58,603.13,987.39,238.69,184.14,0.314131,0.914246,0.124318,0.170497,0.8749
58,1433.56,90.24,421.22,180.48,0.746646,0.083557,0.219384,0.167113,0.8727
58,1776.22,154.39,181.13,182.81,0.925114,0.142952,0.09434,0.169272,0.8623
58,1261.18,1040.43,57.75,57.96,0.656864,0.963361,0.030076,0.053671,0.8577
58,1014.0,644.32,75.94,75.01,0.528126,0.59659,0.039553,0.069456,0.8517
58,659.37,977.66,127.43,126.98,0.343419,0.90524,0.066369,0.117575,0.8505
58,1006.26,1037.1,73.03,75.15,0.524094,0.960273,0.038038,0.069582,0.8406
58,1668.45,953.54,118.52,119.78,0.868984,0.88291,0.061731,0.11091,0.8405
58,287.12,1034.94,168.44,90.13,0.149544,0.958275,0.087731,0.08345,0.8247
58,1717.73,1059.92,72.64,40.16,0.894652,0.981407,0.037835,0.037186,0.788
58,892.7,99.6,90.19,92.57,0.464947,0.092226,0.046973,0.085715,0.7849
59,1335.18,478.17,407.33,412.53,0.695407,0.442752,0.212152,0.381971,0.9352
59,1027.99,241.24,316.67,314.98,0.535414,0.223374,0.164933,0.291651,0.9344
59,1271.11,866.52,265.23,267.09,0.662039,0.80233,0.138143,0.247305,0.9335
59,184.49,778.54,368.17,405.28,0.09609,0.720869,0.191753,0.375258,0.9323
59,388.01,431.12,273.45,275.3,0.20209,0.399187,0.142422,0.25491,0.9312
59,1701.51,226.78,281.56,281.15,0.886202,0.209982,0.146647,0.260321,0.93
59,1776.91,761.0,265.35,259.95,0.925476,0.704629,0.138205,0.240698,0.9274
59,451.86,109.53,300.65,219.07,0.235345,0.101421,0.156587,0.202843,0.9271
59,598.75,977.02,240.02,204.56,0.311846,0.904644,0.125012,0.189405,0.9098
59,1459.41,87.44,410.94,174.88,0.760108,0.080961,0.214034,0.161922,0.8858
59,656.46,954.94,125.35,129.52,0.341907,0.884202,0.065289,0.119926,0.8818
59,1020.36,632.55,76.51,76.22,0.531438,0.58569,0.039849,0.070574,0.8573
59,281.62,1017.9,171.42,124.19,0.146676,0.942503,0.089282,0.114993,0.8497
59,1666.9,960.4,116.25,116.62,0.868178,0.889264,0.060548,0.107982,0.8034
59,1798.81,165.55,174.85,178.76,0.936881,0.153287,0.091068,0.165515,0.797
59,1003.1,1023.72,73.97,74.29,0.522449,0.947893,0.038526,0.068792,0.7948
59,1256.1,1035.53,59.06,58.42,0.654221,0.958824,0.030758,0.054089,0.794
59,918.16,84.8,87.8,86.83,0.478211,0.078519,0.045729,0.080396,0.7901
59,941.33,860.87,73.65,73.51,0.490277,0.7971,0.03836,0.068063,0.7638
59,133.47,687.1,121.46,118.42,0.069515,0.636199,0.06326,0.109646,0.7626
60,1048.0,229.3,303.92,300.57,0.545834,0.212315,0.15829,0.278304,0.9417
60,478.7,95.31,288.53,190.61,0.24932,0.088247,0.150274,0.176495,0.9361
60,1271.54,864.29,264.83,266.86,0.662259,0.800268,0.137934,0.247089,0.9352
60,185.3,742.62,370.59,397.63,0.096509,0.68761,0.193018,0.368173,0.9327
60,1346.31,474.78,409.92,411.8,0.701205,0.439612,0.213501,0.3813,0.9309
60,1721.15,232.81,280.16,278.81,0.896434,0.215561,0.145915,0.25816,0.9288
60,403.03,402.5,275.56,273.51,0.209912,0.372688,0.14352,0.253249,0.9267
60,1779.61,770.98,266.95,260.41,0.92688,0.713872,0.139034,0.241116,0.9253
60,592.73,968.16,231.93,221.23,0.308716,0.896447,0.120798,0.204845,0.9211
60,1481.0,89.62,414.43,179.25,0.771353,0.082986,0.215848,0.165971,0.8912
60,654.03,933.61,122.39,124.34,0.34064,0.864455,0.063744,0.115131,0.8898
60,277.46,1002.55,157.86,153.25,0.14451,0.928288,0.082219,0.141901,0.8731
60,1029.18,620.59,73.92,73.07,0.536032,0.574619,0.038501,0.067659,0.8655
60,999.19,1010.08,71.96,72.6,0.520413,0.935262,0.037479,0.067222,0.8481
60,1819.23,173.94,177.61,180.0,0.947517,0.161051,0.092504,0.166665,0.8435
60,1666.42,965.55,111.9,111.71,0.867927,0.894027,0.05828,0.103432,0.8364
60,1252.76,1029.57,57.7,56.58,0.652479,0.953309,0.030053,0.05239,0.8125
60,139.36,652.27,120.06,120.68,0.072585,0.603957,0.062529,0.111742,0.7983
60,937.37,70.16,86.38,85.33,0.488211,0.064962,0.044991,0.079007,0.7692
60,1017.81,1042.34,216.37,73.46,0.530109,0.965131,0.112693,0.068021,0.7402
61,1358.49,474.5,409.39,407.2,0.707548,0.439352,0.213223,0.377036,0.9383
61,188.2,705.85,374.76,394.01,0.098023,0.653569,0.195185,0.364827,0.938
61,1271.95,858.91,265.16,267.2,0.662475,0.795287,0.138104,0.247407,0.9374
61,417.04,375.04,268.21,269.75,0.217206,0.347262,0.139694,0.249767,0.935
61,1064.82,219.34,301.4,301.57,0.554594,0.203089,0.156981,0.279235,0.9331
61,1783.69,781.23,264.94,260.37,0.929003,0.723362,0.13799,0.24108,0.9269
61,1737.66,244.22,281.8,282.65,0.905029,0.226134,0.146769,0.261713,0.9257
61,596.67,949.38,237.7,236.25,0.310765,0.879051,0.1238,0.218746,0.9183
61,499.01,80.87,287.42,161.74,0.259902,0.074881,0.149696,0.149762,0.9177
61,1511.83,88.3,407.45,176.6,0.787411,0.081757,0.212214,0.163514,0.8938
61,276.12,973.77,156.02,156.02,0.143814,0.901634,0.081259,0.144464,0.8842
61,654.97,914.84,128.03,125.32,0.341131,0.847075,0.06668,0.116038,0.8834
61,996.36,1001.14,72.03,73.06,0.518939,0.926984,0.037514,0.06765,0.8598
61,1664.67,972.66,116.08,117.57,0.867013,0.90061,0.060459,0.108862,0.8392
61,1035.41,610.31,73.86,75.28,0.539274,0.565104,0.03847,0.069703,0.8383
61,1832.06,186.33,172.8,184.99,0.954199,0.172525,0.089999,0.171287,0.8174
61,960.23,56.36,86.36,86.65,0.500122,0.052181,0.044979,0.080234,0.8016
61,1008.42,1034.44,212.05,88.98,0.525219,0.957817,0.110441,0.082387,0.7853
61,944.25,834.5,73.33,71.27,0.491798,0.772683,0.038195,0.065994,0.7256
62,1372.44,472.05,404.71,404.09,0.714814,0.43708,0.210785,0.374162,0.9437
62,1273.03,856.83,262.64,263.97,0.663037,0.793365,0.13679,0.244414,0.9372
62,1085.55,208.73,292.86,294.11,0.565388,0.193264,0.152529,0.272325,0.9354
62,431.26,348.77,267.78,268.54,0.224612,0.322931,0.139466,0.248645,0.9333
62,192.11,674.63,384.22,396.46,0.100058,0.624658,0.200116,0.367094,0.9325
62,1760.1,252.3,281.66,281.81,0.91672,0.233613,0.1467,0.260938,0.9271
62,1786.29,791.4,263.1,262.23,0.930362,0.732773,0.137029,0.242804,0.925
62,594.41,926.44,233.6,229.33,0.309588,0.857818,0.121667,0.212339,0.9169
62,1535.45,90.8,400.59,181.6,0.799716,0.084074,0.208642,0.168148,0.9111
62,519.36,68.24,289.8,136.48,0.2705,0.063185,0.150939,0.126371,0.9111
62,276.19,944.15,156.47,155.75,0.143847,0.874216,0.081496,0.144215,0.8884
62,655.04,894.24,122.82,124.69,0.341165,0.827999,0.063969,0.11545,0.8674
62,999.79,1030.24,234.54,97.31,0.520722,0.953925,0.122154,0.0901,0.8397
62,1664.18,979.13,110.67,112.26,0.86676,0.906603,0.057638,0.103948,0.8388
62,995.84,988.86,72.38,72.11,0.518667,0.915609,0.037696,0.066765,0.8387
62,1045.81,600.87,73.22,73.12,0.54469,0.556362,0.038137,0.0677,0.8373
62,1845.47,201.94,149.06,182.0,0.961182,0.186979,0.077637,0.168523,0.7482
62,984.69,43.85,84.42,81.94,0.512858,0.0406,0.043967,0.07587,0.7128
63,1384.83,470.27,399.93,402.45,0.721267,0.435436,0.208299,0.372637,0.9423
63,1102.62,202.43,295.02,296.18,0.57428,0.187433,0.153656,0.274245,0.9392
63,446.78,325.76,264.07,264.65,0.232696,0.301631,0.137538,0.245046,0.9347
63,1278.75,852.9,265.67,269.12,0.666015,0.789719,0.138368,0.249187,0.9343
63,1776.24,258.73,280.22,284.23,0.925128,0.239568,0.14595,0.263175,0.9328
63,1790.8,804.53,253.52,253.0,0.932709,0.744934,0.132041,0.234255,0.9291
63,196.31,641.22,388.26,402.39,0.102244,0.593727,0.202217,0.372581,0.926
63,595.85,901.71,231.99,231.73,0.31034,0.834916,0.120827,0.214563,0.9236
63,1557.32,90.98,396.64,181.97,0.811103,0.084243,0.206582,0.168486,0.8926
63,276.07,914.71,157.51,156.95,0.143789,0.846952,0.082036,0.145325,0.8877
63,543.71,58.04,278.11,115.85,0.283183,0.053739,0.144849,0.107264,0.878
63,656.23,872.11,124.91,126.77,0.341787,0.807508,0.065056,0.117377,0.8678
63,996.59,978.08,72.83,73.79,0.519056,0.905628,0.037931,0.068323,0.8535
63,1001.47,1026.93,217.19,104.22,0.5216,0.950866,0.113119,0.096497,0.8519
63,1055.64,590.65,71.26,70.22,0.549811,0.546903,0.037112,0.065021,0.8421
63,1662.26,984.29,112.48,114.27,0.865762,0.911381,0.058586,0.105808,0.8304
63,1246.95,1015.08,58.71,58.6,0.649454,0.939888,0.030577,0.054255,0.8136
63,952.44,809.97,72.61,72.18,0.496063,0.749972,0.037819,0.06683,0.7484
63,1009.42,39.18,88.7,78.1,0.525737,0.036275,0.046196,0.072318,0.7008
64,1122.18,196.03,290.42,293.83,0.58447,0.181512,0.15126,0.272067,0.9399
64,1787.19,266.86,265.62,288.12,0.930829,0.247097,0.138343,0.266776,0.9361
64,1398.45,469.72,402.04,403.51,0.728358,0.434927,0.209395,0.373619,0.9337
64,465.51,299.94,265.55,266.11,0.242452,0.277721,0.138307,0.246397,0.9328
64,1794.44,812.65,250.57,256.37,0.934605,0.752451,0.130507,0.237381,0.9324
64,1283.3,848.52,256.31,261.1,0.668384,0.785669,0.133496,0.24176,0.9308
64,202.27,610.49,393.98,401.65,0.105349,0.565269,0.2052,0.371895,0.9269
64,598.12,887.21,230.59,229.75,0.311523,0.82149,0.120096,0.212734,0.9258
64,1584.3,93.41,383.5,186.82,0.825154,0.086491,0.199739,0.172981,0.91
64,278.21,886.7,157.19,155.35,0.144903,0.821014,0.081867,0.14384,0.8878
64,658.72,855.32,126.18,122.56,0.343085,0.791959,0.065719,0.113483,0.8836
64,1000.44,1022.35,212.52,113.54,0.521063,0.946622,0.110686,0.105131,0.8658
64,996.66,967.03,70.51,70.9,0.519095,0.895394,0.036724,0.065648,0.8506
64,1663.19,991.34,111.94,113.31,0.866243,0.917911,0.058303,0.104915,0.827
64,570.47,49.05,288.09,98.1,0.297119,0.045416,0.150045,0.090832,0.823
64,1063.79,581.77,71.22,72.66,0.554057,0.538675,0.037096,0.067279,0.8228
64,175.42,520.0,127.33,127.48,0.091365,0.481482,0.066319,0.118034,0.7207
65,1409.96,469.29,401.66,401.77,0.734352,0.434531,0.209197,0.372011,0.9355
65,1285.47,845.71,261.73,265.91,0.669516,0.783064,0.136318,0.246212,0.9345
65,1145.25,186.09,293.4,292.63,0.596485,0.17231,0.152815,0.270951,0.9339
65,1797.52,819.99,244.95,254.99,0.93621,0.759246,0.127579,0.236105,0.9319
65,482.87,277.67,268.01,269.0,0.251497,0.257102,0.139586,0.249073,0.9312
65,1798.11,276.95,243.78,278.29,0.936515,0.256435,0.12697,0.25768,0.9298
65,603.0,863.61,236.97,234.36,0.314064,0.799641,0.123422,0.216999,0.9271
65,208.24,584.75,399.98,403.27,0.108457,0.541435,0.208323,0.373401,0.9243
65,1611.66,94.94,385.46,189.87,0.839407,0.087905,0.20076,0.175809,0.9113
65,280.93,858.29,157.99,155.73,0.14632,0.794712,0.082286,0.144197,0.8915
65,1001.13,1019.37,218.56,119.56,0.521421,0.943862,0.113833,0.110705,0.8906
65,660.74,834.33,126.33,132.06,0.344134,0.772529,0.065798,0.122277,0.8887
65,1076.52,573.32,71.25,70.62,0.560688,0.530854,0.03711,0.065387,0.8533
65,1664.34,996.4,111.34,111.03,0.866844,0.922592,0.057988,0.10281,0.8361
65,998.47,956.37,72.27,72.21,0.520036,0.885529,0.037642,0.066866,0.8001
65,598.73,37.55,264.88,75.1,0.311836,0.034768,0.137957,0.069537,0.7731
66,1162.35,180.23,293.39,291.29,0.605389,0.166882,0.152806,0.26971,0.9385
66,1423.03,470.71,403.06,400.96,0.741162,0.435847,0.209928,0.371257,0.9382
66,1290.89,842.55,262.11,263.07,0.67234,0.780139,0.136517,0.243581,0.9334
66,1807.97,286.01,224.06,271.66,0.941652,0.264826,0.116697,0.251536,0.9329
66,217.58,557.99,406.9,400.13,0.113325,0.516655,0.211926,0.37049,0.9321
66,500.56,256.44,267.36,269.41,0.260707,0.237441,0.139252,0.249453,0.9308
66,1801.29,827.04,237.43,249.16,0.93817,0.76578,0.12366,0.230704,0.9298
66,603.97,845.85,224.98,222.24,0.314567,0.783194,0.117179,0.205782,0.9224
66,1631.18,95.93,385.49,191.85,0.849571,0.088822,0.200776,0.177643,0.9127
66,999.29,1014.34,219.75,130.94,0.520464,0.9392,0.114452,0.121237,0.9004
66,288.41,833.62,155.24,155.01,0.150211,0.771872,0.080852,0.143524,0.873
66,669.37,818.56,124.94,123.22,0.348629,0.757925,0.065073,0.114096,0.8722
66,1001.41,947.02,73.79,72.83,0.521566,0.87687,0.038433,0.067434,0.8686
66,1088.11,566.17,67.64,68.48,0.566723,0.52423,0.035231,0.063411,0.8517
66,1667.18,1001.66,109.35,109.9,0.868322,0.92746,0.056954,0.101759,0.8358
66,202.69,464.64,124.76,125.51,0.105569,0.43022,0.06498,0.116211,0.7851
67,1436.81,470.15,401.41,401.37,0.74834,0.435326,0.209066,0.371642,0.9483
67,230.46,533.59,399.19,398.35,0.120029,0.494063,0.207911,0.36884,0.9387
67,1182.82,177.1,294.96,291.71,0.616054,0.163983,0.153627,0.270106,0.9373
67,1294.39,838.51,259.65,261.39,0.674163,0.776395,0.135236,0.242026,0.9369
67,1815.43,295.36,209.15,269.84,0.945534,0.273477,0.108931,0.249848,0.936
67,1803.89,836.55,232.23,246.29,0.939524,0.774583,0.120953,0.228047,0.9347
67,515.92,235.42,265.3,266.35,0.268707,0.217985,0.138176,0.246616,0.9345
67,612.74,830.77,228.07,226.62,0.319137,0.769228,0.118787,0.209834,0.9232
67,1655.73,99.1,395.24,198.21,0.862362,0.091762,0.205852,0.183525,0.916
67,998.2,1008.75,222.11,140.91,0.519894,0.934027,0.115682,0.130473,0.8983
67,292.59,808.11,152.23,153.25,0.152392,0.748251,0.079288,0.141898,0.868
67,676.18,803.06,119.56,121.99,0.352175,0.74357,0.062271,0.112957,0.8648
67,1098.47,558.79,70.44,71.29,0.572122,0.517403,0.036686,0.066013,0.8481
67,1004.51,938.17,74.09,74.45,0.523184,0.868672,0.038588,0.068935,0.842
67,1668.13,1005.33,110.74,111.98,0.868819,0.930863,0.057679,0.103686,0.8152
67,210.12,435.22,125.28,125.3,0.109436,0.402984,0.065248,0.116021,0.7584
67,976.13,765.44,73.35,73.11,0.508401,0.708742,0.038201,0.067697,0.7065
68,1451.46,471.08,399.01,401.98,0.755971,0.436181,0.207815,0.372208,0.9359
68,1823.06,307.16,193.88,274.23,0.949511,0.284411,0.100978,0.253915,0.9356
68,536.54,218.95,262.8,261.34,0.279446,0.202734,0.136875,0.241979,0.9348
68,243.24,509.18,398.96,400.68,0.126688,0.471461,0.207792,0.370998,0.9346
68,1301.28,838.83,261.44,262.02,0.677749,0.776691,0.136166,0.24261,0.9311
68,1806.3,843.98,227.41,249.72,0.940779,0.781467,0.118441,0.231224,0.9301
68,617.34,813.28,234.19,227.57,0.32153,0.753035,0.121973,0.210717,0.9267
68,1202.17,172.21,293.29,291.98,0.626132,0.159453,0.152755,0.270348,0.9248
68,1676.78,100.46,393.2,200.91,0.873325,0.093014,0.204794,0.186029,0.9161
68,1003.54,1002.67,223.56,153.36,0.522678,0.928396,0.116438,0.141999,0.9002
68,1009.87,929.47,71.27,71.88,0.525973,0.860618,0.037122,0.066555,0.8797
68,298.46,786.37,159.32,155.41,0.155449,0.728122,0.082977,0.143898,0.8784
68,1110.12,552.19,69.03,70.55,0.578185,0.511286,0.035952,0.065328,0.8548
68,683.17,786.16,122.06,122.4,0.35582,0.727923,0.063572,0.113334,0.8481
68,1254.46,995.1,58.0,57.15,0.653364,0.921388,0.030207,0.052921,0.8363
68,1671.35,1011.24,109.22,110.81,0.870495,0.936331,0.056884,0.102602,0.8312
68,565.9,1058.49,59.7,43.02,0.294737,0.980084,0.031094,0.039833,0.7627
68,231.49,410.26,124.74,125.28,0.120566,0.379872,0.064968,0.115996,0.7586
68,983.54,757.26,70.2,69.09,0.512259,0.701171,0.036561,0.063977,0.755
68,1182.13,1056.04,95.46,47.93,0.615694,0.977812,0.04972,0.044375,0.7346
69,1221.51,169.56,290.23,289.02,0.636204,0.157004,0.151159,0.267613,0.9381
69,555.82,202.16,258.38,259.15,0.289491,0.187185,0.134574,0.239958,0.9334
69,260.73,486.35,390.37,395.05,0.135795,0.450323,0.203319,0.365791,0.9323
69,1464.37,471.52,397.37,398.44,0.762693,0.436594,0.206965,0.368927,0.9318
69,1309.18,835.5,256.69,261.14,0.681865,0.773614,0.133692,0.241793,0.9308
69,1811.82,851.66,216.37,239.1,0.943654,0.788576,0.112692,0.221387,0.9265
69,1833.25,318.23,173.5,272.95,0.954817,0.294658,0.090367,0.252734,0.9213
69,626.97,798.37,234.08,229.01,0.326546,0.739228,0.121918,0.212044,0.9168
69,1699.7,102.35,382.85,204.7,0.885262,0.09477,0.199403,0.189541,0.9148
69,1006.08,999.1,220.87,160.51,0.523999,0.925094,0.115037,0.14862,0.9144
69,306.53,764.97,153.7,151.96,0.15965,0.708307,0.080053,0.140708,0.891
69,1123.49,544.92,71.33,71.99,0.585151,0.50456,0.037151,0.066662,0.8568
69,688.31,773.03,124.47,126.92,0.358495,0.715769,0.06483,0.117517,0.847
69,1673.98,1016.41,111.6,110.71,0.871862,0.941123,0.058125,0.102513,0.84
69,1013.89,920.57,69.68,69.94,0.528065,0.852379,0.036291,0.064761,0.8154
69,1183.79,1053.28,94.01,53.44,0.616557,0.975259,0.048965,0.049483,0.8018
69,977.36,1058.91,67.94,42.18,0.50904,0.980473,0.035384,0.039053,0.7399
69,387.13,1040.48,177.23,79.03,0.20163,0.96341,0.092308,0.07318,0.7313
70,1476.37,472.27,400.03,399.62,0.768941,0.437289,0.20835,0.370019,0.9388
70,571.89,183.82,260.65,260.7,0.297861,0.170207,0.135758,0.241388,0.9354
70,1241.54,163.95,291.63,290.15,0.646636,0.151804,0.151891,0.268657,0.9326
70,270.81,466.11,391.5,390.78,0.141045,0.431587,0.203907,0.361832,0.9294
70,1315.54,832.78,256.63,259.32,0.685178,0.77109,0.133662,0.240114,0.9286
70,629.92,779.72,226.11,226.95,0.328083,0.721962,0.117767,0.210136,0.9265
70,1813.76,861.67,212.49,248.74,0.944664,0.797838,0.110671,0.230314,0.9259
70,1720.37,107.79,389.75,215.57,0.896026,0.099802,0.202996,0.199605,0.9258
70,1841.4,326.34,157.19,264.68,0.959064,0.302169,0.081871,0.245073,0.9155
70,1005.51,994.69,214.57,169.06,0.523701,0.921014,0.111753,0.156534,0.9096
70,313.06,740.22,152.72,152.85,0.163053,0.685388,0.079543,0.141525,0.8779
70,1020.02,914.49,68.92,69.89,0.531258,0.846745,0.035894,0.06471,0.8576
70,1677.64,1020.08,109.62,108.79,0.873772,0.944518,0.057091,0.100729,0.8467
70,696.48,759.98,121.95,122.8,0.36275,0.703681,0.063514,0.113705,0.8339
70,1136.71,540.84,69.66,71.04,0.592035,0.500776,0.03628,0.065775,0.8337
70,389.73,1035.17,185.07,89.67,0.202985,0.958486,0.096388,0.083027,0.8153
70,263.35,368.15,123.68,126.97,0.137161,0.340884,0.064415,0.117561,0.7509
70,1186.27,1052.25,97.32,55.49,0.617849,0.974309,0.050686,0.051382,0.7349
70,1001.48,740.41,68.27,68.85,0.521604,0.685567,0.035558,0.06375,0.7258
70,980.19,1054.62,71.07,50.76,0.510516,0.976498,0.037015,0.047004,0.7237
70,41.69,371.35,83.3,354.09,0.021713,0.34384,0.043383,0.32786,0.7216
71,1492.59,474.7,391.93,393.27,0.777388,0.439539,0.20413,0.364139,0.9446
71,284.59,445.78,385.15,387.84,0.148222,0.41276,0.200601,0.359111,0.9337
71,1262.56,161.98,284.18,282.21,0.657584,0.149978,0.148012,0.261305,0.9307
71,593.76,169.18,253.49,254.04,0.309253,0.156652,0.132024,0.23522,0.9306
71,1322.61,831.24,253.73,256.55,0.688857,0.769667,0.132152,0.237548,0.9297
71,1816.81,870.13,206.38,244.52,0.946255,0.805676,0.10749,0.226411,0.9257
71,1737.22,107.1,365.57,214.21,0.9048,0.09917,0.190401,0.19834,0.9255
71,1010.78,990.14,210.52,178.28,0.526447,0.9168,0.109645,0.165075,0.9161
71,640.02,768.21,229.15,230.33,0.333341,0.711301,0.11935,0.213266,0.9123
71,1851.06,335.87,137.89,261.22,0.964092,0.310986,0.071816,0.24187,0.8926
71,325.7,722.85,154.09,153.48,0.169635,0.669307,0.080254,0.142108,0.871
71,1150.51,536.23,66.2,66.82,0.599224,0.496507,0.034481,0.061871,0.8562
71,1026.55,906.18,69.02,69.69,0.534663,0.839051,0.035946,0.064527,0.8517
71,705.32,746.96,122.09,122.9,0.367355,0.691625,0.06359,0.113799,0.8252
71,1683.36,1024.78,108.16,104.56,0.876751,0.948868,0.056335,0.096817,0.8225
71,395.64,1025.17,188.29,109.66,0.206062,0.949233,0.098066,0.101535,0.8071
71,49.89,350.47,99.74,351.24,0.025983,0.324512,0.051947,0.325225,0.7889
71,982.85,1051.15,66.48,57.69,0.511903,0.97329,0.034624,0.05342,0.7721
71,1191.8,1051.21,97.09,57.35,0.62073,0.97334,0.05057,0.053103,0.7558
71,143.66,1051.43,90.62,56.67,0.074824,0.973549,0.047197,0.052471,0.7473
71,274.08,346.32,122.44,121.09,0.142752,0.320662,0.063769,0.112124,0.74
72,1506.83,473.18,388.77,390.42,0.784805,0.438131,0.202484,0.361496,0.9375
72,611.2,157.95,249.11,249.62,0.318333,0.146252,0.129747,0.231131,0.9324
72,301.81,423.81,380.24,383.02,0.157192,0.39242,0.198043,0.354646,0.932
72,1280.52,157.85,285.31,282.86,0.66694,0.146156,0.148599,0.261906,0.9303
72,1331.3,829.61,252.21,256.7,0.693384,0.768157,0.131361,0.23769,0.9275
72,1821.03,877.92,197.94,243.56,0.948452,0.812887,0.103096,0.225521,0.9201
72,1752.95,106.38,334.11,212.76,0.912993,0.098502,0.174015,0.197003,0.9159
72,649.72,755.22,223.37,221.22,0.338393,0.699278,0.116336,0.204832,0.9124
72,1019.74,990.47,203.26,177.75,0.531117,0.917098,0.105867,0.164581,0.8943
72,334.97,704.61,149.08,146.68,0.174462,0.652421,0.077644,0.135812,0.8923
72,1163.28,529.4,67.85,67.47,0.605876,0.490183,0.035339,0.062471,0.8886
72,1034.42,900.18,69.22,69.84,0.538763,0.833499,0.036055,0.064664,0.8638
72,59.72,324.93,119.28,336.99,0.031106,0.300862,0.062124,0.312023,0.8584
72,716.28,734.56,116.82,117.25,0.373063,0.680149,0.060845,0.108566,0.8565
72,1860.86,341.73,118.29,258.61,0.969196,0.31642,0.061608,0.239456,0.855
72,988.31,1048.26,68.86,63.48,0.514743,0.970613,0.035863,0.058774,0.8481
72,397.71,1017.13,176.43,125.74,0.207141,0.941789,0.091892,0.116422,0.8255
72,1687.32,1026.74,107.64,101.68,0.878811,0.950685,0.056062,0.094145,0.8199
72,1197.97,1048.92,101.7,62.17,0.623942,0.971218,0.052967,0.057565,0.7915
72,154.36,1040.47,79.0,76.78,0.080398,0.963395,0.041144,0.071093,0.7853
72,709.5,533.0,71.04,71.0,0.369531,0.493518,0.037002,0.065736,0.7792
72,291.23,325.92,121.68,120.22,0.15168,0.301777,0.063376,0.111318,0.7379
72,594.05,1039.16,256.63,79.72,0.309401,0.962184,0.133661,0.073817,0.7379
73,1521.4,478.22,388.44,388.97,0.792393,0.4428,0.202315,0.360156,0.9322
73,631.54,143.9,245.74,246.53,0.328929,0.133244,0.127989,0.228264,0.9305
73,1298.51,157.54,281.38,277.98,0.676309,0.145874,0.146551,0.257385,0.929
73,316.53,409.34,379.21,380.94,0.164862,0.379019,0.197506,0.352724,0.9243
73,1826.27,884.34,187.46,239.33,0.951184,0.818833,0.097633,0.2216,0.9243
73,1760.68,111.54,318.65,223.09,0.917019,0.103281,0.165963,0.206562,0.9223
73,1337.73,829.98,248.94,253.65,0.696737,0.768497,0.129654,0.234864,0.9189
73,659.25,743.98,220.19,217.98,0.343358,0.688872,0.114683,0.201833,0.9101
73,1021.62,987.36,212.09,183.9,0.532096,0.914224,0.110464,0.170281,0.9056
73,68.59,298.04,136.64,336.26,0.035726,0.27596,0.071164,0.311354,0.8775
73,993.73,1044.63,64.9,67.58,0.517567,0.967246,0.0338,0.062572,0.8713
73,343.27,685.7,146.54,149.01,0.178787,0.634911,0.076323,0.137969,0.8661
73,1200.64,1047.17,106.02,65.67,0.625333,0.969599,0.055221,0.060803,0.8646
73,403.55,1010.7,171.15,138.6,0.210185,0.935832,0.08914,0.128336,0.8557
73,1040.56,894.12,66.72,67.38,0.541958,0.827885,0.034748,0.06239,0.8506
73,1176.43,526.5,67.14,67.12,0.612722,0.487499,0.034968,0.062147,0.8393
73,594.75,1033.2,262.23,91.9,0.309766,0.956667,0.13658,0.085088,0.8164
73,1693.43,1030.9,101.2,95.62,0.881995,0.95454,0.05271,0.088541,0.8144
73,1872.02,350.35,95.96,257.82,0.97501,0.324395,0.049981,0.238723,0.8107
73,725.11,726.99,113.71,113.12,0.377662,0.673143,0.059224,0.104742,0.8002
73,159.54,1019.5,75.43,75.18,0.083094,0.943981,0.039287,0.069612,0.7619
73,161.77,1036.44,310.8,85.31,0.084253,0.959668,0.161875,0.078995,0.7385
73,312.2,310.75,120.68,121.91,0.162603,0.287735,0.062855,0.112875,0.7215
73,722.5,520.81,70.24,71.85,0.376303,0.482229,0.036585,0.066525,0.7112
74,1533.4,477.09,390.75,390.46,0.798646,0.441746,0.203517,0.36154,0.935
74,1770.95,115.52,297.79,231.04,0.922371,0.106961,0.155097,0.213922,0.9305
74,333.82,397.08,371.38,370.48,0.173863,0.367669,0.193425,0.34304,0.9287
74,1319.52,155.01,280.17,279.2,0.687251,0.143526,0.145921,0.258515,0.9285
74,1348.84,827.67,250.15,252.59,0.702523,0.766357,0.130288,0.233882,0.9264
74,650.17,131.91,245.1,244.03,0.338633,0.12214,0.127658,0.225949,0.9248
74,1833.05,889.73,173.9,228.53,0.954715,0.823825,0.090571,0.211601,0.9245
74,75.87,280.94,150.83,328.48,0.039516,0.260126,0.078556,0.30415,0.907
74,669.74,733.06,216.59,211.72,0.348825,0.67876,0.112806,0.196035,0.9059
74,1031.77,985.56,205.25,188.87,0.537382,0.912558,0.106899,0.174883,0.8961
74,408.88,1003.73,167.16,152.53,0.212956,0.929384,0.08706,0.141232,0.867
74,355.81,670.63,148.24,147.36,0.18532,0.620958,0.07721,0.136442,0.864
74,1190.31,523.74,67.14,69.2,0.619951,0.484948,0.034966,0.064078,0.8563
74,736.53,714.3,115.62,118.0,0.383611,0.661385,0.060217,0.109258,0.8562
74,1050.77,888.33,66.68,67.18,0.547277,0.822523,0.03473,0.062201,0.8409
74,168.91,1032.12,251.73,93.93,0.087976,0.95567,0.131109,0.086968,0.8323
74,600.86,1029.76,253.63,98.78,0.31295,0.953479,0.132101,0.091459,0.8318
74,1699.19,1034.73,103.16,90.55,0.884993,0.958079,0.053729,0.083842,0.8268
74,324.66,292.19,117.98,117.96,0.169093,0.270547,0.061446,0.109225,0.8222
74,999.8,1037.31,66.13,66.16,0.520728,0.960469,0.034441,0.061257,0.8186
74,168.15,1002.82,72.62,73.41,0.087581,0.928537,0.037821,0.067975,0.7964
74,1204.67,1045.34,96.77,69.33,0.627431,0.967905,0.050403,0.064191,0.7634
74,1880.81,353.31,78.39,252.42,0.979587,0.327141,0.040826,0.233721,0.7456
75,1550.68,478.72,379.55,379.79,0.807645,0.443256,0.197683,0.35166,0.9391
75,669.71,120.25,243.74,239.15,0.348805,0.111341,0.126946,0.221436,0.9378
75,1783.47,116.84,273.06,233.68,0.928891,0.108186,0.142218,0.216372,0.9294
75,1357.9,827.38,244.76,248.35,0.707239,0.766088,0.127478,0.22995,0.9291
75,1338.2,154.74,271.22,271.84,0.69698,0.143279,0.14126,0.2517,0.9285
75,348.68,375.82,363.46,366.42,0.181603,0.347981,0.189305,0.33928,0.9279
75,1837.17,895.51,165.66,229.64,0.956859,0.829179,0.086282,0.212633,0.9254
75,84.01,259.03,167.35,325.88,0.043756,0.239843,0.087162,0.301738,0.9239
75,1039.51,981.05,206.14,195.85,0.541414,0.90838,0.107363,0.181343,0.8929
75,681.43,721.84,210.73,205.91,0.354913,0.668372,0.109754,0.190659,0.8862
75,747.14,704.05,111.65,112.07,0.389136,0.651896,0.05815,0.103764,0.8814
75,364.67,656.41,142.1,138.81,0.189931,0.607786,0.07401,0.12853,0.8735
75,173.41,1025.22,270.38,107.47,0.090318,0.949274,0.140821,0.099513,0.8721
75,1007.91,1032.17,65.06,65.83,0.524951,0.955713,0.033885,0.060952,0.8701
75,416.06,995.97,161.83,163.19,0.216699,0.922191,0.084287,0.151103,0.869
75,606.22,1025.28,246.7,107.48,0.315739,0.949335,0.128489,0.099517,0.858
75,174.23,982.92,72.03,73.31,0.090743,0.91011,0.037515,0.067877,0.8533
75,1203.96,519.88,63.49,63.1,0.627064,0.481368,0.03307,0.058429,0.8371
75,1059.08,882.99,68.02,67.85,0.551607,0.817579,0.035428,0.062824,0.8311
75,1706.72,1037.9,100.3,84.19,0.888916,0.961023,0.052242,0.077954,0.825
75,341.8,279.14,111.38,112.34,0.178022,0.258462,0.058011,0.104015,0.8005
75,1212.39,1043.92,99.29,72.15,0.631452,0.966595,0.051712,0.06681,0.7666
75,1884.6,365.84,70.79,290.11,0.981565,0.338738,0.036871,0.268618,0.7344
76,1565.89,482.29,379.45,380.83,0.815569,0.446564,0.197628,0.352617,0.9361
76,1368.62,824.58,243.53,249.01,0.712822,0.763501,0.126841,0.230566,0.9349
76,363.93,363.27,359.99,360.12,0.189549,0.336361,0.187496,0.333441,0.9336
76,687.17,114.74,236.86,229.47,0.357902,0.106238,0.123363,0.212476,0.9332
76,91.41,243.53,182.28,319.01,0.047611,0.225494,0.094938,0.295383,0.928
76,1356.66,152.82,270.52,268.34,0.706593,0.141501,0.140898,0.24846,0.925
76,1841.38,902.83,157.24,227.76,0.959052,0.83595,0.081896,0.210886,0.9238
76,1794.12,118.53,251.76,237.06,0.934437,0.10975,0.131125,0.219499,0.9238
76,690.76,713.14,208.44,208.36,0.35977,0.660312,0.108562,0.192926,0.9102
76,181.36,1016.6,267.81,124.61,0.09446,0.941296,0.139485,0.115379,0.8932
76,423.5,983.85,161.18,162.91,0.220574,0.910968,0.08395,0.150841,0.8888
76,608.21,1019.99,252.84,117.81,0.316777,0.944433,0.131688,0.109085,0.8823
76,378.26,640.68,143.81,142.85,0.197011,0.593225,0.074899,0.132273,0.868
76,1014.5,1025.57,61.84,62.17,0.528384,0.949605,0.032207,0.057569,0.8672
76,1048.98,978.84,196.79,198.97,0.546343,0.906334,0.102492,0.184229,0.8666
76,1217.94,516.6,66.45,67.59,0.634342,0.478337,0.03461,0.062582,0.8631
76,757.01,696.52,111.43,114.49,0.394276,0.644927,0.058036,0.106008,0.8549
76,1068.06,877.41,64.77,64.6,0.556281,0.812417,0.033732,0.059811,0.8537
76,180.81,967.48,73.92,75.34,0.094172,0.89581,0.038499,0.069761,0.8388
76,358.22,262.7,115.66,116.49,0.186572,0.243238,0.060241,0.107859,0.8253
76,1713.2,1038.53,106.06,82.93,0.89229,0.961604,0.055242,0.076792,0.7865
76,1220.14,1042.55,100.39,74.6,0.63549,0.965325,0.052286,0.069076,0.7638
77,1376.09,151.56,262.75,261.84,0.716711,0.140333,0.136847,0.242448,0.94
77,706.14,110.53,237.93,221.06,0.367781,0.102343,0.123921,0.204686,0.9377
77,99.67,224.86,199.06,315.04,0.051914,0.208204,0.103677,0.291702,0.9339
77,1377.62,824.2,239.71,243.84,0.71751,0.763151,0.124851,0.225782,0.9306
77,1578.72,484.78,372.61,370.42,0.822252,0.448874,0.194066,0.342984,0.929
77,1803.3,119.18,233.4,238.36,0.93922,0.110351,0.121561,0.220702,0.9218
77,378.84,348.14,355.19,355.28,0.197311,0.322355,0.184995,0.328963,0.9207
77,1845.37,906.82,149.27,231.92,0.961129,0.83965,0.077742,0.214744,0.919
77,189.68,1008.22,265.86,141.88,0.09879,0.933534,0.138471,0.131374,0.907
77,697.03,702.19,204.96,206.99,0.363038,0.650178,0.106751,0.191655,0.8917
77,614.31,1015.72,262.05,126.77,0.319953,0.94048,0.136485,0.11738,0.8843
77,432.83,972.23,163.47,164.06,0.225431,0.900209,0.085141,0.151905,0.8837
77,1058.45,976.55,199.62,202.48,0.551275,0.904216,0.10397,0.187477,0.8709
77,1023.06,1021.11,62.69,63.39,0.532844,0.945471,0.032651,0.058697,0.8708
77,390.45,630.77,138.95,137.08,0.203357,0.584042,0.07237,0.126922,0.8618
77,769.67,687.91,110.63,110.86,0.400872,0.636952,0.057621,0.102646,0.8606
77,1231.81,513.81,62.68,62.63,0.641568,0.47575,0.032647,0.057992,0.8304
77,1722.53,1039.3,103.46,81.4,0.897153,0.962315,0.053886,0.07537,0.8279
77,1079.23,872.79,65.1,65.46,0.5621,0.80814,0.033907,0.060611,0.8275
77,189.9,952.37,72.65,73.38,0.098904,0.881827,0.037838,0.067947,0.8113
77,778.87,484.15,68.44,70.53,0.405659,0.448286,0.035643,0.065301,0.7705
77,1076.75,699.04,65.16,63.88,0.560809,0.647261,0.033939,0.059146,0.7686
77,1229.54,1041.34,96.91,75.8,0.640387,0.9642,0.050475,0.070183,0.7676
77,376.28,251.75,110.98,113.46,0.195982,0.233099,0.057802,0.105057,0.7457
78,726.46,105.84,235.07,211.69,0.378364,0.098003,0.122431,0.196006,0.9355
78,103.24,211.16,206.48,297.84,0.053771,0.19552,0.107543,0.275776,0.933
78,1393.24,149.23,259.99,258.31,0.725646,0.138177,0.135411,0.239179,0.9303
78,1594.46,486.41,369.13,369.74,0.830447,0.450376,0.192254,0.342347,0.9289
78,1390.39,824.87,239.22,244.38,0.72416,0.763765,0.124594,0.226274,0.9263
78,1815.71,115.0,208.57,229.99,0.945684,0.106477,0.108632,0.212955,0.9218
78,395.08,342.27,342.35,348.71,0.205772,0.31692,0.178308,0.322877,0.9218
78,195.69,1002.16,268.58,154.23,0.101924,0.927928,0.139884,0.142801,0.9154
78,623.68,1009.03,267.3,140.24,0.324834,0.934284,0.139216,0.129856,0.9122
78,1849.86,911.43,140.27,227.4,0.963471,0.843914,0.073058,0.210554,0.9063
78,713.99,695.96,199.05,201.34,0.371869,0.644407,0.103669,0.18643,0.902
78,781.32,679.37,110.01,109.67,0.406937,0.629043,0.057295,0.101545,0.8834
78,441.63,958.92,162.14,162.17,0.230014,0.887889,0.084448,0.150153,0.8723
78,402.81,620.1,139.41,138.23,0.209798,0.574167,0.072611,0.127988,0.8686
78,1071.82,971.2,180.3,186.28,0.558242,0.899259,0.093905,0.172482,0.8666
78,1245.72,510.96,61.09,61.51,0.648811,0.473108,0.031816,0.056951,0.85
78,1031.68,1015.92,58.92,60.6,0.537333,0.940668,0.030687,0.056108,0.8475
78,1730.84,1042.17,105.79,75.66,0.90148,0.964973,0.055099,0.070054,0.8344
78,390.3,236.71,110.65,110.85,0.203281,0.219175,0.057628,0.102634,0.8046
78,200.74,937.28,72.6,72.2,0.104551,0.867855,0.037811,0.066854,0.7944
78,1088.13,868.69,63.37,62.95,0.566736,0.804345,0.033005,0.058287,0.7891
78,1235.07,1041.01,94.12,77.99,0.643263,0.963896,0.049021,0.072209,0.7866
79,742.58,103.57,240.54,207.13,0.386758,0.095894,0.125279,0.191788,0.9359
79,1605.14,485.08,372.12,374.06,0.836009,0.449145,0.193815,0.346355,0.935
79,113.28,197.07,226.52,303.07,0.058999,0.182475,0.117979,0.280616,0.935
79,412.17,327.15,347.54,348.47,0.214674,0.302921,0.181009,0.322654,0.928
79,1411.22,149.03,267.76,264.67,0.73501,0.13799,0.139458,0.245063,0.9247
79,209.05,996.52,262.64,165.58,0.108882,0.922703,0.136791,0.153318,0.9201
79,1400.96,823.63,232.41,237.42,0.729665,0.762617,0.121049,0.219832,0.9194
79,634.59,1004.89,256.6,148.62,0.330516,0.930457,0.133644,0.137608,0.9122
79,1823.6,117.71,192.79,235.43,0.949793,0.108994,0.100414,0.217988,0.911
79,725.42,687.87,197.35,197.77,0.377822,0.636916,0.102787,0.183116,0.8977
79,451.58,946.92,154.54,154.49,0.235196,0.876778,0.080488,0.143043,0.892
79,1856.95,916.94,126.1,216.85,0.96716,0.849021,0.065679,0.200788,0.8881
79,1076.76,971.66,190.63,187.91,0.560814,0.899686,0.099287,0.17399,0.8808
79,415.7,606.65,137.15,136.77,0.21651,0.561718,0.071431,0.126636,0.8602
79,1098.55,863.95,63.15,63.26,0.572162,0.799958,0.032889,0.058575,0.8521
79,1738.0,1042.1,103.01,75.8,0.905207,0.964907,0.053649,0.070186,0.8508
79,1260.23,509.18,61.75,62.4,0.656369,0.471463,0.032161,0.057779,0.8453
79,794.13,674.3,108.74,109.75,0.413611,0.624354,0.056636,0.101619,0.8445
79,1040.67,1011.85,62.47,62.25,0.542016,0.9369,0.032534,0.057638,0.8433
79,208.94,925.54,74.34,73.38,0.108822,0.856982,0.038717,0.06794,0.8181
79,1242.14,1039.83,95.54,80.33,0.64695,0.962809,0.049761,0.074382,0.7902
79,410.19,231.07,109.74,111.42,0.213642,0.213953,0.057159,0.103167,0.771
79,1101.4,690.47,62.6,62.83,0.573647,0.639325,0.032602,0.058174,0.7132
80,122.08,182.58,244.16,308.03,0.063584,0.169058,0.127168,0.285214,0.9396
80,1621.7,487.65,373.97,375.27,0.844634,0.451525,0.194778,0.347474,0.9374
80,426.91,313.7,357.83,360.24,0.222351,0.290462,0.186368,0.33356,0.933
80,760.99,99.1,235.53,198.19,0.396347,0.091756,0.122671,0.183512,0.9308
80,1426.48,146.51,264.52,264.74,0.742961,0.135657,0.137768,0.245129,0.9296
80,219.54,987.99,257.73,182.62,0.114345,0.914805,0.134232,0.16909,0.9238
80,1410.54,821.58,239.44,244.62,0.734655,0.760721,0.124706,0.226499,0.9206
80,641.03,1003.06,241.46,152.51,0.333869,0.928759,0.125761,0.141216,0.9119
80,742.69,679.84,204.84,197.67,0.386818,0.629478,0.10669,0.183026,0.9008
80,1830.65,119.36,178.69,238.73,0.953466,0.110523,0.093069,0.221046,0.8863
80,1861.62,920.87,116.77,218.54,0.969592,0.852653,0.060817,0.202348,0.8805
80,460.49,941.62,158.09,158.46,0.239838,0.871874,0.082339,0.146726,0.8801
80,1088.85,963.42,194.76,188.78,0.567111,0.892058,0.101435,0.174793,0.8675
80,427.89,596.73,138.0,134.13,0.22286,0.552525,0.071875,0.124196,0.8639
80,1274.42,506.51,63.98,65.02,0.663761,0.468986,0.033325,0.060206,0.8504
80,805.54,668.67,105.47,104.09,0.41955,0.619143,0.054931,0.096382,0.8448
80,1110.3,861.26,63.27,63.94,0.578279,0.797462,0.032953,0.059205,0.8261
80,1050.47,1007.49,61.26,62.84,0.54712,0.932862,0.031908,0.058189,0.8156
80,1746.5,1042.35,103.35,75.3,0.909638,0.965137,0.053828,0.069726,0.8145
80,424.39,218.87,114.65,115.06,0.221036,0.20266,0.059714,0.106537,0.7925
80,1254.36,1036.87,97.76,81.51,0.653311,0.960064,0.050919,0.075475,0.7906
80,220.17,915.07,69.23,71.54,0.114669,0.847286,0.036059,0.06624,0.754
81,1446.55,145.75,260.04,258.99,0.753413,0.134955,0.13544,0.239806,0.9339
81,1635.02,486.47,369.54,366.84,0.851572,0.450436,0.192471,0.339664,0.9306
81,774.07,94.78,231.38,189.56,0.403162,0.08776,0.120512,0.175519,0.9293
81,224.12,983.95,256.13,190.32,0.116727,0.911062,0.133399,0.176226,0.9286
81,1424.41,820.54,237.5,245.3,0.741878,0.759759,0.123698,0.227134,0.9266
81,440.01,307.59,354.18,353.66,0.229173,0.284803,0.184467,0.327464,0.9252
81,133.42,175.53,265.65,308.54,0.06949,0.162531,0.138361,0.285684,0.9249
81,653.72,999.68,248.95,158.91,0.34048,0.925633,0.129663,0.147137,0.9026
81,752.16,673.89,196.61,197.17,0.391747,0.623974,0.102401,0.182564,0.8873
81,1846.22,115.67,147.56,231.33,0.961573,0.107098,0.076855,0.214196,0.8803
81,471.03,931.23,157.97,158.1,0.245328,0.862249,0.082274,0.146389,0.8801
81,441.79,589.48,137.92,137.9,0.230101,0.545813,0.071833,0.127686,0.8606
81,1096.14,960.54,187.94,188.91,0.570908,0.889386,0.097883,0.174918,0.856
81,1866.56,923.05,106.89,219.68,0.972165,0.854674,0.05567,0.203412,0.8512
81,1758.87,1044.25,101.44,71.5,0.916076,0.966899,0.052831,0.066203,0.8315
81,1288.02,504.24,63.29,64.62,0.670844,0.466889,0.032964,0.059835,0.8305
81,230.85,904.38,67.62,71.32,0.120234,0.837388,0.035219,0.066035,0.8121
81,1121.9,857.97,63.64,64.07,0.584324,0.794414,0.033148,0.059327,0.8106
81,817.55,659.17,111.42,114.9,0.425805,0.610341,0.058032,0.106387,0.7805
81,439.97,208.67,108.04,109.83,0.229151,0.193217,0.056273,0.101696,0.7576
81,836.88,457.19,65.77,67.08,0.435878,0.423326,0.034258,0.062114,0.7407
81,1126.28,683.53,62.58,62.23,0.586604,0.6329,0.032596,0.057623,0.7369
81,1264.34,1035.08,94.28,82.15,0.658508,0.958411,0.049102,0.076069,0.7217
81,480.0,1062.15,70.08,35.69,0.249999,0.983475,0.0365,0.033051,0.7167
82,236.37,979.65,253.29,199.6,0.123111,0.907079,0.131923,0.184813,0.9302
82,1462.4,145.21,262.89,261.31,0.761669,0.134453,0.136921,0.241952,0.9286
82,1649.77,487.25,365.49,363.35,0.859257,0.451161,0.19036,0.336434,0.9269
82,1437.07,820.54,233.2,239.53,0.748474,0.759757,0.121456,0.221786,0.9268
82,137.65,160.12,272.79,291.77,0.071695,0.148263,0.142077,0.270154,0.9265
82,792.46,91.35,237.13,182.7,0.412742,0.084585,0.123506,0.16917,0.923
82,454.09,303.87,338.86,345.03,0.236506,0.281365,0.176487,0.319468,0.9229
82,663.75,994.8,252.89,168.46,0.345703,0.921107,0.131715,0.155977,0.8989
82,764.87,671.21,203.67,199.38,0.398368,0.621494,0.106078,0.184612,0.8974
82,456.07,582.19,133.86,135.34,0.237535,0.539065,0.069716,0.125319,0.8866
82,480.61,922.9,154.55,154.47,0.250318,0.854538,0.080493,0.143024,0.8847
82,1105.7,958.04,191.21,192.21,0.575884,0.887077,0.099587,0.177975,0.8811
82,830.4,656.21,107.5,109.99,0.4325,0.607599,0.055992,0.101845,0.8715
82,1070.62,999.89,58.55,59.23,0.557613,0.925827,0.030492,0.05484,0.8605
82,1852.06,125.07,135.89,250.14,0.964613,0.115805,0.070774,0.231611,0.8588
82,1303.3,502.36,61.98,63.68,0.678802,0.465152,0.032282,0.058962,0.8462
82,239.25,894.2,76.02,74.15,0.124612,0.82796,0.039596,0.068659,0.8335
82,456.32,201.5,112.41,109.19,0.237666,0.186572,0.058545,0.101103,0.8175
82,1872.52,933.41,94.96,222.45,0.975271,0.86427,0.049458,0.205976,0.8092
82,1767.94,1044.18,104.45,71.63,0.920803,0.966836,0.054403,0.066329,0.7927
82,1181.18,1050.17,120.42,59.66,0.615198,0.97238,0.062721,0.05524,0.7888
82,491.67,1057.51,71.95,44.98,0.25608,0.979176,0.037474,0.041647,0.7873
82,1133.16,855.4,61.48,61.84,0.59019,0.792034,0.032021,0.057261,0.7695
82,1272.39,1035.31,90.04,84.61,0.662702,0.958618,0.046897,0.078343,0.7342
83,1665.21,487.48,356.79,359.61,0.867297,0.451374,0.185828,0.332968,0.9344
83,1450.27,818.32,231.78,238.48,0.755349,0.757706,0.120717,0.220817,0.9292
83,470.7,292.65,343.39,348.08,0.245157,0.270973,0.178848,0.322301,0.9282
83,808.19,90.19,237.04,180.38,0.420934,0.083509,0.12346,0.167018,0.9271
83,147.55,152.61,292.16,294.51,0.076849,0.141304,0.152164,0.272695,0.9269
83,1478.36,143.17,260.26,259.33,0.769982,0.132568,0.135552,0.240125,0.9264
83,251.02,976.21,258.72,205.71,0.13074,0.903899,0.13475,0.190472,0.9263
83,775.2,664.98,200.15,199.6,0.403751,0.615723,0.104245,0.184819,0.9108
83,673.57,990.37,248.55,177.17,0.350819,0.917011,0.129453,0.164044,0.9003
83,492.78,916.63,160.31,159.64,0.256658,0.848735,0.083496,0.147815,0.8874
83,1118.12,955.35,192.25,191.92,0.582352,0.884588,0.100131,0.1777,0.8836
83,468.73,574.05,136.55,134.99,0.244131,0.531527,0.071121,0.124988,0.8644
83,1317.46,499.66,62.1,62.98,0.686177,0.462647,0.032345,0.058316,0.8593
83,843.68,650.83,107.24,106.77,0.439418,0.602623,0.055857,0.098861,0.8589
83,1144.26,851.04,62.46,62.7,0.595968,0.788001,0.032531,0.058054,0.8553
83,1082.57,996.92,61.54,62.45,0.563836,0.923077,0.032053,0.057828,0.8519
83,472.51,193.81,109.22,109.17,0.246099,0.17945,0.056885,0.101087,0.8171
83,1152.49,676.91,61.69,60.88,0.600255,0.626765,0.032132,0.056367,0.8135
83,1776.33,1043.28,111.89,73.44,0.92517,0.965998,0.058274,0.068004,0.8094
83,501.35,1053.06,68.02,53.88,0.261122,0.975053,0.035425,0.049893,0.8067
83,1862.04,120.77,115.91,241.55,0.969814,0.111828,0.060372,0.223656,0.8064
83,254.2,886.85,70.51,71.21,0.132396,0.821159,0.036724,0.065936,0.8028
83,1878.73,935.94,82.54,219.85,0.978505,0.866616,0.042989,0.203568,0.7883
83,1284.86,1033.93,90.1,81.06,0.669197,0.957343,0.046929,0.075058,0.7875
83,1192.08,1050.09,110.67,59.82,0.620878,0.972304,0.057639,0.055392,0.7484
83,864.39,447.09,65.62,66.09,0.450202,0.413972,0.034177,0.061196,0.7014
84,1679.83,489.15,359.66,363.38,0.874909,0.452913,0.187321,0.336462,0.9359
84,1495.86,143.3,261.08,260.22,0.779092,0.132684,0.135978,0.240942,0.9349
84,261.15,973.24,261.74,211.59,0.136013,0.901145,0.136322,0.195915,0.9298
84,158.75,149.2,296.62,294.43,0.082682,0.138152,0.15449,0.272616,0.928
84,825.75,86.92,227.5,173.84,0.430079,0.08048,0.118491,0.16096,0.9244
84,484.13,287.8,344.48,344.05,0.252149,0.266478,0.179416,0.318566,0.9238
84,683.42,990.08,239.87,178.82,0.355949,0.916743,0.124933,0.165574,0.9206
84,1460.83,817.36,234.13,235.56,0.760848,0.756812,0.121943,0.21811,0.9196
84,1131.42,949.99,190.61,190.0,0.589281,0.879625,0.099274,0.175928,0.8909
84,786.57,660.99,190.18,193.53,0.409673,0.612025,0.099054,0.179192,0.8885
84,505.42,912.43,156.43,158.03,0.26324,0.844843,0.081473,0.146328,0.888
84,481.88,566.7,135.11,134.18,0.25098,0.524725,0.070371,0.124244,0.8698
84,1330.96,497.51,63.02,62.32,0.693206,0.460659,0.032825,0.057707,0.8623
84,858.58,647.01,106.08,105.8,0.447179,0.599084,0.055252,0.097961,0.8594
84,1157.56,847.98,64.76,63.99,0.602894,0.785164,0.033732,0.059248,0.8507
84,1791.41,1045.71,104.12,68.58,0.933025,0.968249,0.05423,0.063501,0.8374
84,265.54,877.71,70.68,72.57,0.1383,0.81269,0.036812,0.067192,0.8157
84,514.69,1050.82,68.56,58.36,0.268069,0.97298,0.035706,0.05404,0.809
84,487.47,187.81,109.87,110.17,0.253889,0.173895,0.057222,0.102011,0.8055
84,1297.55,1032.15,94.34,90.22,0.675807,0.955692,0.049134,0.083535,0.8015
84,1094.48,992.83,59.28,60.47,0.570039,0.919292,0.030875,0.055987,0.7969
84,1204.76,1048.04,129.13,63.91,0.62748,0.97041,0.067258,0.05918,0.7705
84,1872.79,113.2,94.41,226.4,0.975414,0.104813,0.049172,0.209626,0.7674
84,1886.86,940.21,66.29,222.46,0.982737,0.870565,0.034526,0.205981,0.7526
84,879.04,441.61,65.28,65.34,0.457835,0.408895,0.033998,0.060497,0.7321
85,174.57,143.22,288.02,284.7,0.090923,0.132616,0.150011,0.263615,0.9389
85,269.0,970.66,254.18,216.59,0.140106,0.898761,0.132386,0.200542,0.934
85,1509.8,140.84,262.5,263.65,0.786355,0.13041,0.136721,0.24412,0.9339
85,1693.41,486.31,361.13,357.22,0.881982,0.450287,0.18809,0.330763,0.9277
85,1473.3,813.79,234.04,238.35,0.767345,0.753513,0.121895,0.220693,0.9255
85,695.38,985.94,242.62,186.19,0.362179,0.912911,0.126364,0.172398,0.9234
85,502.73,280.98,348.26,350.17,0.261839,0.260165,0.181384,0.324231,0.9195
85,842.64,85.34,233.75,170.68,0.438874,0.079021,0.121745,0.158042,0.9152
85,804.2,655.98,199.01,190.1,0.418855,0.607385,0.103653,0.176023,0.8871
85,516.95,904.67,155.81,156.02,0.269244,0.837653,0.08115,0.144462,0.8837
85,1143.88,947.77,190.71,191.01,0.595771,0.877566,0.099329,0.176865,0.8751
85,871.69,644.99,105.67,106.37,0.454005,0.597212,0.055037,0.098488,0.8693
85,495.1,562.26,137.46,136.32,0.257863,0.52061,0.071594,0.126224,0.8667
85,1170.71,845.02,63.95,64.2,0.609745,0.782426,0.033308,0.059447,0.8513
85,1345.47,496.16,64.82,64.81,0.700766,0.459403,0.033763,0.060006,0.8466
85,278.53,873.08,68.68,70.09,0.14507,0.808407,0.035773,0.064899,0.8325
85,1802.75,1044.39,108.55,71.23,0.938932,0.967023,0.056538,0.065953,0.8241
85,526.82,1048.43,69.25,63.15,0.274387,0.970765,0.036067,0.05847,0.8093
85,1214.69,1047.05,120.43,65.91,0.632654,0.969487,0.062726,0.061027,0.8022
85,1309.57,1030.13,95.79,88.35,0.68207,0.953828,0.049891,0.081806,0.7812
85,503.38,180.7,110.3,109.91,0.262177,0.167317,0.05745,0.101765,0.7644
85,1885.63,115.83,68.74,231.65,0.9821,0.107246,0.0358,0.214492,0.7395
86,192.14,140.11,288.53,278.29,0.100072,0.129735,0.150277,0.257672,0.9351
86,283.65,965.61,260.74,227.11,0.147734,0.894079,0.135801,0.210283,0.933
86,1486.22,813.03,234.71,238.25,0.774071,0.752808,0.122242,0.220605,0.9322
86,708.53,983.07,242.27,192.54,0.369026,0.910247,0.126181,0.178276,0.9303
86,1524.3,141.44,264.97,261.23,0.793908,0.130966,0.138006,0.241879,0.9285
86,1708.75,486.41,363.28,362.68,0.889976,0.450375,0.18921,0.335811,0.9274
86,513.6,280.56,341.79,343.09,0.267502,0.25978,0.178014,0.31768,0.9215
86,854.95,84.16,237.06,168.32,0.445285,0.077925,0.12347,0.155851,0.909
86,1159.01,945.93,182.75,190.74,0.60365,0.875858,0.095181,0.176609,0.8909
86,817.95,651.57,191.52,192.95,0.426015,0.603302,0.099751,0.17866,0.881
86,530.68,903.04,162.27,160.62,0.276394,0.836146,0.084513,0.148723,0.8758
86,509.51,557.79,138.29,137.75,0.265371,0.516472,0.072024,0.127547,0.8501
86,1360.57,494.35,64.57,63.31,0.708631,0.457728,0.03363,0.058624,0.8359
86,1184.63,843.68,62.75,63.26,0.616993,0.781181,0.032681,0.058576,0.8353
86,515.27,176.71,110.29,109.2,0.268372,0.16362,0.057442,0.101108,0.8291
86,538.33,1047.02,65.86,65.96,0.280382,0.969463,0.034303,0.061075,0.8277
86,1227.28,1045.26,119.85,69.48,0.639209,0.967835,0.062422,0.06433,0.8265
86,1322.84,1030.51,97.23,93.61,0.688979,0.954177,0.050642,0.086675,0.8222
86,1814.67,1044.43,103.68,71.15,0.94514,0.967062,0.053999,0.065877,0.8194
86,290.97,867.82,70.66,69.6,0.151548,0.803535,0.036801,0.064443,0.8141
86,885.4,640.19,107.4,105.24,0.461145,0.592771,0.055939,0.097443,0.8107
87,206.68,139.03,293.18,277.52,0.107647,0.128729,0.152699,0.256965,0.9329
87,1720.39,482.82,364.44,367.58,0.896035,0.447058,0.189815,0.340348,0.9328
87,296.85,966.38,261.24,225.49,0.154611,0.894797,0.13606,0.208787,0.9314
87,1539.28,136.77,266.68,266.88,0.801709,0.126638,0.138898,0.247108,0.9299
87,722.31,982.42,250.54,193.4,0.376203,0.909651,0.130489,0.179075,0.9295
87,1499.6,811.77,233.91,237.83,0.781043,0.751642,0.12183,0.220214,0.9284
87,526.06,274.73,343.81,345.0,0.27399,0.254379,0.17907,0.319442,0.9275
87,868.47,81.73,229.42,163.46,0.452328,0.075676,0.119487,0.151352,0.9172
87,829.68,647.9,196.54,195.73,0.432126,0.599906,0.102363,0.181234,0.9075
87,1172.62,942.65,193.81,190.91,0.610738,0.872822,0.100944,0.176764,0.8961
87,541.64,896.83,154.72,153.92,0.282105,0.830399,0.080586,0.142516,0.8754
87,523.24,553.67,137.74,136.64,0.272521,0.51266,0.071739,0.126518,0.8696
87,897.58,638.0,109.37,106.84,0.467491,0.590743,0.056965,0.09893,0.854
87,551.84,1043.35,67.91,71.3,0.287415,0.966067,0.035368,0.06602,0.8524
87,1373.02,491.61,62.08,62.43,0.715116,0.455195,0.032332,0.057807,0.8457
87,1198.65,840.94,63.52,63.92,0.624297,0.778644,0.033083,0.059182,0.8212
87,531.27,173.6,110.17,112.12,0.276702,0.16074,0.057379,0.103817,0.8211
87,1336.02,1027.6,93.3,93.13,0.695843,0.951477,0.048596,0.086234,0.7994
87,1241.19,1043.48,126.04,73.04,0.646454,0.966185,0.065646,0.067629,0.793
87,1827.93,1043.75,103.18,72.5,0.952044,0.966435,0.053742,0.06713,0.7884
87,303.37,862.05,71.44,71.61,0.158006,0.79819,0.037209,0.066308,0.7745
88,1732.56,484.34,359.83,367.19,0.902373,0.448464,0.187414,0.339994,0.9412
88,219.76,136.95,296.1,272.84,0.114459,0.126806,0.154218,0.252632,0.9365
88,542.57,268.94,351.78,351.17,0.282587,0.249021,0.183217,0.325162,0.9328
88,1516.14,810.06,237.66,240.32,0.789656,0.750059,0.12378,0.222521,0.9301
88,1554.35,136.48,261.94,258.88,0.809556,0.12637,0.136427,0.239701,0.9294
88,738.88,982.15,243.24,193.57,0.384833,0.909396,0.126688,0.179228,0.9273
88,309.1,962.51,260.6,233.94,0.160989,0.89121,0.13573,0.216611,0.9255
88,885.26,80.6,229.72,161.21,0.461072,0.074633,0.119644,0.149266,0.9219
88,840.89,642.54,189.05,193.93,0.437965,0.594943,0.098463,0.179565,0.8855
88,1185.49,939.5,189.17,187.59,0.617442,0.86991,0.098524,0.173697,0.8797
88,557.39,894.64,158.47,157.82,0.290309,0.828369,0.082535,0.146133,0.875
88,1387.68,488.61,61.57,61.58,0.722751,0.452418,0.032069,0.057015,0.8562
88,535.64,549.65,136.54,138.02,0.278978,0.508933,0.071114,0.1278,0.8557
88,1144.38,982.41,58.18,58.73,0.596032,0.909637,0.030302,0.054376,0.8441
88,564.82,1040.83,67.77,67.2,0.294176,0.963729,0.035295,0.062221,0.8415
88,315.79,859.03,72.92,73.06,0.164476,0.795395,0.03798,0.067646,0.8335
88,1841.28,1041.75,102.29,76.5,0.959001,0.964583,0.053276,0.070835,0.8123
88,911.22,633.31,111.8,111.43,0.474593,0.586401,0.058231,0.103177,0.7947
88,545.09,170.43,112.6,110.35,0.283903,0.157805,0.058644,0.10218,0.7946
88,1212.29,837.6,63.12,62.67,0.631399,0.775559,0.032875,0.058026,0.7774
88,1348.43,1026.75,96.14,94.97,0.702307,0.950696,0.050071,0.087933,0.764
88,1252.56,1043.05,122.76,73.9,0.652376,0.965787,0.063938,0.068427,0.7555
88,935.98,430.05,61.35,62.82,0.487488,0.398195,0.031955,0.058162,0.7185
89,231.89,136.15,290.71,271.85,0.120775,0.126065,0.15141,0.251714,0.9402
89,751.53,980.16,240.35,197.65,0.39142,0.907555,0.125184,0.183012,0.9324
89,1567.75,131.65,261.36,259.65,0.816535,0.1219,0.136125,0.240416,0.9317
89,1741.48,481.17,350.43,361.46,0.907022,0.445526,0.182516,0.334686,0.9298
89,556.37,267.11,346.09,345.13,0.289777,0.247321,0.180256,0.319569,0.9269
89,321.07,959.06,268.08,241.01,0.167225,0.888023,0.139624,0.223162,0.9258
89,1528.37,808.54,236.88,240.18,0.796028,0.748645,0.123376,0.222388,0.9223
89,896.2,81.0,241.41,161.99,0.466769,0.074996,0.125735,0.149993,0.9208
89,856.82,639.7,200.38,196.64,0.446258,0.592314,0.104362,0.18207,0.8976
89,572.4,889.48,154.27,153.78,0.298123,0.823589,0.080348,0.142386,0.8807
89,1199.16,938.36,185.25,186.31,0.624561,0.868855,0.096484,0.172507,0.8639
89,550.89,546.77,140.49,137.36,0.286923,0.506265,0.073173,0.127182,0.8603
89,1401.29,485.72,61.99,62.99,0.729841,0.449736,0.032284,0.058323,0.8559
89,1854.87,1041.27,105.06,77.46,0.966078,0.964139,0.054721,0.071722,0.8436
89,1159.07,979.34,61.62,61.56,0.603684,0.906793,0.032094,0.057003,0.8391
89,579.67,1038.13,69.96,70.97,0.30191,0.961229,0.036436,0.065712,0.8374
89,923.79,629.5,110.12,109.74,0.481138,0.582871,0.057354,0.101613,0.8328
89,330.54,857.37,71.91,71.84,0.172156,0.793863,0.037451,0.066519,0.8118
89,560.92,169.87,108.59,109.74,0.292146,0.157286,0.056559,0.101615,0.8116
89,1225.95,834.16,62.94,62.44,0.638515,0.77237,0.032784,0.057819,0.81
89,1268.69,1040.28,123.34,79.43,0.660774,0.963226,0.064239,0.073549,0.7906
89,45.72,590.9,91.35,343.49,0.023813,0.547126,0.047578,0.318042,0.7467
89,1362.12,1020.84,94.17,88.52,0.709437,0.945224,0.049047,0.081958,0.7153
90,763.05,979.94,241.77,198.59,0.397423,0.907353,0.125921,0.183884,0.9369
90,244.11,135.4,293.72,270.79,0.127139,0.125366,0.152978,0.250732,0.9342
90,338.3,960.97,261.63,237.77,0.176198,0.889791,0.136264,0.220156,0.9314
90,1581.53,129.24,258.45,251.92,0.823713,0.119663,0.134608,0.233257,0.9296
90,1540.16,805.7,232.59,236.22,0.802166,0.746018,0.121143,0.218724,0.9248
90,1749.18,477.15,341.65,360.85,0.911029,0.441808,0.177941,0.334118,0.9243
90,568.42,264.47,341.66,345.79,0.296051,0.244878,0.177951,0.320178,0.918
90,910.32,76.87,231.57,153.74,0.474126,0.071178,0.120609,0.142356,0.9097
90,585.74,889.33,158.81,156.93,0.305073,0.823458,0.082715,0.145308,0.8807
90,564.01,544.59,135.35,135.01,0.293754,0.504252,0.070496,0.12501,0.872
90,871.86,637.23,194.41,194.36,0.454093,0.590025,0.101257,0.17996,0.8664
90,1211.33,935.51,192.85,192.65,0.630899,0.866209,0.100442,0.178378,0.8601
90,1173.52,976.84,60.77,60.6,0.611206,0.904478,0.031652,0.056107,0.8542
90,1415.79,482.56,61.03,62.43,0.737391,0.446811,0.031786,0.057807,0.8488
90,936.42,624.35,110.81,118.42,0.487718,0.578101,0.057714,0.109646,0.8459
90,593.45,1037.33,68.41,70.33,0.309087,0.960489,0.035633,0.065117,0.8365
90,1866.48,1039.75,105.48,80.49,0.972126,0.962735,0.054937,0.07453,0.8154
90,345.61,856.05,68.55,70.03,0.180003,0.792643,0.035701,0.064844,0.8127
90,571.37,166.14,108.81,109.49,0.29759,0.153832,0.056672,0.101377,0.8061
90,962.1,423.43,66.74,69.76,0.501094,0.392064,0.03476,0.064591,0.8017
90,1240.47,831.92,63.57,63.9,0.646078,0.770298,0.033108,0.059165,0.7827
90,49.96,585.94,99.84,341.68,0.026019,0.542536,0.051999,0.316375,0.7761
90,1281.64,1040.71,124.98,78.58,0.667521,0.963622,0.065094,0.072756,0.7665
90,1573.1,1062.81,67.62,34.39,0.81932,0.984079,0.035219,0.031841,0.7325
91,1755.72,473.16,328.56,362.47,0.914438,0.43811,0.171124,0.335621,0.937
91,1594.49,128.42,263.9,254.74,0.830462,0.118905,0.137447,0.235869,0.9359
91,351.88,959.66,263.3,239.05,0.183269,0.888571,0.137135,0.221346,0.9322
91,256.91,136.09,297.22,271.92,0.133809,0.126008,0.154803,0.251775,0.9315
91,779.91,978.56,247.22,201.18,0.406201,0.906071,0.128761,0.186281,0.9312
91,580.7,260.86,336.48,340.62,0.302446,0.241539,0.175251,0.315387,0.9232
91,1559.21,801.36,236.89,239.64,0.812086,0.742003,0.123379,0.221892,0.921
91,921.77,75.7,233.21,151.41,0.480087,0.070096,0.121462,0.140192,0.9119
91,598.34,888.41,155.76,156.45,0.311634,0.822604,0.081122,0.144865,0.8831
91,1429.0,479.33,61.78,64.05,0.744273,0.443824,0.032177,0.059309,0.8774
91,951.92,625.03,109.1,109.86,0.495793,0.57873,0.056825,0.101725,0.8749
91,576.28,542.92,136.12,133.27,0.300146,0.5027,0.070897,0.123402,0.8738
91,887.48,636.85,197.63,197.43,0.462229,0.589675,0.102933,0.182802,0.8735
91,1226.81,933.36,188.98,183.59,0.638961,0.864224,0.098425,0.169993,0.866
91,1188.52,973.93,59.56,59.44,0.619018,0.901785,0.031021,0.055033,0.8579
91,57.36,572.31,114.72,317.62,0.029875,0.52992,0.059749,0.294093,0.846
91,608.61,1036.23,69.02,70.46,0.316983,0.959468,0.035946,0.065241,0.8455
91,1255.49,828.03,62.05,62.4,0.653902,0.76669,0.032318,0.057782,0.8111
91,1875.64,1038.34,86.69,83.32,0.976896,0.961425,0.045149,0.07715,0.7806
91,1298.67,1040.56,116.56,78.88,0.676389,0.963481,0.060708,0.073038,0.7731
91,358.88,854.88,68.98,67.79,0.186918,0.791555,0.035926,0.062772,0.766
91,976.27,421.25,66.28,68.95,0.508474,0.390046,0.034522,0.063842,0.7645
91,1392.38,1017.44,95.72,94.14,0.725198,0.942074,0.049853,0.087162,0.76
91,586.24,163.5,106.24,109.26,0.305331,0.151386,0.055333,0.101167,0.7405
91,1587.36,1060.77,74.0,38.46,0.826748,0.982194,0.038542,0.035611,0.7397
92,1605.61,124.43,261.2,248.85,0.836257,0.115209,0.136043,0.230418,0.9374
92,268.29,135.2,299.12,270.29,0.139735,0.125182,0.15579,0.250269,0.9317
92,1763.57,464.85,312.44,359.53,0.918526,0.430418,0.162731,0.332898,0.9308
92,369.41,960.66,259.79,238.23,0.192399,0.889504,0.135308,0.220582,0.9288
92,794.17,977.21,245.84,203.49,0.413628,0.904821,0.128043,0.188415,0.9281
92,595.31,257.18,351.8,354.45,0.310059,0.238125,0.183232,0.328198,0.9241
92,1571.49,797.91,234.14,236.19,0.818486,0.738808,0.121948,0.218694,0.9241
92,936.6,74.83,234.87,149.65,0.487811,0.069285,0.122327,0.138569,0.9119
92,901.49,634.53,193.26,197.15,0.469527,0.587527,0.100654,0.182547,0.8811
92,614.2,886.61,159.24,159.28,0.319896,0.820939,0.082939,0.147479,0.8758
92,65.44,572.97,130.56,328.15,0.034082,0.530525,0.067998,0.303844,0.8746
92,965.6,622.35,108.06,108.57,0.502919,0.576253,0.056282,0.100524,0.8699
92,1242.55,929.92,192.24,193.23,0.647159,0.861038,0.100127,0.178915,0.8651
92,591.07,541.48,135.51,133.52,0.307847,0.501373,0.070577,0.123634,0.8615
92,624.32,1034.63,67.96,69.28,0.325166,0.95799,0.035397,0.064145,0.8556
92,1202.64,970.98,58.24,58.94,0.626374,0.899058,0.030333,0.054576,0.8536
92,1443.19,474.76,60.91,61.38,0.751664,0.439589,0.031725,0.056835,0.8491
92,374.15,855.44,67.23,67.94,0.194869,0.792073,0.035013,0.062905,0.807
92,1269.71,826.12,65.13,64.58,0.661309,0.76493,0.033924,0.059797,0.7957
92,1886.18,1036.38,66.74,85.97,0.982384,0.959613,0.034758,0.079597,0.7937
92,1316.84,1037.66,135.69,84.68,0.685856,0.960797,0.070673,0.078406,0.7771
92,596.99,163.09,111.06,111.88,0.310931,0.15101,0.057842,0.103592,0.762
92,1605.49,1058.85,74.58,42.3,0.836195,0.980419,0.038844,0.039163,0.744
92,1407.64,1017.84,101.61,100.89,0.733148,0.942448,0.052923,0.093416,0.7419
92,1477.92,1064.88,76.17,29.26,0.769749,0.986004,0.039671,0.027089,0.734
93,279.84,135.51,294.71,270.21,0.14575,0.125469,0.153495,0.250196,0.9357
93,1617.21,122.66,262.87,245.28,0.842296,0.113573,0.13691,0.22711,0.9355
93,812.5,976.55,241.76,204.77,0.423179,0.904216,0.125915,0.189601,0.9334
93,609.04,259.67,352.48,353.19,0.317209,0.240433,0.183583,0.32703,0.9283
93,380.47,959.99,263.56,239.32,0.198162,0.888878,0.137271,0.221592,0.928
93,1769.58,458.07,299.61,360.12,0.921655,0.424136,0.156046,0.333445,0.9266
93,948.63,75.76,243.41,151.52,0.494078,0.070149,0.126775,0.140298,0.925
93,1586.87,791.42,230.37,232.8,0.826494,0.732797,0.119987,0.215552,0.9084
93,912.33,631.89,197.66,197.47,0.475172,0.58508,0.10295,0.182846,0.9019
93,71.53,579.56,142.15,313.4,0.037258,0.536634,0.074035,0.290183,0.8987
93,630.31,886.29,154.4,155.35,0.328285,0.820638,0.080417,0.143844,0.8907
93,1254.44,924.67,194.59,192.73,0.653354,0.856174,0.10135,0.178452,0.8771
93,603.78,540.58,136.6,132.23,0.314468,0.500533,0.071147,0.122431,0.8628
93,980.58,620.32,109.58,107.57,0.51072,0.574374,0.057072,0.099601,0.8587
93,1219.06,967.64,60.98,60.59,0.634929,0.895963,0.03176,0.056098,0.8563
93,1456.48,470.93,63.62,64.81,0.758584,0.436047,0.033135,0.060014,0.8483
93,640.03,1032.87,65.19,67.02,0.333352,0.956357,0.033955,0.062052,0.822
93,1329.82,1035.81,121.88,88.38,0.692616,0.959085,0.063477,0.081831,0.8214
93,1620.19,1056.62,72.98,46.75,0.84385,0.978354,0.03801,0.043292,0.8055
93,1283.97,822.03,61.98,62.09,0.668735,0.761136,0.032281,0.057487,0.7891
93,388.93,854.93,67.11,67.3,0.202567,0.791599,0.034953,0.062317,0.7845
93,1420.27,1007.45,92.9,94.81,0.739722,0.932827,0.048387,0.087791,0.76
93,607.45,162.84,109.23,110.17,0.31638,0.150781,0.05689,0.102006,0.7481
93,1403.44,1051.6,107.49,56.53,0.730958,0.973701,0.055982,0.052341,0.7259
93,1290.8,646.98,65.44,63.83,0.672291,0.599055,0.034083,0.059101,0.7112
93,1493.73,1063.58,83.41,32.16,0.777984,0.984794,0.043441,0.02978,0.7086
94,1629.71,121.79,263.32,243.42,0.848808,0.11277,0.137146,0.225393,0.939
94,827.39,976.37,240.29,205.86,0.430932,0.904044,0.125152,0.190615,0.9367
94,293.47,135.51,290.96,270.69,0.15285,0.125472,0.151542,0.250643,0.9363
94,398.82,960.22,260.76,239.07,0.207718,0.889092,0.135813,0.221362,0.9302
94,1775.5,452.07,287.6,359.04,0.92474,0.418583,0.149789,0.332444,0.9262
94,1598.59,785.22,237.38,241.37,0.832601,0.727058,0.123635,0.22349,0.9258
94,958.4,74.71,241.8,149.43,0.499165,0.06918,0.125935,0.13836,0.9197
94,622.17,263.13,343.29,343.04,0.324049,0.243639,0.178796,0.317631,0.9196
94,929.28,631.97,201.65,198.85,0.484002,0.585156,0.105028,0.184117,0.9079
94,75.59,582.11,150.16,317.72,0.03937,0.538989,0.07821,0.294181,0.9006
94,1275.42,920.63,193.99,196.09,0.664283,0.852433,0.101038,0.18156,0.8913
94,645.46,886.11,159.64,158.75,0.336178,0.820474,0.083147,0.146987,0.8821
94,1234.28,964.71,61.03,61.96,0.642856,0.893248,0.031788,0.057371,0.8638
94,619.55,541.32,135.21,133.81,0.322682,0.501225,0.070421,0.123894,0.8591
94,994.39,618.93,110.96,111.69,0.51791,0.573086,0.05779,0.103416,0.8553
94,1469.16,466.7,61.44,61.38,0.765189,0.432127,0.032002,0.056837,0.8387
94,656.43,1032.78,63.95,66.21,0.341889,0.956275,0.033305,0.061304,0.8191
94,1439.69,1004.79,101.46,99.68,0.74984,0.930363,0.052843,0.092299,0.8099
94,403.4,855.59,70.8,71.0,0.210102,0.792211,0.036877,0.065744,0.8061
94,1300.93,817.79,65.04,65.88,0.677567,0.757216,0.033875,0.061,0.8043
94,620.99,161.85,111.91,112.4,0.323432,0.149857,0.058289,0.104077,0.8031
94,1636.39,1053.08,76.52,53.84,0.852288,0.975076,0.039855,0.049848,0.7575
94,1507.9,1059.36,94.77,41.27,0.785366,0.980892,0.049359,0.038216,0.7381
94,1352.11,1032.31,136.65,95.38,0.704222,0.955844,0.07117,0.088312,0.7357
94,1306.21,644.41,63.91,63.56,0.680318,0.596676,0.033285,0.058848,0.7068
95,1641.33,118.04,264.22,236.08,0.85486,0.109298,0.137615,0.218596,0.9356
95,845.22,974.92,245.7,208.19,0.440217,0.902704,0.127968,0.192773,0.9338
95,302.4,137.1,299.36,274.19,0.157499,0.126941,0.155916,0.253882,0.9322
95,413.48,962.27,261.85,233.81,0.215353,0.89099,0.136378,0.216491,0.9297
95,1782.32,446.6,273.3,356.86,0.928294,0.413517,0.142342,0.330427,0.9292
95,84.32,585.15,168.01,307.71,0.043917,0.541803,0.087507,0.284915,0.9217
95,1616.39,780.77,235.87,239.3,0.841867,0.722933,0.122849,0.221578,0.9217
95,631.7,259.59,343.53,349.58,0.32901,0.240358,0.178921,0.323684,0.9184
95,970.3,72.01,234.8,144.03,0.505367,0.06668,0.122293,0.13336,0.9069
95,1291.77,918.67,200.71,197.51,0.672795,0.850623,0.104535,0.182875,0.9015
95,941.42,629.01,198.24,197.85,0.490325,0.58242,0.103249,0.183197,0.8988
95,661.9,885.11,156.61,155.39,0.344741,0.819549,0.081569,0.143883,0.8907
95,1009.42,617.0,110.66,107.37,0.525741,0.571293,0.057633,0.099412,0.858
95,632.09,543.6,132.98,133.83,0.329212,0.503333,0.069263,0.123917,0.8534
95,1250.74,961.19,59.71,60.26,0.651427,0.889991,0.031098,0.055795,0.8359
95,1483.15,460.6,62.82,62.93,0.772474,0.426477,0.032716,0.058265,0.829
95,1654.85,1049.75,73.79,60.49,0.861903,0.971995,0.038433,0.05601,0.8266
95,1358.97,1031.47,119.35,97.07,0.707797,0.955061,0.062163,0.089879,0.8245
95,672.57,1032.25,66.33,67.26,0.350298,0.955784,0.034547,0.062277,0.823
95,1317.5,814.52,63.21,64.03,0.686197,0.75419,0.032924,0.059285,0.8197
95,419.14,857.42,69.71,69.91,0.218301,0.793909,0.036307,0.064734,0.8124
95,1430.72,1044.96,121.4,70.08,0.745168,0.967554,0.063231,0.064892,0.8002
95,36.58,981.86,72.09,195.19,0.019053,0.909128,0.037547,0.180731,0.7852
95,1456.85,997.76,92.42,92.65,0.758776,0.923848,0.048133,0.085787,0.7747
95,1525.6,1056.99,98.02,46.01,0.794582,0.978697,0.05105,0.042605,0.7717
95,632.07,163.26,112.07,111.07,0.329201,0.151163,0.05837,0.102841,0.7668
95,1320.36,639.14,64.48,62.87,0.687687,0.591796,0.033581,0.058213,0.7281
96,314.25,138.4,295.69,276.8,0.163672,0.128147,0.154004,0.256293,0.9323
96,1789.81,436.53,259.44,350.24,0.932192,0.40419,0.135127,0.324292,0.9322
96,861.15,975.78,239.27,206.1,0.448517,0.903503,0.124619,0.190829,0.932
96,1651.28,114.59,265.68,229.19,0.860043,0.106104,0.138375,0.212209,0.9296
96,88.86,592.04,177.67,298.37,0.046283,0.548187,0.092534,0.276267,0.9276
96,641.65,259.83,340.59,346.62,0.334191,0.240588,0.177392,0.320946,0.9272
96,430.45,962.34,262.71,234.33,0.224195,0.891051,0.136829,0.216971,0.9235
96,1630.74,776.24,232.75,236.52,0.849342,0.718745,0.121226,0.218996,0.9167
96,977.34,72.18,242.44,144.36,0.509033,0.066832,0.12627,0.133664,0.906
96,957.35,627.59,198.56,194.71,0.49862,0.581102,0.103418,0.180286,0.8997
96,1308.07,914.67,191.54,195.65,0.681286,0.846915,0.09976,0.181155,0.8903
96,676.85,886.94,161.46,160.15,0.352526,0.821242,0.084096,0.148286,0.8854
96,1022.83,615.3,109.13,108.53,0.532725,0.569719,0.056839,0.100489,0.8619
96,644.62,541.97,136.6,134.81,0.335738,0.501824,0.071148,0.124827,0.8567
96,1496.37,455.51,63.01,62.88,0.779358,0.421769,0.032819,0.058225,0.8515
96,1267.47,956.33,57.98,58.6,0.66014,0.885493,0.030198,0.054257,0.8403
96,1673.66,1046.84,73.99,66.32,0.871697,0.969297,0.038534,0.061407,0.8367
96,43.15,991.99,85.23,175.16,0.022476,0.91851,0.044393,0.162188,0.8337
96,434.85,858.86,72.09,72.06,0.226484,0.795238,0.037549,0.066722,0.8304
96,690.08,1032.2,67.81,67.65,0.359414,0.955744,0.035317,0.062642,0.8156
96,1332.52,809.89,65.89,65.94,0.694023,0.749902,0.034319,0.061056,0.8032
96,1452.51,1043.78,117.08,72.45,0.756514,0.966459,0.060977,0.067082,0.7925
96,1474.4,994.37,96.76,98.39,0.767918,0.920709,0.050394,0.0911,0.7911
96,641.95,163.11,107.82,108.27,0.334349,0.15103,0.056154,0.100246,0.7633
96,1545.5,1052.15,112.31,55.71,0.80495,0.97421,0.058496,0.05158,0.7558
97,875.14,975.1,238.89,209.81,0.455803,0.902867,0.124421,0.194265,0.9325
97,1797.05,429.68,245.61,355.09,0.935961,0.397854,0.127924,0.328791,0.9316
97,98.13,595.07,195.9,308.04,0.051107,0.550989,0.102031,0.285226,0.9313
97,1661.99,111.3,266.39,222.59,0.865618,0.103052,0.138742,0.206105,0.9312
97,447.76,963.73,268.21,230.42,0.233207,0.892341,0.139693,0.213356,0.9311
97,324.84,139.36,297.05,278.19,0.169186,0.129035,0.154711,0.257587,0.9292
97,654.98,263.56,346.58,346.9,0.341135,0.24404,0.180508,0.3212,0.927
97,1647.89,766.23,235.53,241.14,0.858274,0.709471,0.122673,0.223278,0.9187
97,988.2,68.78,240.47,137.55,0.514689,0.063683,0.125244,0.127365,0.8996
97,971.76,625.98,199.5,194.37,0.506127,0.579616,0.103907,0.179975,0.899
97,1323.12,913.31,191.13,191.73,0.689123,0.845662,0.099548,0.177528,0.8974
97,1285.18,952.88,59.86,60.72,0.669362,0.882294,0.031175,0.056221,0.8801
97,53.41,996.17,105.12,166.36,0.027818,0.922381,0.054751,0.154035,0.8774
97,692.11,885.27,158.86,158.42,0.360475,0.819692,0.082738,0.146687,0.8733
97,658.84,542.61,140.21,140.31,0.343145,0.502415,0.073028,0.129914,0.8661
97,707.29,1033.62,70.04,73.11,0.36838,0.957058,0.036477,0.067697,0.8544
97,1467.52,1040.66,120.07,78.67,0.764336,0.963578,0.062535,0.072845,0.8476
97,1038.51,612.04,110.24,104.78,0.540889,0.566701,0.057416,0.097016,0.8379
97,1510.16,449.84,63.99,64.43,0.786541,0.416518,0.033327,0.059655,0.8373
97,1691.42,1043.8,70.93,72.39,0.880947,0.966485,0.036941,0.067029,0.8349
97,652.9,162.06,106.0,109.23,0.340054,0.150059,0.05521,0.101135,0.8157
97,1348.07,804.31,61.63,61.42,0.702121,0.744736,0.032099,0.056874,0.8079
97,450.58,862.99,73.0,72.03,0.234679,0.799061,0.03802,0.066693,0.8071
97,1492.0,991.5,92.8,96.68,0.777085,0.918055,0.048332,0.08952,0.807
97,1399.72,1025.36,123.43,107.53,0.729019,0.949411,0.064285,0.09956,0.7874
97,1563.96,1052.48,104.04,55.03,0.814564,0.974521,0.054189,0.050958,0.7681
97,1349.89,630.63,62.44,62.45,0.703066,0.583915,0.032523,0.057826,0.7514
97,1054.71,406.88,65.11,66.32,0.549329,0.376742,0.03391,0.061412,0.7009
98,1670.61,106.92,264.42,213.83,0.87011,0.098998,0.137717,0.197995,0.9358
98,1801.3,421.3,237.41,359.77,0.938176,0.390089,0.123649,0.333118,0.9324
98,102.34,604.02,204.67,306.48,0.0533,0.559281,0.1066,0.283776,0.932
98,334.55,143.41,300.9,286.83,0.174246,0.132792,0.156717,0.265583,0.9313
98,464.25,962.83,265.42,232.6,0.241796,0.891508,0.138239,0.215372,0.9308
98,892.47,975.72,238.91,208.56,0.464827,0.903445,0.124431,0.19311,0.9293
98,666.32,262.06,353.32,353.9,0.347043,0.242645,0.184018,0.327689,0.929
98,1664.04,757.02,241.52,247.33,0.86669,0.700945,0.125791,0.229005,0.9276
98,1000.51,69.74,239.51,139.48,0.521098,0.064576,0.124746,0.129152,0.9083
98,987.3,625.11,209.09,205.48,0.514217,0.578803,0.108899,0.190258,0.9041
98,64.38,999.88,127.12,159.15,0.033532,0.925816,0.066211,0.147365,0.8921
98,1339.41,907.55,192.32,196.45,0.697608,0.840328,0.100168,0.181895,0.8843
98,708.97,887.57,161.31,160.69,0.369256,0.821826,0.084016,0.14879,0.8786
98,724.59,1034.85,69.59,71.28,0.37739,0.958196,0.036243,0.065999,0.8739
98,1522.0,441.35,63.99,63.47,0.792709,0.408656,0.033326,0.058765,0.859
98,671.87,544.37,138.79,137.11,0.349935,0.504043,0.072287,0.126955,0.8549
98,1485.67,1039.18,118.04,81.64,0.773786,0.962203,0.061481,0.075594,0.8548
98,1709.36,1035.87,72.12,72.98,0.890294,0.959137,0.037563,0.06757,0.8534
98,1364.39,800.55,65.48,66.08,0.71062,0.741253,0.034107,0.061182,0.8475
98,1416.63,1023.71,118.64,111.99,0.737828,0.947881,0.061794,0.103694,0.8386
98,1051.5,609.6,115.11,116.33,0.547656,0.56444,0.059954,0.107713,0.8365
98,1302.19,948.52,62.32,62.91,0.678227,0.878261,0.032456,0.058247,0.8316
98,466.52,863.84,73.39,73.16,0.242981,0.799854,0.038225,0.067737,0.83
98,660.74,164.84,109.44,110.39,0.344138,0.152626,0.057,0.102214,0.8294
98,1584.31,1048.56,108.41,62.88,0.825162,0.97089,0.056466,0.05822,0.8254
98,1508.99,984.64,98.84,103.72,0.785934,0.911705,0.051479,0.096038,0.8067
98,1065.61,401.61,67.44,67.73,0.555006,0.371859,0.035122,0.062712,0.7153
99,340.85,145.4,301.79,290.8,0.177526,0.13463,0.157181,0.26926,0.9352
99,1678.95,100.8,263.2,201.61,0.874452,0.093338,0.137083,0.186675,0.9343
99,913.78,974.3,246.36,209.24,0.475929,0.902126,0.128311,0.19374,0.9308
99,110.59,610.4,221.02,307.03,0.057598,0.565188,0.115113,0.28429,0.9303
99,483.72,967.54,266.02,223.14,0.251939,0.895874,0.138552,0.20661,0.9293
99,1679.96,750.12,239.16,243.08,0.874977,0.694551,0.124563,0.225075,0.929
99,678.99,266.38,346.12,347.39,0.353641,0.246644,0.180272,0.32166,0.9251
99,1808.16,412.01,223.68,340.34,0.941749,0.381487,0.116502,0.315131,0.9248
99,1006.59,68.97,241.61,137.93,0.524264,0.063858,0.125838,0.127716,0.9114
99,1005.34,623.12,212.28,208.79,0.523615,0.576965,0.110562,0.193326,0.9106
99,1357.81,896.23,197.82,199.14,0.70719,0.829845,0.103033,0.184387,0.9068
99,72.23,1003.96,143.11,151.35,0.037622,0.92959,0.074535,0.140141,0.8887
99,726.21,886.25,162.95,162.8,0.378233,0.820599,0.084868,0.150741,0.8869
99,687.56,544.1,140.52,139.16,0.358107,0.503801,0.073187,0.128852,0.8819
99,743.89,1035.64,72.04,73.15,0.387442,0.958929,0.037522,0.067735,0.8549
99,1506.79,1032.34,123.43,95.31,0.784788,0.955875,0.064289,0.08825,0.8494
99,1380.42,794.22,65.54,66.14,0.718971,0.735392,0.034135,0.061239,0.8457
99,1535.14,435.08,62.78,63.6,0.799551,0.40285,0.032697,0.058891,0.842
99,1729.5,1026.49,75.31,78.03,0.900782,0.95045,0.039222,0.072247,0.8326
99,1528.57,975.52,96.68,99.17,0.79613,0.903256,0.050352,0.09182,0.8311
99,1320.09,942.9,60.97,61.77,0.687546,0.873051,0.031754,0.057198,0.8306
99,485.39,869.02,70.43,71.51,0.252805,0.804652,0.036682,0.066211,0.8156
99,1437.91,1017.55,133.94,122.04,0.748911,0.942173,0.069762,0.112996,0.8122
99,1599.6,1042.2,120.16,75.6,0.833127,0.964999,0.062581,0.070001,0.802
99,673.4,164.87,108.43,109.72,0.350729,0.152662,0.056476,0.101589,0.7867
99,1065.92,604.6,115.52,113.37,0.555164,0.559812,0.060165,0.104973,0.7695
99,1378.07,619.42,65.86,65.94,0.717743,0.573533,0.034304,0.061054,0.7365
100,351.08,148.67,301.01,297.34,0.182853,0.137656,0.156778,0.275312,0.9347
100,1696.96,741.51,238.14,238.46,0.883831,0.686586,0.124034,0.2208,0.9331
100,1685.73,97.14,267.33,194.27,0.877987,0.089942,0.139236,0.179883,0.9328
100,119.04,619.52,237.95,303.75,0.062,0.573633,0.123933,0.281247,0.9327
100,503.07,968.87,265.92,220.19,0.262017,0.897105,0.138501,0.203879,0.9327
100,932.89,974.05,244.77,211.9,0.485879,0.901896,0.127482,0.196208,0.9318
100,687.24,269.0,348.26,348.51,0.357938,0.24907,0.181386,0.322695,0.9192
100,1812.5,398.88,215.01,354.71,0.944008,0.369333,0.111984,0.328438,0.9178
100,1013.18,69.36,241.01,138.72,0.527697,0.064223,0.125526,0.128447,0.909
100,1015.07,621.8,212.51,210.57,0.528684,0.57574,0.110683,0.194968,0.9041
100,1371.72,893.56,201.96,201.31,0.714439,0.82737,0.105186,0.186399,0.9002
100,742.6,887.69,157.77,158.21,0.386771,0.821935,0.082173,0.146491,0.8802
100,700.27,546.21,139.68,139.04,0.364723,0.505751,0.072748,0.128744,0.8684
100,80.58,1010.55,160.05,137.84,0.041971,0.935694,0.083362,0.127627,0.8624
100,1548.16,427.27,64.37,64.96,0.806333,0.395617,0.033525,0.060148,0.8577
100,1397.48,787.18,66.73,66.37,0.727855,0.728868,0.034756,0.061451,0.8569
100,1454.18,1013.87,123.73,123.69,0.757385,0.938767,0.064444,0.114523,0.8479
100,1337.92,936.92,60.58,61.05,0.696834,0.867523,0.031552,0.056524,0.8421
100,1748.37,1016.7,72.54,74.89,0.910609,0.941387,0.03778,0.069339,0.8392
100,1618.92,1038.24,114.12,83.52,0.843189,0.961335,0.059438,0.077329,0.8379
100,764.41,1035.62,70.11,71.74,0.39813,0.958908,0.036515,0.066425,0.8329
100,1525.96,1029.66,119.75,100.69,0.794769,0.953385,0.062368,0.093229,0.8268
100,502.35,872.86,68.16,71.23,0.261642,0.8082,0.035499,0.065956,0.8208
100,682.75,167.25,110.26,109.3,0.3556,0.154857,0.057428,0.101199,0.8121
100,1544.64,965.19,92.32,94.29,0.804501,0.893693,0.048083,0.087307,0.8039
100,1079.65,606.4,113.73,107.3,0.562316,0.561478,0.059236,0.09935,0.775
100,1091.12,397.52,69.29,68.58,0.568293,0.368071,0.036089,0.063502,0.7612
100,36.15,120.49,72.13,236.15,0.01883,0.111561,0.037568,0.218657,0.7445
100,1393.59,613.03,64.93,64.62,0.725827,0.567623,0.03382,0.059834,0.7179
101,126.04,630.98,252.07,294.96,0.065643,0.584242,0.131287,0.273113,0.9364
101,521.25,970.47,261.3,217.1,0.271487,0.898581,0.136094,0.201014,0.9345
101,360.08,151.89,300.73,300.29,0.187543,0.140643,0.156629,0.278043,0.9333
101,1693.59,92.76,264.57,185.53,0.882079,0.085892,0.137795,0.171784,0.9323
101,952.05,974.06,245.28,211.89,0.495858,0.901905,0.12775,0.196191,0.9304
101,698.75,267.1,353.34,355.36,0.363932,0.247316,0.184032,0.329034,0.9262
101,1711.84,726.22,244.19,242.1,0.891583,0.672426,0.127185,0.224171,0.9234
101,1817.43,387.44,205.13,357.18,0.946581,0.358739,0.106839,0.330724,0.9205
101,1031.75,615.42,211.67,208.08,0.53737,0.569835,0.110247,0.192662,0.9128
101,1019.84,68.03,247.55,136.07,0.531168,0.062994,0.128933,0.125988,0.9
101,1392.37,886.87,197.68,198.72,0.725191,0.821177,0.102957,0.184002,0.8997
101,761.63,890.05,162.77,162.2,0.396683,0.824125,0.084774,0.150188,0.8817
101,92.71,1011.5,185.39,135.62,0.048288,0.936573,0.096556,0.125571,0.8795
101,1413.04,778.87,65.95,66.25,0.735961,0.721175,0.034351,0.061344,0.8716
101,712.5,547.12,139.57,139.02,0.371094,0.506589,0.072693,0.128724,0.8689
101,782.87,1037.38,69.47,71.02,0.407744,0.960538,0.036183,0.065762,0.8564
101,519.91,875.88,71.98,72.79,0.270785,0.811004,0.037488,0.067399,0.8538
101,1548.93,1026.32,117.4,106.01,0.806734,0.950294,0.061145,0.098161,0.8405
101,1768.22,1005.15,72.56,74.03,0.920946,0.930695,0.037794,0.068545,0.8392
101,1560.22,417.8,62.63,63.64,0.812615,0.386848,0.032618,0.058925,0.8372
101,1565.35,959.68,99.73,100.77,0.815288,0.888593,0.051941,0.093308,0.8349
101,1476.75,1007.89,127.91,125.06,0.769141,0.93323,0.066622,0.115794,0.8168
101,1357.87,931.49,61.17,63.09,0.707222,0.86249,0.031859,0.058416,0.8112
101,1638.63,1033.3,112.04,93.26,0.853455,0.95676,0.058353,0.086352,0.8048
101,1093.76,598.65,117.05,117.02,0.569665,0.554306,0.060964,0.108347,0.7768
101,38.04,123.57,75.97,224.19,0.019815,0.114412,0.03957,0.207582,0.7759
101,689.94,168.8,108.64,107.59,0.359344,0.156293,0.056582,0.099621,0.7224
101,1102.27,395.07,69.55,71.49,0.574099,0.365805,0.036224,0.066197,0.7021
102,540.19,971.83,270.06,214.79,0.281351,0.899845,0.140655,0.198876,0.9364
102,368.58,157.71,307.61,306.65,0.191967,0.146032,0.160215,0.283931,0.9358
102,706.32,267.64,356.59,361.38,0.367874,0.247815,0.185724,0.334613,0.9293
102,972.33,972.68,242.66,212.25,0.506424,0.900634,0.126384,0.196526,0.9285
102,135.79,638.67,271.43,306.94,0.070726,0.591364,0.14137,0.284199,0.928
102,1728.93,717.1,243.49,247.07,0.900483,0.663982,0.126816,0.228772,0.9268
102,1703.13,86.74,266.06,173.48,0.887047,0.080314,0.138574,0.160628,0.9249
102,1044.79,615.62,211.83,206.8,0.544164,0.570018,0.110331,0.191481,0.9034
102,1822.79,375.74,194.43,349.78,0.949369,0.347908,0.101263,0.323873,0.9002
102,1411.85,879.97,203.18,193.89,0.735337,0.814785,0.105824,0.179528,0.8908
102,1029.22,66.59,245.28,133.17,0.53605,0.061654,0.12775,0.123307,0.8887
102,727.17,549.11,141.61,140.64,0.378735,0.508439,0.073757,0.130223,0.8839
102,779.19,889.65,156.49,156.91,0.405828,0.823755,0.081507,0.145285,0.8834
102,102.66,1017.02,201.34,124.57,0.05347,0.941681,0.104867,0.115344,0.8771
102,801.44,1037.23,70.2,71.61,0.417415,0.960396,0.036561,0.06631,0.8693
102,1567.71,1021.44,113.94,109.75,0.816516,0.94578,0.059343,0.101622,0.8532
102,1375.5,925.06,62.13,63.65,0.716409,0.856533,0.032359,0.058931,0.8517
102,1660.93,1026.04,110.11,103.93,0.865067,0.950041,0.05735,0.096232,0.8468
102,1430.44,773.11,64.56,63.97,0.74502,0.715843,0.033626,0.059235,0.8386
102,1787.88,992.8,73.55,74.23,0.931189,0.919258,0.038305,0.068729,0.8377
102,1572.66,408.58,64.91,64.79,0.819093,0.378317,0.033806,0.059988,0.8346
102,1107.54,595.69,118.84,116.81,0.576845,0.551566,0.061893,0.108159,0.834
102,1497.61,999.62,133.79,130.08,0.780006,0.925578,0.069681,0.12044,0.832
102,536.43,880.74,74.32,74.33,0.279393,0.8155,0.038706,0.068826,0.827
102,42.11,132.11,84.22,226.85,0.021934,0.122327,0.043867,0.210046,0.8174
102,696.98,169.81,112.41,112.68,0.363012,0.15723,0.058545,0.104337,0.8097
102,1585.68,944.45,90.17,87.76,0.825876,0.874493,0.046962,0.081255,0.7993
103,377.23,163.37,309.43,312.51,0.196473,0.151266,0.161164,0.289364,0.9344
103,990.71,969.11,255.54,221.77,0.515994,0.897328,0.133092,0.205344,0.9341
103,716.3,269.81,370.78,373.26,0.373073,0.249824,0.193112,0.345607,0.9311
103,558.2,972.12,273.37,215.69,0.29073,0.900116,0.142378,0.199712,0.9297
103,1743.96,703.32,247.97,250.78,0.908315,0.651218,0.129153,0.232202,0.9254
103,147.75,649.9,293.31,315.12,0.076951,0.60176,0.152765,0.291776,0.9218
103,1711.37,82.2,280.18,164.4,0.891339,0.076113,0.145927,0.152226,0.9164
103,1826.93,361.98,186.13,358.42,0.951528,0.335167,0.096945,0.331867,0.9127
103,1060.76,614.53,218.78,215.17,0.552482,0.569011,0.11395,0.199232,0.9071
103,1427.15,871.19,205.97,205.91,0.743307,0.806656,0.107277,0.19066,0.901
103,1033.13,65.19,248.36,130.37,0.538087,0.060358,0.129354,0.120717,0.8951
103,799.61,890.19,169.85,172.11,0.416462,0.82425,0.088466,0.159362,0.8802
103,741.69,550.08,148.08,147.53,0.386296,0.509335,0.077127,0.136599,0.8737
103,1513.31,985.97,123.36,124.58,0.788184,0.912934,0.06425,0.11535,0.8669
103,1584.06,397.25,65.33,65.53,0.825029,0.367826,0.034025,0.060676,0.8604
103,1682.26,1018.32,107.32,108.51,0.876179,0.942892,0.055895,0.100477,0.852
103,1586.9,1007.97,119.57,118.64,0.82651,0.933306,0.062275,0.109856,0.8483
103,823.92,1036.75,73.1,73.56,0.429124,0.959957,0.038074,0.068109,0.8427
103,46.67,155.4,93.13,224.38,0.024309,0.143893,0.048505,0.207758,0.8414
103,1122.61,591.6,122.92,122.56,0.584692,0.547778,0.064022,0.113484,0.8404
103,1808.97,979.76,74.96,76.62,0.942171,0.907183,0.039041,0.070941,0.8402
103,555.92,886.11,72.06,73.04,0.289543,0.820475,0.037532,0.067633,0.8372
103,116.26,1020.02,211.63,118.38,0.06055,0.944468,0.110224,0.109608,0.832
103,1447.52,764.41,67.59,68.42,0.753916,0.707791,0.035204,0.063351,0.822
103,1602.16,937.12,92.45,93.2,0.83446,0.867705,0.048151,0.086292,0.8217
103,1394.16,917.41,63.64,64.47,0.726128,0.849458,0.033147,0.059692,0.8047
103,50.91,1046.96,101.83,66.07,0.026517,0.96941,0.053035,0.061179,0.7754
103,1436.95,590.59,67.78,68.22,0.74841,0.546843,0.035301,0.063169,0.7501
103,709.4,171.86,116.17,116.23,0.369479,0.159132,0.060508,0.107616,0.7176
104,384.26,168.51,322.52,324.07,0.200136,0.156032,0.167981,0.300068,0.9371
104,1010.19,967.6,256.07,224.03,0.526143,0.895926,0.133368,0.207437,0.9365
104,579.62,974.33,273.65,209.44,0.301883,0.902158,0.142524,0.193925,0.9335
104,1760.49,691.43,251.76,253.11,0.916922,0.640215,0.131125,0.234365,0.9315
104,1714.86,78.16,289.19,156.33,0.893156,0.072374,0.150622,0.144749,0.9286
104,724.44,271.05,375.35,378.98,0.377314,0.250975,0.195494,0.350905,0.9282
104,154.52,663.18,301.25,307.78,0.080482,0.614059,0.1569,0.284983,0.928
104,1447.6,860.09,214.2,212.51,0.753959,0.79638,0.111564,0.196771,0.9229
104,1833.26,342.91,173.48,364.29,0.954823,0.317509,0.090353,0.33731,0.9138
104,1073.24,611.1,220.29,217.54,0.558981,0.565835,0.114733,0.201421,0.9131
104,1036.03,65.1,248.42,130.17,0.539597,0.060282,0.129383,0.120523,0.8949
104,816.04,894.31,164.4,165.77,0.425019,0.828068,0.085625,0.153493,0.8805
104,755.52,553.31,148.76,148.35,0.3935,0.512326,0.077477,0.13736,0.8773
104,1535.94,978.88,128.78,128.98,0.799967,0.906371,0.067071,0.11943,0.8672
104,1608.32,997.81,118.74,119.84,0.837666,0.9239,0.061845,0.11096,0.8626
104,1138.42,588.72,121.72,120.08,0.592929,0.545113,0.063396,0.111182,0.856
104,844.14,1038.43,72.05,72.63,0.439658,0.961506,0.037525,0.067248,0.8538
104,1595.83,386.59,64.69,65.61,0.831161,0.357951,0.03369,0.060748,0.849
104,50.32,165.22,100.63,234.54,0.026206,0.152985,0.052413,0.217169,0.8448
104,573.49,888.36,74.56,74.68,0.298691,0.822552,0.038836,0.069148,0.8382
104,1466.2,754.64,69.48,69.07,0.763644,0.69874,0.036189,0.063952,0.8316
104,1413.11,907.79,62.81,62.95,0.735993,0.840551,0.032712,0.058287,0.82
104,1827.94,964.6,75.14,75.5,0.952054,0.893149,0.039134,0.069912,0.8177
104,714.91,172.86,116.33,117.36,0.37235,0.160057,0.060588,0.108664,0.8115
104,1137.21,382.52,72.07,71.64,0.592297,0.354184,0.037537,0.066335,0.7981
104,135.57,1027.8,220.94,102.89,0.070612,0.951664,0.115075,0.095265,0.7904
104,1702.0,1004.4,109.37,108.31,0.886456,0.930001,0.056963,0.100286,0.7861
104,1623.1,926.25,105.51,106.49,0.845364,0.857642,0.054953,0.098604,0.769
104,59.21,1051.99,118.42,56.02,0.030839,0.974063,0.061677,0.051874,0.7165
105,597.58,975.4,281.62,207.69,0.311241,0.903151,0.146679,0.192307,0.9354
105,166.29,671.18,316.57,317.25,0.086608,0.621463,0.164879,0.293748,0.9346
105,391.81,177.5,327.87,332.28,0.20407,0.164353,0.170763,0.307667,0.9342
105,1030.9,963.86,263.32,232.28,0.536925,0.892462,0.137148,0.215075,0.9316
105,1776.75,677.35,252.19,252.27,0.925392,0.627173,0.131348,0.233579,0.9288
105,734.03,272.29,380.38,386.04,0.382307,0.252124,0.198114,0.357442,0.9241
105,1086.99,603.47,225.55,221.55,0.566143,0.558773,0.117474,0.205143,0.9149
105,1466.5,852.0,218.21,216.06,0.763803,0.788889,0.113651,0.200052,0.9113
105,1724.11,71.97,297.76,143.93,0.897976,0.066636,0.155082,0.133273,0.9099
105,836.75,892.31,168.78,167.49,0.435808,0.826213,0.087904,0.155082,0.89
105,1043.06,64.91,253.13,129.82,0.543262,0.060101,0.131838,0.120201,0.8896
105,1837.83,326.16,164.33,375.21,0.957205,0.302003,0.08559,0.347413,0.8879
105,768.44,553.16,154.54,154.37,0.400229,0.512184,0.08049,0.142937,0.8869
105,591.93,892.75,75.59,76.13,0.308297,0.826621,0.039368,0.070494,0.8596
105,1605.24,374.03,66.13,68.29,0.836065,0.346328,0.034442,0.063227,0.8577
105,1631.56,982.79,123.24,123.33,0.849772,0.909988,0.064188,0.114199,0.8561
105,865.63,1037.65,76.34,74.65,0.450846,0.960784,0.03976,0.069123,0.8541
105,1432.94,899.31,61.83,63.24,0.746324,0.832692,0.032203,0.058554,0.8502
105,55.46,181.49,110.92,243.57,0.028885,0.168049,0.05777,0.225525,0.8476
105,29.86,502.9,58.73,77.11,0.015552,0.465652,0.030586,0.071395,0.847
105,1482.69,745.52,71.86,72.61,0.772236,0.690292,0.037427,0.067231,0.845
105,1848.7,948.68,78.56,78.66,0.962862,0.878409,0.040916,0.072836,0.8429
105,1153.2,583.84,127.75,128.3,0.600625,0.54059,0.066536,0.118793,0.8421
105,1645.65,908.53,98.06,98.09,0.857108,0.841234,0.051072,0.090828,0.8328
105,718.63,174.8,117.83,116.57,0.374284,0.16185,0.06137,0.107937,0.8205
105,1724.01,989.91,114.57,114.77,0.89792,0.916584,0.059671,0.106271,0.8188
105,1559.15,966.78,142.9,139.62,0.812058,0.895165,0.074424,0.129282,0.8034
105,1784.9,1042.64,262.42,72.78,0.929636,0.965412,0.136677,0.067391,0.7765
105,165.0,1032.55,196.6,93.23,0.085935,0.956061,0.102396,0.086325,0.7668
105,1465.67,571.59,68.81,68.21,0.763371,0.529247,0.035837,0.063155,0.7371
106,398.18,184.51,323.59,328.84,0.207384,0.17084,0.168538,0.304477,0.9375
106,1790.12,660.67,255.5,263.42,0.932353,0.61173,0.133073,0.243909,0.936
106,1054.45,960.95,271.48,238.09,0.549195,0.889772,0.141395,0.220455,0.9321
106,178.93,682.15,316.95,316.01,0.093194,0.631617,0.165077,0.292601,0.9288
106,619.03,976.99,283.05,203.95,0.32241,0.904616,0.147421,0.188841,0.9286
106,1484.3,840.02,222.92,222.72,0.773072,0.777799,0.116106,0.206219,0.9204
106,742.99,278.48,379.93,379.99,0.386973,0.257847,0.19788,0.351844,0.9203
106,1102.73,598.65,226.57,225.92,0.574337,0.554303,0.118008,0.209189,0.9162
106,1724.97,65.46,294.83,130.51,0.898421,0.060607,0.153558,0.120845,0.9068
106,1650.88,971.08,125.18,121.38,0.859835,0.899144,0.065197,0.112392,0.8961
106,1044.16,63.93,254.21,127.87,0.543834,0.059199,0.132401,0.118398,0.892
106,783.21,554.57,152.75,149.99,0.407922,0.513492,0.079558,0.138881,0.8901
106,857.81,892.71,175.5,177.82,0.446778,0.826584,0.091407,0.164652,0.8878
106,60.3,198.33,120.6,234.13,0.031407,0.183639,0.062814,0.216789,0.8749
106,1452.07,889.95,67.1,67.63,0.756287,0.824031,0.03495,0.062617,0.8684
106,1841.72,306.79,156.56,377.17,0.95923,0.284067,0.081541,0.349233,0.8682
106,36.7,519.13,73.4,76.75,0.019115,0.480679,0.038231,0.071062,0.8651
106,1577.83,953.88,136.34,136.23,0.821786,0.88322,0.071012,0.126136,0.8642
106,1869.35,932.13,78.98,78.41,0.973618,0.863086,0.041133,0.072605,0.8602
106,1744.9,976.0,115.4,116.38,0.908805,0.903701,0.060105,0.107762,0.8585
106,888.11,1038.05,74.71,75.89,0.462557,0.961155,0.038912,0.070267,0.8521
106,1663.02,897.98,103.71,103.54,0.866157,0.831459,0.054015,0.095872,0.8503
106,1498.68,734.55,72.26,73.2,0.780562,0.680135,0.037636,0.067782,0.8491
106,1617.09,362.07,69.64,69.9,0.842232,0.33525,0.036273,0.064722,0.8434
106,1167.94,577.13,126.01,124.28,0.608302,0.534378,0.06563,0.115077,0.8311
106,1783.99,1026.81,272.02,104.68,0.92916,0.950753,0.141679,0.096928,0.8264
106,726.25,177.28,117.26,115.9,0.378258,0.16415,0.061073,0.107317,0.8181
106,611.95,898.36,76.44,76.28,0.318722,0.831819,0.039811,0.070628,0.8125
106,164.53,1033.37,275.65,91.55,0.085694,0.956827,0.143569,0.084767,0.8088
106,29.46,724.4,58.02,70.85,0.015346,0.670741,0.03022,0.065603,0.8054
107,406.24,193.49,327.02,329.33,0.211582,0.179155,0.170321,0.304933,0.9406
107,195.52,694.52,328.76,327.56,0.101836,0.643072,0.171232,0.303293,0.9358
107,1799.47,644.76,241.06,260.92,0.937223,0.596999,0.125554,0.241588,0.9327
107,643.43,979.43,283.74,199.23,0.335119,0.90688,0.147783,0.18447,0.928
107,751.48,277.97,386.55,384.86,0.391395,0.257383,0.201329,0.356348,0.9256
107,1075.63,959.87,272.19,239.01,0.560226,0.888772,0.141767,0.221305,0.924
107,1502.81,828.78,215.66,213.71,0.782714,0.767392,0.112321,0.197884,0.9087
107,1121.39,595.7,231.48,232.9,0.584058,0.55157,0.120561,0.215644,0.9059
107,65.11,214.9,129.88,253.47,0.033909,0.198978,0.067644,0.234695,0.9054
107,1601.93,945.65,140.51,141.42,0.83434,0.875604,0.07318,0.130946,0.8977
107,1047.79,61.91,249.63,123.59,0.545722,0.057324,0.130018,0.114435,0.8916
107,1727.4,57.81,288.81,115.23,0.89969,0.053529,0.15042,0.106695,0.8878
107,1849.45,282.26,141.11,355.65,0.963253,0.261347,0.073494,0.329301,0.8868
107,796.03,556.64,154.01,152.09,0.414599,0.515409,0.080212,0.140821,0.8866
107,877.01,894.12,174.2,172.7,0.456774,0.827891,0.090727,0.159907,0.8831
107,47.3,534.18,78.49,79.11,0.024633,0.49461,0.040882,0.073251,0.8794
107,1674.8,960.83,118.71,119.35,0.87229,0.889659,0.06183,0.110513,0.8661
107,1516.42,723.38,72.58,72.52,0.789804,0.669797,0.037801,0.067151,0.8597
107,1766.82,960.94,114.31,113.32,0.920216,0.889762,0.059539,0.104924,0.8556
107,631.22,902.05,79.8,79.68,0.328761,0.835228,0.041565,0.073782,0.8503
107,1178.05,568.47,131.51,128.48,0.613568,0.526361,0.068496,0.118963,0.8451
107,1885.21,913.74,69.57,79.02,0.981882,0.846056,0.036235,0.073168,0.8435
107,1470.9,878.85,66.48,67.82,0.766091,0.813748,0.034626,0.062797,0.8426
107,1628.26,347.22,67.3,66.63,0.848053,0.321499,0.035054,0.061698,0.8336
107,910.71,1037.88,78.12,77.56,0.474327,0.961002,0.040688,0.071819,0.8324
107,1683.56,883.22,99.48,101.62,0.876855,0.817796,0.051811,0.094095,0.8321
107,40.34,738.92,71.64,73.87,0.021013,0.684187,0.037314,0.068398,0.8274
107,1801.85,1026.39,236.3,105.43,0.938462,0.950364,0.123075,0.097623,0.8178
107,197.07,1038.46,273.31,80.62,0.102642,0.961534,0.142348,0.074645,0.7699
107,1168.56,366.87,75.33,76.05,0.608623,0.33969,0.039233,0.070414,0.75
107,736.21,177.99,120.64,118.99,0.383442,0.164807,0.062833,0.110178,0.7307
107,1493.72,549.44,70.08,69.05,0.777977,0.508739,0.036502,0.063935,0.7104
108,213.55,706.58,325.61,327.11,0.111225,0.654237,0.169588,0.302884,0.939
108,412.88,201.61,330.34,335.15,0.215042,0.186679,0.172053,0.310325,0.9339
108,761.12,281.99,390.83,390.97,0.396417,0.261098,0.203559,0.36201,0.9328
108,663.08,980.75,286.14,196.94,0.345357,0.908098,0.149029,0.182356,0.9322
108,1094.41,955.67,272.34,248.2,0.570004,0.884883,0.141846,0.229811,0.9285
108,1807.94,628.33,224.12,264.67,0.941635,0.581785,0.116729,0.245061,0.9279
108,1132.92,592.03,226.45,228.4,0.59006,0.548177,0.117945,0.211479,0.9201
108,1526.03,818.82,224.09,220.65,0.794806,0.758168,0.116714,0.204307,0.9134
108,68.08,229.46,134.86,241.96,0.035457,0.212464,0.070242,0.224036,0.9006
108,1054.25,60.84,269.03,121.58,0.549091,0.056337,0.140119,0.112575,0.8958
108,810.56,555.98,157.85,155.89,0.422167,0.514797,0.082214,0.144341,0.8871
108,895.74,893.41,172.87,171.14,0.466534,0.827227,0.090039,0.158464,0.8797
108,933.05,1036.78,75.61,76.16,0.485964,0.959986,0.03938,0.07052,0.8784
108,1694.65,944.07,122.65,123.51,0.88263,0.874136,0.063879,0.114362,0.8678
108,1636.69,333.99,69.59,70.64,0.85244,0.309253,0.036245,0.065411,0.8674
108,652.37,906.28,77.25,77.85,0.339775,0.839144,0.040233,0.072086,0.861
108,59.65,550.36,77.0,78.42,0.031069,0.509588,0.040103,0.072614,0.8603
108,1849.73,261.01,140.54,385.25,0.963402,0.241673,0.073196,0.356709,0.8517
108,1619.69,928.94,138.65,141.04,0.843587,0.860134,0.072213,0.130596,0.8502
108,1726.1,48.46,275.65,96.91,0.899011,0.044867,0.143568,0.089735,0.8465
108,1534.61,709.07,73.92,73.75,0.799277,0.656549,0.0385,0.068286,0.8401
108,1491.92,867.93,67.87,69.3,0.777043,0.803642,0.035351,0.064169,0.8384
108,1787.65,941.3,115.25,113.19,0.931065,0.871578,0.060027,0.104809,0.8311
108,1822.51,1018.17,194.98,122.51,0.949224,0.942747,0.101553,0.113438,0.8295
108,1195.4,566.72,127.37,127.34,0.622606,0.524741,0.066337,0.117908,0.821
108,1780.49,781.07,58.36,58.13,0.927339,0.723211,0.030394,0.053824,0.8134
108,1706.06,870.94,104.57,107.07,0.888571,0.806429,0.054465,0.09914,0.8064
108,56.84,755.74,72.75,73.83,0.029603,0.699758,0.037892,0.068361,0.7954
108,744.47,178.84,127.94,125.79,0.387745,0.165588,0.066637,0.116472,0.7473
108,1786.79,1051.58,74.18,56.84,0.930622,0.973683,0.038637,0.052634,0.747
108,1727.19,1057.9,71.87,44.19,0.899577,0.979541,0.037431,0.040918,0.7135
109,768.41,281.01,387.09,386.14,0.400214,0.26019,0.201607,0.357541,0.9414
109,420.1,208.29,338.89,339.72,0.218801,0.192865,0.176504,0.314555,0.9379
109,1118.57,953.52,274.36,252.08,0.582588,0.882888,0.142895,0.233409,0.9369
109,230.07,721.96,324.55,326.18,0.119828,0.668481,0.169037,0.302016,0.9338
109,1813.96,602.03,212.08,262.67,0.944771,0.557438,0.110458,0.24321,0.9318
109,1149.13,586.31,234.26,232.1,0.598505,0.542883,0.122009,0.214909,0.9265
109,72.29,248.02,144.37,258.22,0.03765,0.229644,0.075195,0.239097,0.9245
109,689.7,980.66,289.26,196.25,0.359216,0.908016,0.150657,0.181714,0.9237
109,1541.3,805.68,221.31,222.07,0.802761,0.745997,0.115265,0.205619,0.9032
109,1053.83,59.78,267.33,119.42,0.548869,0.055351,0.139236,0.110572,0.902
109,917.22,890.48,178.83,176.72,0.477716,0.824523,0.093141,0.163631,0.887
109,823.35,559.2,154.33,153.88,0.428826,0.517776,0.08038,0.142479,0.8845
109,1643.6,914.24,143.53,141.04,0.856044,0.846516,0.074758,0.13059,0.8793
109,1716.43,924.77,129.73,124.74,0.893972,0.856272,0.067569,0.115497,0.8709
109,956.87,1035.58,78.72,77.72,0.498371,0.958872,0.041002,0.071964,0.8631
109,1550.88,696.31,71.57,73.36,0.807751,0.644732,0.037276,0.067922,0.8628
109,1830.41,1009.87,179.19,139.01,0.953337,0.935068,0.093326,0.128714,0.8559
109,1646.02,317.27,71.41,71.4,0.857303,0.293766,0.037195,0.066111,0.8545
109,1208.08,557.8,132.88,131.97,0.629206,0.516481,0.069208,0.122197,0.8499
109,73.85,565.6,79.16,81.1,0.038462,0.523704,0.041228,0.075096,0.8475
109,1722.35,848.44,102.29,105.35,0.897057,0.785597,0.053275,0.097546,0.8431
109,1852.05,240.89,135.89,389.51,0.964611,0.223049,0.070778,0.360656,0.837
109,1511.9,854.36,67.57,67.76,0.787445,0.791071,0.035194,0.062742,0.8355
109,672.65,911.17,80.4,81.63,0.35034,0.843672,0.041877,0.075583,0.8344
109,74.09,772.47,71.79,72.91,0.03859,0.715246,0.037392,0.067511,0.8085
109,1807.7,924.98,120.47,119.53,0.94151,0.856461,0.062743,0.110674,0.8034
109,1727.64,41.59,277.09,83.17,0.899815,0.038507,0.144318,0.077013,0.7754
109,1750.05,1049.09,68.72,61.83,0.911486,0.971376,0.035792,0.057248,0.7676
109,1187.75,352.89,70.96,71.71,0.61862,0.326746,0.03696,0.0664,0.7268
109,1521.51,525.11,73.81,72.79,0.792454,0.486215,0.038441,0.067398,0.7246
110,775.55,281.53,393.17,391.91,0.403933,0.26068,0.204776,0.362876,0.9418
110,426.27,217.67,337.86,337.7,0.222016,0.201547,0.175969,0.312685,0.9395
110,247.16,732.98,325.17,323.62,0.12873,0.678689,0.16936,0.299646,0.9312
110,75.3,263.1,150.57,253.67,0.039217,0.24361,0.078422,0.234881,0.9299
110,1142.25,950.44,272.91,258.32,0.594921,0.880035,0.142141,0.239183,0.9286
110,710.84,983.54,293.24,190.99,0.370228,0.910686,0.152728,0.176842,0.9269
110,1160.72,578.54,231.23,226.06,0.604541,0.535684,0.120431,0.209316,0.9264
110,1821.79,586.24,196.42,257.95,0.948849,0.542819,0.102302,0.238838,0.9264
110,1563.14,790.88,221.97,219.5,0.814136,0.732293,0.115609,0.203245,0.9066
110,1055.91,56.04,271.62,112.01,0.549955,0.051887,0.141471,0.103712,0.8843
110,1738.04,906.74,126.63,125.48,0.90523,0.839575,0.065954,0.116181,0.8812
110,837.56,557.26,159.57,158.21,0.436228,0.515981,0.083109,0.146491,0.8812
110,938.5,892.3,179.54,177.05,0.488801,0.826208,0.093509,0.163931,0.8779
110,981.51,1034.96,76.75,77.06,0.511206,0.958294,0.039972,0.071356,0.8703
110,1665.11,895.76,140.87,138.42,0.867244,0.829406,0.073371,0.128163,0.8613
110,1832.55,904.03,122.0,116.63,0.954456,0.837069,0.06354,0.107987,0.8546
110,1655.37,300.12,70.82,71.98,0.862171,0.277891,0.036888,0.066651,0.8535
110,1567.24,681.5,72.39,74.3,0.816271,0.631017,0.037702,0.068792,0.8478
110,1531.03,841.93,66.85,68.48,0.797411,0.779569,0.03482,0.063404,0.8466
110,693.3,915.18,80.28,80.34,0.361094,0.847387,0.041813,0.074389,0.8438
110,1222.27,552.95,126.33,123.09,0.6366,0.51199,0.065795,0.113975,0.8423
110,87.77,581.42,76.47,78.99,0.045712,0.538347,0.039827,0.07314,0.8352
110,1776.3,1036.05,66.42,64.68,0.925155,0.959302,0.034593,0.059887,0.8308
110,1744.16,835.29,114.24,110.04,0.908419,0.773413,0.0595,0.101891,0.8305
110,1534.45,510.72,72.7,72.82,0.799194,0.472886,0.037863,0.067424,0.8303
110,1828.04,996.9,183.93,164.88,0.952102,0.923058,0.095796,0.152669,0.8153
110,1816.87,742.48,58.02,58.24,0.946288,0.687484,0.030221,0.053926,0.8147
110,1856.75,211.54,126.49,394.21,0.967059,0.195866,0.065883,0.365006,0.8131
110,92.14,788.69,71.85,73.28,0.04799,0.730266,0.03742,0.067854,0.8098
110,33.94,536.0,67.73,118.65,0.017677,0.496294,0.035277,0.109864,0.8092
110,1834.22,1020.19,78.32,77.46,0.955322,0.944619,0.040791,0.071724,0.7781
110,1727.69,30.98,285.66,61.97,0.89984,0.028688,0.148783,0.057376,0.728
111,431.27,227.69,341.91,341.3,0.22462,0.210828,0.178079,0.316016,0.9353
111,264.11,746.4,322.75,324.31,0.137556,0.691116,0.1681,0.300289,0.9346
111,79.95,283.33,159.3,259.47,0.041641,0.262346,0.082967,0.240253,0.9334
111,1162.48,947.63,275.12,263.37,0.605459,0.877434,0.143289,0.24386,0.9307
111,783.14,283.55,395.16,395.31,0.407884,0.262551,0.205814,0.36603,0.9292
111,1830.02,568.97,179.96,261.07,0.953137,0.526823,0.093727,0.241734,0.9231
111,736.96,985.52,302.59,188.95,0.383836,0.912523,0.1576,0.174955,0.9184
111,1580.23,773.95,225.21,224.74,0.823038,0.716622,0.117297,0.208095,0.9172
111,1174.98,571.97,232.39,230.59,0.61197,0.529603,0.121035,0.213509,0.9162
111,958.92,888.28,174.56,180.34,0.499438,0.822479,0.090917,0.166983,0.8892
111,851.18,558.52,158.37,157.15,0.443321,0.517147,0.082486,0.145508,0.8832
111,1054.39,54.3,263.16,108.6,0.549159,0.05028,0.137065,0.100559,0.8822
111,1005.44,1031.09,76.89,78.81,0.523666,0.954714,0.040047,0.072974,0.8656
111,1234.93,541.67,135.88,136.03,0.643191,0.501544,0.070772,0.125957,0.8626
111,1662.07,281.96,71.2,72.36,0.865659,0.261075,0.037081,0.067004,0.8613
111,1760.3,888.73,126.29,128.48,0.916822,0.822902,0.065777,0.11896,0.8579
111,1683.45,879.71,143.93,141.48,0.876794,0.814549,0.074962,0.131004,0.8544
111,713.54,918.02,80.95,81.01,0.371637,0.850019,0.042161,0.075005,0.8446
111,1551.51,826.47,69.56,70.69,0.808077,0.76525,0.036227,0.065452,0.8393
111,1583.49,666.99,74.57,73.68,0.824734,0.617581,0.038839,0.068224,0.8377
111,40.13,554.4,80.25,117.27,0.020899,0.513335,0.041798,0.108583,0.8284
111,1853.37,881.52,116.57,115.84,0.965295,0.816224,0.060714,0.107261,0.8249
111,1765.57,816.57,108.49,110.79,0.919569,0.756083,0.056503,0.102584,0.8228
111,1859.8,195.3,120.4,366.67,0.968645,0.180829,0.06271,0.339508,0.8029
111,111.02,805.21,74.69,76.16,0.057821,0.745567,0.038902,0.07052,0.8011
111,102.66,599.29,79.36,80.26,0.053471,0.554897,0.041332,0.074312,0.7978
111,1825.75,976.51,188.5,205.95,0.950912,0.904173,0.098176,0.190693,0.7581
111,1799.04,1012.63,61.76,64.47,0.936998,0.93762,0.032168,0.059696,0.7458
111,759.62,187.64,130.11,130.25,0.395635,0.173741,0.067764,0.120605,0.7104
112,279.83,757.64,327.25,329.67,0.145743,0.701514,0.170445,0.305254,0.9353
112,436.86,238.41,342.29,342.82,0.227533,0.220748,0.178275,0.317423,0.9325
112,790.68,285.17,390.65,390.58,0.411812,0.264045,0.203464,0.361647,0.9299
112,1186.92,943.17,272.72,268.52,0.61819,0.873305,0.142041,0.248632,0.9292
112,1837.23,542.94,165.53,262.01,0.956893,0.50272,0.086214,0.242603,0.9283
112,84.27,301.28,168.53,258.05,0.043889,0.278967,0.087777,0.238938,0.9257
112,760.36,986.29,296.12,185.68,0.396022,0.913227,0.154229,0.171928,0.9256
112,1192.74,566.36,231.43,228.74,0.621218,0.524406,0.120535,0.211797,0.9198
112,1600.03,759.73,227.84,227.02,0.833347,0.703458,0.118664,0.210204,0.9158
112,866.12,558.53,161.3,160.29,0.451103,0.517159,0.08401,0.148417,0.8945
112,981.03,885.51,180.11,180.99,0.510953,0.819918,0.093805,0.167581,0.8886
112,1060.48,52.99,262.51,105.73,0.552332,0.049069,0.136722,0.097902,0.8819
112,1783.68,868.45,124.56,127.3,0.928999,0.804118,0.064875,0.117871,0.879
112,1029.38,1026.85,77.76,78.88,0.536134,0.950789,0.0405,0.073038,0.8736
112,1251.69,533.81,134.78,134.77,0.651922,0.494267,0.070198,0.124785,0.851
112,1670.53,264.9,70.25,70.98,0.870067,0.245279,0.036589,0.065726,0.8507
112,114.89,614.8,78.3,79.18,0.059841,0.569262,0.040781,0.073313,0.8495
112,1600.48,649.61,78.01,76.81,0.833584,0.601486,0.040631,0.071119,0.8494
112,1571.14,809.87,69.09,70.35,0.8183,0.74988,0.035984,0.065134,0.8452
112,737.46,921.97,76.91,77.01,0.384095,0.853675,0.040058,0.071301,0.8412
112,49.12,570.16,97.27,115.43,0.025582,0.527922,0.050661,0.106877,0.8346
112,1865.29,864.04,107.39,122.85,0.971507,0.80004,0.055935,0.113753,0.8141
112,1779.69,790.53,99.29,103.11,0.926919,0.731974,0.051712,0.095473,0.814
112,1863.05,175.31,113.89,342.07,0.97034,0.162328,0.05932,0.316732,0.8043
112,1708.72,863.29,149.12,146.82,0.88996,0.799344,0.077668,0.135941,0.8042
112,1823.73,989.55,62.71,61.88,0.94986,0.916249,0.032659,0.057295,0.7786
112,130.89,822.34,74.71,75.46,0.068169,0.761426,0.038911,0.069867,0.7591
112,1880.22,977.85,71.79,77.07,0.979281,0.905415,0.037389,0.071363,0.7091
113,1209.02,934.97,273.04,274.44,0.6297,0.865709,0.142208,0.254114,0.9336
113,87.6,321.46,175.2,251.96,0.045626,0.297652,0.091251,0.233296,0.9336
113,446.59,247.73,339.95,338.55,0.232598,0.229379,0.177058,0.313474,0.933
113,301.18,774.57,330.23,328.49,0.156867,0.717198,0.171995,0.30416,0.9294
113,1844.61,523.21,150.77,262.63,0.960736,0.484458,0.078528,0.24318,0.9233
113,796.91,285.44,391.97,394.94,0.415057,0.264296,0.204149,0.365689,0.9227
113,1206.56,561.01,231.64,227.01,0.628418,0.51945,0.120648,0.21019,0.9192
113,1616.96,738.24,227.23,225.27,0.842168,0.683553,0.118348,0.208581,0.911
113,784.41,988.8,296.18,182.39,0.408549,0.915559,0.154262,0.168882,0.9102
113,879.18,557.74,157.93,157.0,0.457906,0.516429,0.082256,0.14537,0.8867
113,1804.43,845.73,130.86,127.19,0.939806,0.783082,0.068157,0.11777,0.8753
113,1054.1,1023.11,77.31,78.03,0.54901,0.947328,0.040268,0.072248,0.8745
113,1000.33,883.56,173.77,175.92,0.521006,0.818107,0.090503,0.162892,0.8737
113,1059.03,50.67,258.46,101.33,0.551577,0.046914,0.134616,0.093828,0.8692
113,1802.14,772.14,109.78,112.49,0.938614,0.714944,0.057175,0.10416,0.8649
113,1590.62,794.23,67.32,70.71,0.828448,0.735399,0.035061,0.065469,0.8628
113,758.55,924.53,79.36,80.68,0.395078,0.856042,0.041336,0.074706,0.8581
113,1727.78,842.17,142.68,141.91,0.899885,0.779783,0.074313,0.131394,0.8566
113,1617.89,632.06,75.85,75.06,0.84265,0.585237,0.039505,0.069503,0.855
113,1869.4,676.25,58.77,57.93,0.973648,0.626154,0.03061,0.05364,0.8488
113,1676.22,244.51,67.91,68.11,0.873034,0.2264,0.035368,0.063069,0.8463
113,133.46,633.22,78.45,79.25,0.069513,0.586315,0.040857,0.073378,0.8456
113,54.99,593.4,109.99,124.63,0.028642,0.549449,0.057284,0.115397,0.8346
113,149.73,840.83,77.49,78.95,0.077986,0.778549,0.040358,0.073099,0.8302
113,1263.62,525.54,139.72,138.42,0.658134,0.486614,0.072773,0.128169,0.8234
113,1877.85,837.65,83.71,123.19,0.978048,0.775597,0.043599,0.114068,0.7985
113,768.34,193.48,127.26,129.09,0.400179,0.179144,0.066283,0.119527,0.7747
113,1860.71,983.2,118.57,193.34,0.969122,0.910368,0.061756,0.179016,0.7724
113,1865.46,159.04,109.08,318.08,0.971594,0.14726,0.056813,0.29452,0.7679
113,1849.38,972.02,65.38,64.52,0.963218,0.900022,0.034053,0.059737,0.7491
114,1232.27,932.14,281.2,279.38,0.641808,0.863088,0.146458,0.258684,0.9348
114,92.33,340.17,183.52,257.93,0.048088,0.314975,0.095584,0.23882,0.933
114,448.73,256.95,341.16,338.12,0.233714,0.237916,0.177688,0.313073,0.9326
114,319.3,787.44,325.92,326.88,0.166303,0.729109,0.169751,0.302665,0.9298
114,810.53,987.86,305.23,182.83,0.422153,0.914685,0.158973,0.169286,0.926
114,803.69,285.31,395.02,395.34,0.418587,0.264177,0.205737,0.366056,0.9247
114,1636.33,718.13,230.63,228.61,0.852253,0.664935,0.120121,0.211674,0.9191
114,1216.38,549.11,233.11,226.91,0.633533,0.508433,0.121413,0.210099,0.9144
114,1847.77,494.46,144.46,272.55,0.96238,0.457835,0.075241,0.252358,0.896
114,893.75,558.25,158.31,156.83,0.465495,0.516899,0.082453,0.145208,0.8834
114,1822.24,822.22,122.73,127.87,0.949084,0.761311,0.063922,0.1184,0.8797
114,1079.52,1018.63,80.28,80.03,0.562252,0.943181,0.041811,0.074106,0.879
114,1023.18,880.27,181.21,182.29,0.532907,0.815065,0.094379,0.168786,0.8734
114,1610.4,776.49,66.62,67.54,0.83875,0.718971,0.034698,0.062535,0.8726
114,1632.97,613.42,74.02,76.03,0.850505,0.567986,0.038552,0.070402,0.8673
114,147.77,651.81,79.17,79.77,0.076961,0.603526,0.041235,0.073861,0.8662
114,170.98,857.75,73.91,74.95,0.08905,0.794208,0.038493,0.069398,0.864
114,65.28,614.96,125.22,121.62,0.034002,0.569407,0.065221,0.112614,0.8512
114,1683.66,224.8,71.99,73.37,0.876906,0.208149,0.037497,0.067936,0.85
114,1059.84,49.13,267.51,98.25,0.551999,0.045488,0.139327,0.090976,0.849
114,781.72,926.9,78.59,79.77,0.407144,0.858244,0.040933,0.073865,0.8365
114,1885.35,651.42,58.09,58.6,0.981953,0.603163,0.030256,0.05426,0.8328
114,1276.06,514.84,133.52,133.03,0.664616,0.476701,0.069539,0.123172,0.8148
114,1820.01,745.43,105.24,104.1,0.947922,0.690208,0.054812,0.096387,0.8123
114,1867.49,149.65,105.01,299.3,0.972653,0.138565,0.054695,0.277129,0.7942
114,1870.3,945.11,68.78,66.57,0.974116,0.8751,0.035825,0.06164,0.7923
114,1747.69,819.15,139.25,141.85,0.910254,0.758475,0.072526,0.131346,0.7832
114,773.24,195.06,120.97,121.16,0.402731,0.180608,0.063005,0.112182,0.7753
114,39.33,966.38,77.9,225.72,0.020484,0.894799,0.040575,0.208997,0.7456
114,1582.04,444.85,74.19,73.19,0.823977,0.411902,0.038642,0.067768,0.7018
115,455.86,265.44,339.36,340.75,0.237428,0.245781,0.176748,0.315514,0.9358
115,341.64,799.53,327.95,325.79,0.177939,0.740308,0.170809,0.301654,0.9335
115,97.91,356.44,195.48,261.22,0.050997,0.330037,0.101814,0.241868,0.9326
115,810.86,288.04,399.3,397.64,0.422325,0.266704,0.20797,0.368186,0.9308
115,1254.8,919.09,276.97,275.8,0.653539,0.851012,0.144253,0.25537,0.9274
115,837.49,987.07,309.36,183.79,0.436193,0.913956,0.161126,0.170171,0.9192
115,1229.37,538.59,231.68,231.2,0.640298,0.498691,0.120664,0.214078,0.9181
115,1654.87,703.22,228.44,227.62,0.861914,0.65113,0.118979,0.210762,0.9131
115,1043.08,875.32,180.65,182.03,0.543271,0.810484,0.094087,0.168544,0.8916
115,905.62,556.61,157.93,158.32,0.471679,0.515384,0.082256,0.146594,0.8896
115,54.26,975.73,107.55,207.25,0.028261,0.903453,0.056015,0.191897,0.8768
115,1104.03,1012.12,80.13,81.13,0.575017,0.937148,0.041733,0.075125,0.8712
115,1856.77,464.12,126.45,263.04,0.967069,0.429738,0.065862,0.243553,0.8707
115,163.15,669.07,79.22,82.12,0.084972,0.619513,0.041258,0.076038,0.867
115,1629.41,755.64,66.26,67.42,0.848653,0.699667,0.034513,0.062427,0.8664
115,1689.02,202.92,70.18,69.9,0.879697,0.187889,0.03655,0.064722,0.8617
115,81.67,631.4,120.23,119.57,0.042534,0.584629,0.062619,0.110715,0.8466
115,1769.78,798.17,146.29,143.97,0.921763,0.739049,0.076195,0.133309,0.8449
115,1647.18,591.22,74.56,75.34,0.857906,0.547429,0.038832,0.069759,0.8426
115,1843.77,798.3,129.35,129.49,0.960297,0.739167,0.067372,0.119897,0.842
115,1059.25,45.64,268.96,91.29,0.551693,0.042263,0.140084,0.084526,0.8403
115,805.2,927.1,79.9,81.27,0.419373,0.858428,0.041615,0.075248,0.8319
115,1289.52,504.83,132.66,133.27,0.671627,0.467435,0.069094,0.123402,0.8298
115,1837.88,724.41,109.39,108.07,0.957227,0.670746,0.056973,0.100064,0.8196
115,1869.47,141.78,101.06,283.56,0.973683,0.131278,0.052634,0.262557,0.7801
115,193.17,874.24,76.14,77.31,0.100609,0.809478,0.039656,0.07158,0.751
115,1593.33,426.7,73.59,72.4,0.82986,0.395088,0.038327,0.067036,0.7457
115,778.4,196.26,127.44,125.53,0.405418,0.18172,0.066374,0.116232,0.7056
115,1558.62,1039.66,345.72,78.59,0.81178,0.962647,0.180062,0.072768,0.7023
116,460.36,275.62,337.38,341.67,0.239769,0.255203,0.175721,0.316364,0.9351
116,101.48,379.88,202.94,246.88,0.052853,0.351744,0.105699,0.228596,0.9329
116,357.78,811.92,333.86,333.93,0.186344,0.751773,0.173883,0.309196,0.9297
116,816.38,286.83,399.77,399.0,0.4252,0.265582,0.208215,0.369443,0.9281
116,1278.76,904.86,272.85,273.01,0.666022,0.837838,0.142109,0.252784,0.9256
116,865.07,988.13,309.5,182.4,0.450555,0.914935,0.1612,0.168885,0.9141
116,1244.57,531.82,231.17,232.05,0.648212,0.492428,0.120402,0.214857,0.913
116,1671.08,676.22,226.05,224.4,0.870352,0.626131,0.117733,0.207777,0.911
116,1863.61,432.97,112.78,245.09,0.970629,0.4009,0.058742,0.226937,0.8888
116,1130.92,1005.51,82.51,82.11,0.589019,0.931029,0.042974,0.076024,0.885
116,920.22,556.12,159.6,157.81,0.47928,0.51493,0.083124,0.146122,0.8821
116,66.19,990.63,131.65,177.88,0.034474,0.917254,0.068568,0.164708,0.8786
116,1067.35,870.96,184.5,182.93,0.55591,0.806444,0.096096,0.169379,0.8755
116,1789.45,771.82,143.78,143.06,0.932008,0.714647,0.074885,0.132458,0.8719
116,1859.59,771.82,120.81,130.78,0.968538,0.714648,0.062923,0.121091,0.8685
116,1647.58,735.07,67.8,68.57,0.858116,0.680623,0.035313,0.063488,0.8629
116,178.65,685.94,76.88,78.22,0.093046,0.635134,0.040041,0.072426,0.8589
116,1692.12,180.16,71.26,71.63,0.881311,0.166816,0.037116,0.066321,0.8491
116,97.64,652.56,120.51,118.03,0.050855,0.604222,0.062765,0.109289,0.8446
116,1302.92,492.51,136.16,133.79,0.678606,0.456026,0.070915,0.123878,0.8415
116,1662.09,570.79,72.95,74.5,0.865672,0.528508,0.037993,0.068978,0.8382
116,827.81,928.85,79.51,80.19,0.431154,0.860048,0.041414,0.074254,0.8365
116,1057.98,44.55,274.34,89.1,0.551031,0.041251,0.142888,0.082502,0.8359
116,1856.33,697.91,108.25,108.62,0.966837,0.646212,0.056382,0.100578,0.816
116,213.94,892.85,70.68,72.11,0.11143,0.826713,0.03681,0.066771,0.8116
116,781.96,198.44,124.41,123.26,0.407272,0.183742,0.064796,0.114133,0.7738
116,1586.92,1026.72,354.67,104.56,0.826519,0.950663,0.184726,0.096819,0.7316
116,1868.82,127.08,102.36,254.15,0.973343,0.117663,0.053315,0.235325,0.7155
116,1602.58,406.23,72.59,72.85,0.834679,0.376139,0.037806,0.067456,0.7151
117,468.11,286.06,347.65,350.38,0.243805,0.264866,0.181067,0.324424,0.9398
117,380.61,825.78,328.96,329.81,0.198235,0.764615,0.171336,0.305378,0.9388
117,822.07,287.98,404.81,402.57,0.428161,0.266645,0.21084,0.372751,0.9328
117,106.68,400.07,212.94,260.0,0.055563,0.370435,0.110904,0.240739,0.9318
117,1301.41,894.22,284.58,279.98,0.677817,0.827981,0.148219,0.259245,0.9248
117,891.34,985.4,310.4,187.26,0.464242,0.912404,0.161668,0.173391,0.9225
117,1689.88,652.92,234.53,232.49,0.880145,0.604554,0.122151,0.21527,0.922
117,1257.11,516.85,238.31,234.88,0.654747,0.478562,0.124119,0.217478,0.9188
117,80.75,1002.08,161.38,155.03,0.042056,0.927851,0.084054,0.143545,0.8964
117,1087.36,864.33,182.26,181.64,0.566331,0.800306,0.094928,0.168185,0.8934
117,934.21,552.89,158.96,158.2,0.486565,0.511934,0.082792,0.146479,0.8932
117,197.25,704.45,79.32,79.27,0.102735,0.652266,0.041313,0.073398,0.8869
117,1665.73,713.36,70.67,70.59,0.867567,0.660519,0.036809,0.065365,0.8731
117,112.95,672.25,120.16,118.95,0.058826,0.622451,0.062585,0.110142,0.8634
117,1677.3,550.47,76.05,76.88,0.873594,0.509695,0.039611,0.071184,0.8573
117,1312.14,479.5,140.02,140.39,0.683406,0.443984,0.072926,0.129988,0.8552
117,1154.41,996.94,79.75,80.76,0.601257,0.923097,0.041537,0.074776,0.8477
117,851.06,927.93,81.16,81.18,0.443262,0.85919,0.042269,0.075167,0.8431
117,1869.78,741.93,100.45,130.1,0.973842,0.686972,0.052316,0.120464,0.8381
117,1695.39,157.08,72.07,71.64,0.883016,0.145448,0.037539,0.06633,0.8375
117,1806.45,747.47,140.63,142.33,0.940861,0.692101,0.073247,0.131786,0.834
117,236.89,908.68,74.47,76.97,0.123382,0.841366,0.038789,0.071267,0.8227
117,1866.74,403.24,106.52,259.39,0.972261,0.373371,0.055478,0.240171,0.8149
117,1056.29,43.44,289.74,86.89,0.550151,0.040226,0.150906,0.080453,0.8095
117,1623.4,1017.43,392.12,123.85,0.845521,0.942065,0.204232,0.114678,0.8091
117,1871.24,667.62,95.39,104.04,0.974602,0.618166,0.049681,0.096331,0.7842
117,786.42,201.95,121.46,119.51,0.409596,0.186993,0.063259,0.110661,0.7613
117,1612.96,386.51,74.0,73.18,0.840086,0.357884,0.038541,0.067761,0.7509
117,1867.71,113.46,104.58,226.92,0.972765,0.105057,0.05447,0.210114,0.7239
117,1331.43,1057.38,76.1,45.24,0.693452,0.979054,0.039635,0.041893,0.7074
118,831.08,286.42,408.69,407.45,0.432856,0.265204,0.212858,0.377271,0.9394
118,474.46,296.22,351.8,351.91,0.247115,0.274279,0.18323,0.325841,0.9383
118,111.75,423.15,223.51,253.43,0.058204,0.391801,0.116409,0.234659,0.9373
118,401.78,837.73,331.5,330.68,0.209262,0.775677,0.172654,0.306185,0.9328
118,1324.89,879.47,282.92,280.11,0.690049,0.814328,0.147354,0.259364,0.9279
118,1271.64,506.2,237.02,232.43,0.662314,0.468704,0.123447,0.21521,0.9248
118,1703.85,631.14,235.46,235.13,0.88742,0.584385,0.122636,0.217716,0.9206
118,919.7,986.01,314.02,187.97,0.479011,0.912976,0.163551,0.174048,0.9111
118,93.36,1015.06,186.72,128.57,0.048624,0.939871,0.097248,0.119047,0.8877
118,947.86,547.69,162.35,161.6,0.493677,0.507121,0.084557,0.149627,0.8871
118,1111.34,855.38,178.58,182.94,0.578823,0.792022,0.09301,0.169385,0.8851
118,214.0,723.85,78.77,78.6,0.111458,0.670236,0.041026,0.072781,0.8745
118,1683.01,688.95,68.3,69.83,0.876566,0.637913,0.035571,0.064656,0.8719
118,128.89,692.32,118.21,117.13,0.067129,0.641035,0.06157,0.108455,0.868
118,1653.89,1008.56,382.06,141.31,0.861402,0.933849,0.19899,0.130846,0.8643
118,1181.57,989.03,79.84,79.45,0.615402,0.915765,0.041585,0.073568,0.8598
118,1699.31,133.3,75.89,75.65,0.885056,0.123424,0.039527,0.07005,0.8563
118,1828.61,722.45,149.06,148.02,0.9524,0.668933,0.077634,0.137058,0.8505
118,875.5,928.14,80.23,79.61,0.455989,0.859393,0.041788,0.073712,0.8502
118,1690.27,525.48,75.41,77.15,0.880347,0.486558,0.039278,0.071434,0.8459
118,1324.21,465.69,141.1,140.48,0.689693,0.431192,0.073489,0.13007,0.8168
118,1880.32,716.89,79.32,119.87,0.979332,0.663784,0.041312,0.110993,0.8118
118,1872.42,372.76,95.16,233.63,0.975218,0.345147,0.049564,0.216326,0.8006
118,1495.32,1053.84,59.99,52.31,0.778812,0.975782,0.031245,0.048436,0.7992
118,1878.29,636.2,83.41,105.93,0.978278,0.589077,0.043443,0.098084,0.7834
118,1055.73,40.04,291.02,80.08,0.549858,0.037076,0.151575,0.074152,0.7791
118,1258.89,271.44,78.9,79.63,0.655672,0.251335,0.041092,0.073732,0.7601
118,1359.57,1050.48,64.38,59.04,0.708108,0.972664,0.033532,0.054671,0.754
118,261.3,924.86,75.53,77.88,0.136093,0.856351,0.039341,0.072108,0.7467
118,788.59,203.43,121.06,118.08,0.410725,0.188365,0.06305,0.109332,0.7377
118,1622.01,363.39,76.88,76.54,0.844794,0.336469,0.040039,0.070873,0.7369
119,839.03,288.77,414.97,413.42,0.436994,0.267377,0.216128,0.382792,0.9406
119,480.94,305.62,356.17,355.96,0.250489,0.282977,0.185504,0.329589,0.9374
119,116.66,445.04,233.32,261.49,0.060759,0.412075,0.121519,0.242116,0.9372
119,1348.04,865.13,288.46,283.31,0.702105,0.801044,0.150241,0.262324,0.933
119,424.58,849.71,335.95,332.67,0.221136,0.78677,0.174973,0.30803,0.9319
119,945.06,983.77,307.88,190.66,0.492218,0.910901,0.160354,0.176539,0.925
119,1717.55,606.56,239.62,240.78,0.894557,0.561629,0.124802,0.222944,0.9196
119,1279.16,493.61,239.5,235.78,0.666228,0.457044,0.124737,0.218311,0.9165
119,1208.91,977.66,83.6,84.63,0.62964,0.905237,0.04354,0.078365,0.8902
119,1845.58,691.18,145.35,149.5,0.961238,0.639986,0.075705,0.138422,0.885
119,1701.9,499.72,77.67,77.78,0.886407,0.462707,0.040453,0.072017,0.8845
119,1685.9,995.61,384.73,167.1,0.87807,0.921865,0.200378,0.154727,0.8767
119,960.4,546.78,162.09,162.02,0.500209,0.506277,0.084423,0.150017,0.8762
119,233.86,741.13,79.75,80.78,0.121801,0.686232,0.041537,0.074793,0.8736
119,1132.5,846.39,189.23,188.26,0.589842,0.783695,0.098555,0.174315,0.8705
119,147.85,714.72,125.35,126.71,0.077006,0.661781,0.065285,0.117323,0.8657
119,1701.97,665.62,67.89,69.2,0.886445,0.616312,0.035357,0.064075,0.8641
119,1333.44,450.01,142.52,139.73,0.694498,0.416678,0.074231,0.12938,0.864
119,1700.02,107.87,76.39,76.94,0.885426,0.099884,0.039786,0.071236,0.8524
119,899.13,924.99,82.63,84.25,0.468295,0.856471,0.043038,0.078012,0.852
119,284.74,942.8,79.53,81.08,0.148302,0.872964,0.041424,0.075073,0.8416
119,1387.51,1040.05,65.07,63.49,0.722664,0.963009,0.033892,0.058784,0.8371
119,791.4,202.93,127.24,124.36,0.412187,0.187901,0.066272,0.115148,0.8146
119,104.45,1025.99,208.91,106.67,0.054403,0.949995,0.108806,0.098768,0.8102
119,1524.19,1040.27,59.6,60.26,0.793847,0.963215,0.031041,0.055797,0.8031
119,1629.94,341.16,75.4,75.1,0.848929,0.315893,0.039272,0.069538,0.776
119,1045.02,36.6,287.02,73.19,0.544282,0.033885,0.149491,0.067769,0.7537
119,1877.28,339.41,85.44,254.45,0.97775,0.314265,0.0445,0.235602,0.7434
119,1886.42,605.3,67.17,112.02,0.982508,0.560466,0.034984,0.103718,0.7268
119,1888.96,687.18,61.49,115.66,0.983831,0.63628,0.032025,0.107096,0.7017
120,843.36,288.17,416.56,415.81,0.43925,0.266824,0.216959,0.385008,0.9403
120,487.92,316.05,357.65,357.27,0.254127,0.292642,0.186274,0.330809,0.9356
120,443.86,862.53,338.59,337.36,0.231177,0.798643,0.176348,0.312372,0.9309
120,123.6,465.17,245.88,261.3,0.064373,0.430713,0.128061,0.241947,0.9276
120,1373.25,854.85,281.61,281.94,0.715237,0.79153,0.146673,0.261056,0.9272
120,1296.67,476.0,250.5,250.86,0.675348,0.440745,0.13047,0.232276,0.9204
120,973.95,981.91,309.47,194.15,0.507266,0.909172,0.16118,0.179767,0.9196
120,1734.93,577.79,244.06,239.48,0.903611,0.534987,0.127113,0.221742,0.9178
120,1714.56,474.06,78.03,79.26,0.892999,0.438941,0.040641,0.073385,0.8958
120,1702.83,979.5,405.86,198.46,0.886893,0.906944,0.211387,0.183759,0.8921
120,973.32,542.99,166.2,166.07,0.506939,0.50277,0.086565,0.153764,0.8761
120,1157.27,839.43,190.86,185.31,0.602745,0.777246,0.099408,0.171587,0.8695
120,1718.57,639.89,66.62,68.79,0.895087,0.592491,0.034698,0.063697,0.8677
120,166.87,734.44,128.5,125.75,0.086912,0.680033,0.066926,0.116439,0.8574
120,1233.9,967.51,82.29,82.55,0.642656,0.89584,0.04286,0.076431,0.8555
120,254.26,759.52,80.35,81.85,0.132428,0.703256,0.041851,0.075791,0.8549
120,1699.54,82.62,71.97,72.35,0.885176,0.076497,0.037482,0.066992,0.8505
120,1415.94,1023.96,67.18,63.38,0.737467,0.948115,0.034991,0.058682,0.8393
120,1853.85,658.56,131.86,149.21,0.965549,0.609778,0.068677,0.138154,0.8316
120,923.52,923.54,81.95,83.68,0.480998,0.855134,0.042683,0.077484,0.8313
120,1348.31,436.32,147.97,147.91,0.702245,0.404002,0.077066,0.136954,0.8223
120,311.65,960.29,81.19,81.58,0.162319,0.88916,0.042287,0.075539,0.818
120,1550.87,1018.41,61.48,60.84,0.807744,0.942968,0.032018,0.056329,0.801
120,1637.11,316.37,77.89,77.39,0.852663,0.292935,0.040566,0.071654,0.7802
120,794.32,203.24,127.16,126.44,0.413708,0.188183,0.066228,0.117071,0.7767
120,1878.22,305.73,83.56,263.42,0.978239,0.283082,0.043521,0.24391,0.7662
120,127.33,1037.48,248.52,83.39,0.066317,0.960629,0.129437,0.077211,0.7303
120,1041.0,34.1,300.89,68.19,0.542186,0.03157,0.156713,0.06314,0.7247
121,466.73,873.62,342.2,342.14,0.24309,0.80891,0.178231,0.316796,0.9379
121,847.08,289.57,418.05,421.15,0.441187,0.268118,0.217736,0.389958,0.9377
121,494.38,328.51,359.15,360.29,0.257488,0.304177,0.187058,0.333605,0.9368
121,131.85,488.38,254.98,266.06,0.068673,0.452202,0.132802,0.24635,0.9322
121,1392.21,833.96,287.45,287.93,0.725111,0.772185,0.149715,0.266603,0.9287
121,1747.71,550.17,237.12,233.33,0.910267,0.509421,0.123499,0.216042,0.9273
121,1719.27,963.93,398.3,230.2,0.895453,0.892525,0.207448,0.213152,0.9195
121,1002.01,980.58,318.18,198.84,0.521879,0.907945,0.165719,0.184111,0.9153
121,1304.8,462.32,249.76,251.6,0.679582,0.428076,0.130081,0.232961,0.9077
121,1178.71,825.92,187.05,187.45,0.613914,0.764743,0.097422,0.173566,0.883
121,988.42,538.0,175.09,170.01,0.5148,0.498145,0.091192,0.15742,0.8824
121,1724.86,446.1,76.08,78.54,0.898363,0.413051,0.039627,0.072721,0.8692
121,1353.62,418.74,147.01,147.17,0.70501,0.387722,0.07657,0.136269,0.8616
121,183.57,755.65,124.12,124.38,0.09561,0.699673,0.064643,0.115167,0.8613
121,271.01,777.42,80.08,82.18,0.14115,0.719838,0.041709,0.07609,0.8599
121,1733.84,611.77,66.09,67.05,0.90304,0.566454,0.034424,0.062082,0.8566
121,1862.56,625.71,114.14,149.89,0.970083,0.57936,0.059446,0.138788,0.8544
121,1259.39,954.59,82.08,83.18,0.655935,0.883884,0.042748,0.077018,0.8527
121,1442.59,1005.99,66.52,68.65,0.751348,0.931475,0.034648,0.063567,0.8525
121,948.2,921.78,80.33,81.52,0.493856,0.853496,0.041836,0.075484,0.8458
121,1698.52,55.51,69.38,69.96,0.884646,0.051395,0.036135,0.064781,0.8455
121,337.12,976.12,77.45,77.86,0.175581,0.903814,0.040341,0.072095,0.8416
121,1642.33,291.83,77.62,77.35,0.855381,0.270211,0.040425,0.071622,0.7985
121,797.55,205.54,127.75,126.03,0.415393,0.190311,0.066534,0.116692,0.7983
121,1579.36,995.32,59.17,60.06,0.822585,0.921593,0.030819,0.055611,0.7597
121,1881.0,276.44,78.0,281.47,0.979687,0.255962,0.040627,0.260621,0.7503
121,1271.81,232.68,84.61,84.92,0.662402,0.215443,0.04407,0.078627,0.719
122,498.3,335.32,364.14,362.24,0.259532,0.31048,0.189658,0.335406,0.9371
122,851.95,287.9,416.75,423.31,0.443723,0.266577,0.217058,0.391952,0.9371
122,492.29,884.89,349.44,346.49,0.2564,0.819343,0.182,0.320824,0.931
122,1415.97,818.11,291.24,291.69,0.737486,0.757506,0.151687,0.270087,0.9289
122,137.75,509.64,263.73,264.57,0.071743,0.471891,0.137358,0.244975,0.9264
122,1314.55,450.25,247.09,247.49,0.684662,0.416895,0.128692,0.229161,0.9256
122,1028.1,974.81,320.32,208.61,0.53547,0.902605,0.166834,0.193158,0.9228
122,1761.23,519.91,234.63,232.74,0.917309,0.481395,0.122202,0.215498,0.9215
122,1738.22,948.45,363.57,260.97,0.905321,0.878196,0.189359,0.24164,0.892
122,999.18,534.43,167.46,167.17,0.520409,0.494841,0.087219,0.154784,0.8918
122,293.04,794.51,82.84,81.32,0.152624,0.735658,0.043144,0.075292,0.877
122,1200.11,816.72,189.56,189.11,0.625057,0.756218,0.098731,0.175098,0.872
122,1735.46,418.46,77.34,77.61,0.903887,0.387466,0.040281,0.071859,0.8706
122,1285.02,939.81,83.96,84.57,0.66928,0.870198,0.043728,0.078306,0.8638
122,973.87,917.98,87.11,85.98,0.507223,0.849981,0.045371,0.079612,0.8583
122,363.07,990.53,79.33,79.35,0.189099,0.917159,0.041319,0.073471,0.8582
122,206.33,775.83,122.64,126.72,0.107465,0.718363,0.063873,0.117336,0.8524
122,1364.66,404.83,142.78,142.33,0.710761,0.374839,0.074365,0.131783,0.8509
122,1748.65,582.24,69.76,69.78,0.910754,0.539115,0.036333,0.064612,0.8345
122,1694.81,32.82,73.62,65.04,0.882714,0.030393,0.038345,0.060223,0.8113
122,1534.91,1058.09,60.02,43.3,0.799433,0.97971,0.031261,0.04009,0.8103
122,1470.57,984.77,64.72,65.4,0.765923,0.911824,0.033709,0.060559,0.8085
122,801.88,204.16,123.45,124.75,0.417645,0.189033,0.064296,0.115512,0.8065
122,1870.93,594.42,98.14,144.89,0.974442,0.55039,0.051117,0.13416,0.7951
122,1606.37,972.32,60.65,58.55,0.836649,0.900297,0.031587,0.054217,0.7684
122,1884.36,250.47,71.29,276.31,0.981435,0.231913,0.037129,0.255846,0.7618
122,1647.06,265.94,75.69,76.79,0.857846,0.246242,0.039422,0.071099,0.7532
122,1273.43,217.77,86.06,86.9,0.663245,0.201641,0.044821,0.080459,0.7095
123,505.88,350.68,362.71,361.02,0.263477,0.3247,0.188912,0.334274,0.941
123,1437.54,797.07,288.45,289.69,0.748719,0.738027,0.150233,0.268228,0.939
123,857.22,284.5,422.48,425.57,0.44647,0.263423,0.220042,0.394049,0.9357
123,516.13,894.25,348.73,349.99,0.268817,0.82801,0.181631,0.324064,0.9348
123,1060.55,969.95,312.28,218.11,0.552369,0.898099,0.162645,0.201955,0.9306
123,147.01,531.23,268.35,268.86,0.076567,0.491882,0.139767,0.248948,0.9297
123,1326.47,434.2,257.09,252.78,0.690869,0.40204,0.133902,0.234053,0.9259
123,1749.46,932.83,341.08,292.42,0.911178,0.863728,0.177643,0.270762,0.9132
123,1773.28,491.95,243.98,239.62,0.923583,0.455508,0.127071,0.221874,0.9113
123,1012.74,526.01,170.24,169.35,0.527466,0.487049,0.088665,0.156803,0.8892
123,1221.88,802.3,192.87,190.85,0.636394,0.742874,0.100452,0.17671,0.8801
123,1743.52,387.48,79.05,80.07,0.908085,0.358777,0.041173,0.074135,0.8784
123,1311.91,924.8,85.87,86.73,0.683289,0.856299,0.044724,0.080306,0.8763
123,1565.31,1043.23,61.35,61.22,0.815267,0.965952,0.031953,0.056688,0.8715
123,391.24,1005.57,82.09,83.27,0.203773,0.931081,0.042753,0.077101,0.8685
123,1761.96,551.6,69.73,70.14,0.917686,0.510742,0.036319,0.064949,0.8629
123,224.45,795.88,131.31,128.5,0.116903,0.736929,0.06839,0.118983,0.8564
123,1373.65,385.21,149.58,149.2,0.715442,0.356672,0.077908,0.138151,0.8437
123,314.29,811.9,83.36,84.11,0.163694,0.751761,0.043418,0.077879,0.8426
123,1373.19,683.9,58.47,59.74,0.715204,0.633242,0.030455,0.055313,0.8374
123,1634.42,944.87,61.33,60.4,0.851261,0.874882,0.031944,0.055927,0.8351
123,1496.62,964.25,66.02,66.65,0.779492,0.892828,0.034383,0.061709,0.8271
123,1000.16,911.22,84.95,86.19,0.520918,0.843722,0.044242,0.079807,0.8265
123,1878.69,562.16,82.62,155.28,0.978485,0.520522,0.043031,0.143775,0.8079
123,802.26,204.51,125.83,127.41,0.417843,0.189358,0.065538,0.117975,0.8076
123,64.88,84.79,129.26,169.57,0.033789,0.078507,0.067324,0.157014,0.7808
123,1275.85,202.22,85.33,84.67,0.664505,0.18724,0.044444,0.078398,0.7598
123,1650.04,238.96,78.3,78.68,0.859398,0.221258,0.040781,0.072853,0.7526
123,1885.29,211.79,69.42,281.73,0.981921,0.196101,0.036159,0.260859,0.7104
123,1691.59,17.6,60.82,34.55,0.881035,0.016294,0.031679,0.031991,0.7075
124,511.76,357.28,364.28,364.96,0.26654,0.330818,0.189729,0.337927,0.936
124,1458.84,775.72,301.89,298.39,0.759811,0.718263,0.157234,0.276284,0.9354
124,539.7,903.52,352.48,346.46,0.281095,0.836589,0.183582,0.320801,0.9329
124,863.1,284.39,428.53,431.21,0.449531,0.26332,0.223191,0.399269,0.932
124,1088.77,965.84,323.49,226.52,0.567067,0.894296,0.168483,0.209744,0.9292
124,159.74,555.52,274.24,268.11,0.083197,0.514368,0.142832,0.248251,0.9274
124,1334.6,414.74,258.16,258.79,0.695103,0.38402,0.13446,0.23962,0.9185
124,1757.92,912.58,324.15,332.58,0.915585,0.844982,0.168831,0.307945,0.9098
124,1783.02,456.81,248.23,243.88,0.928656,0.422976,0.129286,0.225814,0.9024
124,1024.39,519.98,172.15,170.77,0.533534,0.481461,0.089659,0.158123,0.8951
124,334.05,828.53,82.96,84.01,0.173983,0.767154,0.043206,0.077785,0.8914
124,1775.07,520.14,73.82,74.9,0.924516,0.481608,0.038448,0.069354,0.8834
124,1241.36,789.25,193.85,192.62,0.646544,0.730783,0.100963,0.178349,0.8753
124,1593.43,1017.63,63.48,64.93,0.829914,0.942253,0.03306,0.06012,0.8702
124,1336.37,907.56,87.07,86.6,0.696024,0.840335,0.045351,0.080185,0.8673
124,1752.34,356.25,80.58,83.11,0.912677,0.329862,0.041969,0.076957,0.866
124,420.17,1021.05,85.44,87.14,0.21884,0.945419,0.044502,0.080685,0.8626
124,1025.17,905.98,85.53,86.25,0.53394,0.83887,0.044549,0.079858,0.8549
124,245.25,816.05,128.04,130.55,0.127736,0.755605,0.066687,0.120877,0.8546
124,1391.24,665.46,59.92,61.2,0.724603,0.616169,0.03121,0.056667,0.8529
124,1523.14,941.2,68.87,69.27,0.793303,0.871481,0.035872,0.064135,0.8521
124,1383.14,366.65,147.96,147.67,0.720383,0.339488,0.077064,0.136732,0.8202
124,803.53,204.72,129.24,128.83,0.418503,0.189557,0.06731,0.119288,0.8157
124,64.71,100.12,128.78,200.24,0.033702,0.092703,0.067071,0.185406,0.8062
124,1660.1,917.6,63.57,64.93,0.864634,0.849632,0.033107,0.060119,0.804
124,1653.17,210.74,81.31,80.44,0.861027,0.195132,0.042351,0.074482,0.7795
124,1279.54,188.05,87.64,87.64,0.666429,0.174121,0.045645,0.081144,0.7447
124,1883.74,518.78,72.51,152.87,0.981116,0.480348,0.037768,0.14155,0.7441
125,517.5,367.38,367.0,368.78,0.269529,0.340163,0.191148,0.341465,0.9399
125,1119.3,962.12,323.08,233.77,0.58297,0.890853,0.168273,0.216455,0.9336
125,1480.72,749.9,299.93,295.53,0.771208,0.694349,0.156214,0.273636,0.9334
125,173.11,576.78,271.41,271.13,0.090162,0.534051,0.14136,0.251042,0.9317
125,563.65,909.51,348.84,338.03,0.293566,0.842136,0.181689,0.312989,0.9294
125,868.2,283.77,426.4,421.53,0.452189,0.262751,0.222085,0.390308,0.9285
125,1341.12,395.16,255.28,253.94,0.698501,0.365885,0.132961,0.235128,0.9202
125,1772.56,895.63,294.89,368.75,0.923207,0.829283,0.153587,0.341435,0.9187
125,1794.51,425.61,243.26,248.64,0.93464,0.394086,0.1267,0.23022,0.8985
125,1266.77,775.41,191.14,189.49,0.659774,0.717971,0.099554,0.175455,0.8946
125,1757.81,323.47,77.97,79.17,0.915526,0.299508,0.040611,0.073302,0.892
125,357.28,844.21,81.59,82.36,0.186083,0.781672,0.042496,0.076258,0.8857
125,1362.19,888.94,86.53,85.79,0.709475,0.823093,0.045069,0.079433,0.884
125,1549.29,916.98,69.91,71.36,0.806923,0.849059,0.036409,0.066076,0.8624
125,1623.32,991.08,64.68,64.15,0.845477,0.917669,0.033688,0.059397,0.8613
125,267.76,835.05,127.24,130.05,0.139459,0.773196,0.066272,0.120421,0.8608
125,1035.6,512.02,174.17,168.2,0.539377,0.474089,0.090716,0.155743,0.858
125,1407.73,644.77,58.21,58.1,0.733195,0.597006,0.030315,0.0538,0.854
125,1786.84,486.52,70.74,70.91,0.930643,0.450482,0.036845,0.065656,0.8537
125,1048.54,897.86,86.73,86.51,0.546112,0.831348,0.04517,0.080103,0.8509
125,448.48,1034.04,85.23,86.76,0.233582,0.957447,0.044388,0.080334,0.85
125,1385.85,348.81,152.34,148.33,0.721799,0.322973,0.079342,0.137346,0.8296
125,805.1,205.83,127.96,126.01,0.419321,0.19058,0.066646,0.116674,0.8287
125,1654.88,182.0,79.23,78.58,0.861915,0.168519,0.041266,0.072756,0.8168
125,66.75,112.15,132.89,224.29,0.034766,0.103839,0.069213,0.207677,0.8078
125,1684.75,889.25,62.47,62.13,0.877475,0.82338,0.032539,0.057529,0.7943
125,1280.07,171.69,86.83,86.51,0.666705,0.158972,0.045226,0.080099,0.7387
125,1887.51,147.31,64.97,281.38,0.98308,0.136398,0.033839,0.26054,0.7378
126,524.85,377.78,373.61,369.0,0.273361,0.349797,0.194588,0.341665,0.9361
126,589.22,914.21,352.14,331.58,0.306886,0.846491,0.183407,0.307018,0.9339
126,186.99,598.05,273.77,273.53,0.097393,0.553751,0.142591,0.253265,0.9335
126,1141.55,954.03,325.38,250.41,0.594555,0.883363,0.169469,0.231863,0.9315
126,869.84,280.31,429.6,422.79,0.45304,0.259542,0.223748,0.391474,0.9266
126,1500.81,730.07,299.01,298.68,0.78167,0.675994,0.155737,0.276552,0.9239
126,1785.22,875.67,269.57,407.58,0.9298,0.810803,0.140401,0.377389,0.9206
126,1347.29,381.54,254.22,253.56,0.701715,0.353276,0.132407,0.234775,0.9196
126,1799.09,385.18,241.58,246.43,0.937029,0.35665,0.125824,0.228174,0.9094
126,1286.78,757.31,192.58,190.91,0.670196,0.701209,0.1003,0.176765,0.9045
126,1763.53,290.37,82.38,82.59,0.918506,0.268861,0.042906,0.076472,0.8882
126,1049.86,505.23,179.35,173.77,0.546802,0.467804,0.093411,0.160903,0.8861
126,1711.01,857.8,61.81,62.43,0.891152,0.794257,0.032195,0.057806,0.8826
126,379.68,859.44,82.87,83.66,0.197748,0.79578,0.04316,0.077459,0.8743
126,1651.41,962.28,64.63,63.51,0.860111,0.891,0.033661,0.058801,0.8616
126,1387.35,869.61,85.29,85.14,0.722579,0.805192,0.044424,0.078831,0.8605
126,292.64,854.62,125.25,125.56,0.152417,0.791311,0.065235,0.116256,0.8573
126,1796.47,452.43,72.06,71.21,0.935659,0.418914,0.037533,0.06594,0.8565
126,1074.7,889.57,85.46,85.42,0.55974,0.823672,0.044511,0.079095,0.8528
126,1393.27,327.57,148.28,147.36,0.725664,0.303303,0.07723,0.136445,0.8484
126,1576.4,889.31,67.86,69.11,0.821041,0.823434,0.035344,0.063986,0.8424
126,806.31,205.68,128.05,126.24,0.419955,0.190445,0.066695,0.116887,0.838
126,1423.83,624.07,58.5,60.3,0.74158,0.577843,0.030466,0.055834,0.8304
126,60.77,124.05,121.34,247.71,0.031649,0.114861,0.063198,0.229366,0.827
126,476.85,1042.13,81.43,75.73,0.24836,0.964939,0.042411,0.070122,0.8236
126,1655.27,152.56,78.86,77.83,0.862119,0.141259,0.041074,0.072062,0.7904
126,1279.33,155.58,87.95,88.42,0.66632,0.144054,0.045806,0.081872,0.7707
126,1884.21,106.44,71.59,212.89,0.981358,0.09856,0.037285,0.19712,0.7032
127,532.34,388.77,370.93,365.48,0.277259,0.359971,0.193195,0.338408,0.9428
127,1174.58,946.52,330.56,265.61,0.611761,0.876412,0.172168,0.245938,0.9349
127,1519.57,705.06,304.92,301.31,0.79144,0.652836,0.158812,0.278991,0.9341
127,202.74,620.41,268.3,266.16,0.105593,0.574454,0.139741,0.246449,0.9309
127,872.56,278.42,430.55,425.38,0.454456,0.257794,0.224244,0.393874,0.9298
127,614.2,915.63,362.95,328.75,0.319896,0.847803,0.189037,0.304395,0.9275
127,1357.81,358.97,266.01,260.9,0.707195,0.332378,0.138546,0.241572,0.9257
127,1799.98,857.94,240.03,435.47,0.937492,0.794389,0.125016,0.403213,0.9204
127,1802.24,355.34,234.83,247.52,0.938669,0.329023,0.122306,0.229188,0.9193
127,1056.77,495.12,172.51,174.02,0.550401,0.458448,0.089849,0.161128,0.895
127,1304.27,740.64,196.49,191.26,0.679306,0.685775,0.102336,0.177093,0.8946
127,404.89,874.97,82.45,84.29,0.21088,0.810156,0.042941,0.078051,0.8851
127,1766.62,255.98,80.47,81.29,0.920116,0.23702,0.041909,0.075273,0.8817
127,313.76,870.45,127.16,124.41,0.163418,0.805969,0.066227,0.115193,0.8623
127,1410.66,849.34,87.53,86.13,0.734716,0.786421,0.045589,0.079747,0.8617
127,59.43,137.47,118.85,266.0,0.030951,0.127289,0.061903,0.246295,0.8584
127,1804.52,417.79,76.82,77.1,0.939852,0.38684,0.040012,0.071388,0.8569
127,1679.02,931.81,65.06,66.73,0.874491,0.862783,0.033888,0.061785,0.8569
127,1439.09,602.19,58.05,57.73,0.749525,0.557584,0.030232,0.053452,0.8524
127,806.48,205.53,125.83,127.43,0.42004,0.190303,0.065534,0.117992,0.8502
127,1099.73,878.59,85.84,86.16,0.572774,0.813507,0.044706,0.079778,0.8398
127,1703.92,57.94,57.93,56.02,0.887459,0.053646,0.030171,0.05187,0.8247
127,1733.12,826.95,63.28,62.55,0.902669,0.765696,0.032956,0.057915,0.8243
127,1600.58,861.45,71.93,72.86,0.833636,0.797643,0.037462,0.067459,0.8182
127,508.95,1047.89,82.89,64.21,0.265076,0.970273,0.043174,0.059455,0.8078
127,1277.58,137.83,90.34,88.11,0.665404,0.127619,0.047054,0.08158,0.8028
127,1455.9,1042.0,174.75,76.01,0.758283,0.964812,0.091016,0.070376,0.7813
127,1741.16,861.09,58.23,57.78,0.906854,0.797308,0.030326,0.053503,0.7455
127,1652.41,122.12,78.99,78.36,0.860629,0.113076,0.041143,0.072554,0.7096
128,538.3,396.2,373.65,370.04,0.280364,0.366849,0.194609,0.34263,0.9408
128,217.84,642.79,272.73,271.09,0.113458,0.595172,0.142045,0.251009,0.9347
128,1538.24,679.06,298.53,300.22,0.801165,0.628755,0.155485,0.277985,0.9333
128,875.2,275.61,427.04,425.81,0.455832,0.255197,0.222415,0.394272,0.9298
128,639.14,919.46,354.97,321.07,0.332883,0.851356,0.184881,0.297287,0.9267
128,1806.88,320.83,226.24,242.95,0.941084,0.297061,0.117833,0.224954,0.9213
128,1197.0,940.24,324.33,278.81,0.623439,0.870589,0.168919,0.258158,0.9212
128,1364.06,338.4,254.74,253.91,0.710447,0.31333,0.132679,0.235099,0.9142
128,1434.11,824.34,89.94,90.68,0.746931,0.763278,0.046841,0.083965,0.8875
128,430.09,888.08,82.43,81.99,0.224004,0.822294,0.042933,0.075918,0.8848
128,1812.36,819.68,215.29,428.16,0.943935,0.758961,0.11213,0.396441,0.8828
128,1322.99,721.37,192.54,190.9,0.689056,0.667931,0.100279,0.176758,0.8741
128,1767.8,220.4,79.94,79.87,0.920727,0.204075,0.041634,0.073954,0.8691
128,1070.03,485.67,175.1,173.49,0.55731,0.449697,0.091195,0.160643,0.8632
128,342.19,889.42,129.65,130.73,0.178221,0.823533,0.067525,0.121046,0.86
128,805.76,204.51,125.78,127.33,0.419669,0.189359,0.065512,0.117894,0.8557
128,1705.49,900.15,65.93,66.2,0.888274,0.833469,0.034338,0.061294,0.8513
128,1812.9,379.02,76.47,75.4,0.944218,0.350943,0.03983,0.069815,0.8492
128,1123.89,867.9,86.91,88.46,0.585361,0.803614,0.045265,0.081903,0.8486
128,58.19,165.82,116.18,270.34,0.030309,0.153533,0.060511,0.250315,0.8463
128,1453.24,577.19,58.06,59.32,0.756895,0.534439,0.030239,0.054926,0.8414
128,1756.36,788.94,63.48,63.39,0.914771,0.730504,0.033062,0.058695,0.8366
128,1623.82,832.53,71.36,72.05,0.845737,0.77086,0.037169,0.066709,0.8341
128,1494.08,1028.09,195.01,102.61,0.778166,0.951931,0.101568,0.095014,0.808
128,1756.36,1057.18,81.8,45.64,0.914769,0.978869,0.042606,0.042262,0.7773
128,1273.02,120.76,92.01,92.08,0.663032,0.111814,0.04792,0.085262,0.7521
128,1400.4,285.86,150.71,147.75,0.729376,0.264687,0.078496,0.136802,0.7469
128,1650.84,91.25,80.93,79.15,0.859814,0.084493,0.042152,0.07329,0.7299
128,540.77,1051.02,91.13,57.97,0.281653,0.973162,0.047464,0.053676,0.7218
128,1759.37,842.86,71.11,77.65,0.916338,0.780426,0.037034,0.071901,0.7042
129,543.6,406.95,373.38,370.76,0.283124,0.376805,0.194469,0.343293,0.9359
129,877.85,270.43,430.54,429.37,0.457211,0.250394,0.22424,0.397562,0.9345
129,1227.23,932.33,321.53,295.35,0.639182,0.863266,0.167463,0.273468,0.9282
129,665.05,922.08,366.15,315.83,0.34638,0.853781,0.190706,0.292438,0.9263
129,1368.54,319.4,259.67,259.25,0.712781,0.295739,0.135247,0.24005,0.9258
129,235.04,663.89,272.39,270.29,0.122415,0.614709,0.141867,0.25027,0.9248
129,1554.07,651.31,302.21,302.35,0.809409,0.603062,0.1574,0.27995,0.9204
129,1820.51,775.06,198.97,406.04,0.948185,0.717644,0.10363,0.375962,0.9078
129,1344.41,701.27,193.1,191.34,0.700211,0.649325,0.100573,0.177169,0.9035
129,1806.16,282.09,227.69,259.06,0.940706,0.261199,0.118588,0.239871,0.8999
129,1081.54,475.65,173.78,172.62,0.563304,0.440414,0.090512,0.159837,0.8875
129,453.93,901.98,82.86,82.17,0.236423,0.835165,0.043157,0.076084,0.8784
129,1729.9,864.4,64.1,63.76,0.900991,0.800371,0.033385,0.059036,0.8742
129,1767.94,183.73,83.87,83.15,0.920801,0.170123,0.04368,0.076993,0.8735
129,1818.19,342.11,74.39,75.39,0.946972,0.316772,0.038747,0.069803,0.8719
129,1524.81,1015.5,229.78,127.0,0.794169,0.940278,0.119678,0.117589,0.8669
129,59.05,190.81,118.09,270.76,0.030754,0.176678,0.061508,0.250705,0.8648
129,1456.68,801.41,87.98,88.32,0.758686,0.74205,0.045825,0.081774,0.8635
129,806.43,204.35,128.33,129.81,0.420015,0.189215,0.06684,0.120191,0.863
129,364.93,903.33,125.65,125.92,0.190068,0.836413,0.065443,0.116596,0.8569
129,1787.1,1040.02,88.14,79.96,0.930783,0.962981,0.045908,0.074039,0.8501
129,1467.24,553.67,60.58,60.58,0.764186,0.512658,0.03155,0.056095,0.8482
129,1149.87,854.79,87.01,88.97,0.598893,0.791473,0.045319,0.082381,0.8326
129,1647.09,799.44,71.85,72.26,0.857857,0.740221,0.037421,0.066906,0.8215
129,30.51,818.48,61.01,98.37,0.015889,0.757856,0.031778,0.091088,0.8176
129,1776.01,754.29,67.19,66.95,0.925005,0.698421,0.034992,0.061986,0.7888
129,1644.94,59.2,78.89,78.47,0.856742,0.054813,0.041086,0.072659,0.7696
129,1402.45,260.41,150.25,149.57,0.730445,0.241118,0.078255,0.138492,0.7675
129,1270.44,102.19,90.83,89.71,0.661689,0.094618,0.04731,0.083064,0.7532
129,1785.66,790.58,58.47,56.35,0.930034,0.732017,0.030452,0.05218,0.7133
130,551.22,416.75,370.82,366.13,0.287095,0.385881,0.193137,0.33901,0.9403
130,1571.04,620.03,296.94,298.1,0.818249,0.574098,0.154658,0.276016,0.9374
130,250.95,686.44,269.78,268.89,0.130702,0.635588,0.140511,0.248973,0.9348
130,878.2,266.55,433.1,433.37,0.457395,0.246803,0.225575,0.401264,0.9319
130,1372.27,296.62,255.05,257.53,0.714725,0.274651,0.132839,0.238454,0.9256
130,1253.94,920.34,321.34,313.42,0.653095,0.852164,0.167363,0.290208,0.9229
130,694.6,923.49,361.2,313.03,0.361769,0.855079,0.188126,0.289841,0.9111
130,1808.24,237.82,223.51,247.43,0.941794,0.220202,0.116413,0.229099,0.9101
130,1362.04,680.22,196.79,193.61,0.709396,0.629838,0.102494,0.179265,0.8934
130,1829.88,739.81,180.24,432.46,0.953062,0.685006,0.093875,0.400421,0.8873
130,1088.14,465.12,176.2,177.01,0.566738,0.430666,0.091768,0.163901,0.8848
130,1819.49,1009.43,85.91,87.06,0.947649,0.934655,0.044744,0.080609,0.876
130,481.21,913.2,82.13,82.4,0.250629,0.845551,0.042777,0.076299,0.8681
130,1765.92,146.32,80.71,81.16,0.91975,0.135478,0.042034,0.075149,0.8632
130,1479.65,775.39,87.71,87.41,0.770651,0.717953,0.045683,0.080931,0.8578
130,1755.05,828.74,65.86,65.27,0.914089,0.767347,0.034305,0.060435,0.857
130,805.86,204.7,125.68,128.2,0.419716,0.189535,0.065456,0.1187,0.8543
130,392.61,919.71,131.38,130.65,0.204483,0.851585,0.068428,0.12097,0.8529
130,1668.86,768.32,70.4,69.89,0.869198,0.711405,0.036669,0.064716,0.8511
130,1823.14,301.72,72.36,72.31,0.949552,0.27937,0.037685,0.066955,0.8422
130,1479.37,526.39,60.95,59.83,0.770506,0.487402,0.031744,0.055396,0.8356
130,1407.53,240.64,139.78,143.99,0.733087,0.22281,0.072802,0.133328,0.8344
130,1795.78,716.66,66.05,66.65,0.9353,0.663578,0.034399,0.061711,0.8328
130,57.12,223.44,114.09,263.58,0.029751,0.206893,0.059421,0.244052,0.8254
130,1172.45,840.52,88.78,87.7,0.610652,0.778262,0.046239,0.0812,0.8175
130,1554.38,1002.31,205.09,155.39,0.809575,0.928062,0.106819,0.143875,0.8045
130,1804.93,755.58,65.81,66.58,0.94007,0.699608,0.034275,0.06165,0.7963
130,1854.57,907.03,58.98,58.16,0.965921,0.839842,0.030718,0.05385,0.7946
130,1889.28,1056.63,61.44,46.75,0.983999,0.978359,0.032001,0.043283,0.7661
130,42.94,849.3,85.87,95.43,0.022362,0.786388,0.044724,0.088357,0.7372
130,1266.01,84.46,89.46,88.97,0.659382,0.078204,0.046596,0.082383,0.7308
130,1801.71,777.62,63.06,59.81,0.938392,0.720017,0.032845,0.055381,0.7227
130,65.64,1014.57,130.21,129.68,0.034185,0.939414,0.067816,0.120072,0.7112
131,558.71,422.06,370.45,368.96,0.290994,0.390794,0.192942,0.341633,0.9348
131,267.16,704.84,269.49,267.25,0.139147,0.652633,0.140358,0.247458,0.9322
131,1585.11,590.24,303.34,300.07,0.825579,0.546523,0.157989,0.277841,0.9322
131,1284.25,910.12,321.26,318.23,0.668879,0.842704,0.167321,0.294656,0.9308
131,878.04,262.95,431.48,431.5,0.457314,0.243475,0.224728,0.399539,0.9291
131,1371.29,272.96,252.36,251.16,0.714215,0.252741,0.131439,0.232559,0.9279
131,723.67,926.59,357.41,306.82,0.376912,0.857952,0.18615,0.284096,0.9237
131,1809.05,199.5,221.82,242.05,0.942212,0.184725,0.115531,0.22412,0.92
131,1377.47,657.13,191.35,189.84,0.717434,0.608454,0.09966,0.17578,0.8932
131,1847.99,969.22,89.05,89.2,0.962496,0.897429,0.046381,0.082593,0.8739
131,1499.44,747.64,89.54,87.63,0.780958,0.692258,0.046634,0.081142,0.873
131,1761.96,106.54,82.19,79.71,0.917685,0.098652,0.042808,0.073808,0.8715
131,1099.58,451.78,175.52,174.08,0.572697,0.418313,0.091414,0.161187,0.8657
131,1847.92,689.18,144.16,392.85,0.962459,0.638127,0.075083,0.363747,0.8645
131,1777.69,791.35,64.31,65.61,0.925882,0.732732,0.033497,0.060752,0.8641
131,506.79,924.19,80.75,82.5,0.263951,0.855735,0.042057,0.076388,0.8597
131,419.34,933.9,121.87,123.9,0.218408,0.864725,0.063475,0.114718,0.8583
131,57.8,249.7,115.6,260.04,0.030105,0.231202,0.060209,0.240774,0.8573
131,1579.16,983.96,211.89,192.08,0.822478,0.911073,0.110358,0.177854,0.8511
131,1823.94,260.77,77.67,75.6,0.949968,0.241451,0.040451,0.070001,0.8466
131,1879.67,866.33,59.63,56.44,0.978994,0.802161,0.031055,0.052258,0.8426
131,804.63,201.77,125.29,128.1,0.419081,0.186829,0.065255,0.118609,0.8391
131,1197.06,824.43,86.5,88.3,0.623468,0.763359,0.045054,0.081759,0.8381
131,1687.77,735.43,72.12,73.68,0.879047,0.680951,0.03756,0.068225,0.8231
131,1490.44,498.97,58.0,60.17,0.776269,0.462012,0.030209,0.055709,0.8081
131,1816.37,676.69,63.24,65.15,0.946025,0.626568,0.032936,0.060322,0.8017
131,1257.77,65.95,89.5,87.32,0.65509,0.06106,0.046616,0.08085,0.7978
131,62.31,876.7,97.14,96.26,0.032452,0.811758,0.050592,0.089133,0.7962
131,1403.98,213.08,141.95,145.79,0.731241,0.197294,0.073931,0.134991,0.7886
131,1828.06,711.72,62.8,59.44,0.952116,0.659,0.032707,0.055033,0.714
132,566.65,429.92,375.7,373.87,0.295129,0.398077,0.195679,0.346177,0.9317
132,1598.22,555.25,297.84,299.33,0.832404,0.514123,0.155124,0.277162,0.9307
132,879.72,258.56,433.6,437.21,0.458188,0.239407,0.225833,0.404823,0.9295
132,286.27,724.04,267.28,268.26,0.149097,0.670409,0.139211,0.24839,0.9268
132,1375.74,246.18,256.56,254.1,0.716532,0.227945,0.133624,0.235277,0.9239
132,1307.32,885.87,324.32,323.46,0.680894,0.820253,0.168915,0.299501,0.9195
132,751.99,926.72,352.13,306.55,0.391662,0.858078,0.183403,0.283843,0.9099
132,1806.76,161.88,226.48,253.42,0.941022,0.149889,0.117956,0.234651,0.9092
132,1394.26,635.5,193.74,191.44,0.726176,0.588422,0.100906,0.177261,0.9001
132,1107.0,441.27,171.48,172.01,0.576563,0.408587,0.089313,0.159265,0.886
132,533.78,935.51,80.79,82.07,0.278008,0.866217,0.042079,0.075989,0.8772
132,1519.11,718.15,88.79,89.52,0.791205,0.66495,0.046247,0.08289,0.8682
132,1757.09,68.76,79.12,79.97,0.915153,0.063665,0.041207,0.074048,0.8661
132,1495.86,993.09,192.11,172.89,0.779096,0.919532,0.100056,0.160082,0.864
132,1875.33,925.61,89.35,89.79,0.976732,0.857047,0.046535,0.083139,0.8582
132,1825.44,220.15,69.15,71.21,0.95075,0.203842,0.036013,0.065931,0.8561
132,446.61,947.55,122.84,120.7,0.232612,0.877363,0.063978,0.111757,0.8519
132,802.27,199.8,124.91,127.7,0.417851,0.184999,0.065056,0.118236,0.8416
132,1799.51,751.49,64.48,64.84,0.937246,0.695821,0.033581,0.060033,0.8351
132,1708.02,698.19,69.73,70.55,0.889592,0.646472,0.036315,0.065319,0.8318
132,56.85,285.19,113.61,262.77,0.02961,0.264068,0.059174,0.243305,0.8298
132,1219.67,807.15,85.91,87.43,0.635246,0.747357,0.044743,0.080956,0.8207
132,1853.01,652.57,133.97,434.98,0.965111,0.604228,0.069778,0.402761,0.8158
132,1607.99,953.65,192.64,195.57,0.837497,0.883009,0.100333,0.181087,0.81
132,1831.64,634.53,64.58,65.03,0.953981,0.587532,0.033636,0.060214,0.798
132,87.16,905.36,92.37,93.45,0.045394,0.838296,0.048107,0.086528,0.7904
132,1847.18,673.0,65.35,63.96,0.962071,0.623148,0.034038,0.059226,0.7817
132,1403.94,192.43,148.88,149.14,0.73122,0.178175,0.077539,0.13809,0.759
132,1252.76,45.83,88.45,87.18,0.652477,0.042439,0.046069,0.080718,0.756
132,152.61,40.87,302.86,81.73,0.079482,0.037839,0.157737,0.075677,0.7536
133,307.37,744.14,267.26,265.16,0.160089,0.689017,0.139201,0.245515,0.937
133,575.15,440.18,365.68,366.03,0.299558,0.40757,0.190458,0.338914,0.9339
133,879.63,254.4,430.74,433.03,0.458139,0.235559,0.224344,0.400956,0.9298
133,1333.77,863.46,317.56,313.85,0.694671,0.7995,0.165397,0.290599,0.9276
133,1607.02,523.67,286.95,287.26,0.836988,0.484878,0.149451,0.265982,0.9244
133,780.03,928.66,354.66,302.68,0.406264,0.859869,0.18472,0.280263,0.9223
133,1808.02,119.57,223.95,235.94,0.941679,0.110709,0.116642,0.218463,0.9169
133,1372.65,226.61,248.8,250.66,0.714924,0.209822,0.129582,0.232093,0.9041
133,1114.15,425.75,174.7,172.35,0.580288,0.394212,0.090988,0.159582,0.8826
133,1406.36,610.64,188.96,186.55,0.732479,0.56541,0.098419,0.172727,0.8743
133,561.65,944.56,82.33,80.21,0.292528,0.87459,0.042881,0.07427,0.8711
133,1817.53,709.1,64.2,64.51,0.94663,0.656571,0.033439,0.05973,0.8696
133,1637.43,917.45,187.48,188.74,0.85283,0.849488,0.097646,0.174756,0.8616
133,1537.12,688.22,87.44,88.03,0.800585,0.637239,0.045542,0.081514,0.86
133,57.19,316.87,114.38,258.49,0.029787,0.293397,0.059574,0.239347,0.8463
133,1846.72,591.97,64.06,63.67,0.961834,0.548116,0.033364,0.058955,0.8455
133,1821.47,178.07,78.8,77.49,0.948684,0.164884,0.041043,0.071753,0.8418
133,473.36,959.96,121.32,122.62,0.246542,0.888849,0.063189,0.11354,0.8406
133,142.1,53.76,282.13,107.52,0.074013,0.049776,0.146941,0.099552,0.8398
133,1241.49,790.47,85.55,86.37,0.646611,0.731918,0.044555,0.079969,0.8343
133,1399.92,168.37,141.8,142.72,0.729125,0.155898,0.073854,0.132149,0.833
133,1796.63,1042.97,95.22,74.05,0.935746,0.965717,0.049594,0.068567,0.8319
133,1887.36,879.51,64.9,90.68,0.983,0.81436,0.033801,0.083966,0.8297
133,1725.44,659.38,71.76,72.89,0.898664,0.610537,0.037374,0.067488,0.829
133,1747.55,34.06,77.79,68.12,0.910184,0.031539,0.040514,0.063077,0.8085
133,113.06,931.74,93.45,93.7,0.058886,0.862724,0.048674,0.086761,0.8054
133,1862.1,600.75,115.79,387.46,0.969846,0.556246,0.060308,0.358764,0.7984
133,800.43,198.99,126.99,125.27,0.416889,0.184249,0.066141,0.115993,0.7923
133,1862.59,625.72,59.85,58.5,0.970098,0.579367,0.031174,0.05417,0.7631
133,1530.19,973.26,198.19,188.32,0.796974,0.901168,0.103225,0.174369,0.7208
134,579.19,448.61,361.8,363.19,0.30166,0.415382,0.188439,0.336284,0.9379
134,1361.08,841.86,318.92,315.68,0.708897,0.779501,0.166106,0.2923,0.9322
134,325.89,761.19,264.06,265.33,0.169733,0.704806,0.137533,0.24568,0.9313
134,879.26,251.46,432.0,432.11,0.457946,0.232829,0.225003,0.4001,0.9276
134,1619.84,489.95,288.44,288.45,0.843665,0.453655,0.15023,0.267087,0.9276
134,1371.0,201.7,245.54,244.22,0.714063,0.186763,0.127885,0.226132,0.9242
134,1800.9,101.35,238.2,202.71,0.937968,0.093846,0.124064,0.187693,0.9149
134,808.89,927.14,356.6,305.72,0.421297,0.858463,0.18573,0.283074,0.9138
134,1827.25,1009.8,92.28,92.29,0.951693,0.934998,0.048062,0.085458,0.8931
134,1120.0,411.17,171.24,172.47,0.583335,0.380715,0.089186,0.159693,0.8855
134,138.69,67.46,276.03,134.93,0.072236,0.062465,0.143763,0.124931,0.8846
134,1835.66,665.59,63.55,63.19,0.956073,0.616286,0.033101,0.058507,0.8775
134,1423.76,581.59,190.74,191.72,0.74154,0.53851,0.099345,0.177517,0.8746
134,1554.24,656.23,87.47,87.59,0.809501,0.607618,0.045556,0.081097,0.8658
134,588.93,951.78,81.2,82.65,0.306735,0.881276,0.042291,0.076525,0.8656
134,1661.6,883.71,187.16,187.4,0.865418,0.818249,0.097477,0.173521,0.8559
134,503.84,972.57,123.97,123.8,0.262416,0.900528,0.06457,0.114627,0.8504
134,1742.23,619.35,66.65,68.71,0.907414,0.573472,0.034715,0.063625,0.847
134,1820.9,134.14,76.07,74.22,0.948387,0.124201,0.039619,0.068726,0.844
134,1514.91,409.46,57.68,58.8,0.789017,0.379131,0.030039,0.054441,0.8229
134,56.18,353.95,112.27,262.55,0.029261,0.327733,0.058475,0.243099,0.8225
134,143.3,958.48,95.26,94.62,0.074634,0.887479,0.049616,0.087608,0.8191
134,1861.03,547.21,60.46,61.89,0.969285,0.506675,0.03149,0.057308,0.8064
134,796.98,198.01,128.83,126.18,0.415095,0.183341,0.067101,0.116836,0.806
134,1263.45,770.07,84.68,85.02,0.658048,0.713025,0.044104,0.078723,0.792
134,1876.72,581.82,60.85,59.98,0.977459,0.538718,0.03169,0.055535,0.7317
135,590.03,456.73,364.42,360.84,0.307308,0.422901,0.1898,0.334107,0.9437
135,877.44,246.12,427.33,426.96,0.457001,0.227886,0.222565,0.39533,0.931
135,1629.47,453.62,287.79,288.08,0.848683,0.420016,0.149892,0.266738,0.9295
135,347.06,779.92,258.79,257.94,0.18076,0.722152,0.134787,0.238834,0.9288
135,1378.7,814.29,319.15,319.11,0.718074,0.753971,0.166225,0.295476,0.928
135,133.93,80.98,267.63,161.95,0.069758,0.074979,0.139392,0.149958,0.9198
135,1368.65,173.87,244.73,244.74,0.71284,0.160992,0.127462,0.22661,0.9197
135,838.0,929.57,349.48,300.86,0.436458,0.860711,0.182019,0.278578,0.9148
135,1797.75,78.52,243.92,157.04,0.93633,0.072706,0.127044,0.145412,0.8968
135,1851.18,620.46,64.55,63.49,0.964158,0.574499,0.033617,0.058786,0.8803
135,1124.77,395.35,174.37,171.55,0.585817,0.366064,0.090819,0.158841,0.8789
135,1434.74,554.82,189.08,192.03,0.74726,0.513722,0.09848,0.177806,0.8645
135,59.94,388.86,119.66,265.56,0.031221,0.360057,0.062324,0.245889,0.8612
135,531.46,982.74,118.42,117.96,0.276801,0.909949,0.061675,0.109224,0.8577
135,616.84,958.55,82.61,81.63,0.321272,0.887548,0.043027,0.07558,0.8557
135,1689.78,847.75,190.75,191.04,0.880096,0.784954,0.099348,0.176885,0.8557
135,1857.38,964.65,92.66,93.03,0.967386,0.893191,0.048261,0.086143,0.8457
135,1571.14,623.54,85.6,86.33,0.818304,0.577348,0.044586,0.079938,0.8446
135,1756.12,578.03,69.9,70.69,0.914644,0.535213,0.036406,0.06545,0.8306
135,1812.91,89.33,75.79,74.41,0.944223,0.082712,0.039472,0.068901,0.8186
135,170.85,983.2,91.99,92.96,0.088982,0.910367,0.047911,0.086071,0.8005
135,794.16,196.42,129.26,125.43,0.413626,0.181869,0.067325,0.11614,0.7976
135,1283.99,746.76,86.55,86.04,0.668745,0.69144,0.045076,0.079663,0.7961
135,1870.8,501.36,61.84,61.91,0.974374,0.464218,0.032208,0.057328,0.7824
135,1521.29,377.07,58.32,58.72,0.792338,0.34914,0.030373,0.05437,0.7716
135,1889.15,534.29,61.03,62.2,0.983934,0.494712,0.031786,0.057589,0.7485
135,1592.85,908.35,178.4,172.05,0.829608,0.841065,0.092917,0.159303,0.7096
136,595.9,463.71,359.93,356.31,0.310366,0.42936,0.187463,0.329918,0.9407
136,876.68,239.57,419.02,418.52,0.456602,0.22182,0.218237,0.38752,0.9339
136,122.67,91.71,244.94,183.42,0.063889,0.084915,0.127575,0.169831,0.9322
136,367.87,797.92,264.65,264.04,0.191598,0.738817,0.137839,0.244481,0.9298
136,1407.81,790.28,314.24,307.78,0.733234,0.731744,0.163665,0.284986,0.9291
136,1633.66,416.04,286.04,284.09,0.850863,0.38522,0.148978,0.26305,0.9269
136,1357.36,151.39,234.2,236.17,0.706957,0.14018,0.121981,0.218672,0.9167
136,866.01,925.32,350.12,309.37,0.451049,0.856774,0.182352,0.286452,0.9132
136,1584.47,586.62,85.05,85.83,0.825245,0.543169,0.044294,0.079476,0.8869
136,1864.34,574.49,63.45,63.94,0.971008,0.531938,0.033045,0.059203,0.8813
136,1446.44,525.65,183.28,183.83,0.753354,0.486716,0.095459,0.170214,0.8759
136,1130.19,383.04,172.77,170.11,0.58864,0.354664,0.089983,0.157507,0.8754
136,1880.47,918.09,79.07,91.8,0.979409,0.850082,0.041181,0.085003,0.8678
136,561.2,991.56,121.25,122.15,0.292294,0.918109,0.063151,0.113102,0.8623
136,60.39,418.37,120.76,264.66,0.031455,0.387383,0.062897,0.245058,0.8607
136,645.86,963.13,79.0,78.88,0.336383,0.891789,0.041145,0.073033,0.8553
136,1790.25,55.41,248.03,110.82,0.932422,0.051309,0.129184,0.102614,0.8503
136,1767.67,535.52,66.2,65.27,0.920663,0.495853,0.034477,0.060437,0.8335
136,1302.29,726.3,80.79,81.72,0.678279,0.672496,0.042079,0.075669,0.823
136,1805.26,44.3,75.28,73.72,0.940239,0.041016,0.039206,0.06826,0.8101
136,1878.06,453.41,62.83,63.66,0.978155,0.41982,0.032722,0.058947,0.8091
136,1709.5,809.1,180.74,186.04,0.890366,0.749164,0.094135,0.172263,0.7997
136,200.63,1006.88,90.94,91.68,0.104494,0.932296,0.047365,0.084889,0.7486
136,788.2,195.41,126.33,124.45,0.410521,0.180938,0.065796,0.115235,0.7068
137,601.44,470.1,356.37,352.82,0.313249,0.43528,0.185612,0.326683,0.9365
137,870.7,233.79,408.01,407.29,0.453489,0.216472,0.212505,0.377124,0.9345
137,388.11,814.96,261.77,260.94,0.202142,0.754591,0.136337,0.241612,0.9341
137,1640.4,376.9,278.62,278.78,0.854374,0.348981,0.145115,0.258134,0.9329
137,116.82,104.96,232.92,209.93,0.060845,0.097188,0.121312,0.194375,0.9269
137,1352.28,121.62,234.4,232.79,0.704315,0.112609,0.122085,0.215547,0.9236
137,1423.23,762.23,304.85,300.26,0.741264,0.705765,0.158774,0.278021,0.9233
137,892.62,924.62,346.21,310.72,0.464904,0.856129,0.180317,0.287701,0.9092
137,1456.11,495.79,184.51,182.06,0.758393,0.459061,0.0961,0.168572,0.8764
137,63.55,455.6,127.1,270.06,0.033098,0.421853,0.066196,0.250059,0.8701
137,1133.86,363.9,170.4,170.14,0.59055,0.336944,0.088749,0.157537,0.8616
137,1596.67,552.01,84.05,83.55,0.831599,0.511122,0.043776,0.07736,0.854
137,673.57,967.06,79.52,79.63,0.35082,0.89543,0.041419,0.073735,0.8521
137,1732.36,764.48,176.29,182.07,0.902273,0.707853,0.091816,0.168584,0.851
137,1321.42,702.11,80.67,81.39,0.688241,0.650106,0.042017,0.075363,0.8484
137,1876.1,526.07,61.26,62.28,0.977135,0.487105,0.031907,0.057671,0.8467
137,591.23,998.91,116.91,115.87,0.307931,0.924913,0.060889,0.107289,0.8352
137,1775.77,490.57,69.32,69.09,0.92488,0.454233,0.036102,0.063973,0.8293
137,1884.03,403.45,65.16,65.52,0.981268,0.37356,0.033939,0.060669,0.7985
137,230.56,1031.15,92.82,94.1,0.120083,0.954767,0.048342,0.087129,0.779
137,1747.25,1002.99,335.97,152.33,0.910027,0.928699,0.174986,0.141044,0.7655
137,37.11,886.97,74.02,245.62,0.019329,0.821272,0.038553,0.227426,0.7576
137,1778.18,29.01,260.19,58.01,0.926137,0.026858,0.135515,0.053715,0.7118
138,411.59,826.58,253.32,255.65,0.214367,0.765349,0.131935,0.236715,0.9349
138,609.15,480.24,349.64,342.98,0.317267,0.444666,0.182103,0.317574,0.9342
138,1641.09,337.39,276.36,274.19,0.854732,0.312395,0.143935,0.253875,0.9322
138,866.94,226.67,401.34,400.5,0.451533,0.20988,0.209031,0.370837,0.9303
138,1442.48,732.5,296.92,300.3,0.751294,0.678239,0.154644,0.278053,0.928
138,105.15,116.75,209.96,233.49,0.054764,0.108099,0.109356,0.216198,0.9274
138,922.14,922.06,338.67,315.89,0.48028,0.853756,0.176388,0.292488,0.9267
138,1344.15,105.92,229.37,211.84,0.70008,0.098075,0.119465,0.19615,0.9262
138,65.06,488.39,129.83,266.41,0.033883,0.452214,0.067621,0.246672,0.9112
138,1137.06,348.35,162.21,160.92,0.592218,0.32255,0.084483,0.148997,0.8856
138,1463.19,464.58,183.39,179.49,0.762078,0.430162,0.095516,0.166195,0.8846
138,703.16,969.29,77.37,78.04,0.366227,0.897491,0.040295,0.072255,0.8665
138,1605.81,515.2,81.52,82.69,0.836361,0.477033,0.042459,0.076566,0.8569
138,1884.42,474.18,61.98,62.04,0.981471,0.439052,0.032282,0.057444,0.8546
138,1784.42,446.14,63.38,64.05,0.929387,0.413094,0.033012,0.05931,0.8522
138,48.57,917.97,97.07,227.73,0.025298,0.849969,0.050556,0.210859,0.8478
138,1336.42,676.45,78.93,79.78,0.69605,0.62634,0.041112,0.073868,0.8412
138,622.78,1005.48,118.24,117.22,0.324364,0.931001,0.061582,0.108536,0.8404
138,1749.98,719.75,184.26,181.06,0.911446,0.666439,0.095967,0.167644,0.8381
138,262.4,1042.73,93.53,74.54,0.136667,0.965491,0.048712,0.069018,0.8005
138,1890.27,353.39,58.54,61.96,0.984517,0.32721,0.03049,0.057371,0.7839
139,101.28,132.85,202.55,263.76,0.052748,0.123006,0.105496,0.24422,0.9426
139,614.06,481.41,340.56,337.41,0.319821,0.44575,0.177373,0.312419,0.9329
139,1463.15,699.64,302.99,296.28,0.76206,0.647818,0.157809,0.274337,0.9324
139,863.31,221.52,395.12,394.57,0.449641,0.205112,0.205794,0.36534,0.9285
139,435.18,840.74,252.04,249.45,0.226655,0.778461,0.131272,0.230976,0.9268
139,1642.62,297.06,274.09,272.39,0.85553,0.275059,0.142754,0.252208,0.9259
139,946.94,918.68,329.98,320.88,0.493196,0.850626,0.171862,0.297116,0.9157
139,1336.9,92.07,231.45,184.14,0.696302,0.08525,0.120549,0.170501,0.914
139,67.44,524.0,134.89,260.82,0.035126,0.485188,0.070253,0.241505,0.9056
139,63.22,955.38,125.71,224.09,0.032928,0.884613,0.065474,0.207493,0.8763
139,732.52,971.28,77.53,78.41,0.381521,0.899337,0.040382,0.072605,0.8697
139,1614.34,475.85,82.61,83.14,0.8408,0.440602,0.043027,0.076981,0.868
139,1890.64,424.59,58.63,60.72,0.984706,0.393138,0.030534,0.05622,0.8661
139,1468.72,431.28,179.39,183.16,0.764956,0.399334,0.093435,0.16959,0.8621
139,1136.03,330.33,167.76,164.03,0.591681,0.305865,0.087374,0.151877,0.8587
139,1788.8,398.14,66.02,66.83,0.931664,0.368652,0.034385,0.06188,0.8469
139,1352.43,649.77,79.03,78.83,0.704388,0.601635,0.041163,0.072995,0.8454
139,652.0,1008.64,113.21,112.67,0.339583,0.933928,0.058962,0.104327,0.8345
139,1890.59,303.08,57.63,62.8,0.98468,0.280627,0.030016,0.058145,0.8286
139,1772.25,672.71,166.94,173.56,0.923047,0.622884,0.08695,0.1607,0.7911
139,1675.9,753.2,171.48,168.94,0.872862,0.697404,0.089313,0.156429,0.7605
139,295.78,1053.12,91.34,53.77,0.154052,0.975107,0.047573,0.049785,0.7439
139,1346.33,1045.82,271.15,66.03,0.701214,0.968356,0.141223,0.061139,0.7147
140,96.23,154.9,191.86,280.94,0.05012,0.14343,0.099928,0.260126,0.9373
140,457.86,855.78,253.1,250.85,0.238468,0.792385,0.131821,0.232272,0.9333
140,70.95,554.01,141.65,250.01,0.036954,0.51297,0.073775,0.231494,0.9324
140,624.54,488.4,338.31,333.47,0.325282,0.452221,0.176201,0.30877,0.9315
140,1643.36,256.63,274.01,274.64,0.855918,0.23762,0.142715,0.254294,0.9298
140,1474.3,666.29,290.31,289.11,0.767866,0.616939,0.151203,0.267698,0.9288
140,974.04,914.27,325.86,323.44,0.507311,0.84655,0.169719,0.299483,0.9266
140,860.26,215.18,394.79,390.58,0.448052,0.199242,0.20562,0.361651,0.9249
140,75.28,977.06,150.5,205.18,0.039206,0.904685,0.078385,0.189984,0.9161
140,1320.14,80.01,224.81,160.02,0.687573,0.074084,0.117087,0.148168,0.9116
140,1136.95,312.91,159.27,155.69,0.592164,0.289733,0.082952,0.144153,0.8875
140,759.93,971.01,78.37,78.14,0.395799,0.899086,0.040819,0.072349,0.8764
140,1619.97,434.7,79.41,79.44,0.843734,0.402502,0.041357,0.073551,0.8536
140,1365.78,622.05,77.53,78.81,0.711345,0.575973,0.040383,0.072974,0.8436
140,1471.66,400.01,181.05,179.95,0.766489,0.370378,0.094299,0.166616,0.8406
140,682.14,1010.99,114.18,113.27,0.355281,0.936099,0.059467,0.104882,0.8377
140,1793.29,350.59,63.06,62.72,0.934007,0.324617,0.032846,0.058075,0.8366
140,1371.65,1033.53,271.66,91.0,0.714402,0.956975,0.141488,0.084261,0.8199
140,1786.33,624.06,170.54,175.36,0.930379,0.577833,0.088821,0.16237,0.7767
140,1888.41,249.74,59.53,61.39,0.983547,0.231236,0.031008,0.056845,0.7722
140,767.28,190.89,116.86,115.99,0.399626,0.17675,0.060866,0.107402,0.7344
140,1796.79,927.45,246.41,304.45,0.93583,0.858747,0.128341,0.281901,0.7298
140,328.26,1064.49,84.58,31.02,0.170971,0.985641,0.044053,0.028718,0.7168
141,481.87,868.64,245.34,246.3,0.250976,0.804299,0.127784,0.228056,0.9372
141,630.64,492.93,335.28,330.15,0.328457,0.456419,0.174625,0.305692,0.9307
141,1636.6,215.65,270.06,269.41,0.852397,0.199676,0.140656,0.249452,0.9306
141,94.01,185.34,187.36,291.72,0.048965,0.171612,0.097586,0.270111,0.928
141,998.06,904.83,326.69,328.93,0.519821,0.837803,0.170149,0.304569,0.9279
141,855.91,210.58,394.75,391.98,0.445788,0.194985,0.205598,0.362942,0.9267
141,1490.95,631.96,290.37,288.04,0.776538,0.585146,0.151234,0.266706,0.9265
141,76.91,586.7,153.06,256.66,0.04006,0.543241,0.079719,0.237652,0.9261
141,93.34,990.39,186.68,178.18,0.048615,0.917032,0.09723,0.164978,0.9146
141,1306.61,65.31,232.99,130.5,0.680526,0.060468,0.121351,0.120838,0.8874
141,1135.61,292.92,161.03,159.99,0.591462,0.271218,0.08387,0.148134,0.8811
141,1396.65,1020.44,252.6,116.91,0.727422,0.944849,0.131564,0.108253,0.8805
141,788.65,968.07,76.78,75.96,0.410753,0.896362,0.039988,0.07033,0.8782
141,1624.07,394.86,79.53,81.48,0.845867,0.365613,0.041423,0.075441,0.8647
141,1475.97,364.82,180.8,178.5,0.768732,0.337793,0.094165,0.165274,0.8482
141,712.61,1012.23,110.73,110.95,0.371149,0.937251,0.057673,0.102733,0.8408
141,1792.85,302.91,63.92,63.53,0.933777,0.280472,0.033291,0.058825,0.8336
141,1379.66,591.96,75.88,76.09,0.718572,0.548112,0.03952,0.070452,0.8213
141,973.08,1053.14,76.72,53.72,0.506815,0.975131,0.039959,0.049738,0.8129
141,1800.79,583.72,167.15,178.43,0.937911,0.540479,0.087059,0.165215,0.8107
141,1882.89,197.34,60.4,59.61,0.980674,0.182718,0.03146,0.055198,0.8061
141,1812.0,875.57,216.01,337.68,0.943748,0.810716,0.112504,0.312664,0.7696
142,88.6,215.8,176.91,287.18,0.046147,0.199819,0.092138,0.265908,0.9355
142,504.31,876.38,246.53,246.49,0.26266,0.811465,0.128402,0.228228,0.933
142,635.63,497.37,335.54,333.93,0.331056,0.460531,0.174759,0.309196,0.9306
142,1503.98,598.12,296.05,292.39,0.783325,0.553815,0.154192,0.270733,0.9285
142,849.51,205.12,391.59,390.74,0.442455,0.189928,0.203955,0.361798,0.9281
142,1024.66,890.84,333.25,330.65,0.533676,0.824856,0.173568,0.306158,0.9276
142,81.7,620.28,163.36,242.57,0.042554,0.574336,0.085084,0.224602,0.9259
142,1628.53,173.69,264.4,263.75,0.848192,0.160825,0.137706,0.244212,0.9254
142,1430.5,1004.76,243.06,149.11,0.745053,0.930334,0.126594,0.138062,0.9077
142,107.27,1011.26,210.77,136.13,0.055868,0.936351,0.109778,0.126043,0.9069
142,817.4,964.44,76.44,75.75,0.425727,0.893002,0.039814,0.070141,0.8754
142,1131.76,276.76,155.29,155.07,0.589459,0.256256,0.080882,0.143587,0.8711
142,1477.28,333.18,182.82,176.27,0.769414,0.308503,0.095217,0.163215,0.8627
142,1293.71,51.6,233.62,103.19,0.673808,0.047774,0.121675,0.095548,0.854
142,1006.83,1048.01,71.54,63.98,0.52439,0.970381,0.037261,0.059238,0.8538
142,1623.18,354.14,77.39,78.87,0.845406,0.327903,0.040309,0.073024,0.8512
142,744.69,1012.08,112.6,113.05,0.387858,0.937112,0.058647,0.104673,0.8424
142,1789.01,253.13,62.88,65.06,0.931774,0.234379,0.032751,0.060244,0.8334
142,1823.21,830.95,193.58,334.34,0.94959,0.769398,0.10082,0.309578,0.8289
142,1389.44,563.49,80.03,80.19,0.723667,0.521754,0.041683,0.074254,0.8209
142,1813.3,533.05,175.58,174.16,0.944425,0.493562,0.091448,0.161264,0.8015
143,529.34,884.21,242.48,245.13,0.275698,0.818716,0.126289,0.226969,0.9362
143,843.05,201.04,391.21,385.71,0.439088,0.186145,0.203757,0.35714,0.9349
143,1617.43,132.73,259.4,257.17,0.84241,0.122899,0.135106,0.23812,0.9301
143,1049.95,874.37,318.98,318.36,0.546849,0.809599,0.166137,0.294781,0.9299
143,642.95,500.06,331.36,329.25,0.33487,0.463016,0.172584,0.304865,0.9292
143,83.62,247.72,167.14,279.44,0.043551,0.22937,0.087053,0.258744,0.9288
143,1516.05,560.15,286.53,285.14,0.789607,0.51866,0.149236,0.264014,0.9285
143,1461.16,987.19,233.79,183.64,0.761019,0.914063,0.121765,0.170042,0.915
143,83.34,650.99,166.68,236.99,0.043405,0.602766,0.086811,0.219431,0.914
143,1126.34,256.04,156.94,155.35,0.586636,0.237074,0.081741,0.143844,0.8843
143,1474.76,294.33,176.65,174.14,0.768104,0.27253,0.092005,0.16124,0.8743
143,845.12,960.11,74.87,74.5,0.440167,0.888993,0.038994,0.068985,0.8731
143,134.18,1025.92,224.69,106.23,0.069887,0.949925,0.117028,0.098359,0.8606
143,1397.39,530.75,74.99,74.75,0.727805,0.491434,0.039058,0.069214,0.853
143,1622.49,311.2,77.22,78.26,0.845049,0.288151,0.040217,0.07246,0.8503
143,1039.12,1037.39,71.26,73.73,0.54121,0.96055,0.037113,0.068272,0.8438
143,1887.39,209.81,57.96,58.06,0.983018,0.194266,0.030186,0.053755,0.8352
143,774.6,1009.27,108.84,106.79,0.403436,0.934505,0.056685,0.098881,0.8346
143,1819.88,480.56,170.32,171.61,0.947853,0.444964,0.088709,0.158902,0.8242
143,1792.52,1052.79,67.42,54.42,0.933606,0.974805,0.035114,0.05039,0.8153
143,1783.38,204.42,60.29,62.51,0.928843,0.189278,0.031402,0.057879,0.8128
143,125.49,657.46,114.73,116.5,0.065362,0.608756,0.059757,0.107866,0.779
143,1425.37,1054.87,101.11,50.26,0.74238,0.976732,0.052659,0.046537,0.7398
143,1277.56,38.34,242.48,76.68,0.665398,0.035501,0.12629,0.071002,0.7205
143,1834.88,783.15,170.24,308.62,0.955666,0.72514,0.088667,0.28576,0.7183
144,833.37,197.63,382.84,373.22,0.434047,0.182992,0.199398,0.345572,0.9397
144,91.94,682.67,182.9,233.46,0.047887,0.632106,0.095258,0.216163,0.9379
144,1608.37,108.3,248.41,216.6,0.837692,0.100278,0.129379,0.200555,0.9361
144,1074.01,856.19,310.21,308.75,0.559381,0.792771,0.161567,0.285876,0.933
144,648.47,503.94,323.68,323.12,0.337743,0.466613,0.168584,0.299188,0.9306
144,79.76,283.01,158.5,272.78,0.04154,0.262044,0.082552,0.252574,0.9283
144,1521.45,522.79,272.53,270.52,0.792421,0.48406,0.14194,0.250482,0.9263
144,553.88,893.93,242.19,241.51,0.288477,0.827711,0.126143,0.223619,0.9236
144,1488.49,972.3,227.15,214.66,0.775258,0.900275,0.118307,0.198762,0.9199
144,1470.08,259.98,171.49,170.92,0.765667,0.24072,0.089318,0.15826,0.8861
144,1822.96,1009.68,66.56,68.42,0.949461,0.934889,0.034668,0.06335,0.8802
144,1851.78,730.06,136.44,277.99,0.964469,0.675978,0.071061,0.257394,0.8772
144,1119.34,236.38,152.42,150.87,0.582988,0.218866,0.079386,0.139693,0.8737
144,1405.29,496.63,76.35,77.39,0.731924,0.459838,0.039764,0.07166,0.8535
144,1070.73,1021.34,67.59,67.66,0.557671,0.945689,0.035202,0.062651,0.8533
144,870.95,951.71,74.49,75.71,0.453617,0.881218,0.038795,0.070098,0.8487
144,1619.72,267.42,74.21,76.13,0.843605,0.247612,0.038649,0.07049,0.8382
144,803.31,1007.6,108.06,107.53,0.418389,0.932959,0.056281,0.099563,0.8334
144,1826.11,429.9,174.23,167.38,0.951098,0.398057,0.090745,0.154985,0.8329
144,1773.62,152.97,60.77,60.25,0.923759,0.14164,0.03165,0.055786,0.8281
144,163.19,1034.62,213.42,88.72,0.084997,0.957985,0.111154,0.082149,0.7898
144,1462.72,1040.28,116.72,79.44,0.761834,0.963221,0.060792,0.073558,0.7556
145,824.53,190.19,362.66,358.96,0.429444,0.176099,0.188884,0.332374,0.9372
145,1095.95,840.48,301.21,301.37,0.570808,0.77822,0.15688,0.279048,0.9324
145,1593.24,84.67,253.75,169.33,0.829812,0.078395,0.132163,0.156791,0.9313
145,1525.3,483.92,261.36,262.34,0.794427,0.44807,0.136125,0.242903,0.9298
145,79.06,313.89,157.99,274.0,0.041179,0.290643,0.082287,0.253701,0.9283
145,652.66,507.16,304.88,304.25,0.339925,0.469593,0.158792,0.281712,0.9276
145,1516.8,938.38,226.38,223.69,0.790001,0.868872,0.117905,0.20712,0.9247
145,577.7,900.9,230.45,230.25,0.300887,0.834165,0.120027,0.213196,0.9179
145,96.33,711.08,191.89,231.55,0.05017,0.658407,0.099941,0.2144,0.9149
145,1110.95,216.48,148.18,147.93,0.578618,0.200445,0.077179,0.136974,0.8769
145,1852.38,955.88,63.67,64.8,0.964782,0.885078,0.033163,0.059998,0.8716
145,1493.43,1019.78,111.91,110.65,0.777826,0.944241,0.058286,0.102457,0.8651
145,1462.98,222.5,165.68,163.8,0.761969,0.206016,0.086291,0.151666,0.8524
145,1612.22,224.1,70.76,72.78,0.839698,0.207499,0.036856,0.067387,0.8458
145,897.98,944.4,71.14,70.98,0.4677,0.874447,0.037051,0.065724,0.8456
145,1862.0,663.65,116.01,261.6,0.96979,0.61449,0.060421,0.242219,0.843
145,1099.46,1004.48,65.91,67.18,0.572633,0.930077,0.034328,0.062207,0.8387
145,831.98,1002.99,104.76,103.69,0.433324,0.928691,0.05456,0.09601,0.8385
145,1408.57,465.34,70.95,73.29,0.73363,0.430867,0.036951,0.067861,0.8339
145,1829.81,376.49,171.2,162.06,0.953024,0.348599,0.089167,0.150053,0.8117
146,814.98,185.93,349.24,345.4,0.42447,0.172156,0.181898,0.319814,0.9311
146,657.09,509.57,299.37,299.82,0.342233,0.471823,0.155924,0.27761,0.9249
146,106.03,737.89,211.92,226.03,0.055223,0.683233,0.110376,0.209284,0.9241
146,1528.13,442.38,257.35,252.7,0.795903,0.409612,0.134038,0.233986,0.9238
146,1115.05,820.4,287.55,282.76,0.580755,0.759628,0.149764,0.261812,0.9219
146,76.13,349.47,151.06,281.31,0.039653,0.323583,0.078676,0.260475,0.9174
146,600.47,907.22,225.41,223.68,0.312747,0.840017,0.117403,0.207108,0.9154
146,1544.03,901.28,211.34,211.29,0.80418,0.834517,0.110071,0.195638,0.9146
146,1452.52,184.16,164.5,162.69,0.756519,0.170522,0.085677,0.150635,0.8802
146,1575.91,63.55,248.39,127.09,0.820788,0.05884,0.129372,0.11768,0.8715
146,1103.37,196.25,138.76,141.38,0.574672,0.181712,0.07227,0.130911,0.871
146,1525.31,983.99,109.3,109.38,0.794433,0.911105,0.056926,0.101277,0.856
146,923.69,935.07,67.59,67.94,0.481089,0.865803,0.035204,0.062904,0.8543
146,1412.68,429.44,70.54,71.52,0.735769,0.397627,0.036739,0.066225,0.8538
146,1878.42,899.72,62.59,63.84,0.978342,0.833072,0.032601,0.059108,0.8501
146,1603.33,180.88,70.57,72.37,0.835067,0.167481,0.036755,0.067008,0.8404
146,1826.53,323.23,166.48,157.39,0.951317,0.299285,0.086707,0.14573,0.8353
146,1128.3,985.5,63.0,64.41,0.587658,0.912498,0.032815,0.059642,0.8333
146,859.4,997.54,101.44,101.55,0.447602,0.923644,0.052833,0.09403,0.8188
146,1870.31,597.41,99.38,239.09,0.974119,0.553154,0.051762,0.221384,0.8175
146,1782.34,94.74,189.41,181.43,0.928302,0.087723,0.098654,0.16799,0.7883
147,1134.65,799.66,283.9,283.27,0.590966,0.740425,0.147863,0.262289,0.9314
147,664.26,510.55,297.56,294.56,0.34597,0.472728,0.154978,0.272738,0.9266
147,805.93,177.82,351.57,343.75,0.419754,0.164644,0.183108,0.318287,0.9237
147,1530.93,402.95,256.63,255.45,0.797361,0.3731,0.133659,0.236526,0.9236
147,113.64,768.11,226.94,230.89,0.059186,0.711209,0.118197,0.213791,0.9192
147,75.77,377.83,151.25,275.77,0.039463,0.349847,0.078778,0.25534,0.9167
147,624.88,911.26,220.02,217.72,0.325461,0.843763,0.114595,0.201593,0.9086
147,1568.45,859.65,211.93,211.55,0.816899,0.795968,0.110378,0.195879,0.8991
147,1440.06,148.77,158.51,157.41,0.75003,0.137754,0.082555,0.145752,0.8882
147,1551.11,940.61,104.8,105.94,0.807871,0.870935,0.054586,0.098088,0.8812
147,1094.52,177.05,139.22,140.73,0.570063,0.163935,0.072513,0.130303,0.8771
147,950.47,923.75,67.04,67.05,0.495036,0.855322,0.034915,0.062087,0.8674
147,1787.62,1025.11,264.75,107.82,0.931054,0.949174,0.137893,0.099833,0.8614
147,1591.09,135.82,68.71,68.84,0.828692,0.125763,0.035787,0.063739,0.852
147,1411.78,395.21,68.48,68.3,0.735301,0.365934,0.035665,0.063237,0.8372
147,889.66,990.07,102.13,100.53,0.463366,0.916733,0.053195,0.093087,0.8341
147,1156.62,963.18,63.5,65.52,0.602408,0.891835,0.033071,0.060671,0.8339
147,1821.39,268.48,158.93,154.72,0.948639,0.248591,0.082778,0.143262,0.8305
147,704.08,179.82,108.79,110.11,0.366711,0.1665,0.056663,0.10195,0.7857
147,1761.07,64.08,180.32,127.3,0.917223,0.059337,0.093915,0.117871,0.7793
147,1876.72,533.96,86.56,230.79,0.977458,0.494409,0.045084,0.213696,0.7684
147,1560.86,41.61,271.01,83.23,0.81295,0.038531,0.141153,0.077061,0.7325
148,1156.13,782.8,297.02,297.4,0.602151,0.724817,0.154698,0.275366,0.9323
148,1528.91,360.42,261.0,260.35,0.796307,0.333718,0.135937,0.241062,0.9313
148,667.09,512.1,302.94,302.96,0.347445,0.474163,0.157779,0.28052,0.9303
148,792.1,174.27,362.64,348.54,0.41255,0.161361,0.188875,0.322722,0.9254
148,130.12,797.63,235.28,227.41,0.067773,0.738546,0.122541,0.210565,0.9212
148,650.99,913.98,229.89,226.97,0.339059,0.846278,0.119733,0.21016,0.9165
148,76.31,412.4,152.39,289.24,0.039744,0.381848,0.079369,0.267819,0.9069
148,1586.79,808.96,212.62,208.04,0.826452,0.749034,0.110742,0.192634,0.9004
148,1797.71,996.72,244.59,165.78,0.936305,0.922889,0.127391,0.153502,0.8995
148,1574.83,898.28,109.87,113.28,0.820222,0.831743,0.057226,0.104892,0.8734
148,975.0,910.29,73.94,73.42,0.507813,0.842857,0.03851,0.067979,0.871
148,1081.26,156.69,148.1,148.3,0.563158,0.145086,0.077135,0.137312,0.8689
148,1429.28,110.8,167.44,168.89,0.744419,0.102592,0.087209,0.156376,0.8512
148,1575.68,92.63,69.35,71.08,0.820665,0.085767,0.036119,0.065811,0.8511
148,918.14,977.52,106.45,108.75,0.4782,0.90511,0.055445,0.100692,0.8488
148,1410.76,359.41,69.64,71.77,0.73477,0.332785,0.036269,0.066456,0.8454
148,1184.01,939.21,65.92,66.67,0.61667,0.86964,0.034334,0.061735,0.8273
148,1809.72,215.49,163.21,157.96,0.942561,0.199528,0.085008,0.146261,0.8266
148,692.2,179.05,115.67,114.92,0.36052,0.165785,0.060247,0.106408,0.7398
148,206.43,787.99,116.08,116.57,0.107513,0.729622,0.06046,0.107934,0.7365
148,1826.65,298.46,186.7,319.19,0.951381,0.276353,0.097238,0.29555,0.7232
148,1877.61,471.36,84.77,243.78,0.977924,0.436449,0.044153,0.225719,0.71
149,779.36,177.34,377.22,354.68,0.405915,0.164202,0.196467,0.328405,0.9352
149,675.42,512.49,319.95,317.53,0.351779,0.474525,0.166643,0.294012,0.9338
149,1171.76,758.58,314.14,314.91,0.610291,0.702385,0.163614,0.291587,0.9283
149,1524.52,319.33,276.74,274.49,0.79402,0.295676,0.144134,0.254156,0.9283
149,1810.35,961.91,219.3,234.62,0.942891,0.890662,0.114219,0.217243,0.9258
149,675.74,918.65,238.42,232.63,0.35195,0.8506,0.124176,0.215397,0.9226
149,144.21,825.28,236.39,235.12,0.07511,0.764145,0.123119,0.217702,0.9175
149,76.44,443.94,152.47,287.34,0.039814,0.411057,0.079411,0.266059,0.9172
149,1603.4,772.12,218.71,220.42,0.835102,0.714922,0.113909,0.204094,0.917
149,1065.64,136.5,149.72,148.0,0.555023,0.126386,0.077978,0.137036,0.8918
149,1414.24,82.46,173.3,164.91,0.736584,0.076348,0.09026,0.152696,0.8758
149,1599.46,855.4,109.04,109.89,0.833051,0.792037,0.056792,0.101751,0.8755
149,947.07,967.48,111.39,111.23,0.493267,0.895814,0.058018,0.102989,0.8422
149,1559.4,47.39,74.78,75.62,0.812185,0.043876,0.038946,0.070015,0.842
149,1000.0,897.02,74.19,73.93,0.520832,0.830577,0.038639,0.068457,0.841
149,1208.07,914.68,66.65,67.37,0.629202,0.846929,0.034712,0.062379,0.8183
149,1407.1,323.96,73.82,73.44,0.732866,0.299961,0.038446,0.067998,0.8041
149,1792.1,155.73,168.54,170.58,0.933386,0.144193,0.08778,0.157947,0.7679
149,1877.13,409.21,85.74,248.38,0.977672,0.378899,0.044655,0.229986,0.7635
149,680.98,179.65,115.18,114.84,0.354679,0.166343,0.059989,0.106333,0.7123
150,766.33,179.54,391.09,359.08,0.399128,0.16624,0.203691,0.33248,0.9459
150,1189.45,734.4,325.8,326.63,0.619503,0.679999,0.169687,0.302434,0.9397
150,679.03,514.6,337.71,335.6,0.353663,0.476478,0.175893,0.310736,0.9347
150,1520.87,277.69,280.47,279.54,0.792118,0.257124,0.14608,0.258837,0.9319
150,698.74,918.51,245.53,243.09,0.363925,0.850473,0.127881,0.225088,0.9312
150,166.32,852.59,239.76,238.77,0.086624,0.789437,0.124876,0.221087,0.9238
150,81.53,481.8,162.94,307.0,0.042465,0.44611,0.084867,0.284263,0.9118
150,1820.59,931.7,198.81,296.59,0.948226,0.862689,0.103549,0.274621,0.9104
150,1620.01,724.7,223.81,226.58,0.843756,0.671014,0.116569,0.209797,0.9081
150,1617.94,808.52,116.07,118.01,0.842678,0.748628,0.060451,0.109272,0.8925
150,1050.31,120.59,162.34,159.7,0.547036,0.111654,0.084551,0.147866,0.8883
150,1397.06,62.87,178.26,125.75,0.727635,0.058217,0.092842,0.116435,0.8682
150,1231.2,887.0,72.65,73.09,0.641251,0.821296,0.03784,0.067678,0.8584
150,1398.87,287.67,72.31,74.28,0.728578,0.266365,0.037663,0.06878,0.8535
150,971.92,952.24,113.36,114.59,0.506208,0.881704,0.059044,0.106105,0.8478
150,1022.61,880.91,79.69,80.01,0.53261,0.815654,0.041504,0.074086,0.8358
150,668.16,182.82,120.11,116.22,0.348002,0.169276,0.06256,0.107614,0.7898
150,1776.63,107.24,160.28,166.29,0.925329,0.099292,0.083481,0.153971,0.784
150,1873.72,346.08,92.56,248.72,0.975897,0.320449,0.048206,0.230294,0.7679
150,1539.5,20.96,80.03,41.92,0.801821,0.019409,0.041682,0.038818,0.7161
150,1357.45,1043.45,287.01,70.75,0.707007,0.966153,0.149482,0.065507,0.7016
151,187.32,876.21,244.56,243.92,0.097562,0.811304,0.127373,0.225854,0.938
151,723.63,918.76,253.76,252.38,0.376891,0.850706,0.132164,0.233684,0.9362
151,1203.39,709.1,335.05,330.9,0.626764,0.656575,0.174503,0.306387,0.9356
151,682.22,517.31,340.93,338.74,0.355324,0.478993,0.177567,0.313645,0.9347
151,1512.11,234.37,282.17,286.78,0.787555,0.21701,0.146962,0.265539,0.93
151,749.7,177.75,393.73,355.5,0.390467,0.164583,0.205066,0.329167,0.9287
151,80.06,515.35,159.54,308.98,0.0417,0.47718,0.083092,0.286094,0.9206
151,1634.05,674.02,232.34,233.83,0.851066,0.624093,0.121011,0.216506,0.9151
151,1833.98,897.26,172.04,350.35,0.955199,0.830798,0.089602,0.324396,0.9051
151,1031.49,101.23,155.99,155.11,0.537233,0.093728,0.081242,0.143616,0.9017
151,1043.84,863.22,76.85,76.2,0.543669,0.799276,0.040027,0.070556,0.8777
151,1636.13,759.21,118.08,118.2,0.852151,0.702969,0.061498,0.109441,0.8722
151,1364.53,1026.4,274.4,105.3,0.710693,0.950369,0.142914,0.097496,0.8599
151,997.27,940.21,117.73,115.79,0.51941,0.870564,0.061318,0.107216,0.8472
151,1373.88,46.09,183.6,92.18,0.71556,0.042674,0.095623,0.085348,0.8402
151,1391.43,252.25,74.89,76.1,0.724704,0.23356,0.039004,0.070461,0.8325
151,1253.93,859.36,71.23,72.05,0.653086,0.795708,0.0371,0.066717,0.8153
151,1869.43,280.64,101.13,237.1,0.973664,0.259855,0.052673,0.219538,0.7962
151,652.23,182.26,127.0,125.32,0.339703,0.168763,0.066145,0.116039,0.755
152,681.47,517.19,338.61,336.76,0.354935,0.478878,0.176358,0.311818,0.9338
152,1214.41,680.16,331.8,330.2,0.632504,0.629778,0.172812,0.305743,0.9333
152,745.5,914.38,255.99,256.08,0.38828,0.846651,0.13333,0.237109,0.9313
152,1494.94,196.04,282.03,280.85,0.778613,0.181522,0.146891,0.260044,0.9296
152,208.41,903.03,252.82,250.69,0.108545,0.836139,0.131675,0.232123,0.9292
152,737.42,178.56,397.82,355.76,0.384075,0.165333,0.207197,0.329405,0.9263
152,83.29,549.43,166.27,308.74,0.043382,0.508733,0.086597,0.285873,0.9231
152,1641.78,626.52,232.84,232.36,0.855093,0.580111,0.121271,0.21515,0.9189
152,1396.74,1008.99,262.4,140.46,0.72747,0.934246,0.136667,0.130053,0.9084
152,1014.34,83.79,155.93,154.7,0.528301,0.077587,0.081213,0.143243,0.8928
152,1846.46,835.34,147.09,343.1,0.961697,0.773461,0.076607,0.317683,0.8924
152,1648.62,712.23,122.6,123.04,0.858659,0.659474,0.063854,0.113922,0.8839
152,1018.94,922.66,116.55,118.39,0.5307,0.854314,0.060704,0.109621,0.8603
152,1273.38,831.2,71.59,70.94,0.663219,0.769634,0.037289,0.065681,0.8553
152,1380.18,216.52,74.37,75.63,0.718843,0.200478,0.038732,0.070031,0.8357
152,1063.29,844.21,77.46,77.9,0.553799,0.781674,0.040343,0.072126,0.8354
152,639.05,185.04,127.75,122.97,0.332839,0.171333,0.066539,0.113863,0.7297
152,1351.52,29.95,182.62,59.52,0.703916,0.027729,0.095113,0.055113,0.7013
153,718.7,177.7,395.45,355.41,0.374322,0.16454,0.205964,0.329081,0.9376
153,1223.85,651.97,338.88,336.87,0.637421,0.603674,0.1765,0.311914,0.9374
153,683.65,516.38,337.45,335.42,0.356066,0.478133,0.175754,0.310571,0.9333
153,232.2,925.92,250.74,250.07,0.120939,0.857334,0.130594,0.231542,0.9308
153,767.81,913.31,257.78,256.3,0.3999,0.845655,0.13426,0.237316,0.9291
153,1481.82,152.33,288.54,285.19,0.771782,0.141043,0.150284,0.26406,0.9268
153,1426.53,987.16,262.48,184.24,0.742982,0.914041,0.136709,0.170589,0.9213
153,85.12,585.58,169.64,314.8,0.044333,0.5422,0.088355,0.291485,0.9165
153,1647.44,576.28,237.82,240.69,0.858039,0.533591,0.123865,0.22286,0.9128
153,993.37,73.74,163.43,147.49,0.517379,0.06828,0.085121,0.13656,0.8886
153,1659.9,660.58,118.85,120.52,0.864532,0.611645,0.0619,0.111591,0.8735
153,1082.17,824.45,79.8,80.7,0.563628,0.763383,0.041564,0.074719,0.8659
153,1853.04,776.59,133.92,353.74,0.965125,0.719066,0.06975,0.327541,0.8599
153,1365.48,180.7,75.77,77.83,0.711186,0.167317,0.039462,0.072065,0.8551
153,1043.98,905.04,115.75,115.97,0.543742,0.838002,0.060288,0.107378,0.8505
153,1290.43,800.59,73.56,73.05,0.672096,0.741283,0.038311,0.067637,0.847
153,1853.52,159.71,132.95,280.64,0.965377,0.147877,0.069245,0.259851,0.8009
153,625.33,190.82,122.18,121.12,0.325695,0.176682,0.063635,0.112144,0.7035
154,699.67,177.12,403.92,354.24,0.364413,0.164,0.210377,0.327999,0.9439
154,1463.47,126.92,290.57,253.84,0.762226,0.117519,0.151337,0.235037,0.9412
154,684.9,515.03,344.52,340.96,0.356718,0.476883,0.179438,0.3157,0.9339
154,1232.07,627.16,332.47,331.41,0.641703,0.5807,0.173164,0.306862,0.9305
154,253.7,949.36,250.25,249.59,0.132133,0.879033,0.130339,0.231099,0.9296
154,88.17,615.25,175.76,304.94,0.045921,0.569674,0.091541,0.282352,0.9288
154,789.33,907.29,258.54,256.14,0.411111,0.840082,0.134658,0.237167,0.9279
154,1452.23,970.3,253.64,217.58,0.756372,0.898428,0.132106,0.201462,0.9254
154,1653.17,528.36,239.56,244.02,0.861027,0.489226,0.12477,0.225947,0.9083
154,971.46,67.35,162.0,134.7,0.505967,0.062359,0.084376,0.124718,0.8719
154,1844.54,119.19,150.93,236.68,0.960696,0.110364,0.078609,0.219149,0.8658
154,1098.03,804.17,77.17,78.2,0.571893,0.744606,0.040192,0.072405,0.8643
154,1667.86,610.72,115.09,115.66,0.868675,0.56548,0.059945,0.107095,0.8599
154,1064.01,884.01,119.09,120.02,0.554172,0.818532,0.062026,0.11113,0.8535
154,1305.35,768.98,73.16,72.16,0.679869,0.712018,0.038102,0.066811,0.8419
154,1858.0,714.17,124.0,359.47,0.967709,0.661264,0.064581,0.332841,0.8353
154,1349.02,146.3,76.61,77.77,0.702615,0.13546,0.0399,0.072006,0.8299
154,609.56,190.58,122.0,115.84,0.317478,0.176465,0.063543,0.107261,0.778
155,1438.89,108.17,283.35,216.33,0.74942,0.100154,0.147579,0.200309,0.9402
155,1235.2,598.45,344.75,341.52,0.643335,0.554121,0.179558,0.316221,0.9352
155,686.84,515.46,350.75,346.88,0.35773,0.477274,0.182683,0.321187,0.9349
155,278.46,963.65,252.67,232.71,0.145031,0.892264,0.131597,0.215471,0.9337
155,809.62,902.56,263.7,263.08,0.421678,0.835702,0.137342,0.24359,0.9309
155,686.84,177.74,407.62,355.48,0.357727,0.164573,0.2123,0.329146,0.9288
155,91.88,649.22,182.88,300.46,0.047857,0.601127,0.095249,0.278202,0.9231
155,1652.74,479.18,243.22,250.11,0.860801,0.443687,0.126679,0.231582,0.9036
155,1476.19,945.23,259.74,259.06,0.768846,0.875217,0.135282,0.239873,0.8953
155,1832.68,90.67,174.64,181.34,0.954522,0.083954,0.090957,0.167908,0.8791
155,1672.02,559.35,124.64,126.13,0.870843,0.517918,0.064918,0.116783,0.8754
155,948.27,60.54,166.2,121.09,0.493892,0.056059,0.086565,0.112119,0.8693
155,1082.83,864.44,123.25,122.97,0.563974,0.80041,0.064193,0.113859,0.8645
155,1318.9,736.89,77.1,76.9,0.686929,0.682301,0.040154,0.071207,0.8559
155,1113.55,781.49,82.88,83.58,0.579972,0.723605,0.043165,0.077389,0.8536
155,1328.07,112.06,76.8,77.71,0.691704,0.103758,0.04,0.071958,0.7893
155,1865.13,641.86,109.74,337.03,0.971422,0.594313,0.057157,0.312062,0.7873
155,592.54,195.55,128.47,123.81,0.308612,0.181066,0.06691,0.114637,0.7431
156,664.58,180.81,417.68,361.61,0.346137,0.167413,0.217543,0.334826,0.94
156,686.62,515.15,361.35,356.75,0.357614,0.476986,0.188205,0.330324,0.934
156,1419.92,93.33,301.76,186.66,0.739541,0.086419,0.157165,0.172838,0.9312
156,1240.1,566.69,341.76,340.58,0.645885,0.52471,0.178,0.31535,0.9307
156,302.69,971.05,263.7,216.39,0.157649,0.899117,0.137343,0.200362,0.9301
156,829.7,894.82,269.13,271.24,0.432135,0.82854,0.140172,0.25115,0.9261
156,1500.05,906.64,267.68,265.57,0.781277,0.839484,0.139418,0.2459,0.9244
156,100.1,683.42,200.18,320.77,0.052133,0.632795,0.104262,0.297006,0.9164
156,1650.61,426.28,242.84,245.91,0.859694,0.3947,0.126477,0.227691,0.9053
156,1100.5,844.17,120.89,120.05,0.573179,0.78164,0.062965,0.11116,0.8831
156,1674.29,507.32,122.23,123.15,0.872028,0.46974,0.063661,0.114024,0.8653
156,1818.73,62.27,202.55,124.54,0.947254,0.057659,0.105493,0.115318,0.8572
156,923.48,54.05,166.12,108.1,0.48098,0.050048,0.08652,0.100095,0.8463
156,1126.2,758.64,80.39,81.3,0.586564,0.702441,0.04187,0.075278,0.8459
156,577.87,201.32,130.43,128.42,0.300976,0.186411,0.067934,0.118903,0.8437
156,369.02,950.63,127.96,131.32,0.192197,0.880211,0.066645,0.121596,0.8228
156,1306.15,78.76,81.35,83.48,0.680287,0.072928,0.042371,0.077298,0.8102
156,309.02,49.54,340.86,99.08,0.16095,0.045869,0.177529,0.091738,0.7763
156,1867.68,571.67,104.64,341.45,0.97275,0.529328,0.0545,0.316154,0.7746
156,1329.77,701.4,77.39,76.72,0.69259,0.64944,0.040308,0.071041,0.7385
156,1450.71,1027.79,186.33,104.41,0.755578,0.95166,0.097048,0.096679,0.7335
157,645.47,183.13,424.08,366.25,0.336181,0.169561,0.220875,0.339121,0.9377
157,1240.12,538.31,347.09,346.37,0.645897,0.498432,0.180775,0.320711,0.9362
157,685.9,515.11,367.35,361.79,0.357239,0.476953,0.191327,0.334995,0.9348
157,324.45,979.56,261.31,198.75,0.168986,0.907001,0.1361,0.184029,0.9301
157,103.55,718.56,207.1,324.04,0.053933,0.66533,0.107866,0.300038,0.9279
157,849.5,885.5,271.61,270.98,0.442449,0.819907,0.141462,0.25091,0.9256
157,1516.62,863.09,264.53,267.32,0.789909,0.799158,0.137778,0.247514,0.9205
157,1395.24,75.29,303.14,150.58,0.72669,0.069712,0.157887,0.139424,0.898
157,1640.4,372.99,239.73,240.98,0.854374,0.345364,0.124859,0.223129,0.8886
157,267.99,55.15,292.95,110.31,0.139578,0.051068,0.152579,0.102137,0.8837
157,1478.08,1003.98,202.84,150.66,0.769834,0.929615,0.105644,0.139504,0.8594
157,1138.04,734.14,81.6,81.4,0.592727,0.679759,0.042502,0.07537,0.8592
157,1669.57,454.83,120.12,123.09,0.869569,0.421142,0.062564,0.113975,0.8585
157,1338.33,667.82,74.52,74.08,0.697047,0.618356,0.038812,0.068593,0.8461
157,1116.9,819.19,125.31,121.16,0.581718,0.758511,0.065266,0.112189,0.8445
157,897.03,51.26,170.46,102.52,0.467203,0.047465,0.088783,0.09493,0.8423
157,559.03,208.71,129.9,123.54,0.291159,0.193252,0.067655,0.114389,0.8144
157,1281.03,44.96,80.59,80.42,0.667202,0.041628,0.041975,0.074459,0.8061
157,1865.87,496.89,108.27,360.44,0.971805,0.460085,0.05639,0.333741,0.761
157,1579.09,1024.53,142.1,110.95,0.822445,0.948634,0.074009,0.102731,0.704
158,1238.82,509.31,353.56,353.23,0.645219,0.471583,0.184144,0.327061,0.9336
158,685.32,516.3,370.96,366.28,0.356936,0.478051,0.193209,0.339148,0.9333
158,866.48,879.89,271.95,273.86,0.451294,0.814712,0.141643,0.253577,0.9316
158,624.16,185.56,426.91,371.12,0.325081,0.171814,0.222348,0.343628,0.9313
158,108.23,751.39,216.47,321.21,0.056372,0.695735,0.112744,0.297413,0.9265
158,1533.87,815.65,265.07,265.26,0.798891,0.75523,0.138059,0.245607,0.9239
158,1630.66,322.46,244.5,245.2,0.849304,0.298572,0.127346,0.22704,0.9193
158,351.16,987.47,278.97,183.17,0.182896,0.914327,0.145299,0.1696,0.9155
158,1515.81,977.4,227.84,203.7,0.789484,0.905001,0.118667,0.188607,0.9094
158,241.7,68.88,282.33,137.77,0.125887,0.063782,0.147045,0.127564,0.8993
158,1148.07,710.23,82.84,83.9,0.597954,0.657616,0.043147,0.077686,0.868
158,1131.4,798.77,124.64,123.88,0.58927,0.739601,0.064915,0.114707,0.8572
158,1662.51,402.21,120.82,122.42,0.865891,0.372421,0.062928,0.113353,0.8549
158,1360.69,55.15,287.5,109.9,0.708695,0.051065,0.149741,0.101764,0.8483
158,868.34,45.93,168.53,91.06,0.45226,0.04253,0.087777,0.084311,0.8379
158,1344.45,633.05,78.01,77.79,0.700233,0.586154,0.04063,0.072028,0.8237
158,1251.34,26.65,79.1,52.67,0.651739,0.024677,0.0412,0.048767,0.7842
158,1863.54,422.11,112.92,365.89,0.970593,0.390844,0.058813,0.338783,0.7817
158,541.73,215.53,129.55,125.92,0.28215,0.199566,0.067473,0.116594,0.7711
159,603.1,189.41,429.46,378.81,0.314115,0.175376,0.223675,0.350751,0.9383
159,116.76,786.63,233.52,319.45,0.060812,0.728357,0.121625,0.295789,0.9368
159,884.69,869.01,276.55,276.22,0.460778,0.804642,0.144037,0.255764,0.9353
159,1233.93,480.48,356.38,357.24,0.642672,0.444885,0.185614,0.330775,0.9345
159,212.04,83.0,295.26,166.0,0.110439,0.076851,0.153781,0.153702,0.9342
159,681.93,516.76,372.26,368.3,0.35517,0.478481,0.193886,0.34102,0.9302
159,378.98,999.46,283.61,159.56,0.197385,0.925427,0.147715,0.147738,0.9226
159,1615.91,268.88,244.15,245.17,0.84162,0.248965,0.127164,0.227009,0.9211
159,1545.4,770.08,274.49,275.57,0.804896,0.71304,0.142964,0.255155,0.9193
159,1536.16,947.49,230.74,242.34,0.800085,0.877302,0.120176,0.224391,0.9109
159,1143.92,772.28,129.85,132.1,0.595791,0.715071,0.067631,0.122316,0.8888
159,1654.28,350.03,123.02,123.71,0.861605,0.324098,0.064074,0.114551,0.8801
159,1883.53,62.38,70.63,70.42,0.981008,0.057761,0.036785,0.065203,0.8603
159,1347.07,596.96,80.05,79.57,0.7016,0.55274,0.041691,0.073672,0.8408
159,1154.39,685.43,85.25,85.17,0.601245,0.634655,0.044403,0.078857,0.8224
159,523.3,220.09,130.89,127.48,0.272551,0.20379,0.06817,0.118035,0.8062
159,839.61,42.02,172.0,83.33,0.437295,0.038907,0.089585,0.077156,0.8038
159,1858.48,350.74,123.05,367.11,0.967956,0.324755,0.064088,0.339917,0.7974
160,899.3,856.59,276.93,278.07,0.468385,0.793137,0.144237,0.257477,0.9397
160,180.73,97.75,311.71,195.5,0.094131,0.09051,0.162351,0.181021,0.9381
160,122.83,819.77,245.66,323.02,0.063974,0.759046,0.127948,0.299089,0.9338
160,1230.95,450.78,360.7,358.25,0.64112,0.41739,0.187863,0.331712,0.9329
160,578.33,191.2,430.87,382.4,0.301212,0.177038,0.224412,0.354075,0.9327
160,680.1,517.41,374.71,372.89,0.354217,0.47908,0.19516,0.345271,0.9306
160,1558.13,724.86,272.55,272.61,0.811527,0.67117,0.141955,0.252415,0.9261
160,1598.01,218.11,245.03,252.69,0.832295,0.201953,0.12762,0.233972,0.9092
160,1564.83,896.76,248.97,247.09,0.815014,0.830335,0.12967,0.228788,0.9088
160,402.52,1004.15,276.28,149.99,0.209644,0.929765,0.143897,0.138875,0.9039
160,1155.35,749.71,133.2,130.92,0.601745,0.694177,0.069373,0.121219,0.8721
160,505.99,232.15,130.86,129.76,0.263537,0.214957,0.068158,0.120151,0.8622
160,1644.25,295.87,125.3,128.46,0.856382,0.273953,0.065261,0.118945,0.8513
160,1850.55,287.29,138.9,370.01,0.963829,0.266011,0.072342,0.342602,0.8494
160,1347.46,560.53,81.15,81.09,0.7018,0.519007,0.042268,0.075079,0.8386
160,1161.56,660.22,85.22,84.0,0.604977,0.611318,0.044387,0.077781,0.8285
160,1854.89,15.42,60.33,30.85,0.96609,0.014281,0.031422,0.028563,0.7876
160,807.07,39.04,163.64,76.99,0.420349,0.036153,0.08523,0.071283,0.781
160,461.32,1011.06,136.21,133.63,0.24027,0.936168,0.070945,0.123728,0.7282
161,914.82,846.11,278.61,281.27,0.476471,0.783439,0.145107,0.260434,0.935
161,559.49,196.08,435.37,392.17,0.291399,0.18156,0.226755,0.36312,0.9338
161,130.91,852.99,261.81,327.92,0.06818,0.789809,0.136361,0.303631,0.9336
161,674.74,516.53,380.77,380.69,0.351428,0.478264,0.198315,0.352492,0.9322
161,1220.72,419.51,363.17,362.82,0.635792,0.388431,0.189153,0.335947,0.9316
161,1564.48,675.08,272.03,271.51,0.814831,0.625072,0.141682,0.251394,0.9268
161,151.31,111.98,298.93,223.96,0.078805,0.103686,0.155692,0.207371,0.925
161,1576.58,852.33,239.95,247.61,0.821133,0.789193,0.124974,0.229268,0.9093
161,1579.28,170.7,250.08,255.61,0.822539,0.158054,0.130249,0.23668,0.8998
161,1162.44,722.16,132.84,133.64,0.605436,0.668668,0.069189,0.123744,0.8858
161,420.57,1013.72,270.59,130.87,0.219049,0.938633,0.140931,0.121179,0.8795
161,1838.8,216.71,162.4,366.47,0.957708,0.20066,0.084584,0.339328,0.8773
161,1626.55,244.02,128.59,127.83,0.847163,0.225943,0.066973,0.118363,0.8544
161,1164.52,634.3,83.57,82.82,0.606521,0.587312,0.043527,0.076681,0.8501
161,1345.75,525.66,81.16,81.2,0.700913,0.486719,0.042273,0.075187,0.8226
161,485.45,244.75,128.97,127.64,0.252841,0.22662,0.067174,0.118183,0.8088
161,482.33,1020.59,130.08,118.82,0.251214,0.944991,0.067752,0.110019,0.7682
161,775.28,33.69,164.72,66.06,0.403793,0.031193,0.085789,0.061165,0.7411
161,1058.59,1053.26,91.15,53.49,0.551351,0.975236,0.047472,0.049527,0.704
162,536.27,200.79,438.43,401.58,0.279306,0.185918,0.22835,0.371837,0.945
162,927.27,834.38,282.45,281.5,0.482955,0.772575,0.147108,0.26065,0.9394
162,1210.07,393.35,365.82,360.24,0.630243,0.364211,0.190531,0.333559,0.936
162,671.7,517.15,380.75,380.65,0.349842,0.47884,0.198307,0.352455,0.9346
162,136.03,127.61,271.3,255.21,0.070846,0.118155,0.141302,0.23631,0.9273
162,1566.79,629.91,274.03,273.87,0.816037,0.583252,0.142726,0.253586,0.9236
162,137.61,886.79,275.22,328.25,0.071673,0.821105,0.143346,0.303934,0.9216
162,1590.22,801.4,237.12,240.87,0.828238,0.742036,0.123498,0.223031,0.9001
162,1824.93,177.57,190.14,355.15,0.950484,0.16442,0.099032,0.328841,0.8658
162,1555.29,127.53,253.37,255.05,0.810049,0.11808,0.131961,0.236159,0.8636
162,466.46,254.39,135.51,130.56,0.242948,0.235548,0.070577,0.120891,0.8584
162,1167.71,694.9,131.66,133.06,0.608182,0.643424,0.068573,0.123202,0.8538
162,1165.15,608.93,85.3,85.72,0.606851,0.563824,0.044427,0.079368,0.8518
162,1606.4,196.82,124.36,126.59,0.836665,0.182236,0.064769,0.117217,0.8507
162,446.57,1020.1,275.87,117.96,0.232591,0.944539,0.143682,0.109223,0.8216
162,1858.78,1031.33,96.11,94.47,0.968115,0.954939,0.050059,0.087471,0.8013
162,1342.48,489.86,81.8,82.56,0.699207,0.45357,0.042604,0.076444,0.7845
162,1085.05,1042.2,97.05,75.6,0.565131,0.965,0.050548,0.07,0.7841
162,1328.28,1023.66,393.65,110.68,0.691813,0.947833,0.205028,0.102482,0.7825
163,668.22,519.9,374.7,375.4,0.348032,0.481392,0.195155,0.34759,0.9362
163,1200.05,364.97,365.64,367.0,0.625025,0.337938,0.190435,0.339816,0.9361
163,122.33,143.91,244.65,286.59,0.063711,0.133254,0.127422,0.26536,0.935
163,940.34,821.32,281.23,280.73,0.489761,0.760482,0.146476,0.259939,0.9335
163,513.28,205.92,436.13,411.85,0.267333,0.19067,0.227153,0.38134,0.9296
163,147.19,915.43,294.06,323.13,0.076661,0.847623,0.153155,0.299196,0.9254
163,1566.67,578.35,274.67,272.7,0.815974,0.535512,0.143057,0.252504,0.9212
163,1606.13,752.42,241.18,246.91,0.836526,0.696681,0.125612,0.228622,0.9145
163,1530.01,104.67,260.13,209.33,0.796882,0.096913,0.135486,0.193826,0.9093
163,1368.81,1002.52,379.24,153.44,0.712922,0.928255,0.197523,0.142078,0.8793
163,1809.47,158.83,221.06,317.19,0.942433,0.147065,0.115135,0.293693,0.8602
163,1584.26,142.41,130.85,130.99,0.825135,0.131862,0.068151,0.121287,0.8342
163,449.48,268.87,131.48,130.67,0.234105,0.248952,0.06848,0.12099,0.821
163,1165.79,581.39,85.24,85.7,0.607185,0.53832,0.044394,0.079355,0.817
163,1108.93,1029.92,98.48,94.73,0.577566,0.953633,0.051294,0.087711,0.8107
163,1171.79,669.3,132.16,130.87,0.610308,0.619718,0.068832,0.121174,0.8066
163,1333.24,453.94,80.9,81.35,0.694396,0.420314,0.042137,0.075323,0.7879
163,481.95,1025.93,275.27,106.55,0.251018,0.949939,0.143372,0.09866,0.7666
163,711.21,34.23,178.88,68.46,0.370422,0.031692,0.093166,0.063385,0.7065
164,489.16,211.1,436.37,422.2,0.254769,0.195462,0.227275,0.390925,0.9418
164,662.9,521.98,377.39,378.33,0.345258,0.483316,0.196558,0.350305,0.9389
164,1184.35,338.54,361.13,363.0,0.616847,0.313465,0.188091,0.336111,0.9386
164,953.32,809.75,278.34,276.82,0.496523,0.749769,0.144971,0.256316,0.9362
164,108.38,170.09,216.36,296.79,0.056446,0.157492,0.112688,0.274808,0.9345
164,153.46,933.37,305.42,293.26,0.079927,0.864233,0.159072,0.271534,0.9233
164,1562.49,532.33,271.62,272.57,0.813797,0.492902,0.141471,0.252381,0.9212
164,1499.82,81.24,258.5,162.47,0.781158,0.07522,0.134637,0.150439,0.9165
164,1398.69,982.73,396.71,194.55,0.728482,0.909931,0.20662,0.180138,0.9024
164,1616.13,698.39,251.24,254.47,0.841734,0.646658,0.130852,0.235618,0.901
164,1793.7,114.84,252.6,229.69,0.934218,0.106337,0.131563,0.212674,0.8808
164,430.21,281.73,130.09,125.9,0.224069,0.260857,0.067756,0.116572,0.8484
164,1162.0,555.26,86.07,86.56,0.605207,0.514132,0.044831,0.080153,0.8354
164,1558.58,99.5,130.61,127.12,0.811762,0.092127,0.068024,0.117704,0.8315
164,1174.62,643.74,131.8,129.14,0.611783,0.596053,0.068648,0.119573,0.8184
164,1719.87,795.17,58.7,58.64,0.895764,0.736265,0.030572,0.054299,0.7989
164,1131.72,1007.8,97.61,99.93,0.589439,0.933147,0.050837,0.092525,0.7692
164,499.35,1029.89,277.83,98.57,0.260076,0.953603,0.144702,0.091265,0.7471
164,667.89,29.45,148.07,58.9,0.34786,0.02727,0.077118,0.05454,0.7003
165,654.11,525.54,376.72,378.97,0.340685,0.486608,0.19621,0.350896,0.944
165,462.97,217.98,443.46,430.41,0.241129,0.201831,0.23097,0.398529,0.9345
165,960.98,792.93,276.51,277.45,0.500509,0.734194,0.144013,0.256897,0.9335
165,1168.78,312.75,360.0,359.03,0.608739,0.289587,0.187499,0.332439,0.932
165,164.95,947.55,317.65,263.94,0.08591,0.877359,0.165442,0.244391,0.931
165,97.16,206.23,194.21,298.51,0.050603,0.190956,0.101153,0.276395,0.925
165,1418.4,962.62,369.94,232.77,0.738752,0.891318,0.192676,0.215532,0.9237
165,1615.29,648.79,246.49,249.75,0.841295,0.600731,0.128381,0.231252,0.9192
165,1556.59,486.0,271.11,271.95,0.810724,0.450002,0.141201,0.251808,0.9178
165,1174.56,618.91,126.72,125.41,0.611752,0.573065,0.066002,0.11612,0.8813
165,1158.37,531.62,81.35,82.47,0.603319,0.492243,0.042372,0.076359,0.8683
165,409.89,300.57,131.47,130.23,0.213483,0.278309,0.068473,0.120584,0.8655
165,1526.97,57.34,127.75,114.67,0.795296,0.053088,0.066536,0.106176,0.8596
165,1151.26,984.85,97.36,97.32,0.599612,0.911899,0.050708,0.090116,0.823
165,1782.56,79.71,274.89,159.42,0.928415,0.073805,0.14317,0.14761,0.8205
165,1467.7,956.79,76.48,77.08,0.764425,0.885916,0.039835,0.071366,0.756
165,1313.06,385.63,79.35,79.86,0.683884,0.357069,0.041326,0.073944,0.7203
165,631.78,30.68,161.72,60.78,0.329054,0.028407,0.084227,0.056276,0.7096
165,1462.46,56.3,263.48,112.6,0.761696,0.052129,0.137232,0.104258,0.7047
166,649.91,526.9,368.76,370.12,0.338496,0.48787,0.192064,0.342702,0.9431
166,184.64,966.89,310.87,224.44,0.096165,0.895272,0.16191,0.207815,0.932
166,1148.96,284.56,356.83,353.25,0.598419,0.263481,0.185849,0.327079,0.9306
166,967.19,779.5,269.04,270.49,0.503744,0.721761,0.140125,0.250455,0.9305
166,443.08,229.61,420.77,425.75,0.230769,0.212602,0.219153,0.394217,0.9293
166,1545.88,441.06,271.27,273.06,0.805147,0.408391,0.141284,0.252834,0.9237
166,1436.32,943.42,360.06,271.66,0.748085,0.873534,0.187531,0.25154,0.9212
166,82.03,243.61,164.05,289.74,0.042722,0.225567,0.085444,0.268281,0.9166
166,1613.01,600.26,240.21,244.56,0.840108,0.555797,0.125107,0.226442,0.9154
166,1172.41,594.24,127.14,125.29,0.61063,0.550218,0.06622,0.116006,0.8859
166,392.06,317.52,132.3,128.64,0.204198,0.294002,0.068904,0.119114,0.8673
166,1150.3,505.38,84.39,85.08,0.599112,0.467949,0.043951,0.078774,0.8293
166,1694.96,1042.47,115.61,75.06,0.882794,0.965249,0.060211,0.069503,0.8133
166,1491.82,35.99,136.55,70.39,0.776991,0.033326,0.07112,0.065175,0.7883
166,1169.12,959.68,96.83,97.06,0.608915,0.888591,0.050435,0.089872,0.7736
166,594.77,33.37,169.55,66.74,0.309776,0.030899,0.088305,0.061797,0.7673
166,1484.11,913.02,78.38,77.23,0.772972,0.845385,0.040821,0.071508,0.7534
166,1298.57,352.87,77.79,76.79,0.67634,0.326731,0.040517,0.0711,0.7442
166,586.63,1042.42,186.31,75.16,0.305537,0.965205,0.097037,0.069589,0.739
167,417.73,244.87,418.67,422.31,0.217568,0.226732,0.218059,0.391031,0.9487
167,643.12,532.33,362.78,363.99,0.33496,0.492901,0.188948,0.337027,0.9405
167,1128.79,262.62,345.35,345.02,0.58791,0.243166,0.17987,0.31946,0.9352
167,974.51,765.08,269.47,269.19,0.507555,0.708404,0.140347,0.249254,0.9345
167,1534.88,392.86,264.93,265.12,0.799418,0.363757,0.137987,0.245479,0.9252
167,204.87,981.04,311.01,195.58,0.106705,0.908371,0.161984,0.181092,0.9216
167,1453.18,924.36,356.53,311.28,0.756867,0.855888,0.185694,0.288225,0.9193
167,1609.1,549.88,232.45,235.47,0.838074,0.509144,0.12107,0.218031,0.9162
167,71.59,289.01,142.52,307.79,0.037287,0.267602,0.074231,0.284994,0.8862
167,1168.99,567.41,126.2,124.54,0.60885,0.525382,0.065732,0.115313,0.8831
167,1142.75,482.8,81.66,82.21,0.595185,0.447036,0.042532,0.076123,0.861
167,372.51,335.99,129.38,124.33,0.194016,0.311104,0.067383,0.115125,0.84
167,1713.73,1007.25,108.11,106.94,0.892568,0.932643,0.056305,0.09902,0.8318
167,557.25,39.45,179.53,78.91,0.290233,0.03653,0.093508,0.073061,0.7893
167,1279.83,320.67,75.75,76.39,0.666581,0.296918,0.039454,0.070734,0.7651
167,1185.7,933.86,94.23,92.69,0.617554,0.864688,0.049078,0.085823,0.7624
167,1494.55,871.07,71.46,70.38,0.778412,0.806544,0.037219,0.065171,0.7382
167,620.67,1045.14,155.13,69.72,0.323263,0.967723,0.080795,0.064553,0.7292
168,635.92,537.58,358.23,360.38,0.331209,0.497763,0.186578,0.333685,0.9432
168,393.66,265.85,415.45,412.31,0.205034,0.246154,0.216378,0.381766,0.9383
168,1105.83,238.31,340.41,339.34,0.575954,0.220656,0.177297,0.314202,0.9337
168,981.23,751.66,257.18,255.55,0.511057,0.695983,0.133948,0.236617,0.9321
168,1470.81,900.28,355.11,348.99,0.766045,0.833594,0.184952,0.323136,0.9254
168,1517.26,351.28,265.62,267.83,0.79024,0.325261,0.138343,0.247994,0.9245
168,1603.19,502.8,233.05,235.74,0.834994,0.465553,0.121379,0.21828,0.9201
168,222.82,997.06,320.64,163.93,0.11605,0.923208,0.167002,0.151787,0.911
168,59.81,319.86,119.62,290.17,0.03115,0.296168,0.0623,0.268678,0.8833
168,1162.47,542.49,118.36,118.77,0.605455,0.502301,0.061644,0.109971,0.8706
168,354.17,357.4,125.73,129.71,0.184461,0.330925,0.065482,0.120104,0.8629
168,1131.12,459.03,77.7,77.69,0.589127,0.425031,0.040468,0.071938,0.8595
168,1731.54,951.68,105.52,107.92,0.901846,0.881185,0.05496,0.099928,0.8563
168,515.8,43.04,171.56,86.09,0.268644,0.039855,0.089357,0.079711,0.826
168,1199.62,909.94,89.92,91.17,0.624803,0.842536,0.046833,0.084418,0.8141
168,1609.33,979.78,58.81,57.22,0.838192,0.907199,0.03063,0.052986,0.7857
168,1258.88,288.87,74.8,76.61,0.655668,0.267471,0.03896,0.070933,0.7768
168,641.24,1048.43,154.46,63.15,0.333982,0.970764,0.080449,0.058471,0.7626
169,627.57,542.46,351.72,352.52,0.326859,0.502281,0.183187,0.326406,0.9355
169,1083.67,220.69,338.61,335.04,0.564413,0.20434,0.17636,0.310224,0.9352
169,370.76,282.89,405.4,405.71,0.193106,0.261938,0.211144,0.375659,0.9313
169,984.08,738.51,253.38,254.13,0.51254,0.683805,0.131968,0.235309,0.9304
169,1480.49,862.95,349.5,348.89,0.771089,0.799029,0.182032,0.323045,0.9229
169,1499.31,306.52,259.37,258.13,0.780892,0.283814,0.135086,0.239007,0.9219
169,1589.56,449.84,239.37,238.63,0.827896,0.416514,0.124674,0.220949,0.9167
169,253.99,1014.28,311.48,129.73,0.132285,0.939146,0.162232,0.120118,0.8916
169,336.81,376.5,129.62,123.9,0.175421,0.348615,0.067509,0.114722,0.8608
169,1155.18,519.37,117.52,116.92,0.601656,0.4809,0.061207,0.108256,0.8558
169,1745.01,895.89,104.59,103.82,0.908861,0.82953,0.054475,0.096133,0.854
169,1119.3,437.4,79.87,80.04,0.582967,0.404996,0.0416,0.074115,0.8513
169,479.49,48.15,170.49,96.03,0.249736,0.044584,0.088798,0.08892,0.8394
169,1236.49,260.96,72.82,73.22,0.644008,0.241628,0.037928,0.0678,0.8214
169,45.95,362.67,91.82,270.94,0.023934,0.335807,0.047824,0.250871,0.8206
169,1212.24,881.79,90.08,89.64,0.631375,0.816475,0.046919,0.082996,0.7972
169,1515.51,784.19,73.08,73.28,0.78933,0.7261,0.038061,0.067855,0.7356
170,347.23,301.77,408.11,405.22,0.18085,0.279414,0.212557,0.375205,0.9468
170,987.42,722.12,251.25,250.52,0.514282,0.668628,0.130861,0.231963,0.9348
170,619.71,550.27,352.64,349.91,0.322764,0.509512,0.183668,0.32399,0.9342
170,1056.11,201.16,329.7,329.8,0.550055,0.186256,0.171718,0.305371,0.931
170,1491.03,821.99,347.85,348.22,0.77658,0.761098,0.18117,0.322427,0.9304
170,1479.04,264.8,256.75,254.45,0.770332,0.245187,0.133726,0.235605,0.9284
170,1577.51,403.56,234.07,234.97,0.82162,0.373667,0.121911,0.217562,0.9053
170,1103.94,415.03,77.82,77.91,0.574969,0.384284,0.040532,0.07214,0.8749
170,444.99,56.63,167.51,113.25,0.231763,0.052432,0.087243,0.104865,0.8585
170,1754.82,838.01,102.75,103.9,0.913966,0.775935,0.053515,0.096201,0.8532
170,1145.83,495.38,115.77,115.68,0.596785,0.458682,0.060298,0.107112,0.8501
170,267.95,1029.02,307.68,100.04,0.139557,0.952796,0.160252,0.092625,0.8207
170,1222.26,853.3,91.2,92.32,0.636591,0.790091,0.047501,0.085477,0.812
170,317.79,402.55,127.66,124.37,0.165517,0.372734,0.066489,0.115156,0.8067
170,1518.56,741.19,75.48,75.67,0.790916,0.686288,0.039313,0.070065,0.778
170,40.95,400.23,81.82,268.34,0.021326,0.370584,0.042614,0.248467,0.7739
170,1212.32,233.11,72.35,73.19,0.631415,0.215839,0.037684,0.067764,0.7227
171,1027.42,186.9,342.54,334.19,0.535113,0.173053,0.178407,0.309438,0.9369
171,612.78,558.03,348.68,345.32,0.319158,0.516694,0.181603,0.319742,0.9369
171,989.28,708.47,254.18,256.08,0.515249,0.655992,0.132384,0.237111,0.9309
171,1452.9,224.26,258.26,258.75,0.756716,0.207644,0.134513,0.239585,0.9295
171,1495.09,776.62,348.0,345.46,0.778694,0.719094,0.181249,0.319873,0.9266
171,324.5,325.15,400.61,396.18,0.169012,0.301063,0.208649,0.366833,0.9261
171,1558.16,356.91,230.89,231.05,0.811542,0.330468,0.120253,0.213933,0.9071
171,408.7,64.09,163.72,128.17,0.212862,0.059339,0.085273,0.118679,0.8867
171,1087.46,395.86,78.49,79.9,0.566384,0.366535,0.040879,0.073983,0.8765
171,1131.86,473.25,111.28,114.15,0.589513,0.43819,0.057957,0.105692,0.8489
171,1760.53,781.16,100.83,100.88,0.916945,0.723301,0.052518,0.093408,0.8335
171,1229.75,828.35,90.89,91.55,0.640494,0.766995,0.04734,0.084772,0.8321
171,1518.53,697.24,74.49,74.4,0.790903,0.645594,0.038798,0.068888,0.7934
171,295.32,1037.44,302.23,83.05,0.153811,0.960589,0.157413,0.076894,0.7732
171,300.96,429.32,129.23,126.75,0.156753,0.397521,0.067306,0.117361,0.7573
171,1142.67,1044.44,223.99,69.25,0.59514,0.967079,0.11666,0.064125,0.7205
172,305.45,350.3,395.17,396.8,0.15909,0.324349,0.205819,0.367408,0.9396
172,604.24,563.87,347.05,344.66,0.314708,0.522101,0.180756,0.319125,0.939
172,997.58,171.42,332.35,329.38,0.519574,0.158726,0.1731,0.30498,0.9354
172,988.68,695.79,249.75,250.4,0.514938,0.644249,0.13008,0.231853,0.9323
172,1498.41,737.27,339.95,332.93,0.780424,0.682655,0.177058,0.308272,0.9307
172,1425.11,186.06,254.4,250.45,0.742245,0.172277,0.132503,0.231896,0.9282
172,1536.92,314.27,222.42,223.74,0.800477,0.290989,0.115846,0.207168,0.8944
172,1069.69,377.75,78.79,77.13,0.557133,0.34977,0.041037,0.071415,0.879
172,367.06,72.8,156.46,145.6,0.191176,0.067407,0.08149,0.134814,0.8753
172,1117.87,453.78,113.14,113.35,0.582223,0.420167,0.058928,0.10495,0.8502
172,1763.14,723.62,99.48,98.81,0.918302,0.670016,0.05181,0.091487,0.8314
172,1160.29,1033.53,227.06,91.05,0.604317,0.956977,0.118262,0.084303,0.8283
172,1236.44,800.91,88.68,89.15,0.64398,0.741587,0.046185,0.082551,0.8086
172,284.71,453.74,128.0,123.38,0.148285,0.420129,0.066667,0.114242,0.7573
172,1518.71,655.37,74.66,74.06,0.790992,0.606823,0.038885,0.068574,0.7363
173,967.13,160.61,331.49,318.98,0.503716,0.148713,0.172653,0.295354,0.9403
173,282.69,377.3,384.95,384.99,0.147232,0.349348,0.200495,0.356471,0.9384
173,595.58,573.26,339.14,340.6,0.3102,0.530794,0.176636,0.315367,0.9359
173,987.94,684.83,254.09,252.47,0.514555,0.634105,0.13234,0.233765,0.9325
173,1498.72,696.52,338.41,334.47,0.780583,0.644926,0.176254,0.309694,0.9289
173,1394.61,150.55,249.84,247.05,0.726362,0.139398,0.130123,0.228747,0.9267
173,1512.41,277.95,217.99,219.6,0.787711,0.257361,0.113537,0.203332,0.9048
173,331.48,90.1,152.22,152.9,0.172648,0.083425,0.079279,0.141578,0.8857
173,1049.17,361.0,76.74,76.58,0.546445,0.334255,0.03997,0.070907,0.866
173,1103.24,433.9,115.65,114.85,0.574605,0.401759,0.060233,0.106346,0.8635
173,1187.83,1025.03,248.94,108.17,0.618663,0.949106,0.129657,0.100161,0.8585
173,1239.0,775.03,87.69,87.05,0.645312,0.717625,0.045673,0.080598,0.8275
173,1761.26,668.99,97.34,99.01,0.917325,0.619437,0.050697,0.091677,0.8238
173,1565.02,211.33,130.4,131.33,0.815113,0.19568,0.067917,0.121602,0.7766
173,1860.99,309.36,89.19,90.21,0.969267,0.286448,0.046451,0.083529,0.7404
173,1512.69,612.1,70.79,71.99,0.787861,0.566755,0.036867,0.066656,0.7151
174,583.99,590.47,320.91,317.1,0.304161,0.546728,0.167143,0.293607,0.9367
174,1360.75,120.38,235.22,235.87,0.708725,0.111465,0.122511,0.218402,0.9343
174,1494.64,659.11,322.1,314.82,0.778458,0.610289,0.167762,0.291501,0.931
174,262.23,408.18,380.5,381.27,0.136578,0.377943,0.198177,0.353026,0.9305
174,931.31,151.3,304.28,298.94,0.485056,0.140089,0.158479,0.276798,0.9266
174,983.56,672.83,238.09,234.84,0.512269,0.622993,0.124004,0.217443,0.9239
174,1483.46,237.87,201.27,197.8,0.772634,0.220252,0.10483,0.183145,0.8966
174,1206.81,1018.14,226.7,121.69,0.628544,0.942724,0.118073,0.112677,0.8852
174,293.84,115.09,146.86,146.32,0.153042,0.106562,0.076488,0.135484,0.8723
174,1084.1,413.61,105.74,106.39,0.564634,0.382974,0.055071,0.098509,0.8532
174,1027.82,346.52,70.44,73.09,0.535324,0.320855,0.036687,0.067673,0.8514
174,1240.88,748.86,84.96,85.06,0.646294,0.693387,0.044249,0.078758,0.8459
174,1757.47,611.3,94.15,93.2,0.915347,0.566021,0.049034,0.086296,0.8362
174,1888.87,318.67,62.26,86.12,0.983787,0.295066,0.032426,0.079737,0.8108
174,258.58,509.61,113.92,110.75,0.134678,0.471857,0.059331,0.102544,0.7807
174,1836.4,249.22,80.66,81.89,0.956459,0.230759,0.042009,0.075822,0.777
174,49.54,53.17,98.28,106.34,0.025802,0.049232,0.051189,0.098464,0.7412
174,1535.04,172.24,125.19,130.26,0.799498,0.159484,0.065204,0.120613,0.7341
175,895.82,143.05,288.97,282.27,0.466573,0.132449,0.150506,0.261361,0.9346
175,242.61,432.21,359.34,361.94,0.12636,0.400197,0.187156,0.335131,0.9341
175,1326.05,101.62,225.03,203.24,0.690649,0.09409,0.117205,0.188181,0.9338
175,574.98,598.39,305.41,306.94,0.299469,0.554064,0.159069,0.284203,0.9321
175,1490.02,620.32,310.2,300.03,0.776052,0.574368,0.16156,0.277807,0.9291
175,975.11,661.54,220.86,221.05,0.507869,0.612533,0.115029,0.204679,0.9184
175,259.81,142.55,145.41,144.65,0.135316,0.13199,0.075735,0.133937,0.8933
175,1455.84,194.87,203.44,194.26,0.758251,0.180432,0.105956,0.179871,0.8864
175,1213.4,1009.92,203.93,138.36,0.631977,0.935115,0.106213,0.128112,0.8773
175,1065.09,399.04,101.22,104.62,0.554736,0.369483,0.052721,0.096871,0.8763
175,1872.93,257.44,75.63,77.76,0.975483,0.238366,0.039388,0.071996,0.8365
175,1239.54,723.28,80.6,80.18,0.645594,0.669708,0.041981,0.074239,0.8344
175,1747.84,559.76,92.22,92.67,0.910332,0.518295,0.048034,0.085809,0.8329
175,1003.62,333.27,65.67,67.37,0.522718,0.30858,0.034201,0.06238,0.8321
175,1056.44,128.06,62.29,62.79,0.550231,0.11857,0.032443,0.058142,0.7877
175,243.88,539.3,112.06,105.74,0.127019,0.499348,0.058363,0.097903,0.7425
175,1807.42,190.47,79.36,79.68,0.941364,0.176357,0.041332,0.07378,0.7356
175,1493.33,530.96,64.07,63.59,0.777777,0.49163,0.033372,0.05888,0.7004
176,227.3,465.26,362.71,367.38,0.118384,0.430795,0.188913,0.340165,0.9386
176,568.23,609.32,303.84,303.26,0.295955,0.564183,0.158248,0.280792,0.9286
176,863.25,140.76,289.99,281.18,0.449611,0.130337,0.151034,0.260354,0.9267
176,1480.96,583.41,299.09,295.44,0.771335,0.540192,0.155779,0.273556,0.9195
176,971.7,652.66,221.5,221.56,0.506091,0.604312,0.115363,0.205146,0.915
176,1283.4,86.33,225.86,172.66,0.668439,0.079934,0.117637,0.159869,0.9147
176,1231.19,994.55,202.17,169.26,0.641243,0.920875,0.105297,0.15672,0.9119
176,225.71,173.15,147.03,147.55,0.117559,0.160323,0.076579,0.136616,0.8957
176,979.92,322.55,66.49,66.3,0.510375,0.298658,0.034632,0.061391,0.8854
176,1422.36,163.17,198.81,190.95,0.740812,0.151082,0.103549,0.176804,0.8808
176,1844.25,196.58,75.1,76.83,0.960547,0.18202,0.039117,0.071139,0.8606
176,1045.88,383.46,103.41,101.87,0.544731,0.355055,0.05386,0.094326,0.8561
176,1734.47,505.96,88.76,88.29,0.903371,0.468479,0.04623,0.081751,0.8534
176,1020.51,113.02,62.24,63.38,0.531517,0.104645,0.032417,0.058687,0.8127
176,1237.0,699.26,77.22,78.71,0.644269,0.647465,0.04022,0.072884,0.7997
176,231.92,572.14,112.17,110.85,0.120792,0.529761,0.05842,0.102635,0.7819
176,1773.06,133.09,82.82,83.37,0.92347,0.123232,0.043135,0.077193,0.7554
177,825.21,141.32,300.15,282.64,0.429796,0.130853,0.15633,0.261706,0.9432
177,560.75,623.69,314.56,313.57,0.292058,0.577493,0.163835,0.290344,0.936
177,209.48,498.35,370.29,372.06,0.109104,0.461431,0.192858,0.344501,0.9339
177,1466.42,540.81,311.61,309.01,0.763761,0.500752,0.162296,0.286124,0.9306
177,965.77,644.25,227.08,227.21,0.503007,0.596531,0.118269,0.210375,0.9185
177,1245.2,74.28,244.88,148.57,0.64854,0.068781,0.127542,0.137561,0.9131
177,1245.4,983.37,202.72,192.03,0.648648,0.910531,0.105585,0.177808,0.91
177,192.29,206.95,151.74,150.13,0.10015,0.191624,0.079029,0.139012,0.8935
177,1384.9,127.66,202.45,199.99,0.721304,0.118208,0.105441,0.185173,0.8691
177,1810.55,139.01,79.82,83.08,0.942994,0.128711,0.041571,0.076924,0.8527
177,954.48,314.12,69.33,70.57,0.497125,0.290855,0.036109,0.065347,0.8522
177,1023.51,371.04,104.87,106.6,0.533079,0.343552,0.054618,0.0987,0.8458
177,1233.65,674.08,84.8,83.8,0.642527,0.624145,0.044169,0.07759,0.8259
177,1719.54,450.62,97.98,99.57,0.895595,0.417237,0.051031,0.09219,0.8236
177,982.93,101.24,62.91,63.7,0.511945,0.093742,0.032767,0.058985,0.7982
177,223.14,604.83,123.42,117.2,0.116218,0.560026,0.06428,0.108516,0.7925
177,1736.46,79.19,79.03,80.52,0.904405,0.073326,0.041163,0.07456,0.7095
178,959.51,632.91,244.33,244.83,0.499743,0.586031,0.127255,0.226692,0.9402
178,550.76,638.07,335.25,333.97,0.286853,0.590805,0.17461,0.309233,0.9368
178,792.59,144.98,316.55,289.65,0.412809,0.134243,0.164871,0.268191,0.9357
178,198.01,527.61,384.96,388.42,0.10313,0.488529,0.2005,0.359649,0.9354
178,1456.43,500.09,336.79,334.43,0.758555,0.46305,0.175413,0.309656,0.9335
178,1256.35,960.87,211.83,212.26,0.65435,0.889697,0.11033,0.196536,0.9153
178,1352.07,99.55,219.74,199.1,0.704204,0.092176,0.11445,0.184353,0.895
178,1774.34,83.35,83.73,83.92,0.924137,0.077172,0.04361,0.077704,0.8864
178,1202.53,65.61,254.84,130.89,0.626319,0.060746,0.132732,0.121192,0.882
178,161.39,243.22,156.35,159.07,0.084055,0.225202,0.081432,0.147287,0.874
178,930.05,305.4,73.04,73.53,0.484402,0.28278,0.038042,0.068079,0.868
178,1700.87,401.16,96.56,96.83,0.885868,0.371446,0.050293,0.089658,0.8614
178,1001.13,359.24,110.46,110.55,0.521421,0.332629,0.057531,0.102359,0.8504
178,1226.51,650.61,85.75,86.36,0.638809,0.602418,0.044663,0.07996,0.8102
178,213.92,639.3,122.23,119.51,0.111417,0.591942,0.063663,0.110661,0.8099
178,1873.79,243.64,92.43,304.86,0.975931,0.225594,0.048138,0.282279,0.7828
178,945.35,94.2,67.41,68.12,0.492368,0.087226,0.035108,0.06307,0.7085
179,953.5,628.17,254.3,253.04,0.496613,0.58164,0.132451,0.234297,0.9385
179,193.87,570.03,387.73,404.44,0.100972,0.527804,0.201945,0.374477,0.9368
179,757.16,147.17,312.04,294.34,0.394356,0.13627,0.162522,0.272541,0.9348
179,544.69,656.05,350.5,345.12,0.283692,0.607452,0.182553,0.319551,0.9346
179,1438.96,464.91,347.41,348.74,0.749461,0.430476,0.180941,0.322909,0.9282
179,1267.99,934.64,218.74,219.5,0.660412,0.865409,0.113928,0.203237,0.9183
179,1313.07,85.87,230.59,171.75,0.683891,0.079513,0.1201,0.159027,0.8976
179,132.89,281.92,163.55,163.28,0.069215,0.261041,0.08518,0.151181,0.8804
179,901.6,300.28,73.67,74.85,0.469586,0.278037,0.038368,0.069305,0.8763
179,978.19,349.7,110.26,112.8,0.509472,0.323795,0.057429,0.10444,0.876
179,1850.33,182.08,139.34,307.23,0.963715,0.168594,0.07257,0.284475,0.8643
179,206.81,675.01,125.66,124.67,0.107713,0.625009,0.065449,0.115437,0.8628
179,1677.28,351.81,104.23,104.1,0.873581,0.325755,0.054289,0.096388,0.861
179,1219.87,627.96,92.5,91.58,0.635347,0.581443,0.048177,0.0848,0.8413
179,1162.7,56.94,267.99,113.88,0.605575,0.052722,0.139577,0.105443,0.8298
179,1733.94,37.25,87.15,74.28,0.903093,0.034488,0.045391,0.068778,0.7966
179,907.07,87.16,64.99,65.85,0.472433,0.080705,0.033848,0.060973,0.77
179,1591.41,1050.98,81.41,57.14,0.82886,0.973126,0.042401,0.052911,0.756
180,186.6,604.86,373.2,403.92,0.097188,0.560055,0.194375,0.373998,0.9401
180,539.14,669.59,350.91,347.08,0.280801,0.619993,0.182768,0.321372,0.9395
180,720.57,150.28,322.98,300.09,0.375298,0.139152,0.16822,0.277861,0.9367
180,944.39,623.31,260.24,260.02,0.491872,0.577139,0.135541,0.240761,0.9352
180,1421.27,433.77,348.87,344.62,0.740245,0.401639,0.181704,0.319091,0.9288
180,1276.21,912.04,224.96,222.64,0.664694,0.844485,0.117165,0.206147,0.9148
180,1836.35,134.97,167.3,268.81,0.956433,0.124971,0.087135,0.248895,0.9111
180,1276.35,75.62,242.74,151.25,0.664764,0.070022,0.126427,0.140044,0.9028
180,104.45,322.39,166.45,166.45,0.054403,0.298505,0.086692,0.154122,0.898
180,876.26,298.0,77.29,78.24,0.456386,0.275927,0.040256,0.072445,0.8742
180,1651.93,305.12,102.69,106.55,0.86038,0.282519,0.053484,0.098662,0.8647
180,954.77,342.79,113.91,114.97,0.497275,0.3174,0.059327,0.106451,0.8543
180,1212.44,607.44,95.8,94.9,0.63148,0.562446,0.049895,0.08787,0.8315
180,1111.92,50.52,254.28,100.95,0.579125,0.046782,0.13244,0.093468,0.8014
180,203.05,710.29,119.44,121.52,0.105754,0.65768,0.062209,0.112521,0.7972
180,866.71,85.63,70.67,73.15,0.451413,0.079284,0.036807,0.06773,0.78
180,1602.01,1020.97,76.14,79.18,0.83438,0.945341,0.039658,0.073319,0.7626
181,184.83,644.69,369.67,406.28,0.096268,0.596932,0.192536,0.376185,0.9416
181,533.91,687.58,349.79,350.09,0.278077,0.636645,0.182181,0.324162,0.9385
181,684.72,157.23,326.03,312.87,0.356623,0.145585,0.169807,0.289695,0.9358
181,935.14,618.3,256.38,256.87,0.487052,0.572504,0.133534,0.237843,0.9353
181,1398.27,400.56,353.44,350.66,0.728268,0.370885,0.184084,0.324685,0.9306
181,1281.36,889.29,223.25,225.02,0.667373,0.823414,0.116278,0.208352,0.9167
181,847.28,298.03,75.54,76.26,0.441293,0.275955,0.039342,0.070613,0.8776
181,83.61,363.75,162.86,169.33,0.043545,0.336807,0.084825,0.156789,0.874
181,1228.58,64.64,241.96,128.95,0.639885,0.059852,0.126023,0.119396,0.8732
181,927.96,338.06,113.81,114.72,0.483312,0.313018,0.059277,0.106219,0.8658
181,1624.48,261.58,101.82,102.12,0.846085,0.242207,0.053032,0.094558,0.8549
181,197.2,746.64,122.93,124.49,0.102709,0.691338,0.064028,0.115272,0.8339
181,827.3,85.63,71.3,72.97,0.430886,0.079286,0.037135,0.067567,0.8287
181,1199.6,587.82,92.6,94.57,0.624789,0.544281,0.048232,0.087567,0.8155
181,1060.17,41.15,248.32,82.31,0.55217,0.038106,0.129331,0.076211,0.8059
181,1819.89,112.9,200.22,225.7,0.94786,0.104538,0.10428,0.208978,0.8021
181,1612.78,977.29,80.75,80.85,0.839989,0.904897,0.042059,0.07486,0.7756
182,524.57,707.48,347.53,348.02,0.273211,0.655077,0.181003,0.322242,0.9393
182,648.71,163.43,330.41,321.31,0.337871,0.151321,0.17209,0.297509,0.9354
182,1378.35,374.44,349.64,344.43,0.71789,0.346701,0.182105,0.318918,0.9326
182,924.55,614.83,257.26,258.69,0.481534,0.569286,0.133989,0.239525,0.9324
182,178.46,681.59,356.93,408.68,0.09295,0.631101,0.185901,0.378406,0.9251
182,1286.35,867.82,222.95,221.33,0.669976,0.803535,0.116118,0.204935,0.9224
182,1791.22,82.15,257.57,164.3,0.932926,0.076065,0.134149,0.15213,0.8902
182,1181.23,54.35,231.74,108.7,0.615225,0.050326,0.1207,0.100652,0.8855
182,819.13,300.04,76.4,75.34,0.42663,0.277819,0.03979,0.069763,0.8768
182,71.04,410.53,142.07,170.65,0.036998,0.380117,0.073996,0.158009,0.8726
182,1188.9,568.69,94.52,94.58,0.619221,0.526569,0.049229,0.087572,0.8616
182,903.59,334.16,117.07,116.79,0.470621,0.30941,0.060975,0.108143,0.8595
182,1592.21,220.15,105.68,105.49,0.829275,0.203846,0.055044,0.097672,0.8439
182,155.46,37.88,79.87,75.77,0.080968,0.035077,0.0416,0.070153,0.827
182,193.12,783.38,131.51,129.09,0.100583,0.725348,0.068494,0.119532,0.8051
182,1386.78,936.13,60.11,59.61,0.722284,0.866787,0.031307,0.055192,0.8031
182,787.47,88.86,72.57,73.41,0.410141,0.082277,0.037797,0.067968,0.7784
182,1767.49,1027.52,301.41,103.27,0.920565,0.951406,0.156983,0.095622,0.7646
182,1010.46,35.73,251.06,71.47,0.526282,0.033086,0.130759,0.066171,0.7358
183,521.0,729.85,353.12,352.62,0.271356,0.675787,0.183917,0.326503,0.9404
183,611.76,180.53,335.87,327.47,0.318625,0.167161,0.174935,0.303212,0.9342
183,914.27,613.82,259.53,260.47,0.476183,0.568355,0.135169,0.241175,0.9305
183,1352.72,345.91,346.63,346.81,0.70454,0.320289,0.180538,0.321118,0.9294
183,177.68,724.84,355.36,412.31,0.092543,0.671151,0.185086,0.381766,0.9245
183,1287.88,842.66,225.45,223.3,0.670773,0.78024,0.117421,0.206755,0.9176
183,114.58,52.08,229.16,104.17,0.059677,0.048226,0.119355,0.096452,0.8753
183,1789.71,1005.95,258.17,146.6,0.93214,0.931436,0.134463,0.135742,0.8657
183,1559.01,180.55,106.56,107.93,0.811983,0.167176,0.055499,0.099934,0.8538
183,61.04,456.14,122.08,170.58,0.031792,0.422351,0.063583,0.157943,0.8506
183,875.89,334.3,119.94,119.99,0.456194,0.309533,0.062469,0.111098,0.8492
183,791.01,303.74,78.03,77.85,0.411985,0.281244,0.040639,0.072084,0.8485
183,1771.97,56.24,292.52,112.48,0.922901,0.052075,0.152353,0.10415,0.8433
183,1131.86,46.43,211.91,92.85,0.589508,0.042988,0.110371,0.085976,0.8406
183,1174.55,551.8,94.44,94.04,0.611747,0.510927,0.049189,0.08707,0.8332
183,196.27,822.75,123.74,125.29,0.102222,0.761803,0.064447,0.11601,0.8241
183,114.19,73.03,83.17,83.43,0.059476,0.067618,0.043317,0.077246,0.8056
183,1628.21,896.25,78.27,76.71,0.848026,0.829863,0.040764,0.071027,0.7952
183,1393.81,907.3,58.49,59.98,0.725944,0.840095,0.030462,0.055538,0.7797
183,747.91,97.45,76.64,79.07,0.389537,0.090233,0.039916,0.073216,0.7754
183,965.28,34.96,252.56,69.92,0.502752,0.032371,0.13154,0.064743,0.7122
184,517.31,748.73,362.78,362.54,0.269432,0.69327,0.18895,0.335686,0.9373
184,1328.6,324.02,356.84,349.5,0.691981,0.300015,0.185852,0.323616,0.9328
184,578.11,194.38,340.48,334.32,0.301098,0.179986,0.177332,0.309556,0.9319
184,903.77,610.72,268.36,267.5,0.470712,0.565478,0.139769,0.247687,0.9306
184,180.07,765.56,359.43,423.13,0.093785,0.708856,0.187203,0.391783,0.9305
184,1794.87,978.24,250.26,202.24,0.934827,0.905777,0.130346,0.187258,0.9207
184,1289.96,824.38,228.52,231.61,0.671857,0.763319,0.119019,0.214455,0.9154
184,91.38,74.47,181.4,148.94,0.047593,0.068954,0.09448,0.137907,0.8958
184,1868.86,50.07,83.53,84.61,0.973364,0.046357,0.043507,0.078345,0.8742
184,763.82,310.46,78.61,80.59,0.397824,0.28746,0.040941,0.074621,0.866
184,1524.72,144.98,107.62,108.19,0.794126,0.134245,0.056052,0.100177,0.8631
184,1159.99,536.4,93.79,94.13,0.604162,0.496664,0.048847,0.087159,0.8603
184,52.78,499.94,105.51,182.1,0.027491,0.462903,0.054952,0.168614,0.8566
184,849.47,337.58,122.11,121.65,0.44243,0.312573,0.063597,0.112637,0.8534
184,72.79,120.94,85.01,83.8,0.037911,0.111979,0.044275,0.077597,0.8228
184,1083.85,42.85,198.75,85.7,0.564503,0.039675,0.103514,0.079349,0.7948
184,709.92,104.45,80.91,79.18,0.369749,0.096711,0.042139,0.073317,0.7799
184,1632.33,853.34,85.68,85.47,0.850172,0.79013,0.044627,0.079135,0.749
184,198.01,861.12,117.23,124.08,0.103128,0.797337,0.06106,0.114886,0.7025
184,920.92,35.52,256.91,71.05,0.479644,0.032892,0.133808,0.065785,0.7025
185,513.23,771.4,365.91,366.46,0.267309,0.714257,0.190576,0.339312,0.9391
185,545.81,213.63,351.97,350.97,0.284275,0.197803,0.183317,0.324976,0.9376
185,893.28,613.84,274.8,274.48,0.465251,0.568372,0.143123,0.254144,0.9359
185,1299.57,297.88,366.13,365.7,0.676859,0.275817,0.190692,0.338614,0.9302
185,1798.83,945.68,242.34,268.6,0.936891,0.875631,0.126217,0.248702,0.927
185,1292.45,801.02,237.22,235.6,0.673149,0.741689,0.123551,0.218148,0.9209
185,181.52,808.75,360.88,424.69,0.094541,0.74884,0.187956,0.393229,0.9187
185,69.95,95.49,139.4,190.99,0.036435,0.08842,0.072604,0.176839,0.8977
185,734.9,319.91,81.08,83.02,0.38276,0.296215,0.042228,0.076872,0.8741
185,1144.4,522.97,96.4,96.51,0.596041,0.484229,0.050209,0.089364,0.843
185,1486.18,112.47,109.08,107.82,0.774054,0.104135,0.056813,0.099836,0.8384
185,667.81,116.88,76.71,78.25,0.347816,0.108226,0.039951,0.072458,0.832
185,824.67,339.68,132.67,134.64,0.429515,0.314514,0.069099,0.124663,0.8199
185,45.14,551.98,90.29,183.59,0.023512,0.511091,0.047024,0.16999,0.8141
185,1634.35,814.58,87.95,85.79,0.851226,0.75424,0.045805,0.079439,0.81
185,39.61,168.57,79.22,83.13,0.020631,0.156082,0.041263,0.076969,0.8078
185,199.23,902.17,130.31,132.31,0.103764,0.835345,0.06787,0.122509,0.7907
185,1040.11,38.58,205.55,77.16,0.541722,0.035723,0.107057,0.071446,0.7747
185,1400.18,851.57,60.92,59.19,0.729259,0.788492,0.031732,0.054808,0.7683
185,1006.14,1040.65,352.47,77.08,0.524032,0.963565,0.183579,0.071369,0.7189
185,867.98,35.9,257.82,71.8,0.452073,0.03324,0.134282,0.066479,0.7164
186,881.57,615.03,279.05,277.82,0.459149,0.569468,0.145337,0.257237,0.9369
186,511.46,234.27,354.35,355.04,0.266385,0.216919,0.184558,0.328738,0.9363
186,510.35,796.91,371.76,366.49,0.265808,0.737875,0.193625,0.339346,0.9329
186,1273.14,281.78,365.81,362.77,0.663096,0.260908,0.190528,0.335901,0.9298
186,180.95,851.76,361.15,434.41,0.094243,0.788671,0.1881,0.402229,0.9258
186,1800.43,919.2,236.82,311.31,0.937726,0.851109,0.123341,0.28825,0.9257
186,1289.82,782.77,238.65,240.11,0.67178,0.724791,0.124294,0.222323,0.9216
186,1445.51,80.77,114.19,111.96,0.752869,0.074785,0.059472,0.103664,0.8727
186,708.58,330.84,83.55,81.58,0.369054,0.306337,0.043518,0.075537,0.8683
186,1127.73,511.11,99.13,97.91,0.587358,0.473246,0.05163,0.090661,0.861
186,795.86,346.13,130.53,129.55,0.414512,0.320489,0.067986,0.119955,0.8538
186,50.96,131.36,101.91,262.72,0.026539,0.121629,0.053078,0.243258,0.852
186,629.12,131.15,78.94,80.42,0.327666,0.121432,0.041114,0.074459,0.8198
186,202.83,943.63,123.72,129.17,0.105642,0.873735,0.064435,0.119604,0.8059
186,1403.35,200.95,58.61,58.4,0.730914,0.186067,0.030525,0.054075,0.803
186,1402.6,825.54,62.25,64.36,0.730521,0.764387,0.032424,0.059596,0.7902
186,1632.19,775.66,87.16,83.39,0.850097,0.718203,0.045394,0.077215,0.7836
186,819.13,38.25,267.83,76.49,0.426629,0.035414,0.139497,0.070828,0.7835
186,1016.77,1035.18,361.29,87.89,0.529566,0.958501,0.188172,0.081376,0.7712
186,997.25,34.66,194.41,69.04,0.519399,0.032091,0.101253,0.063923,0.7495
186,38.14,605.49,75.26,181.71,0.019863,0.560636,0.039196,0.168252,0.745
186,1616.48,1043.26,259.75,71.88,0.841919,0.965983,0.135289,0.066556,0.7354
186,1513.58,863.5,78.46,79.46,0.788321,0.799535,0.040867,0.073572,0.7019
187,871.07,620.08,281.44,281.05,0.453683,0.574146,0.146582,0.260227,0.9389
187,480.16,260.51,359.94,352.33,0.250086,0.241215,0.187466,0.326227,0.9383
187,511.57,817.23,370.86,369.38,0.266441,0.756696,0.193156,0.342018,0.9359
187,1240.04,263.25,368.75,365.67,0.645853,0.243749,0.192057,0.338586,0.9341
187,1803.46,872.73,231.57,316.07,0.939305,0.808084,0.12061,0.292658,0.9336
187,181.6,877.74,363.2,404.2,0.094584,0.81272,0.189168,0.374264,0.9318
187,1289.46,765.09,242.64,243.96,0.671593,0.70842,0.126374,0.225887,0.9178
187,771.65,352.66,128.63,129.93,0.401899,0.326541,0.066997,0.120306,0.8771
187,681.38,343.43,86.25,83.48,0.354885,0.317989,0.04492,0.077292,0.8645
187,1404.75,55.54,109.88,108.71,0.731639,0.051429,0.057227,0.100656,0.8626
187,1643.56,1025.16,215.72,107.91,0.856021,0.949221,0.112355,0.09992,0.8585
187,1109.47,502.19,97.71,99.6,0.577851,0.464993,0.05089,0.092224,0.8252
187,1402.15,800.49,63.04,62.06,0.730289,0.741197,0.032831,0.057466,0.8214
187,1829.73,1040.99,101.5,78.01,0.952987,0.963882,0.052864,0.072235,0.8214
187,591.6,149.3,78.12,78.16,0.308127,0.13824,0.040687,0.072369,0.8163
187,776.85,43.55,252.89,87.1,0.404612,0.040323,0.131716,0.080646,0.7879
187,1029.9,1035.18,364.84,88.1,0.536407,0.958503,0.190018,0.081577,0.786
187,1367.13,174.93,60.08,60.8,0.712046,0.161968,0.031293,0.0563,0.7575
187,32.88,660.92,64.84,163.57,0.017124,0.611965,0.033768,0.151456,0.7536
187,218.7,964.21,89.95,88.05,0.113906,0.892789,0.046852,0.081528,0.7504
187,1628.86,738.18,87.59,86.86,0.848366,0.683498,0.045619,0.080424,0.742
187,947.35,33.61,194.98,67.22,0.49341,0.031122,0.101555,0.062245,0.7407
187,1515.52,832.77,78.33,78.88,0.789336,0.771082,0.040795,0.073038,0.7001
188,445.31,284.03,363.57,362.68,0.231934,0.262989,0.189359,0.335816,0.9363
188,512.01,845.41,372.26,372.47,0.266672,0.782783,0.193884,0.34488,0.9353
188,1802.57,821.67,233.95,325.34,0.938839,0.76081,0.121848,0.301241,0.9328
188,1211.45,248.83,366.79,357.75,0.630966,0.230399,0.191038,0.331255,0.9326
188,858.08,624.92,285.67,288.34,0.446915,0.578626,0.148789,0.266982,0.9313
188,1284.98,748.19,243.91,240.94,0.669258,0.692769,0.127034,0.223093,0.931
188,190.02,900.05,378.72,359.91,0.098968,0.833376,0.19725,0.333248,0.9188
188,744.43,365.09,128.0,132.93,0.387724,0.338044,0.066667,0.123085,0.8779
188,655.82,360.04,81.97,83.1,0.341574,0.333373,0.042691,0.076943,0.8568
188,1400.38,775.57,64.09,62.5,0.729362,0.718121,0.033379,0.057871,0.8435
188,1649.55,1008.4,208.47,141.95,0.85914,0.9337,0.108577,0.131432,0.8417
188,1360.27,43.13,112.76,86.25,0.708475,0.039932,0.058731,0.079864,0.8362
188,221.51,1018.78,126.54,121.01,0.115369,0.943314,0.065906,0.112048,0.831
188,1839.4,1004.44,100.5,103.49,0.958019,0.930037,0.052342,0.095828,0.8256
188,1057.4,1030.69,334.46,96.97,0.550727,0.954342,0.1742,0.089783,0.8242
188,1331.39,152.64,58.54,58.89,0.69343,0.141329,0.030488,0.054524,0.8083
188,716.12,51.19,291.13,102.34,0.372982,0.047399,0.151632,0.094758,0.7921
188,1094.32,493.4,100.29,98.28,0.56996,0.456856,0.052236,0.090998,0.7876
188,895.57,35.81,190.74,71.62,0.466441,0.033156,0.099342,0.066313,0.7691
188,554.92,171.49,82.49,83.71,0.289019,0.158786,0.042965,0.077513,0.7655
188,1623.64,700.07,91.09,86.95,0.845645,0.64821,0.047443,0.080506,0.735
188,1152.26,181.33,75.64,77.78,0.600137,0.167902,0.039397,0.072016,0.7093
189,418.43,319.55,362.35,356.14,0.217934,0.29588,0.188726,0.329756,0.9386
189,512.09,872.26,374.84,374.04,0.266712,0.807651,0.195228,0.346337,0.9366
189,849.53,632.35,282.84,284.32,0.442465,0.585512,0.147312,0.263261,0.9329
189,1281.52,726.72,242.16,243.96,0.66746,0.672893,0.126124,0.225889,0.932
189,1178.13,236.61,358.44,360.43,0.613607,0.219082,0.186686,0.333733,0.9306
189,1802.56,775.15,234.39,323.54,0.938835,0.717727,0.12208,0.299575,0.9238
189,191.85,923.71,383.02,312.57,0.09992,0.85529,0.199489,0.28942,0.9176
189,674.35,54.75,259.46,109.28,0.351225,0.050695,0.135135,0.101181,0.8806
189,718.63,380.03,128.94,131.9,0.374287,0.351883,0.067156,0.122133,0.8682
189,1663.79,986.95,194.44,186.1,0.866557,0.913842,0.101273,0.172315,0.8665
189,629.81,379.18,83.3,83.61,0.328025,0.35109,0.043383,0.077421,0.8634
189,1847.62,953.99,99.81,101.79,0.962305,0.883328,0.051985,0.094254,0.8474
189,1073.67,488.82,97.86,98.73,0.559206,0.452609,0.05097,0.091417,0.838
189,1075.13,1027.67,314.43,102.76,0.559963,0.951543,0.163767,0.095151,0.834
189,519.1,193.86,81.17,81.66,0.270364,0.179498,0.042278,0.075614,0.8254
189,1293.83,134.0,60.4,60.62,0.673872,0.124074,0.031458,0.056134,0.8051
189,1617.17,665.63,89.84,87.45,0.842276,0.616325,0.046794,0.080976,0.8038
189,235.77,1041.87,110.73,76.26,0.122795,0.964693,0.057671,0.070614,0.7976
189,1396.57,752.71,61.55,63.38,0.72738,0.696956,0.032056,0.058682,0.7917
189,170.19,38.98,272.42,77.95,0.088641,0.036089,0.141888,0.072179,0.7814
189,1316.24,32.6,113.14,64.22,0.685544,0.030185,0.058927,0.059464,0.7741
189,845.34,41.22,205.3,82.44,0.44028,0.038166,0.106926,0.076333,0.7369
190,392.41,347.32,358.95,359.2,0.204379,0.32159,0.186954,0.332592,0.9396
190,517.03,891.73,370.71,370.38,0.269286,0.825679,0.193076,0.342943,0.9381
190,839.07,636.72,284.35,282.42,0.437018,0.589554,0.148099,0.261496,0.9334
190,1151.51,224.99,370.66,371.65,0.599744,0.208328,0.19305,0.344116,0.929
190,1804.27,725.55,231.46,320.58,0.939723,0.67181,0.120554,0.296835,0.9289
190,1273.23,712.03,241.25,243.45,0.663142,0.659291,0.125652,0.225417,0.918
190,125.52,60.92,251.05,121.51,0.065377,0.056403,0.130754,0.112513,0.9018
190,204.11,945.61,407.85,266.81,0.106307,0.875568,0.21242,0.247047,0.8874
190,694.97,393.55,124.97,127.02,0.361966,0.364396,0.065088,0.117613,0.8862
190,623.86,64.8,291.11,128.85,0.324928,0.060001,0.151621,0.119309,0.886
190,605.62,398.37,85.5,84.41,0.315428,0.368859,0.04453,0.078158,0.872
190,1056.73,482.17,98.57,98.49,0.55038,0.446455,0.051338,0.09119,0.8655
190,1855.46,909.38,96.01,96.91,0.966387,0.842017,0.050005,0.089736,0.8536
190,485.56,220.78,84.09,82.62,0.252895,0.204425,0.043796,0.076501,0.8488
190,1096.42,1025.7,326.05,106.85,0.571051,0.94972,0.16982,0.098934,0.8288
190,1673.19,952.0,184.31,183.22,0.871451,0.881478,0.095993,0.169646,0.8147
190,1393.25,729.68,63.14,64.17,0.725653,0.675634,0.032883,0.059418,0.8029
190,1256.45,116.76,59.39,59.54,0.654399,0.108114,0.030931,0.055129,0.8025
190,804.01,43.98,224.33,87.95,0.418756,0.040719,0.11684,0.081439,0.7582
190,1607.68,628.02,88.55,86.26,0.837332,0.581499,0.046121,0.07987,0.7558
190,1274.29,23.87,128.19,46.69,0.663691,0.022104,0.066768,0.043232,0.7272
190,1636.19,1015.6,332.51,126.72,0.852183,0.940366,0.173184,0.11733,0.7221
190,1373.4,75.1,58.71,60.48,0.715313,0.069538,0.030576,0.056001,0.7053
191,522.85,910.07,371.66,339.86,0.272319,0.842656,0.193573,0.314687,0.937
191,1111.17,217.23,366.01,369.03,0.578734,0.201143,0.190628,0.341694,0.9345
191,366.92,383.83,361.72,357.12,0.191102,0.355397,0.188395,0.33067,0.9322
191,826.7,647.62,283.68,282.29,0.430575,0.599647,0.147751,0.261377,0.9298
191,1268.88,699.11,243.53,243.72,0.660874,0.647322,0.12684,0.225666,0.9288
191,1798.06,678.98,242.98,326.31,0.936491,0.628684,0.126552,0.302143,0.9287
191,103.53,88.83,206.78,177.65,0.053922,0.082246,0.107696,0.164493,0.903
191,1665.32,992.7,334.18,173.22,0.867356,0.91917,0.174051,0.160391,0.8896
191,569.75,79.45,300.33,158.9,0.296746,0.073565,0.156422,0.147129,0.8767
191,583.47,420.28,82.38,84.41,0.303888,0.389151,0.042907,0.078153,0.8639
191,754.6,49.07,214.69,97.98,0.393022,0.045439,0.111816,0.090726,0.8637
191,1108.21,1024.32,310.97,109.51,0.577192,0.948445,0.161963,0.101399,0.8621
191,671.99,411.14,130.96,132.03,0.349992,0.380681,0.06821,0.122252,0.8552
191,1859.1,862.01,99.51,101.07,0.968283,0.798159,0.051827,0.093587,0.8518
191,1037.58,482.87,96.65,96.59,0.540406,0.447106,0.050337,0.089431,0.8476
191,1386.95,707.9,63.36,62.53,0.722369,0.655466,0.033001,0.057897,0.8437
191,452.48,250.12,81.51,81.04,0.235668,0.231589,0.042451,0.075041,0.8356
191,206.77,966.65,413.53,224.88,0.107691,0.895046,0.215382,0.208223,0.8335
191,1217.01,105.13,61.02,61.15,0.633858,0.097347,0.031783,0.056624,0.8196
191,1595.27,595.1,88.64,84.67,0.83087,0.551022,0.046169,0.078394,0.7677
191,1674.78,914.56,197.83,196.9,0.872282,0.846812,0.103035,0.182317,0.7608
191,143.32,26.17,106.85,51.92,0.074645,0.024236,0.05565,0.048078,0.7205
191,1504.34,716.85,77.24,78.42,0.78351,0.663748,0.040227,0.07261,0.7136
192,818.22,656.24,284.94,281.05,0.426156,0.607628,0.148405,0.260228,0.9408
192,346.98,414.89,359.66,358.63,0.180717,0.384153,0.187322,0.332065,0.9394
192,1262.31,686.58,242.73,241.92,0.657455,0.635721,0.126423,0.223996,0.9374
192,1793.32,637.76,252.06,320.97,0.934021,0.590522,0.131281,0.297194,0.9354
192,530.14,921.97,366.98,316.05,0.276113,0.853678,0.191137,0.292643,0.9352
192,1080.43,213.39,365.71,369.89,0.562725,0.197585,0.190473,0.342489,0.9336
192,1677.7,979.31,313.06,199.46,0.873803,0.906769,0.163054,0.184682,0.9092
192,542.95,88.19,287.4,176.37,0.282786,0.081654,0.149685,0.163307,0.9084
192,81.2,113.74,161.65,227.47,0.04229,0.105312,0.084191,0.210624,0.9032
192,712.79,55.92,228.18,111.84,0.371246,0.05178,0.118845,0.10356,0.8823
192,1128.33,1020.11,298.41,117.71,0.587669,0.944548,0.155421,0.108992,0.8817
192,560.65,445.07,85.27,84.31,0.292008,0.412099,0.044411,0.078067,0.8794
192,652.9,430.32,124.76,126.07,0.340052,0.398448,0.064978,0.116727,0.8663
192,1860.01,816.77,97.88,98.3,0.968755,0.756267,0.050978,0.091017,0.8583
192,422.54,280.21,82.53,82.05,0.220071,0.259458,0.042984,0.07597,0.8482
192,1380.43,687.61,62.58,60.95,0.718973,0.636679,0.032594,0.056437,0.8431
192,211.01,999.23,422.01,160.05,0.1099,0.925209,0.219799,0.148191,0.8367
192,1020.37,479.64,98.95,97.36,0.531442,0.444111,0.051536,0.090144,0.8268
192,1683.98,875.73,177.57,188.74,0.877072,0.810863,0.092484,0.174756,0.8222
192,1178.35,94.15,60.45,60.91,0.613725,0.087173,0.031484,0.0564,0.8024
192,99.74,50.95,126.38,101.91,0.051945,0.04718,0.065824,0.094361,0.7891
192,1584.03,563.2,86.03,85.06,0.825016,0.521486,0.044808,0.078758,0.7611
193,810.26,665.6,280.15,279.69,0.422011,0.616295,0.145914,0.258971,0.9416
193,322.19,452.99,364.34,359.87,0.167805,0.419435,0.189758,0.333209,0.9298
193,505.39,99.75,281.58,199.5,0.263225,0.09236,0.146655,0.184719,0.9297
193,533.38,934.57,369.91,290.23,0.277801,0.865342,0.192662,0.268727,0.9295
193,1047.57,210.14,367.78,372.23,0.54561,0.194577,0.191554,0.344654,0.9271
193,1682.47,959.96,306.86,238.62,0.876286,0.888852,0.159822,0.220948,0.9244
193,1253.22,670.14,240.66,236.06,0.652719,0.620501,0.125343,0.218578,0.9241
193,1787.36,592.03,264.25,326.7,0.930917,0.548178,0.137632,0.302498,0.9239
193,667.98,63.67,233.71,127.35,0.347907,0.058958,0.121726,0.117915,0.896
193,1151.9,1017.97,280.08,124.07,0.599948,0.942562,0.145875,0.114876,0.875
193,541.76,469.01,84.27,85.34,0.282167,0.434269,0.04389,0.079014,0.8675
193,60.26,88.76,120.51,126.12,0.031383,0.082188,0.062766,0.11678,0.8628
193,629.93,450.65,126.77,126.51,0.328087,0.417272,0.066025,0.117136,0.854
193,1683.75,848.08,191.33,190.56,0.876955,0.785259,0.099651,0.176446,0.8464
193,1860.19,769.42,100.03,99.68,0.968851,0.71243,0.0521,0.092295,0.8358
193,1002.23,479.64,97.72,97.97,0.521993,0.444114,0.050893,0.090715,0.8346
193,1372.51,668.51,61.55,61.67,0.714847,0.618987,0.032059,0.057099,0.8311
193,394.39,313.47,81.19,79.87,0.20541,0.290253,0.042286,0.07395,0.8311
193,1138.19,85.97,60.46,61.41,0.592809,0.079605,0.031488,0.05686,0.8051
193,211.41,1018.16,422.81,121.38,0.110108,0.94274,0.220216,0.112384,0.7982
193,64.33,152.26,128.67,274.82,0.033507,0.140981,0.067013,0.25446,0.7953
193,1568.17,534.8,86.61,84.25,0.816754,0.495182,0.045107,0.078011,0.7679
193,1489.36,663.92,77.53,77.35,0.775706,0.614743,0.040378,0.071622,0.7236
194,545.38,948.94,371.68,260.58,0.284054,0.878645,0.193586,0.241276,0.9391
194,803.07,682.03,279.74,280.66,0.418263,0.631511,0.1457,0.259873,0.9375
194,307.45,495.56,357.46,348.06,0.160129,0.45885,0.186177,0.322281,0.9352
194,463.93,116.13,278.59,232.25,0.241632,0.107523,0.1451,0.215047,0.9345
194,1694.83,941.68,308.22,276.59,0.882725,0.871925,0.160529,0.256103,0.9275
194,1016.07,209.78,366.06,369.16,0.529205,0.194243,0.190657,0.341819,0.9263
194,1244.1,662.04,236.74,236.49,0.647968,0.613,0.123303,0.218975,0.9239
194,1784.59,554.29,270.7,317.07,0.929475,0.51323,0.140991,0.293583,0.9155
194,626.11,73.19,229.41,146.17,0.326099,0.06777,0.119483,0.135342,0.8895
194,1686.06,812.82,191.29,192.86,0.878158,0.752615,0.099632,0.178576,0.8889
194,1166.8,1018.51,274.04,121.28,0.607711,0.943062,0.142732,0.112293,0.875
194,613.05,473.93,120.99,123.36,0.319296,0.438821,0.063015,0.114221,0.8654
194,524.24,495.77,81.81,82.91,0.273041,0.459046,0.042608,0.076765,0.864
194,1363.59,651.19,59.0,58.6,0.710203,0.602958,0.030732,0.05426,0.8613
194,1857.06,728.33,96.26,96.18,0.967218,0.674375,0.050134,0.089056,0.8501
194,983.4,482.57,96.63,98.23,0.512187,0.44682,0.05033,0.090955,0.8429
194,40.76,142.76,81.52,128.54,0.021229,0.132187,0.042459,0.119017,0.8393
194,1097.42,82.39,60.56,60.19,0.571575,0.076289,0.03154,0.055735,0.8089
194,366.97,348.54,80.05,79.32,0.191132,0.322718,0.041692,0.07344,0.7997
194,1550.15,507.19,87.5,83.26,0.807368,0.469617,0.045572,0.077097,0.778
194,1792.18,441.73,82.31,85.88,0.933425,0.409007,0.042869,0.079515,0.7266
194,33.07,1027.67,65.98,104.45,0.017224,0.951543,0.034365,0.096715,0.7113
195,290.69,530.66,353.84,353.6,0.151402,0.491355,0.184291,0.327408,0.9406
195,984.2,216.44,351.32,355.37,0.512602,0.200408,0.182981,0.329044,0.934
195,1776.63,513.42,286.74,312.46,0.925328,0.47539,0.149345,0.289314,0.9338
195,796.86,695.45,270.38,269.65,0.415033,0.643938,0.140823,0.249672,0.9327
195,1702.1,920.84,306.15,301.98,0.886509,0.852633,0.159455,0.279609,0.928
195,426.3,130.92,280.1,261.75,0.222032,0.121225,0.145883,0.242365,0.9266
195,1236.87,650.13,241.97,240.62,0.644204,0.601973,0.126026,0.222793,0.9243
195,554.23,963.79,377.16,230.11,0.288659,0.892394,0.196435,0.213065,0.9239
195,589.5,84.55,221.51,169.1,0.307033,0.078287,0.11537,0.156574,0.9025
195,1184.55,1016.14,262.72,125.93,0.616953,0.940872,0.136832,0.1166,0.8998
195,507.68,524.38,79.62,80.95,0.264416,0.485536,0.041471,0.074957,0.8827
195,1688.66,775.63,188.16,186.06,0.879508,0.718176,0.097997,0.172278,0.8687
195,594.29,497.57,118.24,120.99,0.309526,0.460709,0.061585,0.11203,0.8662
195,1849.03,682.62,99.69,100.07,0.963037,0.63206,0.051923,0.092659,0.856
195,1355.02,634.54,60.16,60.52,0.705739,0.587534,0.031333,0.056037,0.8407
195,965.43,487.97,93.4,94.77,0.502829,0.451825,0.048646,0.087751,0.8225
195,343.55,386.84,77.26,78.92,0.178934,0.358182,0.040238,0.073071,0.7947
195,1470.84,619.53,75.01,75.0,0.766064,0.573641,0.039069,0.069445,0.7744
195,1534.85,480.83,86.29,81.26,0.799399,0.445209,0.044945,0.075244,0.7691
196,1705.59,887.57,302.31,302.03,0.888327,0.821819,0.157454,0.279656,0.94
196,790.24,708.0,269.09,269.4,0.411581,0.65556,0.140152,0.249446,0.9345
196,951.75,220.77,351.65,357.14,0.495705,0.204417,0.183149,0.330684,0.9315
196,274.79,573.06,344.88,344.66,0.143119,0.530613,0.179626,0.319125,0.9305
196,546.21,97.79,218.7,195.59,0.284483,0.090551,0.113906,0.181102,0.9277
196,391.7,160.74,274.47,272.28,0.204012,0.148829,0.142952,0.252116,0.9275
196,1227.84,641.82,231.38,232.7,0.639498,0.594276,0.120512,0.21546,0.9265
196,1767.57,473.99,304.85,315.24,0.920611,0.438879,0.158778,0.291892,0.9222
196,565.69,979.22,373.33,199.73,0.294628,0.906681,0.194444,0.184934,0.9037
196,1201.23,1014.28,246.4,131.44,0.625638,0.939148,0.128332,0.121704,0.8905
196,576.81,522.44,119.53,120.63,0.300421,0.483739,0.062253,0.111698,0.8776
196,492.96,555.17,81.47,82.24,0.25675,0.514046,0.04243,0.076145,0.8667
196,1683.32,743.5,181.0,183.65,0.876727,0.688422,0.09427,0.170048,0.8609
196,949.23,494.33,93.71,94.81,0.49439,0.457709,0.048806,0.08779,0.854
196,1844.12,642.67,96.94,98.31,0.960477,0.595064,0.050491,0.091032,0.8401
196,322.49,426.85,80.48,80.04,0.167965,0.395236,0.041918,0.074113,0.8369
196,1344.59,621.3,58.64,58.75,0.700309,0.575275,0.030544,0.054402,0.8305
196,1019.95,82.18,58.19,58.28,0.531225,0.076091,0.030309,0.053958,0.8001
196,1517.92,458.7,84.25,83.3,0.790585,0.424724,0.043879,0.077129,0.7394
197,1710.98,856.83,294.86,298.97,0.891134,0.793363,0.153572,0.276826,0.9384
197,264.43,617.56,341.51,338.18,0.137725,0.571812,0.177868,0.313134,0.9307
197,357.52,197.28,270.48,266.7,0.186211,0.182664,0.140876,0.24694,0.9305
197,1222.85,632.29,233.19,232.35,0.6369,0.585458,0.121454,0.215141,0.9297
197,787.28,724.12,261.99,260.75,0.410043,0.670481,0.136453,0.241436,0.9294
197,918.77,225.52,354.19,353.43,0.478527,0.208818,0.184474,0.327247,0.9293
197,1757.59,443.13,299.88,298.56,0.915411,0.410309,0.15619,0.276449,0.9148
197,507.45,111.65,223.22,222.47,0.264297,0.103383,0.11626,0.205988,0.9123
197,586.22,996.61,356.56,164.95,0.305324,0.922789,0.185709,0.15273,0.9016
197,1216.3,1012.74,244.03,133.94,0.633489,0.937718,0.1271,0.124019,0.8915
197,563.33,550.58,119.78,119.51,0.293404,0.509797,0.062387,0.110653,0.8733
197,479.01,586.49,80.86,81.76,0.249483,0.543045,0.042116,0.0757,0.8645
197,1835.3,604.83,93.34,95.35,0.955885,0.560025,0.048617,0.088289,0.8566
197,931.72,500.93,92.15,92.09,0.485269,0.463824,0.047993,0.085268,0.8334
197,1677.93,711.84,172.01,177.68,0.873922,0.659112,0.089591,0.164522,0.8321
197,302.21,465.46,79.7,80.78,0.157402,0.430978,0.041509,0.074796,0.8261
197,1500.15,433.32,84.8,83.23,0.781329,0.401222,0.044166,0.077062,0.7722
198,781.94,742.41,260.0,257.8,0.407259,0.687417,0.135416,0.2387,0.9411
198,1711.92,822.94,293.21,293.39,0.891624,0.761985,0.152716,0.271661,0.933
198,255.1,662.14,343.84,340.38,0.132865,0.613091,0.179083,0.315168,0.9323
198,1211.51,629.61,229.78,230.76,0.630995,0.582975,0.119679,0.213668,0.931
198,476.33,141.08,218.08,223.68,0.248088,0.130633,0.113584,0.207111,0.9273
198,326.93,232.26,266.31,263.79,0.170275,0.215053,0.138705,0.244249,0.9228
198,889.18,238.75,346.88,348.62,0.463113,0.221065,0.180667,0.322799,0.9188
198,1736.92,405.28,314.81,312.58,0.904645,0.375257,0.163963,0.289424,0.9093
198,1227.86,1011.3,241.15,135.78,0.639511,0.936392,0.125597,0.125722,0.8987
198,549.5,578.83,118.8,117.84,0.286197,0.535952,0.061875,0.109113,0.8829
198,468.74,620.23,81.88,82.36,0.244135,0.574287,0.042645,0.076262,0.8756
198,595.82,1010.87,370.29,136.28,0.310325,0.935995,0.192858,0.126188,0.8566
198,916.99,511.02,93.4,93.79,0.477598,0.47317,0.048648,0.086841,0.8496
198,1821.85,563.99,97.34,99.61,0.948882,0.522215,0.050699,0.092227,0.8487
198,1671.15,678.51,177.95,182.36,0.870388,0.628254,0.092684,0.168851,0.8456
198,284.69,507.84,75.46,76.43,0.148275,0.470224,0.039303,0.070768,0.8345
198,1327.03,595.04,61.06,60.89,0.69116,0.550962,0.031805,0.056381,0.8113
198,1476.94,415.56,85.56,80.49,0.769241,0.384775,0.044564,0.074532,0.8043
198,944.35,94.45,58.72,59.71,0.491849,0.087457,0.030584,0.055284,0.7996
198,1871.46,97.22,97.07,194.44,0.97472,0.090019,0.05056,0.180038,0.7928
198,802.84,208.18,78.75,78.36,0.418144,0.192756,0.041017,0.072559,0.7203
198,1436.95,562.64,73.81,73.08,0.748414,0.520961,0.038445,0.067669,0.7179
199,1713.74,789.8,283.37,284.03,0.892575,0.731295,0.147589,0.262992,0.938
199,779.9,759.18,262.24,261.55,0.406198,0.702944,0.136582,0.242178,0.9331
199,246.74,705.01,347.38,343.02,0.128511,0.652783,0.180926,0.31761,0.9322
199,1202.68,622.46,231.76,227.84,0.626397,0.576352,0.120709,0.210962,0.9296
199,299.25,275.77,261.55,258.92,0.155861,0.255341,0.136224,0.239738,0.9286
199,1718.3,378.67,300.58,296.2,0.894949,0.350622,0.156551,0.274262,0.9272
199,864.06,248.89,346.97,349.36,0.450033,0.230455,0.180712,0.323483,0.92
199,440.18,174.32,227.69,226.36,0.229262,0.161407,0.118589,0.209594,0.9041
199,1243.35,1009.33,238.97,139.86,0.64758,0.934564,0.124462,0.129502,0.9011
199,1849.74,80.79,140.51,161.59,0.963409,0.074809,0.073183,0.149618,0.8786
199,538.97,607.46,119.45,118.55,0.280712,0.562461,0.062212,0.109764,0.8718
199,1811.89,529.71,95.64,95.49,0.94369,0.49047,0.049812,0.088413,0.8481
199,460.18,654.81,81.84,82.69,0.239679,0.606302,0.042627,0.076569,0.8437
199,907.77,104.12,58.13,57.56,0.472799,0.096404,0.030275,0.053299,0.8279
199,1670.84,650.98,177.09,183.67,0.870232,0.602762,0.092236,0.170066,0.8248
199,902.1,522.48,93.41,93.27,0.469846,0.483782,0.048652,0.086363,0.8188
199,269.59,551.73,81.47,82.77,0.14041,0.510859,0.04243,0.076643,0.8044
199,606.28,1023.85,381.0,110.17,0.31577,0.948014,0.198435,0.10201,0.8008
199,1752.33,1028.37,335.34,101.62,0.912671,0.952195,0.174658,0.094094,0.7927
199,1314.98,585.44,62.17,62.49,0.684888,0.542077,0.032382,0.057857,0.7576
199,1457.25,398.25,82.34,81.58,0.758987,0.368749,0.042887,0.075537,0.7543
199,1423.6,544.98,75.49,74.64,0.741461,0.504607,0.039316,0.069107,0.7542
200,244.31,750.95,345.44,347.26,0.127246,0.695322,0.179917,0.321538,0.9332
200,273.11,320.28,262.65,260.07,0.142243,0.296553,0.136794,0.240807,0.932
200,1712.18,761.19,281.98,280.2,0.891763,0.704802,0.146865,0.259444,0.9299
200,778.92,774.95,261.73,262.59,0.405689,0.717549,0.136319,0.243142,0.9255
200,1699.34,347.65,299.41,291.84,0.885072,0.321898,0.155944,0.270221,0.9238
200,835.01,261.32,356.28,361.39,0.434902,0.241964,0.185564,0.334617,0.9232
200,410.61,210.53,221.72,228.52,0.213861,0.194936,0.115478,0.211597,0.9222
200,1192.27,617.38,229.22,226.83,0.620976,0.571646,0.119385,0.210028,0.9165
200,1256.15,1006.99,236.78,144.41,0.654243,0.932399,0.123324,0.133713,0.9006
200,1831.55,63.97,176.9,127.95,0.953931,0.059234,0.092138,0.118468,0.8769
200,532.75,638.8,120.27,120.2,0.277473,0.591484,0.062638,0.111292,0.8704
200,454.45,688.42,82.83,81.24,0.236694,0.637428,0.043142,0.075223,0.8519
200,1797.2,494.79,92.14,93.62,0.936042,0.458143,0.047989,0.086682,0.8324
200,1662.28,621.72,175.58,182.73,0.865769,0.57567,0.091448,0.169195,0.832
200,888.64,533.2,94.37,95.98,0.462835,0.493704,0.049151,0.08887,0.8206
200,1760.38,1020.11,305.79,117.85,0.916864,0.944546,0.159266,0.10912,0.8042
200,259.09,596.47,76.32,76.0,0.134942,0.552289,0.039747,0.070367,0.8039
200,873.03,116.52,58.12,58.22,0.454702,0.107889,0.030273,0.053903,0.8033
200,1818.16,1051.33,66.95,57.33,0.946959,0.973457,0.034869,0.053086,0.7909
200,1436.28,380.08,82.92,79.53,0.748064,0.351927,0.043189,0.07364,0.7762
200,619.93,1028.34,398.28,101.62,0.32288,0.952168,0.207437,0.094097,0.7746
200,823.46,26.18,98.67,51.36,0.428886,0.024237,0.051392,0.047552,0.7572
200,1410.38,530.74,74.75,73.13,0.734573,0.491425,0.038931,0.067716,0.7422
201,780.34,797.02,260.21,258.53,0.406426,0.737985,0.135525,0.239379,0.9342
201,806.33,281.73,346.46,349.16,0.419964,0.260859,0.180449,0.323294,0.9313
201,1712.17,733.35,276.16,278.33,0.891756,0.679032,0.143831,0.257716,0.9313
201,245.33,795.78,333.2,333.36,0.127776,0.736831,0.173544,0.30867,0.9299
201,1672.1,322.26,283.39,280.69,0.870887,0.298385,0.147599,0.259902,0.9273
201,251.1,360.78,258.65,257.51,0.130779,0.334056,0.134712,0.238437,0.9236
201,1185.08,615.8,225.93,223.9,0.617231,0.570181,0.117673,0.207312,0.9169
201,383.66,250.15,217.95,214.95,0.199823,0.231622,0.113518,0.199031,0.9084
201,1272.81,1005.22,234.79,148.96,0.662924,0.930763,0.122288,0.137929,0.903
201,524.78,670.83,112.67,112.66,0.273322,0.621141,0.058683,0.104319,0.8744
201,1765.37,999.76,309.27,159.18,0.919461,0.9257,0.161077,0.147389,0.8645
201,450.26,723.3,79.72,81.51,0.234508,0.669721,0.041523,0.075468,0.8592
201,1651.51,599.89,169.28,176.23,0.860161,0.555457,0.088169,0.163177,0.848
201,876.26,547.64,91.74,91.91,0.456387,0.507075,0.04778,0.085099,0.8346
201,1782.8,462.17,88.42,89.09,0.928544,0.427932,0.04605,0.082493,0.8333
201,1396.35,518.06,74.52,74.28,0.727265,0.479689,0.038812,0.068776,0.8228
201,1830.45,1021.86,67.64,66.21,0.953359,0.946163,0.035227,0.06131,0.8207
201,249.71,641.16,76.08,77.18,0.130057,0.593662,0.039626,0.071458,0.8202
201,780.25,33.11,104.94,65.13,0.406383,0.030653,0.054655,0.060309,0.8125
201,1824.97,45.86,190.07,91.72,0.950503,0.042462,0.098993,0.084924,0.7731
201,1418.12,366.83,77.72,75.88,0.738602,0.339657,0.040479,0.070261,0.7307
201,1616.57,220.3,80.8,80.64,0.841963,0.203983,0.042085,0.074665,0.7282
202,780.59,814.77,251.81,250.03,0.406555,0.754414,0.131152,0.231514,0.9393
202,1709.83,703.39,277.91,278.97,0.890539,0.651287,0.144744,0.258306,0.9344
202,788.32,297.97,342.38,343.45,0.410585,0.275897,0.178325,0.318014,0.9333
202,1650.07,296.45,277.42,274.47,0.859412,0.274493,0.144489,0.25414,0.9316
202,248.67,840.52,318.61,321.13,0.129516,0.778255,0.165945,0.29734,0.9303
202,230.99,407.01,250.22,254.49,0.12031,0.37686,0.130322,0.235635,0.9245
202,1179.74,613.54,218.25,216.58,0.614446,0.568089,0.113673,0.200541,0.9181
202,1284.64,1005.13,228.92,148.95,0.669082,0.93068,0.119227,0.137912,0.9087
202,1775.94,985.88,288.12,186.69,0.924969,0.912856,0.150062,0.17286,0.8887
202,354.97,291.59,206.55,212.02,0.184881,0.269993,0.107577,0.196317,0.888
202,518.47,701.27,115.23,111.99,0.270037,0.649325,0.060014,0.103691,0.8795
202,745.24,42.85,101.99,85.7,0.388144,0.039675,0.053121,0.079351,0.8699
202,446.74,759.29,78.33,77.42,0.232675,0.703049,0.040797,0.071685,0.856
202,1765.69,431.4,89.45,90.14,0.91963,0.399444,0.046587,0.083467,0.8328
202,1645.02,574.73,168.52,177.13,0.856783,0.532158,0.08777,0.164009,0.832
202,1843.08,986.93,68.22,65.89,0.959936,0.913821,0.035529,0.061009,0.829
202,864.68,559.9,88.1,90.81,0.450354,0.518428,0.045884,0.084079,0.8267
202,243.5,688.58,71.21,71.27,0.126822,0.63757,0.03709,0.06599,0.8223
202,1395.71,353.05,79.75,79.23,0.726935,0.326897,0.041536,0.073362,0.8159
202,690.94,289.31,76.37,74.76,0.359866,0.267876,0.039776,0.069222,0.7284
202,1384.12,506.03,72.3,71.03,0.720898,0.468542,0.037657,0.065764,0.7073
203,251.68,889.04,303.18,303.23,0.131085,0.823188,0.157905,0.280768,0.9309
203,212.31,454.91,242.29,242.2,0.110578,0.421217,0.126194,0.224258,0.9261
203,1706.7,680.94,263.86,260.56,0.888906,0.630502,0.137427,0.241262,0.9249
203,762.47,319.57,317.88,323.06,0.39712,0.295901,0.165561,0.299131,0.924
203,1624.73,277.24,267.44,267.2,0.846212,0.256699,0.139291,0.247405,0.9191
203,783.91,835.98,239.05,238.64,0.408285,0.774053,0.124505,0.220963,0.9185
203,1786.05,968.46,267.91,221.61,0.930232,0.896724,0.139535,0.205195,0.9139
203,1173.7,618.73,207.08,203.43,0.6113,0.572902,0.107855,0.188366,0.9036
203,1298.4,1003.68,218.16,151.49,0.676248,0.929335,0.113624,0.140265,0.8877
203,517.68,733.56,111.08,107.57,0.269623,0.679226,0.057855,0.099599,0.8753
203,334.11,334.24,200.77,205.5,0.174014,0.309478,0.104566,0.19028,0.862
203,448.7,795.12,72.68,74.46,0.233696,0.736218,0.037854,0.068942,0.862
203,1750.18,401.95,83.89,85.83,0.911553,0.372176,0.043691,0.079469,0.8474
203,707.37,57.73,99.53,99.72,0.368421,0.053457,0.051838,0.092331,0.8388
203,1853.46,955.07,61.2,59.26,0.965346,0.884324,0.031874,0.054873,0.8384
203,1633.74,553.0,170.7,175.61,0.850906,0.512033,0.088904,0.162601,0.8284
203,1888.15,118.19,62.63,90.46,0.983411,0.109435,0.032618,0.083763,0.8151
203,854.54,577.48,83.21,83.57,0.445071,0.534699,0.043337,0.077377,0.8129
203,239.8,734.61,65.79,67.72,0.124896,0.680191,0.034268,0.062701,0.7985
203,1370.76,496.59,67.19,68.72,0.713935,0.459809,0.034996,0.063632,0.7613
203,1373.7,343.31,74.68,73.75,0.71547,0.317876,0.038897,0.068291,0.7531
203,1560.32,175.97,72.04,71.77,0.812669,0.162936,0.037523,0.066451,0.7336
203,670.6,312.94,70.64,69.76,0.349269,0.289762,0.03679,0.064589,0.7204
204,1792.02,961.46,255.97,235.66,0.933341,0.890238,0.133317,0.218207,0.9371
204,1703.64,653.93,253.14,254.37,0.88731,0.605489,0.131842,0.235529,0.9272
204,258.5,932.3,295.4,290.3,0.134636,0.863239,0.153853,0.268793,0.9246
204,740.94,340.43,302.33,307.21,0.385907,0.315209,0.157463,0.284454,0.9232
204,1602.05,251.88,255.46,254.32,0.834401,0.23322,0.133053,0.235477,0.9219
204,789.53,856.46,228.81,227.95,0.411215,0.793019,0.11917,0.211065,0.9216
204,202.23,503.97,235.67,231.11,0.105328,0.466642,0.122743,0.213991,0.9212
204,1167.16,616.91,199.43,195.35,0.607893,0.571215,0.103872,0.180883,0.896
204,1311.63,1002.47,213.23,153.62,0.683139,0.928217,0.111055,0.14224,0.8872
204,517.79,766.85,105.94,103.8,0.269683,0.71005,0.055179,0.096115,0.8782
204,313.95,374.06,192.45,198.56,0.163516,0.346351,0.100233,0.183853,0.8715
204,451.25,831.81,70.2,70.69,0.235025,0.770193,0.036561,0.065453,0.862
204,1621.02,533.53,164.11,162.34,0.844281,0.494013,0.085474,0.150319,0.8501
204,1732.96,374.95,82.38,83.36,0.902581,0.347172,0.042907,0.077184,0.8466
204,846.28,593.73,77.67,78.52,0.440772,0.54975,0.040454,0.072706,0.8391
204,674.2,81.07,93.04,93.88,0.351143,0.075068,0.048458,0.086923,0.8283
204,1863.0,921.77,60.17,58.43,0.97031,0.853489,0.03134,0.054099,0.823
204,1868.84,78.9,88.87,88.72,0.973356,0.073051,0.046285,0.082147,0.8086
204,1530.98,158.47,74.23,74.78,0.797385,0.146734,0.038661,0.06924,0.8072
204,297.67,32.04,85.98,64.08,0.155037,0.029666,0.044784,0.059332,0.8023
204,649.39,339.01,65.46,62.0,0.338225,0.313895,0.034095,0.057409,0.7749
204,239.53,781.44,63.26,65.18,0.124756,0.723554,0.032948,0.06035,0.7742
204,233.67,326.27,113.37,112.48,0.121705,0.302102,0.059049,0.104148,0.7055
205,1798.16,940.55,243.68,278.91,0.936543,0.870876,0.126915,0.258247,0.9331
205,271.32,955.53,295.21,247.07,0.141314,0.884748,0.153755,0.228772,0.9298
205,1698.19,632.64,256.86,258.91,0.884473,0.585777,0.133782,0.239731,0.9228
205,719.58,363.36,293.63,299.98,0.374779,0.336444,0.152934,0.277756,0.9217
205,795.58,875.63,223.3,222.08,0.414364,0.810768,0.116301,0.205632,0.9184
205,1575.51,235.11,246.35,248.21,0.820578,0.21769,0.128307,0.229825,0.9184
205,189.56,556.12,229.7,226.66,0.098731,0.514928,0.119633,0.20987,0.9124
205,1326.59,999.96,213.8,158.31,0.690935,0.925889,0.111354,0.146579,0.9053
205,1161.0,620.24,200.09,199.79,0.60469,0.574294,0.104212,0.18499,0.9011
205,518.28,802.15,105.83,104.44,0.269937,0.742733,0.05512,0.0967,0.8823
205,1615.06,510.3,154.64,153.33,0.841176,0.472496,0.08054,0.141969,0.8757
205,454.94,869.97,70.35,72.5,0.236946,0.80553,0.036641,0.067131,0.8654
205,297.18,420.37,180.66,190.45,0.154779,0.389227,0.094092,0.176339,0.8539
205,1835.87,47.34,83.92,84.47,0.956184,0.043832,0.043708,0.078212,0.8383
205,262.82,67.56,83.24,80.98,0.136886,0.062558,0.043354,0.074985,0.8327
205,1716.26,349.43,77.56,78.27,0.893885,0.323551,0.040395,0.072474,0.8262
205,641.92,108.46,92.08,92.12,0.334334,0.100426,0.047961,0.085297,0.8196
205,838.07,612.02,78.07,80.47,0.436493,0.566686,0.04066,0.074508,0.8113
205,628.06,368.44,66.75,62.49,0.327116,0.341146,0.034767,0.057864,0.7964
205,1333.11,326.37,70.75,69.75,0.694327,0.302195,0.036849,0.064582,0.7886
205,241.42,828.72,63.22,64.51,0.12574,0.767338,0.032925,0.059735,0.7842
205,1498.52,140.46,64.62,66.37,0.780477,0.130057,0.033657,0.061456,0.7407
205,214.94,374.37,116.97,108.08,0.111947,0.346638,0.060921,0.100072,0.7347
205,1242.84,1033.9,122.87,92.21,0.647312,0.957312,0.063995,0.085377,0.7199
206,1804.01,927.69,231.99,304.61,0.939587,0.858975,0.120826,0.28205,0.931
206,703.99,387.31,305.52,308.51,0.366662,0.358618,0.159126,0.285662,0.9257
206,1551.27,216.88,260.05,258.92,0.807951,0.200813,0.135441,0.239738,0.9247
206,1690.52,607.8,261.87,259.8,0.880481,0.562774,0.136389,0.240551,0.9246
206,279.16,979.37,298.21,199.05,0.145397,0.906824,0.15532,0.184308,0.9238
206,799.31,895.61,236.64,236.16,0.416306,0.829268,0.123251,0.218669,0.9214
206,181.22,603.61,231.11,230.64,0.094385,0.558897,0.12037,0.213557,0.9208
206,1337.98,995.45,218.11,168.14,0.696863,0.921715,0.113599,0.155683,0.9109
206,1153.4,624.23,201.81,199.42,0.60073,0.577994,0.10511,0.184646,0.9093
206,463.4,905.26,71.09,71.28,0.241356,0.838206,0.037024,0.066,0.8787
206,521.1,834.38,108.12,107.5,0.271409,0.772573,0.056314,0.099534,0.8758
206,283.01,460.1,192.38,198.3,0.1474,0.42602,0.100198,0.183609,0.8471
206,1601.09,492.37,164.87,171.56,0.833903,0.4559,0.085871,0.158847,0.8451
206,1693.09,324.38,87.27,86.08,0.881816,0.300353,0.045454,0.079702,0.8389
206,1878.77,855.92,62.29,62.21,0.978526,0.792522,0.032445,0.057606,0.8298
206,611.44,135.71,98.95,96.7,0.318461,0.125659,0.051537,0.089534,0.8294
206,1800.06,31.45,86.18,62.84,0.937531,0.029117,0.044884,0.058182,0.8206
206,230.33,114.15,85.55,82.0,0.119965,0.105693,0.04456,0.075926,0.818
206,292.89,38.69,78.71,77.38,0.152546,0.035824,0.040997,0.071648,0.807
206,833.24,628.87,78.45,79.98,0.433978,0.582287,0.04086,0.074051,0.7981
206,247.56,875.25,63.13,64.65,0.128935,0.810414,0.032883,0.059864,0.7715
206,1311.69,321.84,73.08,70.93,0.683172,0.297997,0.03806,0.065675,0.7487
206,1330.75,473.94,67.45,64.31,0.693098,0.438832,0.03513,0.059549,0.7484
206,189.08,420.11,95.95,103.1,0.098479,0.388994,0.049974,0.095465,0.712
206,609.96,396.99,68.0,65.55,0.317685,0.367583,0.035415,0.060696,0.7079
207,686.77,411.32,322.55,325.78,0.357694,0.38085,0.167994,0.301645,0.9332
207,175.09,650.72,238.98,243.07,0.09119,0.602516,0.12447,0.225068,0.9292
207,1685.08,582.35,268.14,269.52,0.877644,0.53921,0.139658,0.249559,0.929
207,1528.16,198.84,273.56,271.97,0.795918,0.184108,0.142477,0.251823,0.9277
207,1804.83,904.47,230.34,350.72,0.940015,0.837474,0.11997,0.32474,0.9246
207,808.38,914.89,238.11,235.32,0.421029,0.847118,0.124013,0.217884,0.92
207,1349.94,988.13,232.77,181.84,0.703096,0.914938,0.121235,0.168368,0.9199
207,1148.55,625.63,213.53,215.02,0.598204,0.579289,0.111214,0.199095,0.9082
207,286.65,1001.85,321.15,156.3,0.149297,0.92764,0.167267,0.144721,0.9005
207,269.02,507.04,203.32,210.62,0.140113,0.46948,0.105897,0.195017,0.8828
207,526.72,870.0,106.1,107.99,0.274333,0.80556,0.055262,0.099987,0.8554
207,472.18,942.76,72.81,72.34,0.245926,0.872929,0.03792,0.066983,0.8542
207,829.04,648.07,86.45,86.84,0.431793,0.600061,0.045025,0.080405,0.8496
207,581.46,164.48,100.93,103.38,0.302842,0.152301,0.052568,0.095723,0.8447
207,1673.63,302.02,82.97,84.32,0.871684,0.279651,0.043211,0.078077,0.8403
207,260.33,80.89,83.86,84.83,0.135591,0.074897,0.043678,0.078544,0.8197
207,201.22,162.96,87.57,88.16,0.1048,0.150893,0.04561,0.081626,0.8191
207,254.61,921.7,67.9,69.35,0.132608,0.853422,0.035363,0.064211,0.8108
207,1590.55,472.2,168.06,170.07,0.828411,0.437218,0.087532,0.157471,0.8088
207,1884.2,825.7,60.67,60.7,0.981356,0.764537,0.031598,0.056204,0.7904
207,1881.41,217.75,76.74,144.99,0.979902,0.201623,0.039971,0.134248,0.7901
207,1293.96,317.23,78.68,75.41,0.673935,0.293731,0.040977,0.069826,0.7886
207,1318.02,468.38,67.14,64.37,0.686467,0.433687,0.034968,0.059602,0.7526
207,1764.72,19.74,83.21,39.48,0.919124,0.018277,0.043336,0.036555,0.7029
208,1678.33,560.34,284.73,290.19,0.87413,0.518833,0.148297,0.268696,0.9357
208,173.53,701.51,254.33,255.32,0.090378,0.649545,0.132462,0.236403,0.9327
208,671.93,438.15,345.1,343.15,0.349961,0.405697,0.17974,0.31773,0.9293
208,819.36,936.79,253.61,255.48,0.426748,0.867402,0.132086,0.236552,0.9286
208,1504.14,185.31,282.94,283.65,0.783404,0.171585,0.147362,0.262635,0.9271
208,1364.88,981.84,241.73,194.67,0.710876,0.909112,0.125901,0.180252,0.924
208,1806.85,880.71,226.3,374.41,0.941069,0.815475,0.117863,0.346676,0.9173
208,1143.79,627.36,225.8,225.09,0.595723,0.580893,0.117603,0.208418,0.9168
208,260.7,552.01,216.48,217.72,0.135782,0.51112,0.112752,0.20159,0.8802
208,481.77,976.49,77.6,77.76,0.250921,0.904154,0.040419,0.072,0.8647
208,555.07,195.84,105.85,106.14,0.289099,0.181338,0.055133,0.098274,0.8571
208,1655.07,280.75,91.55,93.42,0.862014,0.259951,0.047681,0.086503,0.8563
208,1578.86,450.98,177.59,181.76,0.822324,0.417572,0.092496,0.1683,0.8547
208,263.74,968.03,69.35,69.48,0.137362,0.896328,0.03612,0.064332,0.8537
208,534.57,899.11,114.82,116.41,0.278423,0.832509,0.059802,0.107791,0.8419
208,1865.99,184.24,107.02,149.28,0.97187,0.170596,0.055739,0.138221,0.8364
208,1888.65,794.7,60.5,58.34,0.983674,0.735832,0.031511,0.054016,0.8327
208,305.72,1022.89,343.36,111.8,0.159228,0.947122,0.178831,0.103522,0.8319
208,230.93,127.83,88.25,85.65,0.120276,0.118362,0.045965,0.079302,0.8302
208,825.65,668.01,91.31,91.59,0.430029,0.618525,0.047558,0.084807,0.8285
208,648.12,288.36,59.29,58.01,0.337563,0.266999,0.030879,0.053716,0.8193
208,175.1,210.62,92.08,93.39,0.091196,0.19502,0.04796,0.086476,0.815
208,1275.8,314.78,77.77,78.56,0.66448,0.291459,0.040504,0.072741,0.8113
208,37.0,47.1,74.0,84.47,0.01927,0.043612,0.03854,0.078217,0.807
208,389.97,38.32,298.15,76.64,0.203108,0.03548,0.155285,0.070959,0.7237
208,167.99,519.75,124.03,120.12,0.087495,0.481251,0.064597,0.111219,0.7127
209,170.94,752.52,254.77,257.04,0.089031,0.696777,0.132691,0.238004,0.9366
209,660.54,466.7,351.81,350.57,0.344034,0.432134,0.183234,0.324601,0.9361
209,1476.9,173.55,298.61,301.26,0.769217,0.160695,0.155529,0.278943,0.9342
209,831.58,949.35,257.47,256.73,0.433117,0.879026,0.1341,0.237716,0.9292
209,1140.46,630.08,237.12,238.06,0.59399,0.583405,0.1235,0.220429,0.9285
209,1670.75,540.47,295.68,297.44,0.870183,0.500437,0.154001,0.27541,0.9256
209,1380.78,980.17,244.04,199.66,0.719157,0.907566,0.127103,0.184867,0.92
209,1809.32,851.02,221.36,384.28,0.942355,0.787984,0.11529,0.355812,0.9173
209,248.15,599.37,227.19,232.57,0.129244,0.554976,0.118328,0.21534,0.9004
209,495.13,1013.22,80.3,80.66,0.257878,0.938162,0.041824,0.074685,0.8731
209,542.54,935.81,119.78,115.61,0.282573,0.866491,0.062387,0.107046,0.8729
209,204.11,174.37,88.37,86.32,0.106307,0.161449,0.046026,0.079927,0.8726
209,1850.05,154.52,138.17,160.9,0.963568,0.143073,0.071966,0.148978,0.8699
209,532.34,230.34,104.88,104.58,0.277262,0.213273,0.054627,0.096832,0.869
209,1634.34,262.14,97.12,97.48,0.85122,0.242723,0.050583,0.090256,0.8658
209,1564.01,437.12,187.46,189.83,0.814588,0.404744,0.097633,0.175768,0.8596
209,277.06,1012.47,73.38,73.49,0.144302,0.937474,0.038219,0.068049,0.8514
209,152.87,262.58,92.69,91.83,0.079619,0.243131,0.048278,0.085024,0.8448
209,368.65,53.78,276.61,107.4,0.192008,0.049792,0.144066,0.099441,0.8396
209,1256.5,313.91,82.02,81.97,0.654425,0.290654,0.042721,0.075896,0.8384
209,823.16,685.97,92.14,93.97,0.428727,0.635158,0.047991,0.087013,0.8382
209,1220.71,547.54,58.22,59.37,0.635786,0.506984,0.030321,0.054974,0.8226
209,1890.49,763.94,59.02,61.36,0.984629,0.707351,0.030742,0.056817,0.8042
209,162.73,571.17,133.87,126.68,0.084757,0.528857,0.069725,0.117292,0.7557
210,647.36,496.73,356.98,354.32,0.337169,0.459938,0.185925,0.328071,0.9369
210,178.05,803.86,254.94,256.18,0.092736,0.744311,0.13278,0.237206,0.9356
210,1664.52,521.22,288.49,289.63,0.866935,0.482609,0.150253,0.26818,0.9321
210,842.68,961.73,260.65,235.57,0.438897,0.890487,0.135755,0.218124,0.9321
210,1453.05,163.2,298.93,296.85,0.756797,0.151109,0.155694,0.274863,0.9285
210,1133.65,638.54,235.86,235.17,0.590443,0.591243,0.122842,0.217753,0.9272
210,1395.55,976.9,252.48,206.2,0.726849,0.904538,0.131502,0.190923,0.9251
210,325.01,77.55,329.81,155.09,0.169277,0.071802,0.171777,0.143604,0.9171
210,1811.68,821.69,216.64,383.2,0.943585,0.760824,0.112831,0.354813,0.9118
210,246.65,646.26,216.05,222.45,0.128463,0.598389,0.112524,0.205975,0.9065
210,1837.24,128.17,158.18,160.59,0.956898,0.11868,0.082388,0.148695,0.8766
210,182.01,223.86,92.24,91.87,0.094795,0.207278,0.04804,0.085069,0.8641
210,509.19,263.55,109.37,108.68,0.265203,0.244032,0.056963,0.100631,0.8597
210,1613.03,243.6,96.7,99.5,0.84012,0.22556,0.050367,0.092128,0.8508
210,510.15,1043.77,80.03,72.46,0.265702,0.966453,0.041681,0.067094,0.8499
210,556.39,967.61,117.65,117.02,0.289784,0.895934,0.061274,0.108351,0.8495
210,292.13,1050.25,71.13,59.49,0.152149,0.972458,0.037047,0.055085,0.8438
210,1552.87,420.11,185.22,186.98,0.808787,0.388988,0.096471,0.173129,0.8412
210,611.61,347.81,58.65,59.15,0.318548,0.322042,0.030545,0.054773,0.8269
210,1213.01,549.9,57.83,59.35,0.631776,0.509166,0.030121,0.054954,0.8061
210,1239.24,314.12,81.62,82.53,0.645438,0.290852,0.042511,0.076419,0.802
210,157.92,622.76,135.86,129.67,0.082248,0.576627,0.070762,0.120062,0.7991
210,824.57,706.61,96.62,97.97,0.429465,0.654268,0.050321,0.090711,0.7982
210,557.1,520.27,80.25,79.91,0.290156,0.481735,0.041797,0.073991,0.7735
210,1284.96,460.6,78.09,78.21,0.669248,0.426477,0.040674,0.072413,0.771
210,133.88,312.53,93.92,94.06,0.069729,0.289381,0.048915,0.087092,0.7506
211,639.76,521.69,360.59,360.93,0.33321,0.483046,0.187806,0.334198,0.936
211,1658.52,504.72,294.81,299.27,0.863812,0.467329,0.153545,0.2771,0.9359
211,1133.03,644.62,238.94,239.08,0.59012,0.596873,0.124448,0.221366,0.9304
211,182.84,853.94,258.97,261.47,0.095229,0.790685,0.134883,0.242106,0.9282
211,856.21,970.92,266.56,218.05,0.445944,0.899001,0.138831,0.201897,0.928
211,1428.39,157.9,309.01,301.76,0.743953,0.1462,0.160943,0.279407,0.9268
211,1408.66,971.55,260.4,216.19,0.733675,0.899583,0.135625,0.200176,0.9264
211,300.49,99.49,315.95,198.97,0.156504,0.092116,0.164555,0.184232,0.9253
211,1812.81,789.16,214.38,389.61,0.944172,0.730706,0.111656,0.360753,0.9137
211,1813.79,100.69,163.24,163.41,0.944681,0.093235,0.085022,0.151309,0.9008
211,244.2,692.51,224.41,235.73,0.127187,0.641213,0.116881,0.218269,0.8982
211,491.13,297.88,105.68,105.79,0.255797,0.275817,0.055044,0.097951,0.8631
211,161.36,274.39,88.35,87.58,0.084041,0.254061,0.046016,0.08109,0.859
211,568.5,999.6,122.16,123.34,0.296096,0.925554,0.063627,0.114208,0.8535
211,1540.92,408.53,187.72,190.74,0.802561,0.378269,0.097773,0.17661,0.8468
211,1590.94,227.3,104.22,103.91,0.828617,0.210463,0.05428,0.096216,0.8369
211,1207.82,551.58,59.32,58.96,0.629073,0.510724,0.030898,0.05459,0.8236
211,1221.05,313.7,84.67,86.17,0.635964,0.290463,0.044098,0.079792,0.8223
211,825.15,727.93,94.94,96.6,0.429765,0.674007,0.049449,0.089445,0.8195
211,596.32,378.48,59.2,58.8,0.310583,0.350446,0.030832,0.054446,0.8194
211,116.25,367.43,94.31,92.34,0.060547,0.340211,0.04912,0.0855,0.8075
211,1274.68,459.07,76.27,77.32,0.663894,0.425065,0.039723,0.071589,0.788
211,155.76,672.69,137.38,135.27,0.081128,0.622861,0.071554,0.125246,0.7878
211,550.06,551.59,81.75,82.68,0.286487,0.510732,0.042577,0.076557,0.7001
212,869.98,978.89,261.0,200.01,0.453114,0.90638,0.135939,0.185198,0.9376
212,1653.17,488.05,291.62,295.69,0.861028,0.451898,0.151886,0.273788,0.9353
212,1405.76,152.31,312.64,299.74,0.732167,0.14103,0.162836,0.277534,0.9348
212,637.18,553.49,349.59,345.86,0.331866,0.512489,0.182078,0.320239,0.9344
212,271.37,124.43,317.8,248.86,0.141337,0.115215,0.165522,0.23043,0.9323
212,191.57,903.0,257.84,258.65,0.099774,0.836107,0.134292,0.239491,0.9302
212,1424.09,969.82,259.46,219.3,0.741712,0.897977,0.135134,0.20306,0.9295
212,1134.21,652.21,236.39,235.74,0.590736,0.603903,0.123122,0.218282,0.9215
212,246.58,740.09,226.05,229.04,0.128429,0.685271,0.117734,0.212075,0.9213
212,1816.05,759.16,207.9,394.86,0.945858,0.702923,0.108284,0.365607,0.916
212,1788.58,82.0,162.81,159.66,0.931551,0.075924,0.084799,0.147836,0.8934
212,1530.12,394.97,189.26,189.01,0.796938,0.365716,0.09857,0.175012,0.8808
212,142.99,324.53,91.02,89.92,0.074473,0.300488,0.047404,0.083255,0.8581
212,1572.74,214.37,99.52,101.93,0.819138,0.198489,0.051836,0.094376,0.8565
212,828.46,747.9,94.76,96.49,0.431489,0.692499,0.049352,0.089346,0.8523
212,474.46,333.97,105.94,105.84,0.247114,0.309228,0.055175,0.097999,0.8371
212,583.8,1024.96,122.98,108.28,0.304061,0.949033,0.064053,0.100263,0.8327
212,1207.12,316.65,83.95,83.98,0.628708,0.293195,0.043726,0.077755,0.8112
212,1203.14,555.77,59.78,59.97,0.626633,0.514606,0.031133,0.055528,0.793
212,582.94,409.11,59.49,59.53,0.303615,0.378809,0.030986,0.055118,0.7815
212,155.9,721.56,135.6,134.22,0.081199,0.668114,0.070624,0.124273,0.7678
212,104.5,420.2,92.72,91.64,0.054426,0.389074,0.048292,0.084852,0.7665
213,1642.78,470.59,306.99,304.9,0.855615,0.435732,0.159893,0.282311,0.9374
213,204.15,948.5,253.08,254.01,0.106328,0.878243,0.131812,0.235196,0.9364
213,244.66,147.99,323.78,295.99,0.127426,0.137032,0.168636,0.274064,0.935
213,1382.71,150.57,316.86,299.07,0.72016,0.139415,0.165034,0.276918,0.931
213,1438.75,965.87,260.49,227.06,0.74935,0.894325,0.135673,0.210242,0.9296
213,630.94,578.15,353.66,355.99,0.328612,0.535322,0.184196,0.329617,0.9265
213,885.18,985.37,277.13,187.45,0.461032,0.912379,0.144337,0.173562,0.9265
213,1134.74,656.93,234.98,233.47,0.591011,0.608272,0.122387,0.216172,0.9248
213,248.94,785.74,230.78,228.37,0.129655,0.72754,0.120196,0.211457,0.9096
213,1819.57,731.12,200.85,389.53,0.947695,0.67696,0.10461,0.360676,0.9058
213,1764.77,70.01,168.37,140.02,0.919149,0.064823,0.087692,0.129646,0.9048
213,1551.56,201.22,102.13,102.02,0.808104,0.186318,0.053195,0.094467,0.8656
213,459.79,368.71,110.5,108.09,0.239473,0.341397,0.057551,0.100087,0.8554
213,1519.44,388.61,191.42,198.82,0.791377,0.359827,0.099697,0.184096,0.8451
213,128.68,375.91,93.98,94.18,0.067023,0.348066,0.04895,0.087208,0.845
213,598.79,1040.73,137.51,78.54,0.311868,0.963639,0.071618,0.072723,0.8406
213,394.12,27.26,84.6,54.53,0.205273,0.025244,0.044064,0.050487,0.8383
213,831.42,768.1,96.54,98.87,0.433033,0.711199,0.050282,0.09155,0.8174
213,572.48,439.6,60.22,60.91,0.298168,0.407034,0.031363,0.056396,0.8127
213,542.71,618.99,80.25,76.56,0.282663,0.573141,0.041798,0.070885,0.8053
213,94.0,471.03,95.15,94.58,0.04896,0.436143,0.049559,0.087575,0.7932
213,1190.7,320.63,85.64,89.4,0.620155,0.296881,0.044604,0.082782,0.7787
213,1198.12,558.62,59.88,61.0,0.624021,0.517239,0.031186,0.056477,0.7738
213,164.92,770.72,138.48,132.52,0.085897,0.713626,0.072127,0.122707,0.751
214,223.15,182.8,324.88,326.96,0.116225,0.16926,0.16921,0.302742,0.9366
214,1364.52,149.23,314.85,298.46,0.71069,0.138175,0.163985,0.276349,0.9344
214,1636.11,453.83,309.66,304.95,0.852143,0.420212,0.16128,0.282365,0.9337
214,631.88,610.47,355.61,350.94,0.329103,0.565254,0.185216,0.324945,0.9309
214,219.47,974.16,257.75,210.49,0.114306,0.902003,0.134247,0.194896,0.9294
214,1137.27,664.21,237.52,235.05,0.592328,0.615009,0.123707,0.217641,0.9274
214,1454.8,959.93,265.33,238.95,0.757711,0.888823,0.138191,0.221248,0.9273
214,1820.91,706.18,198.19,380.57,0.948389,0.653871,0.103222,0.352378,0.9171
214,257.23,830.42,233.85,236.58,0.133974,0.76891,0.121794,0.219058,0.9153
214,906.78,997.61,273.46,164.77,0.472282,0.923716,0.142428,0.152568,0.9127
214,1510.7,375.18,192.47,187.73,0.786821,0.347392,0.100245,0.173821,0.8669
214,448.19,406.92,111.52,111.76,0.233435,0.376779,0.058084,0.103479,0.8661
214,368.46,50.67,84.44,84.31,0.191907,0.046913,0.04398,0.078061,0.8622
214,1738.9,59.7,167.16,118.89,0.905676,0.055275,0.087065,0.110087,0.8602
214,116.41,428.07,96.36,95.02,0.06063,0.39636,0.050186,0.087985,0.8587
214,1533.79,190.42,103.61,103.89,0.79885,0.17631,0.053962,0.096191,0.8483
214,837.0,788.37,97.32,97.61,0.435935,0.72997,0.050685,0.090377,0.8472
214,562.5,471.74,57.8,58.06,0.292966,0.436794,0.030106,0.053761,0.8266
214,86.55,523.16,95.86,98.27,0.045078,0.48441,0.049926,0.090992,0.8262
214,1193.28,564.3,59.1,60.38,0.621499,0.522501,0.030781,0.055911,0.8044
214,1176.27,326.75,90.3,90.39,0.612641,0.302545,0.047033,0.083692,0.768
214,541.45,652.61,78.87,79.69,0.282007,0.604273,0.041078,0.073791,0.768
214,168.96,824.5,136.88,132.91,0.087998,0.76343,0.071292,0.123066,0.7662
214,1867.36,140.36,105.28,280.72,0.972585,0.129965,0.054831,0.259929,0.7575
215,205.01,228.22,329.41,330.03,0.106778,0.211311,0.171566,0.305587,0.9389
215,1342.77,148.46,317.64,296.93,0.699359,0.137467,0.165436,0.274935,0.9327
215,1469.28,954.64,275.96,249.53,0.765251,0.883926,0.143732,0.231045,0.9314
215,1138.73,672.74,241.91,238.86,0.593088,0.622906,0.125993,0.221164,0.9298
215,627.88,635.72,364.77,364.98,0.327021,0.588625,0.189983,0.337946,0.9271
215,1629.72,440.06,307.62,310.02,0.84881,0.40746,0.16022,0.287052,0.9269
215,924.97,1004.42,281.73,149.53,0.481753,0.930017,0.146732,0.138453,0.9213
215,266.57,877.96,228.59,235.03,0.13884,0.812927,0.119056,0.217623,0.904
215,1820.63,685.37,198.74,404.09,0.948244,0.634605,0.103512,0.374155,0.9035
215,235.9,997.75,267.67,162.52,0.122864,0.923839,0.13941,0.150478,0.8946
215,1497.34,369.21,193.87,191.59,0.779867,0.341863,0.100972,0.177396,0.8737
215,343.55,92.74,87.94,86.4,0.178933,0.085871,0.045803,0.079997,0.8663
215,845.08,807.01,94.93,94.74,0.440147,0.747233,0.049444,0.087725,0.8564
215,1712.21,53.08,171.39,105.11,0.891774,0.049145,0.089265,0.097328,0.8552
215,1513.85,180.24,102.73,105.14,0.788465,0.166888,0.053504,0.097356,0.8502
215,109.16,479.32,95.32,94.22,0.056856,0.443818,0.049647,0.087241,0.835
215,1191.11,568.92,62.01,60.87,0.620369,0.526778,0.032299,0.056363,0.8321
215,441.66,442.68,108.6,109.9,0.230032,0.409888,0.05656,0.101763,0.832
215,556.13,503.99,58.31,61.03,0.289649,0.466659,0.030369,0.056509,0.8286
215,1162.65,330.48,87.04,88.08,0.605549,0.305998,0.045334,0.081557,0.8188
215,1861.48,116.2,117.03,232.41,0.969522,0.107597,0.060955,0.215194,0.817
215,81.76,578.5,90.76,91.78,0.042585,0.535644,0.047271,0.084979,0.7998
216,1318.36,149.05,324.95,298.11,0.686645,0.138013,0.169247,0.276025,0.9383
216,187.95,277.22,334.06,331.86,0.097888,0.256683,0.173991,0.307279,0.9336
216,1140.87,679.2,246.61,245.21,0.594202,0.628892,0.128441,0.227042,0.9311
216,631.07,664.07,367.75,360.8,0.328685,0.614882,0.191536,0.334072,0.9297
216,1622.66,428.56,313.79,313.74,0.845137,0.396819,0.163433,0.290497,0.9283
216,1485.47,951.95,270.75,254.1,0.773681,0.881431,0.141014,0.235275,0.9232
216,1819.73,658.04,200.54,410.6,0.947777,0.609295,0.104447,0.380185,0.9148
216,948.49,1012.75,290.12,132.53,0.494006,0.937727,0.151105,0.122717,0.8959
216,280.44,920.54,229.81,229.85,0.146063,0.852354,0.119694,0.212821,0.8896
216,1483.64,360.64,193.56,195.23,0.772731,0.333926,0.100815,0.180771,0.8721
216,322.92,131.8,89.46,90.17,0.16819,0.12204,0.046596,0.083487,0.8628
216,431.81,480.16,117.93,117.27,0.224902,0.444596,0.061424,0.108582,0.8623
216,1495.65,172.04,103.4,103.68,0.778984,0.159298,0.053852,0.095997,0.8588
216,1846.67,102.53,146.67,205.06,0.961806,0.094937,0.076389,0.189873,0.8462
216,1682.72,45.25,184.33,90.51,0.876416,0.041901,0.096004,0.083803,0.8357
216,248.43,1019.48,277.94,118.54,0.129391,0.943964,0.144759,0.109762,0.8214
216,85.14,31.14,101.56,62.28,0.044344,0.028831,0.052896,0.057662,0.8115
216,103.08,529.84,96.55,96.62,0.053689,0.490591,0.050288,0.089459,0.8051
216,551.97,536.66,58.74,60.3,0.287485,0.496904,0.030592,0.05583,0.8021
216,1188.5,573.32,61.76,63.03,0.619008,0.530852,0.032168,0.058365,0.7904
216,853.79,826.83,96.1,97.72,0.444684,0.765587,0.050054,0.090482,0.7843
216,1150.31,340.63,88.85,89.0,0.599122,0.3154,0.046275,0.082412,0.7795
216,544.52,405.37,61.86,59.16,0.283603,0.375341,0.03222,0.054778,0.7741
216,403.64,20.83,61.36,41.65,0.210231,0.019283,0.031959,0.038566,0.7695
216,546.23,717.74,79.38,79.32,0.284497,0.664576,0.041342,0.073445,0.7159
217,1614.57,417.61,317.77,317.61,0.840922,0.386673,0.165505,0.294086,0.9402
217,1143.09,684.67,249.48,248.74,0.595359,0.633952,0.129936,0.230313,0.9339
217,1502.57,946.82,274.64,262.84,0.78259,0.876688,0.143044,0.243371,0.9333
217,1304.18,148.93,325.01,297.86,0.67926,0.137897,0.169275,0.275793,0.9316
217,177.38,326.69,336.95,341.54,0.092383,0.30249,0.175493,0.316242,0.928
217,633.4,693.01,375.83,378.28,0.329893,0.641672,0.195745,0.350262,0.9242
217,1821.2,628.27,197.6,408.68,0.948543,0.581732,0.102914,0.378412,0.9105
217,290.41,963.06,243.18,232.27,0.151255,0.891725,0.126658,0.215063,0.8959
217,965.71,1022.08,274.46,115.84,0.502975,0.946369,0.142947,0.107261,0.8945
217,1829.44,87.29,181.12,174.57,0.952832,0.080821,0.094335,0.161643,0.8796
217,1474.05,355.41,198.0,200.59,0.767734,0.329083,0.103124,0.185735,0.8704
217,304.4,174.64,90.66,89.86,0.158541,0.161701,0.047221,0.083207,0.8634
217,101.36,581.32,99.01,97.84,0.052791,0.538263,0.051568,0.090589,0.858
217,1188.15,579.16,63.21,64.4,0.618827,0.536256,0.03292,0.059629,0.8553
217,428.57,517.43,110.97,110.61,0.223213,0.479103,0.057799,0.102413,0.8492
217,60.6,62.25,103.08,103.9,0.03156,0.05764,0.053685,0.096208,0.8433
217,1479.36,164.91,102.95,102.63,0.770498,0.152696,0.053622,0.095027,0.8277
217,1141.72,344.65,88.22,88.01,0.594647,0.319125,0.045948,0.081495,0.8152
217,862.16,846.94,101.53,101.92,0.449042,0.784208,0.052878,0.094367,0.8125
217,550.46,570.8,60.39,60.19,0.286696,0.528515,0.031455,0.055728,0.8038
217,383.38,746.96,57.93,57.12,0.199675,0.69163,0.030173,0.052892,0.8028
217,1663.04,38.8,182.47,77.61,0.866166,0.035929,0.095038,0.071858,0.7775
217,381.23,46.44,69.76,68.14,0.198555,0.042999,0.036333,0.063095,0.7668
217,434.26,30.95,86.26,60.74,0.226178,0.028656,0.044926,0.056244,0.7582
217,535.33,438.58,62.11,59.97,0.278819,0.406092,0.032349,0.055529,0.7537
218,1146.5,695.34,246.16,246.84,0.597135,0.643835,0.128207,0.22856,0.9366
218,1281.61,149.89,326.69,299.78,0.667504,0.138789,0.170149,0.277578,0.935
218,168.67,373.98,329.12,340.08,0.087847,0.346279,0.171418,0.314892,0.9341
218,636.95,724.56,377.32,375.58,0.331744,0.670887,0.196523,0.347757,0.9335
218,1610.72,406.07,314.32,314.9,0.838916,0.375995,0.163711,0.291577,0.9335
218,1517.37,943.59,275.78,268.63,0.790295,0.873692,0.143637,0.248734,0.9257
218,1463.8,347.62,194.86,196.35,0.762396,0.321875,0.10149,0.18181,0.9131
218,302.15,982.19,258.64,193.81,0.157369,0.909438,0.134708,0.179451,0.9101
218,1820.21,606.84,199.58,424.76,0.948027,0.561885,0.103947,0.393296,0.899
218,1459.55,158.52,107.37,105.29,0.760181,0.146782,0.055924,0.097487,0.8714
218,1188.06,584.85,63.4,63.41,0.61878,0.541526,0.033022,0.058713,0.8586
218,286.64,217.85,88.49,87.0,0.149292,0.201711,0.046091,0.080558,0.8556
218,548.72,603.4,59.6,59.72,0.28579,0.558701,0.031041,0.055296,0.8528
218,425.49,555.5,114.44,114.14,0.221609,0.514354,0.059605,0.105682,0.8488
218,101.8,631.2,97.57,96.81,0.053019,0.584445,0.050819,0.089637,0.8446
218,873.65,864.62,99.75,99.63,0.455028,0.80057,0.051955,0.092252,0.8436
218,1820.19,81.13,199.62,162.25,0.948015,0.075118,0.103969,0.150236,0.843
218,985.67,1030.8,261.34,96.13,0.513367,0.954443,0.136116,0.089005,0.834
218,413.0,56.46,93.1,92.79,0.215104,0.052281,0.048492,0.085913,0.829
218,44.84,115.74,89.68,97.34,0.023355,0.107166,0.046709,0.090132,0.8154
218,87.04,732.77,101.7,102.23,0.045332,0.678489,0.052971,0.094655,0.7864
218,559.15,781.25,79.25,77.9,0.291224,0.723376,0.041275,0.072132,0.7786
218,1130.97,353.05,89.43,92.47,0.589045,0.326899,0.046577,0.085619,0.7737
218,357.8,86.22,66.51,67.45,0.186353,0.079836,0.034639,0.062452,0.7684
218,1644.36,28.63,168.09,56.82,0.856435,0.026505,0.087546,0.05261,0.7513
218,530.28,470.13,60.99,61.27,0.276188,0.435309,0.031767,0.05673,0.7353
219,644.86,751.13,379.28,375.52,0.335865,0.695495,0.19754,0.3477,0.9349
219,165.01,424.62,324.28,339.04,0.085945,0.393167,0.168893,0.313924,0.9326
219,1603.68,391.14,319.15,323.65,0.835252,0.362168,0.166226,0.299673,0.9288
219,1267.2,151.33,331.68,302.67,0.659999,0.140124,0.17275,0.280248,0.9285
219,1531.51,935.65,279.75,275.05,0.797663,0.866342,0.145703,0.254677,0.9278
219,1152.06,702.26,247.92,253.16,0.60003,0.650239,0.129123,0.234412,0.9222
219,327.22,1003.23,260.81,151.96,0.170426,0.928921,0.135837,0.140704,0.9017
219,1458.12,345.23,202.3,199.33,0.759439,0.319657,0.105366,0.184564,0.8903
219,1821.81,579.04,196.38,412.84,0.948858,0.536145,0.102283,0.382261,0.8889
219,272.7,260.1,89.15,88.06,0.142033,0.240833,0.046432,0.081535,0.872
219,1443.83,152.36,103.61,104.67,0.751997,0.141073,0.053963,0.096914,0.8573
219,426.88,591.88,111.83,112.28,0.222333,0.548033,0.058247,0.103963,0.8546
219,549.88,634.6,61.92,62.28,0.286396,0.587589,0.03225,0.057664,0.8395
219,104.93,681.3,97.98,97.2,0.054649,0.63083,0.051034,0.089996,0.8386
219,1809.23,70.55,221.54,141.1,0.942308,0.065326,0.115384,0.130652,0.8224
219,999.98,1032.76,293.32,92.92,0.520825,0.956259,0.152769,0.086035,0.8204
219,391.55,92.25,91.46,89.25,0.203932,0.085415,0.047634,0.082637,0.8144
219,1890.21,499.9,59.58,67.59,0.984485,0.462867,0.03103,0.062586,0.8068
219,565.92,812.81,82.98,84.31,0.294751,0.752599,0.043221,0.078062,0.8011
219,1187.48,591.6,62.29,62.52,0.618481,0.547779,0.032443,0.057885,0.7939
219,887.5,883.41,99.19,100.43,0.462238,0.817973,0.051663,0.092991,0.7908
219,93.93,782.34,99.47,99.7,0.04892,0.724391,0.051808,0.092316,0.7827
219,1122.51,361.91,90.26,91.4,0.584641,0.3351,0.047011,0.084626,0.7759
219,399.11,823.29,60.64,61.82,0.207871,0.762309,0.031586,0.057242,0.7611
219,526.47,503.85,59.71,57.74,0.274205,0.466524,0.031098,0.053462,0.7457
219,339.95,125.71,67.79,66.45,0.177056,0.116394,0.035306,0.061531,0.7158
220,161.36,470.87,322.63,345.78,0.084044,0.435986,0.168038,0.320165,0.943
220,653.97,780.01,370.33,370.93,0.340608,0.722228,0.19288,0.343452,0.9375
220,1596.37,380.78,314.46,318.35,0.831441,0.352574,0.163779,0.294767,0.9332
220,1548.39,930.73,283.46,282.47,0.806452,0.861784,0.147636,0.261543,0.9329
220,1249.48,155.58,327.49,311.15,0.65077,0.144052,0.170569,0.288103,0.9324
220,1158.52,709.97,253.8,256.65,0.603393,0.65738,0.132187,0.237637,0.9272
220,1822.48,556.34,195.05,422.68,0.949206,0.515125,0.101588,0.391366,0.8809
220,1188.67,359.51,58.45,57.18,0.619099,0.332878,0.030441,0.052947,0.8757
220,1447.46,337.48,200.11,197.89,0.753886,0.31248,0.104223,0.183232,0.8723
220,426.82,628.21,114.27,116.14,0.2223,0.581678,0.059514,0.107535,0.8674
220,261.43,303.28,90.3,91.22,0.136163,0.280813,0.04703,0.084467,0.8596
220,1426.4,149.25,108.61,108.99,0.742915,0.138192,0.056566,0.10092,0.8575
220,1189.58,597.62,65.71,64.72,0.619575,0.553351,0.034222,0.059926,0.8489
220,898.89,901.65,101.29,102.61,0.46817,0.834863,0.052753,0.095007,0.8469
220,340.44,1023.64,287.6,110.79,0.177313,0.947816,0.149792,0.102581,0.8413
220,109.85,732.41,97.12,96.53,0.057211,0.678156,0.050583,0.089382,0.8356
220,552.89,665.72,59.68,61.73,0.287963,0.616406,0.031083,0.05716,0.8311
220,1889.26,478.06,61.48,65.27,0.983989,0.442649,0.032023,0.060431,0.8042
220,1804.64,51.59,230.71,103.19,0.939919,0.047771,0.120162,0.095542,0.8005
220,104.9,831.89,97.8,99.86,0.054635,0.770268,0.050938,0.092463,0.7984
220,1487.46,994.5,138.31,143.14,0.774718,0.920834,0.072038,0.132533,0.7956
220,524.7,536.66,58.32,61.25,0.273281,0.496904,0.030375,0.056711,0.7916
220,373.56,130.87,91.35,89.62,0.194562,0.12118,0.047579,0.082982,0.7845
220,1114.14,372.76,90.31,91.4,0.580281,0.345151,0.047035,0.08463,0.7613
220,577.05,843.42,83.32,83.01,0.300548,0.780948,0.043396,0.076865,0.7486
220,1029.87,1039.42,322.64,79.2,0.53639,0.962422,0.168041,0.073331,0.7465
220,321.99,165.55,68.87,67.66,0.167703,0.153283,0.035872,0.062647,0.7385
220,1218.16,486.94,80.62,81.39,0.634457,0.450873,0.041987,0.075359,0.7034
221,1563.15,923.12,277.52,283.39,0.814142,0.854739,0.144543,0.262401,0.9331
221,159.33,515.72,318.66,341.49,0.082985,0.477522,0.16597,0.316196,0.9307
221,1591.17,372.11,320.36,321.18,0.828736,0.344545,0.166855,0.297389,0.9294
221,1237.0,155.71,326.72,310.63,0.644272,0.144173,0.170165,0.287623,0.9281
221,662.08,806.15,380.68,384.12,0.344832,0.746436,0.198269,0.355664,0.9261
221,1163.57,712.67,254.36,256.45,0.606024,0.659881,0.132478,0.237453,0.9257
221,251.82,346.28,88.88,88.4,0.131158,0.320634,0.046294,0.081849,0.8928
221,1441.33,334.63,201.59,201.01,0.750695,0.309839,0.104994,0.186123,0.8886
221,1822.9,536.98,194.2,387.21,0.949427,0.497203,0.101147,0.358527,0.8839
221,1411.0,144.42,104.66,104.5,0.734898,0.133718,0.05451,0.096761,0.8526
221,116.83,780.62,102.79,101.33,0.060851,0.722797,0.053537,0.093821,0.8364
221,429.7,664.8,113.42,113.3,0.223801,0.615558,0.059073,0.104906,0.8315
221,558.5,696.49,63.8,63.65,0.290885,0.644895,0.033231,0.058935,0.8281
221,357.72,168.22,92.36,91.85,0.186312,0.155762,0.048106,0.085045,0.8169
221,1886.11,456.43,67.17,72.74,0.982348,0.42262,0.034984,0.06735,0.8161
221,914.53,919.41,101.7,103.65,0.476318,0.851303,0.052969,0.095973,0.8092
221,1798.84,45.44,242.32,90.88,0.936896,0.042074,0.126209,0.084148,0.7951
221,525.1,568.79,60.12,61.87,0.27349,0.526656,0.031314,0.057286,0.7943
221,1107.87,380.54,89.12,92.11,0.577013,0.352348,0.046417,0.085286,0.7904
221,1191.77,603.18,65.15,66.86,0.620716,0.558502,0.033932,0.061907,0.7697
221,115.08,882.5,102.42,104.03,0.059936,0.817133,0.053344,0.096322,0.7559
221,590.51,875.28,78.93,81.02,0.307559,0.810442,0.041107,0.075017,0.7476
221,308.01,206.79,67.82,67.29,0.160423,0.19147,0.035321,0.062309,0.739
222,1172.43,723.13,247.74,249.1,0.61064,0.669563,0.129033,0.230644,0.9333
222,1577.84,914.92,279.3,283.5,0.821794,0.847152,0.145469,0.262499,0.9281
222,1218.05,159.83,334.21,318.58,0.6344,0.147995,0.174068,0.294977,0.9276
222,1582.1,364.03,322.8,320.99,0.824013,0.337065,0.168124,0.297212,0.9275
222,671.0,832.29,378.91,375.61,0.349479,0.77064,0.197351,0.347787,0.9258
222,160.71,563.89,321.42,341.03,0.083704,0.522124,0.167409,0.315773,0.9242
222,1822.68,516.99,194.63,393.59,0.949314,0.478692,0.101371,0.364439,0.8908
222,1433.9,332.42,201.79,198.15,0.746821,0.307799,0.1051,0.183471,0.8765
222,245.56,387.39,90.67,92.45,0.127896,0.35869,0.047226,0.085604,0.8648
222,127.06,826.82,102.33,100.85,0.066175,0.765577,0.053295,0.09338,0.861
222,1397.46,143.6,105.75,106.63,0.727842,0.132967,0.055079,0.09873,0.8538
222,929.03,935.91,103.73,102.17,0.483871,0.866587,0.054025,0.094604,0.8366
222,437.07,701.97,113.88,113.17,0.227642,0.649972,0.059311,0.104791,0.8287
222,564.41,728.54,59.78,61.37,0.293965,0.674576,0.031137,0.05682,0.8287
222,1885.36,432.6,68.78,72.69,0.981956,0.400552,0.035823,0.067309,0.8218
222,345.64,206.8,93.6,93.8,0.180019,0.191481,0.04875,0.086849,0.8217
222,1194.28,610.86,60.46,60.65,0.622023,0.565612,0.031491,0.056159,0.8019
222,1102.19,389.61,87.81,89.95,0.574059,0.360754,0.045737,0.083283,0.7974
222,129.17,928.42,101.05,101.86,0.067277,0.859646,0.052631,0.094313,0.7914
222,603.66,904.39,80.42,81.81,0.314408,0.8374,0.041883,0.075747,0.7868
222,1520.51,982.59,143.69,149.95,0.791933,0.909802,0.07484,0.138845,0.7697
222,527.86,597.31,63.55,60.82,0.274926,0.553065,0.033101,0.056312,0.7172
222,296.2,246.81,68.06,67.15,0.154269,0.228528,0.035449,0.062178,0.7172
223,1591.65,905.71,282.6,283.67,0.828983,0.838621,0.147188,0.262661,0.9377
223,1576.65,354.92,327.76,326.97,0.821169,0.328632,0.17071,0.302746,0.9331
223,1179.35,728.59,248.39,252.69,0.614245,0.674617,0.129372,0.233969,0.9309
223,1202.88,162.87,333.83,325.5,0.626498,0.150808,0.173868,0.30139,0.9306
223,163.05,611.11,323.45,344.72,0.084921,0.565844,0.168464,0.319184,0.9289
223,683.48,862.54,384.85,379.99,0.355978,0.798647,0.200441,0.351841,0.9228
223,1824.69,489.14,190.62,401.89,0.950359,0.45291,0.099283,0.372117,0.883
223,1424.64,327.48,199.77,197.31,0.741998,0.30322,0.104049,0.182695,0.8656
223,443.52,736.53,112.46,113.57,0.231002,0.681976,0.058572,0.105158,0.863
223,1385.02,142.52,103.39,104.59,0.721366,0.131965,0.053851,0.096846,0.8528
223,240.66,431.35,89.86,89.95,0.125346,0.3994,0.046801,0.083285,0.8439
223,943.99,952.26,100.89,102.45,0.491659,0.88172,0.052545,0.094862,0.8429
223,139.25,873.64,96.61,97.23,0.072525,0.808921,0.050319,0.090026,0.8366
223,334.54,246.13,92.76,91.36,0.174241,0.227895,0.048315,0.084593,0.8361
223,573.77,757.96,65.27,66.25,0.298838,0.701811,0.033997,0.061344,0.8324
223,1882.21,413.15,69.86,71.52,0.980317,0.382546,0.036386,0.06622,0.8284
223,145.1,976.03,106.15,106.25,0.075575,0.903728,0.055286,0.098381,0.8195
223,453.7,969.45,59.6,59.01,0.236303,0.897639,0.031043,0.054635,0.819
223,1538.42,977.84,144.19,146.21,0.801262,0.905404,0.075101,0.13538,0.781
223,1198.7,616.46,63.48,63.15,0.624324,0.570797,0.033065,0.058472,0.7758
223,1098.4,398.11,87.97,88.96,0.572083,0.368624,0.045818,0.08237,0.7558
223,285.96,286.83,70.04,70.48,0.148937,0.265586,0.036481,0.065262,0.7534
223,618.88,931.8,82.08,83.06,0.322332,0.862775,0.042752,0.076904,0.7023
224,164.97,658.07,325.7,348.3,0.085922,0.609326,0.169635,0.322498,0.9374
224,702.5,883.71,381.32,380.92,0.365885,0.81825,0.198605,0.352706,0.933
224,1189.69,737.39,251.74,251.52,0.619632,0.682768,0.131117,0.23289,0.931
224,1573.98,347.39,320.77,318.36,0.819783,0.321657,0.167068,0.294776,0.9279
224,1610.06,896.9,279.09,281.39,0.838575,0.830467,0.14536,0.260543,0.9265
224,1191.65,165.63,331.38,324.97,0.620652,0.153364,0.172595,0.300896,0.9264
224,1823.31,472.26,193.38,405.9,0.94964,0.437275,0.10072,0.375834,0.8693
224,1418.21,327.48,196.81,194.91,0.738651,0.303223,0.102503,0.180477,0.867
224,238.39,472.92,89.93,88.1,0.124159,0.437892,0.046838,0.081578,0.8619
224,1370.87,141.06,102.93,103.61,0.713997,0.130614,0.053612,0.095939,0.8576
224,583.13,787.93,60.89,61.87,0.303715,0.729567,0.031712,0.057283,0.8467
224,1879.72,394.81,68.5,68.75,0.97902,0.365566,0.035677,0.063657,0.8455
224,323.85,283.56,93.14,93.96,0.168674,0.262554,0.04851,0.086996,0.8376
224,453.35,770.02,113.89,114.38,0.236122,0.71298,0.05932,0.105909,0.8353
224,152.56,919.82,102.92,105.59,0.079458,0.851683,0.053605,0.097773,0.8352
224,962.09,968.82,102.78,101.8,0.501086,0.897057,0.05353,0.094256,0.8033
224,1554.51,968.47,141.77,143.04,0.809641,0.896728,0.073837,0.132446,0.7785
224,634.78,960.66,80.15,81.85,0.330613,0.889498,0.041745,0.075791,0.7747
224,470.23,1004.02,59.03,58.29,0.24491,0.929653,0.030744,0.053968,0.7486
224,1094.31,408.98,88.68,92.12,0.569953,0.378683,0.046187,0.085299,0.748
224,533.87,662.86,60.35,59.52,0.278055,0.613758,0.031433,0.055111,0.7472
224,163.42,1022.26,100.9,98.86,0.085113,0.946539,0.052552,0.091537,0.7288
224,1202.86,622.43,62.45,63.04,0.626491,0.576323,0.032524,0.058367,0.7149
224,278.06,326.9,68.72,67.82,0.144822,0.302685,0.035794,0.062792,0.7117
224,1214.07,508.99,81.87,82.75,0.632328,0.471287,0.04264,0.076623,0.7074
225,1181.67,174.0,339.0,331.99,0.615455,0.16111,0.176563,0.3074,0.9384
225,1199.25,743.3,251.22,251.23,0.624609,0.688237,0.130844,0.232621,0.9373
225,166.66,698.8,326.13,342.8,0.0868,0.647037,0.169859,0.317405,0.9297
225,714.53,898.21,378.48,363.58,0.372152,0.831676,0.197124,0.336649,0.9296
225,1622.79,887.13,277.01,275.79,0.845201,0.821419,0.144277,0.255358,0.9271
225,1567.75,335.8,315.25,314.14,0.816538,0.310926,0.164192,0.290874,0.9264
225,237.45,513.03,89.05,87.64,0.123674,0.475025,0.046381,0.081153,0.8962
225,1416.89,327.33,203.37,199.54,0.737965,0.303088,0.10592,0.184755,0.8868
225,1823.12,452.8,193.77,403.56,0.949539,0.419259,0.100921,0.373666,0.8859
225,170.49,964.18,100.38,100.82,0.088795,0.892761,0.052283,0.093351,0.8539
225,1361.04,140.55,104.04,103.68,0.708873,0.130141,0.054189,0.095997,0.8485
225,1877.26,377.25,65.98,66.54,0.977738,0.34931,0.034365,0.061608,0.8426
225,1207.75,629.04,68.43,64.65,0.629036,0.58244,0.035642,0.059857,0.8412
225,464.76,802.38,115.96,116.14,0.242062,0.742941,0.060398,0.107533,0.8395
225,594.99,816.7,60.06,61.51,0.30989,0.756205,0.03128,0.056949,0.8381
225,980.31,982.1,102.16,102.87,0.510579,0.909352,0.053208,0.095247,0.8302
225,316.89,320.61,92.19,92.55,0.165049,0.296864,0.048015,0.085691,0.8162
225,331.18,44.68,305.51,89.37,0.172491,0.041373,0.15912,0.082746,0.7922
225,490.17,1037.03,60.69,62.04,0.255298,0.960211,0.031609,0.057447,0.7833
225,1574.13,964.72,140.38,143.35,0.819857,0.893259,0.073114,0.132731,0.7765
225,1093.57,421.86,89.68,92.03,0.569565,0.390613,0.046707,0.085213,0.7731
225,184.73,1047.72,100.61,64.56,0.096213,0.970111,0.052402,0.059777,0.7388
225,272.91,365.32,67.02,68.26,0.142139,0.338259,0.034908,0.063203,0.729
226,173.2,741.74,335.53,345.34,0.090207,0.686799,0.174756,0.319755,0.9382
226,1172.5,177.97,340.72,332.37,0.610679,0.164785,0.177461,0.307751,0.9375
226,1210.17,751.24,250.71,250.06,0.630294,0.69559,0.13058,0.231536,0.9363
226,730.07,911.94,384.36,336.13,0.380243,0.844386,0.200186,0.311228,0.928
226,1638.33,880.88,278.09,280.57,0.853298,0.815627,0.144836,0.259784,0.9251
226,1565.87,328.35,311.6,316.83,0.815555,0.304027,0.162291,0.293356,0.9237
226,1412.24,324.33,202.08,196.18,0.735544,0.300304,0.105249,0.181647,0.8984
226,312.5,66.29,303.79,132.57,0.162763,0.061376,0.158222,0.122753,0.8891
226,1346.57,140.61,103.16,104.49,0.70134,0.130193,0.053731,0.096746,0.8821
226,1822.61,434.73,194.77,410.19,0.949279,0.402529,0.101443,0.379809,0.8667
226,186.75,1005.68,102.93,101.27,0.097263,0.931185,0.053612,0.093765,0.8615
226,475.54,836.27,116.62,116.27,0.24768,0.774323,0.06074,0.107655,0.8587
226,1160.51,402.32,59.38,58.94,0.604435,0.372522,0.030925,0.054578,0.8526
226,241.43,553.19,94.25,94.45,0.125745,0.512213,0.049088,0.087452,0.8491
226,607.67,844.54,61.49,62.94,0.316496,0.781981,0.032026,0.058278,0.8429
226,1874.1,356.9,65.67,67.71,0.976092,0.330462,0.034205,0.062691,0.8216
226,1090.46,430.15,88.34,90.19,0.567947,0.398291,0.046013,0.083513,0.8156
226,998.39,996.52,103.37,103.4,0.519993,0.922705,0.053837,0.095743,0.8108
226,1592.06,959.59,142.72,144.77,0.829196,0.888512,0.074336,0.13405,0.8026
226,670.95,1011.83,82.7,84.76,0.349451,0.936881,0.043072,0.078484,0.7741
226,550.38,722.18,58.01,57.86,0.286658,0.668686,0.030215,0.053574,0.7651
226,312.92,357.87,93.56,93.72,0.162979,0.331358,0.048728,0.086782,0.7598
226,1055.5,180.35,93.46,96.13,0.549738,0.166987,0.048677,0.089013,0.7046
227,182.42,782.8,343.13,346.99,0.09501,0.72481,0.178712,0.32129,0.9365
227,1160.94,183.24,337.57,331.07,0.604656,0.169666,0.175815,0.306549,0.9311
227,1220.83,756.5,251.99,251.92,0.635851,0.700466,0.131247,0.233259,0.93
227,1654.37,871.4,279.13,279.89,0.861649,0.806849,0.14538,0.259154,0.93
227,297.4,85.08,311.06,170.16,0.154894,0.078777,0.162009,0.157554,0.9231
227,1560.13,322.2,314.48,320.92,0.812568,0.298337,0.16379,0.297145,0.9214
227,744.63,921.71,385.7,316.58,0.387828,0.853435,0.200887,0.29313,0.9169
227,1407.41,325.7,201.28,193.0,0.733028,0.30157,0.104832,0.178708,0.8773
227,1821.69,417.43,196.62,398.68,0.948796,0.386506,0.102408,0.369148,0.8687
227,245.11,593.81,88.67,91.08,0.127661,0.549822,0.046182,0.084331,0.8631
227,1338.28,142.24,102.37,103.25,0.69702,0.131705,0.053316,0.095605,0.8606
227,489.92,867.11,117.15,117.94,0.255167,0.802876,0.061017,0.109201,0.8532
227,620.93,872.11,62.75,63.18,0.323401,0.807507,0.03268,0.058502,0.8508
227,206.41,1038.83,102.64,82.35,0.107507,0.961876,0.053461,0.076248,0.8401
227,308.69,394.71,88.78,89.43,0.160778,0.365468,0.046242,0.08281,0.8281
227,1017.11,1008.99,101.9,104.06,0.529745,0.93425,0.053075,0.096351,0.8158
227,1221.16,640.12,65.55,63.97,0.636021,0.592703,0.034142,0.059229,0.8149
227,1871.64,340.52,67.97,70.02,0.974813,0.315298,0.035401,0.064836,0.8092
227,603.76,16.95,58.49,33.89,0.314456,0.01569,0.030463,0.03138,0.7981
227,1611.36,949.55,146.89,147.4,0.83925,0.879208,0.076504,0.136485,0.7882
227,1090.79,439.47,87.07,91.1,0.568117,0.406917,0.045348,0.084354,0.7816
227,689.85,1037.49,80.64,82.2,0.359295,0.960643,0.042001,0.076111,0.7661
228,281.54,102.26,307.76,204.53,0.146635,0.094688,0.160294,0.189376,0.9389
228,1667.73,863.21,278.65,282.5,0.868611,0.799272,0.145131,0.261574,0.9358
228,191.52,822.23,347.21,345.17,0.099748,0.761326,0.180837,0.3196,0.9333
228,1154.93,188.17,334.94,332.24,0.601527,0.174227,0.174448,0.307628,0.9305
228,1555.05,317.71,313.29,319.51,0.809922,0.294175,0.163174,0.295846,0.9288
228,763.38,933.93,386.85,291.99,0.397592,0.864751,0.201484,0.270361,0.9276
228,1232.97,762.78,244.39,247.7,0.642173,0.706278,0.127288,0.229348,0.9244
228,248.91,632.93,88.13,88.14,0.12964,0.586042,0.045899,0.081614,0.8979
228,1406.44,324.61,203.64,195.0,0.732518,0.300569,0.106064,0.18056,0.8684
228,1821.42,388.06,197.15,428.37,0.948658,0.35931,0.102685,0.396635,0.8604
228,505.18,897.08,116.05,114.82,0.263115,0.830633,0.060442,0.106318,0.8535
228,636.31,898.9,63.11,64.02,0.331413,0.832311,0.03287,0.059278,0.8463
228,1038.2,1022.47,97.55,98.27,0.540728,0.946732,0.050807,0.090987,0.8436
228,1328.2,144.44,105.44,105.88,0.691773,0.133738,0.054916,0.098041,0.8433
228,1092.04,451.4,88.34,92.12,0.568772,0.417966,0.046011,0.085294,0.8331
228,1868.71,323.8,65.79,67.5,0.973286,0.299818,0.034265,0.062503,0.8311
228,587.96,31.3,66.07,62.59,0.30623,0.028977,0.034409,0.057954,0.811
228,306.92,429.22,89.8,88.51,0.159852,0.397426,0.046771,0.081958,0.8039
228,1628.58,940.73,142.65,140.58,0.848221,0.871047,0.074296,0.13017,0.8003
228,1227.81,645.78,63.82,65.83,0.639483,0.597941,0.033239,0.060955,0.7605
228,226.97,1058.06,92.62,43.87,0.118213,0.979689,0.04824,0.040622,0.7291
229,785.12,943.42,380.59,271.83,0.408915,0.873535,0.198224,0.251694,0.9355
229,1147.34,200.33,331.44,328.16,0.597575,0.185489,0.172626,0.303852,0.9348
229,1552.87,312.76,315.78,316.4,0.808787,0.28959,0.164471,0.292966,0.9336
229,276.05,119.87,295.45,239.74,0.143775,0.110989,0.153879,0.221978,0.9322
229,206.81,862.75,340.56,342.81,0.107712,0.798847,0.177375,0.317421,0.9318
229,1243.32,765.58,250.8,252.37,0.647563,0.708866,0.130623,0.233673,0.9289
229,1683.73,853.06,278.22,280.35,0.876945,0.789869,0.144905,0.259582,0.9272
229,1822.43,377.28,195.14,418.98,0.949183,0.349335,0.101634,0.387941,0.8811
229,1403.24,323.55,200.61,194.18,0.730852,0.299582,0.104482,0.179796,0.8574
229,1318.89,147.11,104.98,103.59,0.686924,0.136217,0.054676,0.095919,0.8565
229,577.53,55.05,61.73,63.53,0.300797,0.050969,0.032153,0.058828,0.8525
229,256.85,669.83,90.7,92.67,0.133778,0.620211,0.04724,0.085806,0.8497
229,1866.69,307.14,64.9,66.39,0.972237,0.284388,0.033802,0.061476,0.8411
229,652.1,921.57,64.34,65.14,0.339634,0.85331,0.033512,0.060316,0.8364
229,521.62,926.31,114.92,116.35,0.271679,0.857698,0.059855,0.107735,0.8334
229,1059.76,1031.25,102.39,97.5,0.551958,0.954859,0.053327,0.090282,0.8278
229,1646.14,932.91,137.7,137.38,0.857362,0.863807,0.071718,0.127204,0.827
229,1093.92,458.64,85.58,88.26,0.56975,0.424667,0.04457,0.081726,0.8113
229,308.58,466.06,89.92,89.23,0.16072,0.43154,0.046835,0.082623,0.7797
229,583.45,804.39,59.32,57.3,0.30388,0.744805,0.030895,0.053059,0.7788
229,627.57,50.72,343.6,101.45,0.326858,0.046967,0.178956,0.093934,0.7713
229,1236.32,650.93,62.85,65.04,0.643919,0.60271,0.032735,0.060222,0.7564
229,270.7,516.98,65.79,66.99,0.140992,0.478685,0.034264,0.062026,0.7476
230,1549.52,308.61,317.64,318.38,0.807042,0.28575,0.165436,0.2948,0.9382
230,1696.45,843.84,277.62,280.06,0.883565,0.78133,0.144594,0.259318,0.9364
230,267.39,137.86,300.02,275.72,0.139268,0.127648,0.156263,0.255297,0.9351
230,1139.1,205.66,335.1,331.26,0.593283,0.190425,0.174533,0.30672,0.9337
230,223.79,898.17,338.08,347.5,0.116559,0.831635,0.176085,0.321759,0.9329
230,802.15,954.65,385.87,248.65,0.417786,0.883939,0.200972,0.230234,0.9284
230,1256.98,770.61,248.59,248.0,0.654679,0.713524,0.129476,0.22963,0.9246
230,265.45,707.24,88.49,88.86,0.138256,0.654853,0.046091,0.082276,0.893
230,1820.75,352.27,198.5,420.41,0.948308,0.326172,0.103384,0.389267,0.8879
230,538.94,955.56,119.54,117.79,0.280696,0.884781,0.062262,0.109067,0.8684
230,613.4,63.27,356.95,126.47,0.319481,0.058587,0.185913,0.117101,0.8612
230,1311.59,148.74,102.88,103.55,0.683122,0.137723,0.053583,0.095876,0.8602
230,1400.72,317.41,193.86,194.33,0.729543,0.293896,0.100968,0.179934,0.8458
230,1078.42,1037.85,101.22,84.29,0.561679,0.960975,0.052721,0.07805,0.8446
230,1864.04,292.46,65.0,65.43,0.970852,0.270796,0.033853,0.060584,0.8392
230,670.32,947.45,61.54,61.67,0.349127,0.87727,0.032051,0.0571,0.8332
230,565.15,80.28,63.04,64.69,0.294347,0.074335,0.032835,0.059895,0.8294
230,1095.22,470.97,89.26,91.03,0.570426,0.436086,0.046491,0.084283,0.8108
230,1667.49,926.15,137.45,139.1,0.868487,0.857543,0.071589,0.128796,0.8035
230,1244.87,656.8,63.12,61.95,0.648368,0.608151,0.032875,0.057358,0.7734
230,275.36,556.23,65.67,66.62,0.143414,0.515025,0.034203,0.061684,0.7577
231,823.74,968.4,379.44,222.9,0.429032,0.896663,0.197623,0.206388,0.9352
231,255.74,163.95,294.74,292.68,0.133199,0.151804,0.153513,0.271003,0.9335
231,1549.07,303.48,316.41,315.13,0.806807,0.281003,0.164794,0.291791,0.9318
231,1135.95,214.22,326.15,324.5,0.591638,0.198349,0.169871,0.300466,0.9301
231,236.69,923.92,335.47,312.16,0.123278,0.85548,0.174723,0.289039,0.9298
231,1714.53,835.14,274.29,277.13,0.892983,0.773281,0.142858,0.256598,0.9257
231,1269.32,775.53,244.41,247.15,0.661106,0.718086,0.127298,0.228841,0.9191
231,1822.57,333.43,194.85,417.0,0.949258,0.308735,0.101485,0.386111,0.903
231,599.88,74.34,350.65,148.67,0.312435,0.06883,0.182628,0.13766,0.8915
231,276.25,741.82,86.46,88.8,0.14388,0.686873,0.045031,0.082226,0.884
231,1305.63,151.11,106.09,103.63,0.680016,0.139914,0.055256,0.095957,0.8657
231,1399.64,322.36,199.61,192.42,0.728981,0.298478,0.103963,0.17817,0.8584
231,557.59,983.82,110.79,112.0,0.29041,0.910942,0.057702,0.103705,0.8502
231,556.48,106.55,61.55,62.93,0.289833,0.098662,0.032057,0.058266,0.8327
231,1861.89,277.01,67.11,67.75,0.969732,0.25649,0.034954,0.062731,0.8316
231,1099.46,480.6,85.62,89.89,0.572633,0.444999,0.044592,0.083231,0.8259
231,687.6,969.0,61.94,63.83,0.358127,0.897224,0.032263,0.059103,0.825
231,1680.18,917.78,135.76,135.58,0.875094,0.849796,0.070708,0.125537,0.8143
231,1100.11,1043.19,99.07,73.62,0.572974,0.965918,0.051598,0.068165,0.8002
231,821.74,35.79,246.11,71.58,0.427992,0.03314,0.128181,0.066279,0.7876
231,315.01,536.01,92.36,92.65,0.164066,0.496306,0.048105,0.085784,0.7836
231,30.66,761.23,59.84,107.4,0.015969,0.70484,0.031165,0.099449,0.7631
231,1254.52,661.01,60.55,62.29,0.653394,0.612047,0.031537,0.057673,0.7506
231,280.51,589.66,65.84,66.04,0.146097,0.545981,0.034293,0.06115,0.7255
232,250.72,195.84,292.48,293.67,0.130582,0.181334,0.152333,0.271915,0.937
232,1548.23,295.99,314.0,316.98,0.806368,0.274064,0.16354,0.293497,0.9325
232,1131.74,218.6,325.61,326.93,0.589447,0.202404,0.169589,0.302714,0.9313
232,253.56,942.33,335.97,275.02,0.132061,0.872529,0.174984,0.254647,0.9302
232,1281.34,777.09,247.97,246.39,0.667365,0.71953,0.129152,0.228141,0.9289
232,1729.92,825.09,274.36,278.38,0.900998,0.763969,0.142897,0.257759,0.9229
232,847.02,974.88,377.39,210.25,0.441157,0.902663,0.196557,0.194675,0.9145
232,590.73,87.36,351.67,174.72,0.307671,0.080888,0.183161,0.161776,0.9079
232,1824.03,314.26,191.94,403.62,0.950015,0.290977,0.099971,0.373718,0.8883
232,287.42,775.71,88.56,90.61,0.149697,0.71825,0.046126,0.0839,0.8775
232,1399.8,318.55,195.12,196.49,0.729062,0.29495,0.101624,0.181934,0.8637
232,1299.88,154.78,104.62,103.29,0.677019,0.143312,0.054487,0.09564,0.856
232,548.95,133.13,61.82,62.24,0.285911,0.123269,0.032197,0.057633,0.8441
232,1859.56,263.16,65.79,67.08,0.968518,0.243671,0.034267,0.062114,0.838
232,706.84,993.36,61.37,62.36,0.368144,0.919781,0.031966,0.057741,0.837
232,575.47,1009.23,114.7,115.32,0.299722,0.93447,0.059739,0.106774,0.8237
232,1701.06,910.72,131.84,135.98,0.885968,0.843256,0.068665,0.125903,0.8121
232,37.53,793.48,75.06,133.95,0.019548,0.734705,0.039095,0.124024,0.8075
232,1102.3,489.54,88.21,91.01,0.574116,0.45328,0.045941,0.084271,0.8059
232,287.75,623.8,66.64,65.62,0.14987,0.577595,0.034706,0.060762,0.7874
232,824.03,44.18,282.19,88.36,0.42918,0.040907,0.146973,0.081814,0.7843
232,320.71,568.51,88.12,87.95,0.167034,0.526401,0.045895,0.081436,0.7822
232,1121.27,1046.01,104.35,67.99,0.583994,0.968524,0.054349,0.062952,0.758
232,626.62,881.78,58.84,61.0,0.326362,0.816461,0.030644,0.056485,0.7024
233,1547.58,294.27,310.7,309.18,0.806033,0.272471,0.161822,0.286277,0.9341
233,1127.6,228.6,320.55,322.52,0.587291,0.211669,0.166952,0.298627,0.9323
233,1295.81,785.23,240.6,242.03,0.674903,0.727061,0.125311,0.224099,0.9309
233,245.84,229.48,293.05,292.84,0.12804,0.212482,0.152631,0.271144,0.9302
233,578.24,95.96,333.74,191.91,0.301169,0.088848,0.173822,0.177697,0.9291
233,1743.43,816.44,267.52,267.17,0.908037,0.755959,0.139331,0.247384,0.9288
233,276.33,962.01,329.46,233.95,0.143921,0.890752,0.171594,0.216624,0.9272
233,865.45,985.54,381.56,186.89,0.450755,0.912536,0.198732,0.173047,0.9047
233,1824.85,301.01,190.3,387.9,0.950443,0.278714,0.099114,0.359167,0.8877
233,811.6,55.23,291.72,110.47,0.422711,0.051142,0.151939,0.102283,0.8734
233,1398.69,322.28,197.79,191.33,0.728486,0.298408,0.103016,0.177155,0.8656
233,300.07,810.64,87.28,87.89,0.156284,0.750594,0.045461,0.08138,0.8636
233,1715.68,902.94,132.18,133.0,0.893582,0.836055,0.068843,0.12315,0.8537
233,595.82,1028.35,115.17,103.3,0.310323,0.952176,0.059987,0.095648,0.8533
233,1294.07,157.08,101.04,102.63,0.673994,0.145448,0.052626,0.095028,0.8532
233,542.96,156.91,62.73,62.7,0.282793,0.145291,0.032673,0.058053,0.8408
233,725.97,1013.72,61.55,63.99,0.378107,0.938633,0.032057,0.059252,0.8218
233,1858.06,249.28,64.49,65.25,0.967741,0.230818,0.03359,0.060412,0.8217
233,42.66,845.09,84.95,106.67,0.022221,0.782486,0.044243,0.098772,0.7965
233,326.01,601.23,89.36,89.41,0.169799,0.556691,0.046542,0.082784,0.7925
233,1107.08,500.15,83.8,86.37,0.576603,0.463103,0.043645,0.079968,0.7667
233,1143.56,1051.46,97.13,57.09,0.595604,0.97357,0.050586,0.052859,0.7659
233,1272.03,669.55,62.69,62.37,0.662516,0.619951,0.032651,0.057751,0.7327
234,1126.43,241.72,320.33,318.9,0.586682,0.223816,0.166838,0.295281,0.9348
234,1546.96,292.88,312.76,313.13,0.80571,0.271185,0.162898,0.289936,0.933
234,243.21,264.02,290.34,289.74,0.126673,0.244461,0.151221,0.268273,0.9311
234,290.08,976.74,338.96,206.51,0.151084,0.904392,0.176544,0.191217,0.9285
234,571.26,106.07,319.44,212.14,0.297532,0.098211,0.166373,0.196422,0.9265
234,1756.47,807.4,262.88,263.03,0.914829,0.747595,0.136919,0.243546,0.9246
234,1307.18,786.83,243.65,243.14,0.680821,0.728547,0.126902,0.225126,0.9234
234,887.86,996.18,368.08,167.64,0.462428,0.922387,0.191707,0.155226,0.895
234,803.68,65.19,302.72,130.39,0.418585,0.060365,0.157668,0.120729,0.8872
234,1823.07,277.33,193.85,418.24,0.949518,0.256785,0.100965,0.387262,0.8843
234,1398.91,321.78,200.2,193.21,0.728597,0.297943,0.104269,0.178895,0.8774
234,1289.47,162.45,102.61,102.37,0.671597,0.150417,0.053443,0.094787,0.8722
234,314.13,842.83,85.16,86.15,0.16361,0.780399,0.044354,0.079769,0.8443
234,616.89,1041.91,112.22,76.17,0.321295,0.964736,0.058447,0.070528,0.8357
234,49.71,883.76,98.78,102.08,0.025893,0.818293,0.051447,0.094519,0.8327
234,1855.07,238.5,65.07,66.17,0.966181,0.220834,0.033889,0.061265,0.827
234,336.15,633.35,85.93,87.44,0.175076,0.586433,0.044754,0.080967,0.8235
234,746.66,1032.88,61.64,61.73,0.388886,0.956366,0.032102,0.057155,0.8222
234,1283.97,674.21,59.89,62.13,0.668736,0.624272,0.031191,0.057532,0.8133
234,1734.57,891.76,134.58,138.87,0.903422,0.825707,0.070095,0.128582,0.8008
234,539.25,184.12,57.76,60.89,0.280857,0.170479,0.030086,0.056384,0.7773
234,1111.54,508.74,84.11,86.07,0.57893,0.471054,0.043806,0.079692,0.7681
234,660.26,928.45,58.93,59.57,0.343883,0.859679,0.030692,0.055162,0.7193
234,1164.54,1056.12,94.9,47.76,0.60653,0.97789,0.049425,0.04422,0.714
235,1125.67,247.78,322.92,324.19,0.586288,0.229423,0.168189,0.300175,0.9391
235,565.99,119.98,332.45,239.96,0.294784,0.111092,0.173149,0.222183,0.9326
235,1546.7,289.44,306.97,307.9,0.805573,0.267998,0.159881,0.285088,0.9315
235,241.62,297.13,289.55,287.33,0.125846,0.275118,0.150806,0.266046,0.9272
235,1772.78,799.47,271.37,268.76,0.923321,0.740249,0.141341,0.248852,0.9257
235,1322.29,791.84,240.97,240.71,0.688693,0.733188,0.125506,0.222876,0.9257
235,312.35,994.72,324.89,169.01,0.162681,0.921038,0.169216,0.156487,0.9094
235,1823.53,267.95,192.94,396.59,0.949755,0.248106,0.100491,0.367215,0.9045
235,790.62,72.09,303.62,143.93,0.41178,0.066745,0.158137,0.133271,0.9039
235,911.2,1004.46,374.41,149.23,0.474582,0.930056,0.195006,0.138175,0.8941
235,1399.28,323.11,199.61,194.83,0.728792,0.299174,0.103965,0.180403,0.874
235,1287.35,165.51,98.86,100.16,0.670497,0.153254,0.051488,0.092745,0.865
235,63.43,921.41,101.01,102.73,0.033038,0.853162,0.052607,0.095124,0.8571
235,328.72,873.96,85.91,86.52,0.171207,0.809224,0.044745,0.080111,0.8534
235,534.87,207.87,60.64,59.82,0.278578,0.192475,0.031585,0.055391,0.8527
235,1854.27,225.61,64.44,65.48,0.965765,0.208903,0.033565,0.060627,0.8416
235,1751.61,884.48,132.65,136.74,0.912298,0.81896,0.069091,0.126613,0.8231
235,765.71,1050.7,61.69,58.6,0.398807,0.972871,0.032133,0.054259,0.8054
235,345.46,662.84,89.22,89.16,0.179929,0.613738,0.046467,0.082556,0.7951
235,637.36,1051.98,110.4,56.05,0.331961,0.974052,0.057502,0.051896,0.7855
235,1293.48,676.77,62.03,64.71,0.673685,0.626637,0.032308,0.059917,0.7784
235,1119.24,517.66,83.54,86.12,0.582939,0.479319,0.043508,0.079738,0.7703
235,317.03,720.99,66.0,67.9,0.165119,0.667585,0.034376,0.062873,0.7443
235,1187.99,1059.55,100.89,40.89,0.618746,0.981069,0.052549,0.037861,0.7231
236,562.26,131.94,330.03,263.61,0.292844,0.122171,0.171889,0.244087,0.9388
236,1126.51,253.86,318.52,320.41,0.586722,0.235054,0.165895,0.296679,0.9385
236,242.18,328.37,284.15,281.78,0.126136,0.304047,0.147996,0.260907,0.9287
236,1547.27,282.5,300.69,301.96,0.805869,0.261573,0.15661,0.279597,0.9247
236,1340.35,794.33,238.92,238.25,0.698098,0.735493,0.124436,0.220604,0.9244
236,781.66,80.46,292.07,160.93,0.407116,0.074503,0.15212,0.149006,0.9243
236,1783.26,785.86,265.35,265.86,0.928782,0.727647,0.138203,0.246163,0.9216
236,338.44,1010.49,303.57,137.25,0.176273,0.935637,0.15811,0.127079,0.9043
236,1828.96,260.38,182.09,383.85,0.952582,0.241096,0.094837,0.355417,0.8804
236,1401.43,325.68,198.8,193.19,0.729913,0.301555,0.10354,0.178883,0.8774
236,944.74,1011.86,355.25,134.39,0.49205,0.936911,0.185025,0.124439,0.8712
236,533.61,230.56,59.69,60.22,0.277919,0.213479,0.031091,0.055762,0.8633
236,1852.69,213.84,63.03,64.65,0.964944,0.198002,0.032826,0.059857,0.8619
236,1284.68,169.09,100.17,101.55,0.669102,0.156568,0.05217,0.094031,0.8545
236,346.78,903.48,85.75,86.19,0.180617,0.836559,0.044663,0.079803,0.8316
236,81.0,959.07,101.5,101.66,0.042185,0.88803,0.052866,0.094129,0.8257
236,1767.97,875.05,131.2,133.76,0.920818,0.810228,0.068332,0.123855,0.8248
236,353.91,691.52,88.5,87.31,0.18433,0.640294,0.046094,0.080843,0.8145
236,1125.01,524.56,88.61,90.16,0.585942,0.485702,0.046149,0.083484,0.8017
236,1274.36,573.23,79.78,81.31,0.663728,0.530772,0.04155,0.075286,0.8003
236,1305.32,682.77,61.85,62.93,0.679853,0.63219,0.032212,0.058272,0.77
236,328.96,749.21,65.26,66.4,0.171334,0.693712,0.033991,0.061485,0.7681
236,696.29,970.56,60.82,62.15,0.362649,0.89867,0.031677,0.057548,0.7386
236,785.96,1058.97,63.14,41.9,0.409356,0.98053,0.032886,0.038794,0.7036
236,1208.97,1063.98,90.39,32.05,0.62967,0.985162,0.04708,0.029675,0.7006
237,557.98,142.57,329.33,283.61,0.290615,0.132006,0.171525,0.262599,0.9383
237,1125.34,263.93,326.05,328.38,0.586116,0.24438,0.16982,0.304059,0.9381
237,775.02,87.19,298.97,174.37,0.403657,0.080728,0.155712,0.161457,0.9325
237,1352.39,796.51,236.62,236.57,0.704371,0.737505,0.123239,0.219042,0.9325
237,1794.32,779.67,250.26,263.44,0.934541,0.721913,0.130345,0.243927,0.9292
237,244.11,358.41,284.16,281.67,0.12714,0.331858,0.147999,0.260806,0.9286
237,1547.63,280.29,298.1,298.91,0.806055,0.259532,0.155261,0.27677,0.9248
237,1402.52,327.52,197.75,193.11,0.730482,0.303261,0.102994,0.178809,0.8965
237,362.72,931.96,82.27,83.96,0.188919,0.862926,0.04285,0.077736,0.8601
237,533.51,255.04,58.17,58.73,0.277869,0.236151,0.030298,0.054382,0.8559
237,99.58,994.09,98.41,97.82,0.051864,0.920453,0.051255,0.090576,0.8551
237,1828.64,245.76,182.71,390.0,0.952419,0.227557,0.095163,0.361112,0.852
237,1281.67,173.29,100.06,100.44,0.667536,0.16045,0.052113,0.092996,0.8457
237,1852.41,203.19,60.69,61.37,0.964799,0.188141,0.03161,0.05682,0.8366
237,969.43,1023.03,339.25,112.13,0.50491,0.947251,0.176695,0.103825,0.8203
237,365.72,718.32,87.51,86.47,0.190481,0.665109,0.045576,0.080061,0.8089
237,358.56,1023.19,331.99,111.45,0.186748,0.947403,0.172909,0.103198,0.8073
237,1133.23,535.4,90.31,93.23,0.590226,0.495741,0.047038,0.086324,0.7988
237,341.9,777.47,64.9,66.22,0.178074,0.719875,0.033803,0.061317,0.7516
237,1317.09,683.78,61.83,63.07,0.685983,0.633132,0.032205,0.058398,0.7481
238,558.65,153.93,321.83,307.32,0.290966,0.142531,0.167622,0.28456,0.9393
238,771.9,95.62,292.79,191.25,0.402029,0.088542,0.152493,0.177083,0.9378
238,1127.58,271.36,319.57,320.5,0.587281,0.251255,0.166445,0.296757,0.9351
238,247.61,389.48,283.21,280.58,0.128965,0.360633,0.147504,0.259794,0.9315
238,1548.26,279.43,301.55,303.83,0.806385,0.258733,0.157059,0.281325,0.9285
238,1363.91,799.13,236.27,240.47,0.710368,0.739932,0.123057,0.222656,0.9223
238,1802.46,769.85,235.0,255.29,0.938782,0.712828,0.122396,0.23638,0.9103
238,1402.58,328.75,195.33,190.09,0.730512,0.304397,0.101736,0.176008,0.8812
238,1826.43,233.66,187.14,392.66,0.951266,0.216352,0.097467,0.363572,0.8771
238,379.63,959.21,84.28,84.16,0.197725,0.888157,0.043897,0.077927,0.8738
238,1280.06,176.29,102.52,102.53,0.666697,0.163235,0.053397,0.094937,0.8549
238,1851.27,192.18,63.44,64.65,0.964205,0.177948,0.033044,0.059862,0.8525
238,119.07,1027.62,96.85,93.73,0.062017,0.951496,0.050441,0.086791,0.8515
238,532.8,277.8,58.76,59.03,0.277502,0.257221,0.030605,0.05466,0.8474
238,1329.72,687.86,60.34,63.46,0.692564,0.63691,0.031429,0.05876,0.8329
238,1139.2,542.8,83.46,86.89,0.593334,0.502597,0.04347,0.080455,0.8126
238,380.16,746.26,87.16,86.14,0.198001,0.690981,0.045395,0.079755,0.8073
238,732.55,1008.78,58.85,59.05,0.381537,0.934054,0.030649,0.054671,0.8049
238,984.81,1023.91,353.2,110.55,0.512921,0.948063,0.183958,0.102358,0.8049
238,1799.95,856.81,133.54,139.81,0.937475,0.793338,0.06955,0.129454,0.7896
238,356.11,806.29,63.59,65.31,0.185476,0.746565,0.033121,0.060471,0.7617
238,383.1,1036.68,304.45,84.55,0.199529,0.959885,0.158566,0.078284,0.7331
239,1128.31,279.17,323.39,323.86,0.587664,0.258495,0.16843,0.299866,0.9383
239,768.24,106.74,299.81,213.48,0.400126,0.098833,0.156152,0.197666,0.935
239,251.56,417.62,284.19,284.22,0.131022,0.386687,0.148014,0.263163,0.9316
239,553.58,168.83,326.18,322.23,0.288323,0.156322,0.169886,0.298365,0.9288
239,1381.95,799.91,236.0,238.55,0.719763,0.74066,0.122919,0.220883,0.9273
239,1551.13,276.9,301.04,304.34,0.807879,0.256384,0.156792,0.281798,0.9257
239,1809.16,758.67,221.67,258.13,0.942272,0.702468,0.115455,0.239011,0.9113
239,397.75,985.41,87.39,89.49,0.207159,0.912415,0.045518,0.082857,0.8892
239,1829.37,223.91,181.25,383.61,0.952799,0.207326,0.094403,0.355195,0.8803
239,1409.41,331.42,196.85,190.28,0.734067,0.306872,0.102527,0.176183,0.8635
239,1280.68,180.73,103.88,103.4,0.66702,0.167346,0.054107,0.095739,0.8498
239,534.82,299.05,59.86,59.89,0.278551,0.276898,0.031177,0.055456,0.8491
239,1851.63,182.4,61.99,63.49,0.964391,0.168888,0.032284,0.058783,0.8399
239,1339.74,691.45,59.72,63.66,0.697783,0.640236,0.031105,0.058947,0.8299
239,137.33,1044.96,100.27,70.08,0.071523,0.967558,0.052225,0.064885,0.8219
239,391.28,772.46,88.78,88.53,0.203792,0.715237,0.04624,0.081971,0.7764
239,1002.44,1024.97,367.76,108.29,0.522102,0.949045,0.191541,0.100268,0.7721
239,1149.68,551.16,86.25,90.56,0.598794,0.510334,0.04492,0.083853,0.7649
239,370.47,833.07,65.74,66.04,0.192952,0.771359,0.034238,0.061144,0.7451
239,1817.54,851.77,128.48,135.86,0.946633,0.788673,0.066915,0.125794,0.7348
240,1128.44,290.55,324.43,322.79,0.58773,0.269026,0.168973,0.298879,0.9399
240,553.7,186.06,327.19,325.0,0.288388,0.172273,0.17041,0.300926,0.9356
240,257.52,446.53,279.71,280.22,0.134126,0.413455,0.145684,0.259462,0.9336
240,1396.5,803.02,238.38,237.34,0.727346,0.743534,0.124157,0.21976,0.9303
240,765.09,112.05,279.87,224.11,0.398483,0.103754,0.145765,0.207509,0.9287
240,1554.32,273.73,294.41,298.43,0.809542,0.253456,0.153338,0.276321,0.9238
240,1815.99,750.17,208.02,247.81,0.945828,0.694602,0.108343,0.229452,0.9218
240,1828.23,213.57,183.54,393.55,0.952204,0.197752,0.095593,0.3644,0.8781
240,1414.81,332.7,194.88,187.84,0.73688,0.308054,0.101502,0.173929,0.8643
240,1282.1,184.36,101.44,100.3,0.667762,0.170704,0.052835,0.092872,0.8498
240,415.6,1010.44,82.92,83.89,0.21646,0.935593,0.043188,0.077675,0.8471
240,1852.31,173.74,59.56,60.36,0.964747,0.160872,0.031023,0.055885,0.8281
240,537.95,321.4,59.43,60.77,0.280182,0.297595,0.030953,0.05627,0.8215
240,384.61,859.18,63.37,63.85,0.200316,0.79554,0.033006,0.059121,0.8165
240,1832.71,842.08,137.46,141.11,0.954538,0.779705,0.071592,0.13066,0.791
240,404.38,795.76,85.95,85.43,0.210614,0.736818,0.044768,0.079105,0.7871
240,1352.44,696.51,59.82,60.68,0.704398,0.64492,0.031158,0.056181,0.7323
240,1159.1,556.96,89.81,88.35,0.603696,0.515706,0.046775,0.081806,0.7322
240,1017.9,1031.39,350.23,95.28,0.530156,0.954991,0.182414,0.088219,0.7208
240,772.25,1042.74,58.98,59.41,0.402213,0.965504,0.03072,0.055007,0.7105
241,263.38,472.8,283.26,282.35,0.137177,0.437776,0.147533,0.261437,0.937
241,554.85,205.96,322.57,319.56,0.288982,0.190707,0.168005,0.295889,0.9357
241,1130.9,295.97,329.28,330.04,0.589011,0.27405,0.171499,0.305595,0.9343
241,762.53,120.6,291.26,241.2,0.397153,0.111665,0.151699,0.223329,0.9333
241,1411.28,803.04,236.41,238.08,0.735043,0.743555,0.123132,0.220444,0.931
241,1555.58,273.08,293.97,298.78,0.810197,0.252848,0.15311,0.276651,0.9243
241,1824.34,745.22,191.32,247.49,0.950176,0.690018,0.099648,0.229155,0.9227
241,1830.7,204.89,178.6,377.35,0.95349,0.189712,0.09302,0.349395,0.9
241,435.54,1036.38,83.72,84.35,0.226843,0.959613,0.043606,0.078099,0.8769
241,1418.64,333.65,190.18,187.01,0.738873,0.308937,0.099051,0.173161,0.8725
241,1282.55,189.18,100.63,101.07,0.667996,0.175164,0.052411,0.093584,0.8567
241,1851.75,163.92,63.02,64.52,0.964454,0.151775,0.03282,0.05974,0.8449
241,541.15,341.26,58.31,58.28,0.281847,0.315985,0.030371,0.053967,0.8307
241,419.65,821.77,89.62,88.56,0.218566,0.760894,0.046678,0.082003,0.8252
241,1365.2,696.47,62.26,65.22,0.711044,0.644878,0.032426,0.060385,0.8161
241,51.46,214.42,58.39,59.23,0.026802,0.198536,0.03041,0.054845,0.7912
241,1846.83,829.8,125.56,130.48,0.961892,0.768337,0.065398,0.120814,0.7812
241,1167.13,566.97,83.67,85.54,0.607882,0.524974,0.04358,0.079202,0.7657
241,1014.72,21.39,96.12,42.36,0.528498,0.01981,0.050063,0.039222,0.742
241,401.01,883.94,65.07,64.51,0.208859,0.818463,0.033893,0.059729,0.7338
242,761.97,126.88,286.52,253.61,0.396859,0.117485,0.149229,0.23482,0.9395
242,271.67,498.98,279.29,281.67,0.141492,0.462015,0.145465,0.260802,0.9352
242,1135.49,305.18,324.54,322.7,0.591403,0.282573,0.16903,0.298795,0.9339
242,554.93,228.46,319.9,316.67,0.289025,0.211533,0.166616,0.293209,0.9323
242,1425.28,805.82,232.62,236.15,0.742334,0.746133,0.121155,0.218661,0.9313
242,1829.62,740.65,180.76,260.9,0.952926,0.68579,0.094147,0.241575,0.9228
242,1560.23,271.19,302.43,306.12,0.812619,0.251104,0.157518,0.283449,0.9224
242,1829.66,201.74,180.69,379.49,0.952946,0.1868,0.094108,0.351378,0.8814
242,1424.03,333.78,189.81,185.64,0.741682,0.309057,0.098858,0.17189,0.8638
242,1854.86,155.59,62.12,63.66,0.966075,0.144066,0.032354,0.058948,0.8609
242,546.58,361.75,58.61,58.87,0.284678,0.334954,0.030527,0.054505,0.8548
242,1282.5,192.1,101.67,101.63,0.667969,0.177868,0.052951,0.094097,0.8542
242,239.0,30.99,102.31,61.61,0.12448,0.028696,0.053287,0.05705,0.8329
242,453.91,1046.49,85.96,67.01,0.23641,0.968975,0.044769,0.062051,0.8288
242,434.0,843.23,85.33,84.11,0.226041,0.780771,0.044444,0.077876,0.8057
242,1332.45,596.77,79.82,81.42,0.693983,0.552566,0.041573,0.07539,0.7906
242,1378.42,700.08,61.6,61.48,0.717929,0.648219,0.032083,0.056928,0.7845
242,1012.25,26.4,97.36,52.8,0.527214,0.024443,0.050708,0.048886,0.763
242,1178.53,571.47,87.13,94.11,0.613817,0.529135,0.045382,0.087137,0.7437
243,279.55,524.06,280.1,277.35,0.1456,0.485243,0.145886,0.256809,0.9362
243,558.61,246.52,322.12,318.42,0.29094,0.228255,0.16777,0.294836,0.9348
243,1143.05,313.13,314.24,314.98,0.595339,0.289931,0.163665,0.291649,0.9318
243,760.69,137.24,291.81,273.02,0.396193,0.127077,0.151985,0.252792,0.9311
243,1442.53,807.15,233.75,237.03,0.751319,0.747364,0.121747,0.219476,0.9282
243,1563.78,269.26,300.02,305.01,0.814467,0.249312,0.156261,0.282415,0.9216
243,1836.64,729.95,166.71,269.11,0.956585,0.675881,0.086831,0.249173,0.916
243,1830.75,191.85,178.5,377.35,0.953515,0.177636,0.092969,0.349396,0.8756
243,1427.69,335.74,192.19,187.58,0.74359,0.310872,0.100101,0.173688,0.8727
243,238.11,43.36,101.14,86.71,0.124015,0.040145,0.052679,0.08029,0.8661
243,1286.57,197.11,98.98,100.08,0.670087,0.182512,0.051554,0.092667,0.8528
243,551.07,379.67,59.76,60.5,0.287016,0.35155,0.031124,0.056019,0.8474
243,1856.91,148.2,62.71,63.49,0.967143,0.137222,0.032663,0.05879,0.8151
243,449.28,866.11,88.25,88.54,0.233999,0.801956,0.045965,0.081982,0.8142
243,433.54,928.14,64.4,65.05,0.225803,0.859385,0.033544,0.060233,0.8128
243,1010.91,30.86,102.65,61.72,0.526514,0.028574,0.053465,0.057149,0.799
243,1186.09,578.17,85.9,88.53,0.617757,0.535339,0.044739,0.081969,0.7725
243,470.07,1058.01,82.17,43.7,0.244827,0.979642,0.042794,0.040462,0.751
243,1390.78,702.83,62.02,64.5,0.724366,0.650766,0.032303,0.059721,0.7115
243,1867.31,815.9,104.54,141.77,0.972559,0.75546,0.054449,0.131273,0.7037
244,563.01,265.62,316.0,316.35,0.293235,0.245941,0.164581,0.292912,0.9362
244,285.74,548.84,281.28,281.56,0.148821,0.508186,0.146502,0.260707,0.9352
244,762.06,145.99,289.71,280.96,0.396905,0.135176,0.150891,0.260153,0.9345
244,1147.16,319.64,314.97,315.03,0.597477,0.295961,0.164045,0.291695,0.9334
244,1455.04,809.07,232.79,233.55,0.757831,0.749138,0.121242,0.216248,0.9263
244,1570.19,268.18,299.82,298.55,0.81781,0.248317,0.156158,0.276434,0.9248
244,1846.15,715.12,147.71,233.49,0.961535,0.662151,0.076931,0.216199,0.9079
244,1831.39,189.96,177.22,379.92,0.953848,0.17589,0.092304,0.35178,0.8738
244,1434.35,338.13,189.61,191.58,0.747056,0.31308,0.098755,0.177391,0.8707
244,235.74,61.44,98.56,99.06,0.12278,0.056889,0.051332,0.091727,0.8578
244,1289.69,199.86,98.33,98.8,0.671715,0.185059,0.051213,0.09148,0.8495
244,556.81,398.64,59.2,59.67,0.290005,0.369112,0.030834,0.055254,0.8454
244,1857.2,140.57,60.93,63.09,0.967292,0.130153,0.031732,0.058418,0.8314
244,1402.87,705.57,57.76,61.28,0.730662,0.653306,0.030083,0.056744,0.8305
244,1196.8,584.32,85.91,87.47,0.623332,0.541041,0.044747,0.08099,0.8171
244,463.85,884.65,87.42,86.18,0.241586,0.819121,0.045531,0.079794,0.8054
244,906.93,61.19,348.07,122.24,0.472358,0.056657,0.181289,0.113189,0.7853
244,1011.5,36.45,101.27,72.89,0.52682,0.033748,0.052747,0.067495,0.7794
244,448.57,950.0,64.95,66.21,0.233632,0.879632,0.033829,0.061306,0.7534
244,1352.94,603.37,80.25,79.04,0.704654,0.55868,0.041798,0.073183,0.7023
245,1150.97,324.77,317.74,316.78,0.599466,0.30071,0.165491,0.293315,0.9362
245,565.76,284.83,315.06,315.52,0.294667,0.263731,0.164095,0.292146,0.9318
245,765.04,157.32,285.52,282.03,0.398459,0.14567,0.148706,0.26114,0.9318
245,296.94,570.61,282.09,279.84,0.154654,0.528339,0.14692,0.259115,0.9296
245,1470.55,809.15,231.25,234.37,0.765911,0.74921,0.120441,0.21701,0.929
245,1573.54,264.51,293.86,295.72,0.819555,0.244919,0.153052,0.273811,0.9256
245,1852.23,712.88,135.54,236.88,0.964704,0.66007,0.070591,0.21933,0.8965
245,1833.8,183.06,172.4,366.12,0.955103,0.169499,0.089794,0.338998,0.8812
245,563.57,416.39,58.48,58.61,0.293527,0.385548,0.03046,0.054271,0.8713
245,236.69,84.58,96.77,97.38,0.123274,0.078313,0.050399,0.090167,0.8633
245,391.51,46.32,252.38,92.65,0.20391,0.042891,0.13145,0.085783,0.8599
245,1292.91,205.89,101.26,101.01,0.673389,0.190641,0.052741,0.093524,0.8502
245,1442.35,338.41,184.96,185.53,0.751224,0.313345,0.096333,0.17179,0.8485
245,893.32,66.41,345.84,132.78,0.465272,0.061486,0.180127,0.122942,0.837
245,480.75,906.48,84.17,84.94,0.250391,0.839335,0.043839,0.078647,0.8317
245,1860.48,133.22,60.67,63.04,0.969001,0.123351,0.031601,0.058372,0.8239
245,1009.19,40.46,104.8,80.91,0.52562,0.037461,0.054584,0.074921,0.8133
245,1207.89,591.74,87.55,93.05,0.62911,0.547905,0.045596,0.086161,0.7611
245,467.26,970.79,66.02,67.06,0.243365,0.898881,0.034386,0.062089,0.7484
246,1156.77,331.77,307.51,305.91,0.602487,0.307193,0.16016,0.283249,0.9356
246,567.88,301.66,308.42,307.52,0.295768,0.279317,0.160637,0.284739,0.9319
246,769.43,172.88,279.23,278.74,0.400746,0.160074,0.145434,0.258095,0.9301
246,1480.26,810.64,230.23,234.97,0.77097,0.750595,0.119913,0.217566,0.9287
246,306.94,590.02,269.53,271.13,0.159866,0.546312,0.14038,0.251042,0.9283
246,1579.37,263.43,288.59,291.02,0.822588,0.24392,0.150307,0.269461,0.9245
246,390.38,55.86,249.94,111.45,0.203321,0.051723,0.130175,0.103192,0.888
246,1838.46,174.25,163.09,348.5,0.95753,0.16134,0.08494,0.322681,0.8855
246,237.13,108.12,97.37,98.85,0.123506,0.10011,0.050715,0.091532,0.8763
246,1859.58,705.74,120.51,232.88,0.968532,0.653464,0.062763,0.215634,0.8757
246,1296.51,208.69,97.24,96.69,0.675265,0.193235,0.050648,0.089528,0.8659
246,882.67,73.07,346.67,146.14,0.459724,0.067656,0.180557,0.135312,0.8601
246,1448.54,337.67,189.98,186.37,0.754449,0.312659,0.098947,0.172568,0.8418
246,1012.32,44.45,99.53,88.15,0.527248,0.041154,0.05184,0.081617,0.824
246,1862.83,126.89,58.18,59.19,0.970221,0.117488,0.0303,0.054806,0.8204
246,496.91,925.3,81.57,83.06,0.258806,0.856759,0.042485,0.076911,0.766
246,1219.17,598.28,84.45,84.22,0.634982,0.553967,0.043983,0.077979,0.7637
246,483.74,989.13,63.66,63.0,0.251946,0.915858,0.033158,0.058331,0.7437
247,576.11,316.11,306.11,309.12,0.300058,0.292693,0.159435,0.286223,0.9349
247,1162.71,335.73,299.24,296.64,0.605581,0.31086,0.155856,0.274669,0.9334
247,773.17,184.42,280.69,277.65,0.402695,0.170762,0.146192,0.257084,0.9313
247,318.28,615.68,267.68,268.1,0.165769,0.570071,0.139415,0.248242,0.9266
247,1583.79,264.95,284.63,288.21,0.824892,0.245326,0.148243,0.266864,0.926
247,1499.6,812.67,225.43,229.32,0.781042,0.752471,0.117409,0.212335,0.921
247,391.25,64.8,265.63,129.52,0.203777,0.060002,0.138351,0.119926,0.8948
247,1844.7,169.48,150.61,337.81,0.960779,0.15693,0.078442,0.312786,0.8752
247,879.89,76.18,347.19,152.36,0.458278,0.070535,0.180829,0.14107,0.8629
247,239.35,130.86,96.67,96.38,0.12466,0.121171,0.050351,0.089239,0.8624
247,1300.68,212.81,97.76,97.16,0.677437,0.197049,0.050915,0.089963,0.854
247,1455.31,341.75,184.85,185.72,0.757975,0.316437,0.096278,0.171962,0.8539
247,1865.78,697.86,108.42,230.26,0.971759,0.646165,0.056467,0.213205,0.8531
247,500.58,1008.14,62.99,63.07,0.26072,0.933467,0.032805,0.058403,0.8499
247,1013.74,48.28,101.47,96.32,0.527989,0.0447,0.052848,0.089186,0.8365
247,512.66,944.1,82.17,80.49,0.267008,0.874169,0.042799,0.07453,0.8343
247,1866.93,121.25,57.82,58.28,0.972359,0.112267,0.030112,0.053962,0.8257
247,1229.22,603.82,82.59,83.83,0.640221,0.559095,0.043015,0.077624,0.7773
248,776.82,195.41,278.67,279.73,0.404596,0.180931,0.145142,0.259005,0.9387
248,581.37,328.8,307.68,311.95,0.302799,0.30444,0.160251,0.288843,0.9329
248,1511.72,815.53,226.0,226.96,0.787352,0.75512,0.117709,0.210146,0.9286
248,1171.94,342.26,294.62,295.66,0.610387,0.316903,0.153449,0.273757,0.9279
248,328.37,633.41,267.09,267.65,0.171027,0.586495,0.139111,0.24782,0.9277
248,1590.38,264.4,282.62,286.53,0.828325,0.244817,0.147195,0.26531,0.923
248,396.27,74.2,251.91,148.4,0.206392,0.068704,0.131204,0.137408,0.9202
248,586.96,466.47,59.12,59.31,0.305706,0.431917,0.030789,0.054914,0.8705
248,1307.98,217.83,94.88,96.69,0.681239,0.201696,0.049417,0.089526,0.8671
248,1462.23,344.55,181.56,184.84,0.761579,0.319024,0.094565,0.171151,0.8655
248,875.74,77.87,335.94,155.56,0.456113,0.072101,0.174971,0.144041,0.865
248,241.36,150.05,95.72,94.04,0.125707,0.138938,0.049856,0.087073,0.8622
248,1847.9,165.14,144.21,330.28,0.962446,0.152909,0.075109,0.305818,0.8483
248,1013.72,55.66,100.12,99.8,0.527978,0.051534,0.052146,0.092407,0.8373
248,518.24,1025.3,62.42,63.73,0.269918,0.949352,0.032509,0.059005,0.8366
248,529.93,961.1,82.71,82.0,0.276007,0.889909,0.043076,0.075927,0.8081
248,1243.27,608.21,77.66,78.78,0.647537,0.563159,0.040447,0.072943,0.7883
248,1872.91,700.26,94.19,266.78,0.975473,0.648391,0.049055,0.247019,0.7847
249,338.26,650.85,268.84,270.92,0.176176,0.602636,0.14002,0.250856,0.9347
249,782.34,206.05,273.04,274.29,0.407471,0.190791,0.142206,0.253976,0.9345
249,586.19,347.13,309.99,308.21,0.305308,0.321415,0.161451,0.285376,0.9309
249,1178.74,349.63,297.94,294.68,0.613927,0.323727,0.155178,0.272848,0.9258
249,400.23,82.94,255.67,165.88,0.208452,0.076795,0.133161,0.153589,0.9257
249,1527.98,816.67,224.32,226.33,0.795823,0.756172,0.116833,0.209561,0.9241
249,1596.22,265.25,282.27,282.61,0.831367,0.245605,0.147017,0.261678,0.9201
249,1467.73,346.02,176.3,178.92,0.764445,0.32039,0.091822,0.165662,0.8775
249,876.97,84.0,344.04,168.01,0.456758,0.077781,0.179187,0.155562,0.8577
249,1312.07,221.2,93.38,91.81,0.683369,0.204811,0.048635,0.085013,0.8574
249,595.54,481.11,58.87,58.92,0.310178,0.445468,0.030663,0.05456,0.8535
249,1016.78,65.67,94.64,95.47,0.529574,0.06081,0.049293,0.0884,0.8527
249,247.34,168.8,95.67,97.37,0.128823,0.156293,0.049827,0.090154,0.8486
249,1849.72,159.88,140.55,319.04,0.963398,0.148041,0.073204,0.295405,0.8477
249,534.61,1040.88,62.45,63.64,0.278441,0.963781,0.032526,0.058928,0.8398
249,1252.52,613.12,79.29,80.12,0.652354,0.5677,0.041296,0.074186,0.8095
249,1879.84,698.67,80.31,256.05,0.979085,0.646914,0.041831,0.237082,0.7653
249,544.11,975.98,79.72,78.94,0.283392,0.903687,0.041523,0.073094,0.7649
249,235.65,32.31,241.08,64.62,0.122734,0.029916,0.125563,0.059831,0.7153
250,787.53,218.37,267.4,272.39,0.410172,0.202199,0.13927,0.252215,0.9347
250,1184.34,357.79,296.81,296.82,0.616846,0.331286,0.15459,0.274831,0.9344
250,350.17,671.12,264.91,266.89,0.182378,0.62141,0.137974,0.247124,0.9298
250,593.39,359.29,299.26,301.35,0.309055,0.332673,0.155864,0.27903,0.9262
250,1541.33,818.88,223.25,224.81,0.802775,0.758218,0.116276,0.208156,0.923
250,1603.07,265.87,279.24,281.11,0.834932,0.246176,0.145437,0.260285,0.9212
250,402.42,90.15,248.75,180.3,0.209592,0.083474,0.129557,0.166948,0.9195
250,882.85,88.1,339.46,176.19,0.459817,0.081571,0.176802,0.163143,0.8796
250,1317.49,226.36,91.74,93.14,0.686194,0.209596,0.04778,0.08624,0.8418
250,1022.54,73.84,93.47,95.2,0.532574,0.068368,0.048681,0.088152,0.8389
250,252.18,189.85,91.37,92.16,0.131345,0.175784,0.047588,0.085329,0.8309
250,1855.21,154.81,129.57,308.5,0.966257,0.143339,0.067485,0.28565,0.826
250,1477.18,348.78,180.7,177.51,0.769362,0.322944,0.094112,0.164359,0.8242
250,561.56,992.05,82.47,80.98,0.29248,0.918565,0.042954,0.074982,0.817
250,40.53,887.03,80.95,299.96,0.021108,0.821328,0.042161,0.277738,0.7587
250,550.56,1052.1,60.91,55.79,0.286748,0.974169,0.031723,0.051662,0.7576
250,1265.41,622.07,77.19,81.94,0.659067,0.575989,0.040203,0.07587,0.7497
250,237.7,38.99,259.58,77.97,0.123802,0.036098,0.1352,0.072197,0.7497
250,1883.04,689.25,73.92,301.9,0.980749,0.638193,0.038501,0.279535,0.741
251,362.82,685.78,257.2,257.48,0.188971,0.634984,0.133959,0.23841,0.9339
251,794.9,228.82,262.79,269.27,0.414009,0.211871,0.136872,0.249325,0.9312
251,604.14,374.29,290.33,295.22,0.314656,0.346567,0.151212,0.273351,0.9303
251,1196.98,360.07,275.73,279.12,0.623429,0.333401,0.143611,0.258449,0.9291
251,407.97,94.36,237.71,188.72,0.212486,0.087369,0.123807,0.174738,0.9289
251,1610.66,267.16,278.77,280.63,0.838886,0.247367,0.145193,0.259844,0.9283
251,1555.85,820.57,223.31,224.78,0.810339,0.759787,0.11631,0.208134,0.913
251,886.3,91.7,335.34,183.4,0.461615,0.084906,0.174657,0.169813,0.9048
251,1487.54,347.47,175.77,177.09,0.774761,0.321734,0.091545,0.163976,0.8575
251,1027.75,81.75,87.12,90.27,0.535287,0.075692,0.045372,0.083584,0.8551
251,257.03,206.73,90.49,90.13,0.133869,0.191415,0.047132,0.083453,0.8494
251,1325.47,228.63,89.57,87.48,0.690349,0.211694,0.046652,0.080997,0.8332
251,253.11,53.7,298.44,107.38,0.131829,0.049726,0.155439,0.099425,0.7865
251,1860.01,152.81,119.99,303.19,0.968753,0.141489,0.062493,0.28073,0.7844
251,575.74,1006.13,79.15,80.56,0.299862,0.931603,0.041221,0.074596,0.7829
251,45.3,914.11,90.31,315.92,0.023596,0.846396,0.047034,0.292517,0.7828
251,1275.6,625.4,74.74,75.54,0.664375,0.579074,0.038927,0.069947,0.7605
251,1288.88,24.18,157.72,47.49,0.671294,0.02239,0.082147,0.04397,0.7147
251,567.9,1060.24,62.0,39.51,0.295781,0.981706,0.03229,0.036588,0.7101
252,408.43,104.05,248.81,208.09,0.212725,0.09634,0.129587,0.192679,0.939
252,612.41,385.37,293.16,297.55,0.318965,0.356821,0.152689,0.275507,0.93
252,1205.8,367.28,271.11,273.09,0.62802,0.340075,0.141205,0.252859,0.9299
252,1620.07,266.98,270.09,272.08,0.843785,0.2472,0.140674,0.251922,0.9283
252,372.96,700.77,254.01,256.03,0.194252,0.648859,0.132299,0.237064,0.9255
252,799.25,237.32,256.8,260.23,0.416276,0.219743,0.133749,0.240953,0.9236
252,1569.26,822.47,217.32,219.65,0.817322,0.761542,0.113189,0.203378,0.918
252,888.75,95.15,335.09,190.3,0.46289,0.088101,0.174526,0.176201,0.9155
252,1032.67,89.04,93.31,93.57,0.537847,0.08244,0.048598,0.086642,0.8719
252,1495.55,352.26,176.97,177.09,0.778935,0.326171,0.09217,0.163971,0.8691
252,252.57,63.07,292.83,126.05,0.131544,0.058402,0.152517,0.116714,0.8531
252,263.37,223.7,90.62,91.78,0.137173,0.207126,0.047199,0.084982,0.851
252,1331.92,234.52,91.6,92.48,0.693709,0.217145,0.047708,0.085629,0.8377
252,48.89,928.39,97.5,295.58,0.025466,0.85962,0.05078,0.273689,0.8273
252,592.22,1020.57,78.26,78.03,0.308446,0.944976,0.04076,0.07225,0.7864
252,1862.27,152.26,115.46,304.52,0.969931,0.140983,0.060138,0.281966,0.7761
252,1288.15,631.66,77.59,79.24,0.670912,0.584867,0.040411,0.073366,0.7376
252,1889.42,103.83,57.92,59.57,0.984071,0.096137,0.030166,0.055162,0.7264
252,1288.39,26.45,154.18,51.82,0.671039,0.024494,0.080303,0.047984,0.7186
253,806.01,250.74,258.17,257.19,0.419798,0.23217,0.134466,0.238138,0.931
253,1626.51,269.4,271.63,274.92,0.847139,0.249447,0.141475,0.254554,0.9305
253,622.95,396.88,291.31,292.76,0.324455,0.36748,0.151726,0.27107,0.9293
253,414.48,110.68,242.58,221.37,0.215876,0.102485,0.126342,0.20497,0.9292
253,1215.08,371.99,277.04,278.82,0.632853,0.344435,0.144291,0.258165,0.9262
253,384.81,714.3,254.33,255.36,0.200423,0.661391,0.132463,0.236446,0.9257
253,1582.46,825.09,222.93,223.7,0.824199,0.763976,0.116107,0.207133,0.9201
253,894.38,98.92,320.04,197.85,0.465825,0.091595,0.166689,0.18319,0.9168
253,261.45,70.18,295.48,140.36,0.136174,0.064979,0.153896,0.129959,0.8741
253,57.79,937.93,115.39,284.14,0.030097,0.868454,0.060099,0.263091,0.8678
253,1037.66,96.53,88.67,91.44,0.540448,0.089375,0.046181,0.084667,0.8666
253,1502.81,351.51,168.23,171.24,0.782713,0.325468,0.08762,0.158559,0.8654
253,268.37,238.5,91.96,90.19,0.139776,0.220834,0.047898,0.083508,0.8553
253,1338.84,238.21,90.55,87.48,0.697314,0.220569,0.047161,0.081002,0.8484
253,1301.04,639.11,74.83,79.6,0.677627,0.591773,0.038976,0.073699,0.7702
253,608.05,1030.32,74.23,73.46,0.316691,0.954004,0.038659,0.068021,0.754
253,1289.86,26.96,135.42,52.94,0.6718,0.024966,0.070529,0.049017,0.7395
253,1869.7,148.61,100.6,289.93,0.973802,0.137602,0.052397,0.268457,0.7377
254,627.45,409.26,287.89,287.55,0.326798,0.378947,0.149943,0.266254,0.9313
254,900.17,102.38,324.79,204.77,0.468839,0.094801,0.169162,0.189601,0.9307
254,813.92,258.13,249.12,252.07,0.423915,0.239011,0.12975,0.233395,0.9291
254,396.72,732.05,257.84,258.14,0.206625,0.677828,0.13429,0.239017,0.9285
254,1223.07,380.43,268.95,271.38,0.637016,0.35225,0.140077,0.25128,0.9277
254,1636.18,270.27,270.14,273.99,0.852179,0.25025,0.1407,0.253691,0.9268
254,1596.31,826.02,219.88,226.38,0.831409,0.76483,0.114521,0.209609,0.9193
254,419.37,116.05,239.35,229.9,0.218423,0.107449,0.124663,0.212868,0.904
254,265.42,78.24,267.83,156.49,0.138238,0.072448,0.139496,0.144895,0.9015
254,64.26,947.77,128.21,264.46,0.03347,0.877563,0.066778,0.244874,0.8866
254,1043.77,104.49,90.3,90.46,0.543631,0.096749,0.04703,0.083759,0.8462
254,1517.53,358.01,177.4,174.73,0.790383,0.331491,0.092394,0.161787,0.8404
254,276.58,253.52,90.12,90.89,0.14405,0.234743,0.046936,0.084159,0.8371
254,1345.56,243.16,86.52,85.08,0.700814,0.225148,0.04506,0.078776,0.8292
254,623.78,1043.36,80.92,73.27,0.324886,0.966078,0.042147,0.067843,0.8137
254,1311.44,641.44,76.45,76.35,0.683043,0.59393,0.039817,0.070691,0.7847
254,1292.33,28.48,132.68,56.96,0.673086,0.026371,0.069103,0.052742,0.7768
254,1869.34,148.75,101.32,297.19,0.973614,0.137727,0.052771,0.27518,0.7755
255,637.91,419.06,286.06,287.6,0.332243,0.388014,0.148988,0.2663,0.9331
255,1232.44,386.76,266.03,268.09,0.641898,0.358112,0.138556,0.248233,0.9302
255,406.19,743.68,254.91,254.02,0.211556,0.688591,0.132766,0.235201,0.9286
255,905.69,104.94,319.34,209.88,0.471715,0.097167,0.16632,0.194335,0.9282
255,1644.16,272.64,271.81,271.8,0.856331,0.252447,0.141567,0.251668,0.9209
255,824.28,267.77,247.18,249.32,0.429312,0.247933,0.128742,0.230851,0.9203
255,275.17,83.67,277.35,167.34,0.14332,0.07747,0.144451,0.15494,0.9186
255,1611.61,830.04,216.49,221.9,0.839382,0.768558,0.112756,0.205461,0.9128
255,68.84,960.5,137.69,238.02,0.035857,0.88935,0.071713,0.220393,0.9098
255,423.98,124.15,243.51,236.41,0.220823,0.114955,0.126828,0.218897,0.8987
255,1356.6,248.7,88.45,88.45,0.706561,0.230275,0.04607,0.081896,0.8739
255,1051.09,111.04,88.93,87.53,0.547444,0.102818,0.046318,0.081049,0.8534
255,284.99,268.89,89.92,87.87,0.148434,0.248969,0.046832,0.081362,0.8529
255,1523.13,362.9,170.77,176.22,0.793296,0.336022,0.088942,0.163162,0.8086
255,1304.47,32.56,148.69,65.12,0.679414,0.030149,0.077441,0.060298,0.7994
255,638.41,1048.77,80.3,62.46,0.332507,0.971082,0.041823,0.057835,0.7769
255,1323.89,646.94,74.74,77.12,0.689526,0.599023,0.038929,0.071409,0.7266
255,1878.23,152.55,83.54,305.09,0.978245,0.141247,0.043509,0.282493,0.7207
256,648.03,428.89,289.3,292.06,0.337517,0.397123,0.150675,0.270424,0.9344
256,834.1,275.4,251.03,252.21,0.43443,0.254996,0.130746,0.233524,0.9329
256,420.72,758.49,250.87,254.54,0.219124,0.702306,0.130664,0.235683,0.9327
256,916.81,109.72,320.48,219.45,0.477504,0.101597,0.166916,0.203194,0.932
256,1244.27,391.66,267.19,270.11,0.648056,0.362647,0.139159,0.250099,0.927
256,74.93,968.99,149.72,221.09,0.039024,0.897217,0.077981,0.204712,0.9223
256,1653.04,275.56,265.43,263.61,0.860957,0.255149,0.138246,0.244087,0.9223
256,277.89,89.13,282.44,178.27,0.144736,0.082531,0.147103,0.165061,0.9143
256,437.82,136.19,242.38,245.5,0.228029,0.126101,0.12624,0.227311,0.9109
256,1625.85,832.76,216.56,220.76,0.846797,0.77107,0.112793,0.204405,0.907
256,1058.9,118.37,89.53,89.22,0.551511,0.109601,0.046632,0.082608,0.8607
256,1535.22,365.98,174.25,171.69,0.799594,0.338868,0.090757,0.158976,0.8538
256,292.45,282.8,92.02,93.15,0.152319,0.261851,0.047926,0.086247,0.8454
256,1364.77,252.02,88.29,88.1,0.710818,0.233354,0.045982,0.081575,0.8374
256,1307.85,34.83,142.08,69.66,0.68117,0.03225,0.073999,0.064501,0.8129
256,1335.96,650.33,74.92,76.57,0.69581,0.60216,0.03902,0.070896,0.7938
256,652.9,1054.64,82.62,50.72,0.340052,0.976519,0.043031,0.046962,0.7757
256,1880.85,160.39,78.3,320.71,0.979608,0.148513,0.040783,0.296954,0.705
257,658.04,437.84,279.16,281.31,0.342727,0.405411,0.145394,0.260469,0.9387
257,1254.94,398.2,263.74,266.3,0.653616,0.368699,0.137362,0.246575,0.9322
257,84.19,971.29,168.39,216.46,0.04385,0.899347,0.087701,0.200427,0.9315
257,285.21,95.76,280.72,191.53,0.148549,0.088671,0.14621,0.177341,0.9268
257,925.7,113.0,321.48,226.01,0.482137,0.104633,0.167437,0.209265,0.9267
257,841.82,283.38,252.82,258.17,0.438448,0.262387,0.131676,0.23905,0.9265
257,431.7,766.44,253.34,257.35,0.224846,0.709666,0.131947,0.238291,0.9257
257,1662.98,277.09,267.04,267.53,0.866135,0.256563,0.139084,0.247714,0.9226
257,440.98,146.46,244.85,242.4,0.229679,0.135607,0.127525,0.224444,0.917
257,1638.4,835.12,216.58,218.49,0.853333,0.773259,0.1128,0.20231,0.9118
257,299.59,293.15,91.65,90.56,0.156034,0.271431,0.047732,0.083852,0.8643
257,1067.86,127.78,88.93,89.3,0.556176,0.118313,0.046319,0.082686,0.855
257,1372.77,255.98,87.64,85.0,0.714984,0.237021,0.045648,0.078701,0.8506
257,1546.68,370.43,177.11,172.29,0.805561,0.342994,0.092246,0.159524,0.8436
257,1311.63,37.25,142.75,74.51,0.683141,0.034495,0.074348,0.06899,0.8177
257,666.33,1060.75,76.37,38.49,0.347049,0.98218,0.039774,0.03564,0.7754
257,1885.16,158.05,69.68,316.1,0.981854,0.146341,0.036292,0.292682,0.7134
257,1506.03,650.38,67.49,69.09,0.784392,0.602207,0.035149,0.063968,0.7087
258,669.46,448.42,283.57,287.68,0.348676,0.4152,0.147692,0.266371,0.9297
258,851.09,293.34,249.69,255.88,0.443274,0.271608,0.130046,0.236923,0.9288
258,1672.36,281.42,269.47,268.67,0.871019,0.260577,0.140347,0.248765,0.928
258,92.65,979.39,185.29,200.04,0.048253,0.906845,0.096506,0.18522,0.9277
258,444.03,775.83,253.9,253.31,0.231265,0.718363,0.132239,0.234549,0.9257
258,294.25,101.32,273.49,202.63,0.153256,0.093812,0.142441,0.187624,0.9252
258,931.92,117.28,314.51,234.56,0.485376,0.108591,0.163809,0.217181,0.9227
258,1265.21,401.78,266.13,270.31,0.658962,0.372016,0.138607,0.250291,0.9221
258,446.82,157.17,240.92,240.6,0.232718,0.145526,0.125478,0.222776,0.9168
258,1652.45,839.56,217.73,220.22,0.860653,0.777373,0.113399,0.203909,0.9098
258,1553.97,375.03,171.63,172.0,0.809358,0.347248,0.08939,0.159255,0.8739
258,1383.55,264.98,88.54,87.57,0.720599,0.24535,0.046114,0.081085,0.8607
258,1074.87,133.28,89.3,89.54,0.55983,0.123407,0.046509,0.082908,0.8506
258,309.82,303.76,91.03,89.93,0.161364,0.281256,0.047409,0.08327,0.8356
258,1321.39,39.13,150.59,78.26,0.688226,0.03623,0.078431,0.07246,0.8118
258,1360.09,665.32,73.14,73.77,0.70838,0.616037,0.038093,0.06831,0.7331
258,1517.99,655.62,66.38,66.08,0.790618,0.607053,0.034571,0.061186,0.7291
259,458.03,168.89,232.15,238.48,0.23856,0.156378,0.120912,0.220816,0.9293
259,456.59,789.04,250.6,251.05,0.237809,0.730594,0.130521,0.232452,0.9278
259,1274.76,409.85,271.32,277.12,0.663936,0.379492,0.141312,0.256591,0.9251
259,679.9,456.85,279.64,280.15,0.354112,0.423005,0.145646,0.259401,0.9247
259,859.84,300.84,253.29,253.9,0.447832,0.278558,0.13192,0.235096,0.9246
259,1681.67,285.05,268.66,276.06,0.875868,0.263932,0.139925,0.255614,0.9213
259,936.16,120.71,316.94,241.42,0.487581,0.11177,0.165075,0.223541,0.92
259,299.86,106.69,277.07,213.38,0.156178,0.098788,0.144305,0.197576,0.92
259,1666.52,843.83,215.94,216.86,0.867982,0.78132,0.11247,0.200796,0.9196
259,98.87,985.62,197.74,187.45,0.051494,0.91261,0.102987,0.173563,0.9147
259,1567.23,379.86,171.25,173.39,0.816264,0.351722,0.089195,0.160542,0.8561
259,319.02,315.18,89.53,89.97,0.166158,0.291831,0.046631,0.083302,0.8391
259,1393.53,268.42,84.96,86.78,0.725795,0.248534,0.044248,0.080353,0.8343
259,1332.1,41.89,140.68,83.17,0.6938,0.038788,0.073271,0.077013,0.8316
259,1086.78,141.63,82.82,85.39,0.566033,0.13114,0.043137,0.079065,0.8212
259,1371.3,669.93,73.43,76.38,0.71422,0.620303,0.038244,0.070718,0.7747
260,311.97,112.16,280.43,224.31,0.162482,0.103848,0.14606,0.207695,0.9311
260,866.26,308.84,252.97,253.69,0.451178,0.285959,0.131755,0.234902,0.9282
260,1283.28,415.47,268.49,273.05,0.668376,0.384694,0.139841,0.252826,0.9281
260,686.0,465.44,289.33,290.31,0.357292,0.430967,0.150693,0.26881,0.9263
260,464.78,798.53,253.83,253.52,0.242071,0.739375,0.132204,0.23474,0.9246
260,945.53,126.8,323.82,253.6,0.492465,0.117406,0.168654,0.234811,0.9224
260,1691.38,289.58,267.74,270.16,0.880927,0.268125,0.139449,0.250147,0.9217
260,465.12,176.42,249.66,249.26,0.242249,0.163356,0.130029,0.230796,0.9185
260,1678.62,850.08,218.15,216.0,0.874281,0.787116,0.11362,0.200002,0.9103
260,108.06,988.7,216.12,181.12,0.056282,0.915459,0.112565,0.167702,0.9
260,327.75,325.2,89.9,90.78,0.170703,0.301109,0.046824,0.084053,0.863
260,1577.65,381.8,175.35,173.1,0.821691,0.353522,0.091328,0.160275,0.8628
260,1094.57,147.67,88.56,88.63,0.570087,0.136731,0.046126,0.082066,0.86
260,1338.79,45.03,137.87,89.31,0.697287,0.041693,0.071805,0.082694,0.8459
260,1403.05,273.92,88.35,88.1,0.730755,0.253633,0.046014,0.081573,0.831
260,1383.7,674.75,73.82,74.96,0.720679,0.624764,0.03845,0.06941,0.7655
261,320.21,116.82,274.48,233.65,0.166776,0.108171,0.142961,0.216342,0.9404
261,1296.72,420.52,270.56,269.96,0.675373,0.389374,0.140915,0.249961,0.9349
261,478.18,806.61,252.24,254.15,0.249052,0.74686,0.131374,0.235326,0.9346
261,1701.89,295.51,278.99,278.99,0.886399,0.273616,0.145308,0.258321,0.9324
261,954.95,129.76,319.87,258.78,0.497371,0.120148,0.166601,0.239607,0.932
261,697.93,472.76,282.84,283.04,0.363503,0.437743,0.147314,0.262077,0.9304
261,879.72,316.31,244.44,250.56,0.458189,0.292878,0.127314,0.231999,0.9284
261,1687.48,859.19,215.55,215.14,0.878898,0.795545,0.112267,0.199208,0.9192
261,477.08,180.8,240.74,241.74,0.24848,0.167409,0.125388,0.223834,0.9134
261,112.31,998.64,224.61,161.44,0.058493,0.924664,0.116986,0.149485,0.9034
261,1413.42,279.8,91.67,90.85,0.736158,0.259071,0.047747,0.084121,0.864
261,1349.61,47.47,142.82,94.94,0.70292,0.043952,0.074388,0.087903,0.8512
261,339.17,332.68,89.13,88.21,0.176651,0.308038,0.04642,0.081674,0.8423
261,1585.29,388.54,173.28,178.23,0.825671,0.35976,0.09025,0.165027,0.8267
261,1103.01,152.65,92.37,92.0,0.574485,0.141338,0.048112,0.085189,0.8247
261,1394.11,680.02,77.82,78.92,0.726099,0.629644,0.040533,0.073075,0.799
261,824.02,26.82,70.07,53.65,0.429178,0.024838,0.036492,0.049675,0.7921
262,331.26,121.21,278.89,242.42,0.17253,0.112236,0.145255,0.224461,0.9407
262,1700.26,862.98,219.95,220.13,0.88555,0.799053,0.114556,0.20382,0.9374
262,1305.13,426.14,271.31,275.52,0.679755,0.39457,0.141308,0.255107,0.9337
262,709.18,482.67,283.87,288.31,0.369367,0.446912,0.147849,0.266956,0.9333
262,489.28,816.68,252.17,253.26,0.254831,0.756183,0.131339,0.234496,0.9314
262,970.07,134.12,331.6,267.33,0.505247,0.124184,0.17271,0.247529,0.9313
262,1716.17,299.68,277.75,277.3,0.893838,0.277479,0.144664,0.256758,0.9285
262,892.27,322.89,254.82,258.09,0.464723,0.298972,0.132718,0.238969,0.9281
262,488.23,191.16,240.55,241.28,0.254287,0.177,0.125284,0.223405,0.9055
262,118.13,1003.22,236.27,152.11,0.061528,0.928905,0.123055,0.140845,0.8941
262,1112.84,161.17,89.82,90.1,0.579602,0.149231,0.046783,0.083423,0.8573
262,1598.25,395.85,180.37,177.91,0.83242,0.366528,0.093943,0.164734,0.8497
262,1359.86,51.16,149.78,101.03,0.708261,0.04737,0.07801,0.093544,0.8414
262,348.4,342.58,91.86,89.16,0.18146,0.3172,0.047846,0.082555,0.8326
262,1424.52,286.01,91.0,91.75,0.741939,0.26482,0.047394,0.084956,0.82
262,1564.45,679.7,70.71,73.11,0.814818,0.629356,0.036829,0.067698,0.733
263,339.19,123.31,280.45,246.63,0.17666,0.11418,0.146069,0.228361,0.9362
263,982.31,134.45,320.42,267.46,0.51162,0.124487,0.166885,0.247649,0.9337
263,1319.92,434.88,267.15,270.7,0.68746,0.402662,0.139138,0.250644,0.933
263,902.27,330.35,248.11,251.29,0.469933,0.305883,0.129224,0.232672,0.9322
263,719.57,490.29,277.54,283.57,0.374774,0.453975,0.144551,0.262564,0.9304
263,1714.24,867.95,223.16,222.17,0.892835,0.803656,0.116231,0.205718,0.9246
263,496.92,821.37,251.21,253.34,0.258811,0.760529,0.130837,0.234577,0.9226
263,1726.21,304.29,278.35,276.7,0.899069,0.281753,0.144973,0.256201,0.9213
263,497.13,196.81,241.07,240.73,0.258924,0.18223,0.125557,0.222902,0.9084
263,120.12,1006.6,237.73,145.29,0.06256,0.93204,0.123816,0.134529,0.8929
263,1368.9,54.17,143.32,107.66,0.712968,0.050156,0.074645,0.099684,0.8763
263,1124.89,164.63,88.7,90.28,0.58588,0.152439,0.046197,0.083593,0.8501
263,357.07,350.17,87.04,88.77,0.185973,0.324227,0.045333,0.082196,0.849
263,1435.83,293.64,86.76,86.36,0.74783,0.271886,0.045187,0.079964,0.8431
263,1609.9,402.58,181.06,173.62,0.838489,0.372764,0.0943,0.160759,0.84
263,845.64,35.0,66.49,64.36,0.440438,0.032409,0.034633,0.05959,0.7697
263,1577.04,686.26,69.47,68.28,0.821375,0.635428,0.036185,0.063219,0.768
263,1419.25,697.96,75.81,76.43,0.739194,0.646258,0.039484,0.070768,0.7007
264,349.34,125.47,274.54,250.93,0.181948,0.116172,0.142987,0.232344,0.9379
264,913.38,336.17,248.17,252.56,0.47572,0.311273,0.129254,0.233854,0.9344
264,992.42,138.42,315.64,275.0,0.516885,0.128164,0.164395,0.254626,0.9323
264,1330.12,444.45,269.47,272.72,0.692773,0.411526,0.140351,0.252521,0.9317
264,1738.49,313.56,280.68,282.19,0.905464,0.290331,0.146188,0.261283,0.9295
264,1724.55,878.19,221.93,223.03,0.898201,0.813135,0.115589,0.206506,0.9272
264,730.27,493.9,277.43,282.77,0.380348,0.457313,0.144493,0.261827,0.927
264,507.81,829.08,250.29,253.02,0.264482,0.76767,0.130359,0.234278,0.9253
264,508.81,204.46,237.07,235.8,0.265007,0.189318,0.123473,0.218334,0.9192
264,1619.4,409.28,173.05,174.89,0.843436,0.378961,0.09013,0.161935,0.8845
264,126.9,1010.05,251.2,138.37,0.066096,0.93523,0.130832,0.128117,0.8839
264,1447.56,300.46,88.33,88.59,0.753939,0.278205,0.046006,0.082028,0.8641
264,1381.36,58.36,147.82,115.81,0.719458,0.054034,0.076991,0.107235,0.8514
264,369.18,355.51,90.63,90.09,0.19228,0.329175,0.047201,0.083417,0.8412
264,1135.07,172.57,91.94,91.82,0.59118,0.159789,0.047885,0.085014,0.8312
264,1428.66,702.11,77.38,78.72,0.744093,0.650103,0.040301,0.072892,0.8154
264,856.57,40.25,67.04,67.47,0.446129,0.037265,0.034917,0.06247,0.7527
265,1001.12,142.69,315.02,283.75,0.521416,0.132121,0.164073,0.262735,0.9376
265,1749.95,321.38,274.27,276.48,0.911435,0.297577,0.142849,0.255996,0.9335
265,740.68,503.17,283.92,289.77,0.385772,0.465897,0.147876,0.268302,0.9316
265,921.54,343.15,251.3,255.43,0.479968,0.317732,0.130886,0.236505,0.9298
265,359.96,129.95,277.93,259.66,0.187477,0.12032,0.144757,0.24043,0.9297
265,1735.25,886.01,224.12,227.37,0.903777,0.820375,0.116731,0.210532,0.9269
265,1339.49,452.09,268.65,272.78,0.697653,0.418602,0.139922,0.252572,0.9265
265,517.79,834.84,252.38,254.58,0.269684,0.773,0.131446,0.235723,0.9263
265,515.08,210.57,239.43,241.48,0.268273,0.19497,0.124702,0.22359,0.9214
265,130.73,1014.87,260.19,128.56,0.068087,0.939695,0.135518,0.119035,0.8932
265,1394.87,62.24,149.08,123.46,0.726494,0.057634,0.077644,0.114317,0.8778
265,1146.67,179.25,88.47,88.08,0.597222,0.165973,0.046077,0.081554,0.8507
265,1629.36,414.66,173.93,173.91,0.848624,0.383946,0.09059,0.16103,0.845
265,1458.73,308.94,89.27,88.24,0.759758,0.286057,0.046492,0.0817,0.8442
265,379.73,362.31,87.78,87.5,0.197776,0.335473,0.045717,0.081016,0.8419
265,867.32,47.16,66.24,65.76,0.451727,0.043664,0.034499,0.060893,0.8226
265,1441.2,710.85,74.46,80.25,0.750623,0.658199,0.038779,0.07431,0.7275
266,1014.06,146.43,321.63,292.87,0.528157,0.135587,0.167517,0.271173,0.9358
266,372.61,133.09,278.34,266.18,0.194065,0.123233,0.144966,0.246466,0.9333
266,934.35,349.33,250.92,254.0,0.486642,0.32345,0.13069,0.235182,0.9304
266,1761.5,332.05,281.64,280.4,0.917448,0.30745,0.146686,0.259634,0.9271
266,1353.15,458.69,276.93,275.53,0.704763,0.42471,0.144236,0.255123,0.9256
266,751.09,505.06,282.39,285.62,0.391195,0.467645,0.147076,0.264459,0.9245
266,528.63,842.53,250.23,251.37,0.275326,0.780125,0.130327,0.232752,0.9232
266,526.3,215.66,246.15,246.78,0.274114,0.199687,0.128201,0.228501,0.9218
266,1744.26,893.69,219.45,221.84,0.908471,0.827488,0.114296,0.205403,0.9184
266,1409.16,65.82,150.86,131.64,0.733936,0.060943,0.078574,0.121887,0.8957
266,135.86,1017.62,267.54,122.94,0.07076,0.942238,0.139344,0.113834,0.8806
266,1160.13,188.86,89.96,90.08,0.604233,0.174868,0.046854,0.083405,0.8567
266,388.06,366.58,90.58,90.71,0.202117,0.339429,0.047175,0.08399,0.8502
266,1469.27,315.6,92.58,93.44,0.765243,0.292224,0.048221,0.086522,0.8459
266,1643.75,424.65,184.06,187.67,0.856122,0.393195,0.095865,0.17377,0.8415
266,879.04,54.73,64.97,63.99,0.457832,0.050672,0.033839,0.059252,0.7861
266,1610.03,709.26,70.73,71.16,0.83856,0.656723,0.036836,0.065885,0.758
266,1451.28,717.3,72.23,72.4,0.755872,0.664165,0.03762,0.067041,0.7115
267,1025.53,148.3,319.62,296.18,0.534129,0.137319,0.166466,0.274245,0.9326
267,382.29,134.96,273.58,265.38,0.199112,0.124962,0.142491,0.245726,0.9291
267,946.31,356.04,245.49,250.37,0.492872,0.329664,0.127862,0.231825,0.9283
267,537.55,849.83,247.92,249.87,0.279975,0.78688,0.129125,0.231359,0.9261
267,762.37,514.52,279.68,281.86,0.397067,0.47641,0.145664,0.260981,0.9252
267,1772.58,341.21,272.95,268.81,0.923219,0.315933,0.14216,0.248897,0.925
267,1363.68,467.64,268.88,274.47,0.710251,0.433004,0.140044,0.254136,0.9237
267,1756.49,901.39,220.83,222.47,0.914838,0.834624,0.115018,0.205989,0.9199
267,540.53,219.89,239.23,242.04,0.281524,0.203598,0.124597,0.224115,0.9142
267,140.09,1021.08,259.51,115.51,0.072966,0.945442,0.135162,0.106957,0.8707
267,1417.9,69.32,150.46,137.26,0.738489,0.064188,0.078367,0.127092,0.8672
267,1170.68,193.94,89.46,90.52,0.609727,0.179572,0.046592,0.083812,0.8521
267,1482.57,324.03,87.02,88.44,0.77217,0.300026,0.045323,0.081884,0.8429
267,1658.19,435.81,176.76,177.55,0.863638,0.403527,0.092064,0.164403,0.8413
267,401.82,372.94,87.74,87.75,0.209282,0.345313,0.045696,0.081252,0.8395
267,31.59,186.06,63.17,148.08,0.016451,0.172279,0.032902,0.137108,0.8112
267,892.07,60.15,64.85,63.8,0.464618,0.055693,0.033779,0.059076,0.795
267,1462.34,730.56,74.16,78.98,0.761635,0.676443,0.038627,0.073127,0.777
268,396.81,138.01,277.75,268.16,0.20667,0.127783,0.144663,0.248293,0.933
268,1036.29,151.3,316.11,302.59,0.539732,0.140089,0.164639,0.280178,0.9305
268,956.23,363.95,251.95,252.38,0.498036,0.336989,0.131225,0.233688,0.9295
268,772.37,520.28,287.54,291.62,0.402274,0.481739,0.149761,0.270014,0.9294
268,546.59,853.16,250.84,249.51,0.284685,0.789959,0.130645,0.231029,0.9275
268,1375.55,476.91,269.04,274.94,0.716431,0.441586,0.140126,0.254578,0.9267
268,1781.52,349.0,274.99,279.24,0.927873,0.323151,0.143222,0.258557,0.9252
268,1766.68,914.3,223.97,221.4,0.920144,0.84657,0.116653,0.205001,0.9241
268,553.51,228.23,240.55,242.75,0.288286,0.211325,0.125287,0.224766,0.9125
268,1435.05,74.21,148.79,145.61,0.747422,0.068708,0.077492,0.13482,0.8694
268,1668.51,442.74,182.72,179.79,0.869015,0.409946,0.095164,0.166468,0.8653
268,1183.26,201.29,88.45,88.15,0.616281,0.186376,0.046067,0.08162,0.859
268,146.86,1023.74,268.01,110.07,0.076488,0.947908,0.13959,0.101918,0.8545
268,40.17,184.96,80.35,158.06,0.020924,0.171261,0.041848,0.14635,0.8499
268,411.01,375.1,89.77,90.48,0.21407,0.347313,0.046756,0.083775,0.8452
268,1493.47,333.07,89.39,88.1,0.777851,0.308396,0.046558,0.08157,0.8374
268,904.08,66.64,63.13,62.11,0.470876,0.061705,0.03288,0.057505,0.7469
268,1471.52,735.08,78.45,77.94,0.766416,0.680626,0.04086,0.072165,0.7341
269,1790.79,359.1,258.42,272.08,0.932704,0.332505,0.134592,0.251922,0.9326
269,781.21,525.29,280.82,285.71,0.406879,0.486383,0.146261,0.264543,0.9311
269,1387.91,484.6,269.0,270.25,0.722868,0.448706,0.140105,0.250235,0.9296
269,406.66,140.75,284.43,274.66,0.211804,0.130328,0.148143,0.254316,0.9284
269,1049.97,158.74,320.44,315.7,0.546858,0.146982,0.166897,0.292317,0.9284
269,967.01,369.85,250.71,250.36,0.503649,0.342456,0.130579,0.231815,0.9277
269,555.68,859.1,254.47,254.43,0.289416,0.795464,0.132538,0.235586,0.9259
269,1777.14,926.05,218.21,219.26,0.925593,0.857453,0.113652,0.203019,0.9156
269,564.73,230.01,242.36,244.43,0.294129,0.212974,0.126229,0.226323,0.9079
269,1447.48,79.08,149.43,147.82,0.753894,0.073226,0.077828,0.136871,0.8776
269,1506.89,341.43,89.79,87.9,0.784837,0.316136,0.046768,0.08139,0.8728
269,151.98,1021.7,266.21,114.07,0.079157,0.946017,0.138651,0.105625,0.8682
269,422.51,378.68,90.47,90.4,0.220059,0.350629,0.047121,0.0837,0.8567
269,1676.24,456.21,172.42,172.06,0.873044,0.422417,0.0898,0.159316,0.8549
269,1196.08,210.46,90.02,88.98,0.622957,0.194868,0.046883,0.082388,0.8428
269,46.27,188.4,92.55,150.72,0.024101,0.174441,0.048203,0.139551,0.8412
269,917.83,72.53,66.13,66.1,0.478036,0.067156,0.034442,0.061202,0.7776
269,1483.76,749.56,75.88,77.29,0.772794,0.694041,0.039519,0.071567,0.7135
270,1796.81,372.28,246.38,270.86,0.93584,0.344699,0.128321,0.250801,0.9335
270,1063.52,162.13,327.01,320.96,0.553916,0.150118,0.17032,0.297184,0.9314
270,791.37,532.46,276.75,281.69,0.412173,0.493021,0.144143,0.260828,0.9308
270,980.46,377.68,250.17,251.31,0.510658,0.3497,0.130297,0.232698,0.9289
270,562.33,862.64,255.06,254.67,0.292879,0.798737,0.132843,0.235805,0.9259
270,1396.72,493.07,273.63,278.26,0.727456,0.456543,0.142515,0.257648,0.9256
270,418.95,144.11,283.05,276.8,0.218202,0.133431,0.147422,0.256293,0.9253
270,574.26,232.67,245.03,248.79,0.299093,0.215434,0.127619,0.230364,0.9239
270,1785.8,939.94,221.1,224.24,0.930103,0.870317,0.115158,0.20763,0.9212
270,1459.67,90.16,152.68,152.72,0.760245,0.083479,0.079519,0.141409,0.8728
270,158.12,1022.83,274.19,112.33,0.082352,0.947064,0.14281,0.104007,0.8629
270,51.91,188.34,101.52,148.88,0.027035,0.17439,0.052873,0.137848,0.8623
270,433.59,382.62,94.0,93.88,0.225827,0.354282,0.048956,0.086924,0.8607
270,1517.46,354.0,90.9,91.35,0.790346,0.32778,0.047346,0.084584,0.8399
270,1210.46,219.43,89.8,90.14,0.630449,0.203175,0.046768,0.08346,0.8365
270,1688.36,467.54,178.62,175.12,0.879355,0.432911,0.093029,0.162144,0.831
270,930.43,78.53,65.93,65.3,0.4846,0.072716,0.034341,0.06046,0.8173
270,1491.71,758.4,77.39,78.71,0.776931,0.702218,0.040307,0.072882,0.7862
271,1801.6,387.67,236.8,279.32,0.938334,0.358952,0.123332,0.258631,0.9374
271,802.13,537.04,291.66,291.54,0.417778,0.497258,0.151909,0.26994,0.9317
271,1406.54,502.64,274.52,279.48,0.732575,0.465405,0.142979,0.258777,0.9312
271,1076.38,165.85,328.51,321.91,0.560612,0.153569,0.1711,0.298065,0.9309
271,990.14,382.92,252.76,252.46,0.515697,0.354552,0.131646,0.23376,0.9295
271,570.64,865.34,253.29,255.04,0.297208,0.801237,0.131922,0.236144,0.9279
271,433.77,144.48,282.39,278.0,0.225921,0.133781,0.147078,0.257412,0.9251
271,585.52,238.9,247.83,248.98,0.304958,0.221202,0.12908,0.230534,0.9211
271,1790.39,951.66,221.62,228.06,0.932492,0.88117,0.115428,0.211163,0.9201
271,1473.94,99.22,148.87,150.72,0.76768,0.091866,0.077535,0.139552,0.878
271,444.6,385.34,89.96,91.86,0.231561,0.3568,0.046857,0.085058,0.8679
271,163.09,1026.08,267.51,105.89,0.084945,0.950072,0.139331,0.098049,0.8496
271,56.84,188.22,112.59,148.73,0.029602,0.174274,0.05864,0.137717,0.8447
271,1530.26,363.44,88.88,87.1,0.797013,0.336522,0.04629,0.080652,0.8373
271,1700.33,477.48,174.18,175.24,0.885588,0.44211,0.090719,0.162257,0.8359
271,945.73,85.52,65.51,65.97,0.492568,0.079185,0.034121,0.061087,0.8153
271,1223.39,226.9,89.41,90.71,0.637181,0.210091,0.046568,0.083995,0.8133
271,1502.14,768.44,77.07,78.68,0.782362,0.711517,0.040141,0.072853,0.7551
272,1091.48,173.11,334.57,330.1,0.568477,0.160287,0.174257,0.305651,0.9324
272,814.19,543.27,287.03,292.01,0.424058,0.503029,0.149496,0.270379,0.9305
272,446.6,145.6,282.75,278.69,0.232606,0.134811,0.147266,0.258043,0.9276
272,1808.54,401.86,222.93,272.0,0.941946,0.372094,0.116108,0.251854,0.9265
272,1419.1,514.01,278.27,277.85,0.739115,0.475937,0.144932,0.257267,0.9255
272,1801.54,963.83,222.62,221.66,0.938302,0.892435,0.115945,0.205245,0.9245
272,576.69,870.71,254.38,256.58,0.300359,0.806213,0.13249,0.237577,0.922
272,1001.22,392.28,259.79,258.78,0.521468,0.363226,0.13531,0.239615,0.922
272,600.32,239.12,247.94,248.63,0.312666,0.221407,0.129138,0.23021,0.9032
272,1489.45,110.04,152.62,153.97,0.775753,0.10189,0.079489,0.142564,0.8748
272,1713.39,493.28,178.29,178.77,0.892389,0.456736,0.092858,0.165532,0.8688
272,64.2,186.32,128.4,151.7,0.033437,0.172521,0.066873,0.14046,0.8539
272,1235.98,235.57,88.46,88.05,0.64374,0.218121,0.04607,0.081527,0.8507
272,456.5,387.17,90.95,89.49,0.23776,0.358489,0.047371,0.082863,0.8359
272,169.25,1027.47,260.11,103.2,0.088153,0.951361,0.135474,0.095558,0.8348
272,1543.88,373.99,90.32,90.76,0.804105,0.346289,0.047042,0.08404,0.8255
272,958.9,90.45,67.37,66.88,0.499427,0.083753,0.035089,0.061924,0.7803
272,1511.61,782.72,76.56,75.59,0.787297,0.724737,0.039873,0.069986,0.7564
273,1015.2,396.74,259.94,262.21,0.528751,0.367355,0.135384,0.242783,0.9341
273,1105.49,181.94,327.42,335.06,0.575777,0.168466,0.170532,0.310245,0.9318
273,823.98,549.63,295.76,297.19,0.429157,0.508918,0.154039,0.275179,0.9317
273,460.91,146.25,287.37,281.45,0.240057,0.135413,0.149673,0.260602,0.9315
273,1804.56,976.35,215.43,207.3,0.939874,0.904026,0.112204,0.191947,0.9294
273,1813.97,411.32,212.07,267.07,0.944774,0.380855,0.110452,0.247285,0.929
273,1428.3,525.37,282.58,289.21,0.743907,0.486455,0.147178,0.267788,0.9221
273,584.1,875.22,259.3,260.13,0.304216,0.810386,0.13505,0.240861,0.922
273,612.66,242.61,249.87,247.39,0.319094,0.224639,0.13014,0.229063,0.9032
273,70.53,182.93,140.86,153.53,0.036735,0.169378,0.073365,0.142155,0.8694
273,1503.17,122.5,153.47,154.15,0.782902,0.11343,0.079935,0.142731,0.8634
273,1553.78,387.48,91.82,90.68,0.809259,0.358774,0.047823,0.083967,0.8549
273,1725.64,503.86,184.21,183.65,0.898771,0.466536,0.095944,0.170045,0.8513
273,467.11,388.79,91.07,90.43,0.243284,0.359994,0.047434,0.08373,0.8454
273,1251.16,245.74,91.47,91.17,0.651644,0.227535,0.047642,0.084416,0.843
273,170.02,1026.74,266.37,104.6,0.088551,0.950687,0.138736,0.096852,0.8377
273,1519.55,793.3,77.14,79.26,0.791431,0.734533,0.040175,0.073388,0.7986
273,974.46,96.29,65.51,65.37,0.507532,0.08916,0.034117,0.060528,0.7808
274,831.62,553.78,301.5,303.78,0.433136,0.512761,0.157034,0.281279,0.9368
274,1119.76,190.13,330.31,331.81,0.583209,0.176043,0.172036,0.307231,0.9312
274,589.0,876.67,261.59,261.48,0.306772,0.811729,0.136243,0.242116,0.9309
274,1024.93,403.74,260.2,265.66,0.533818,0.373833,0.135523,0.245981,0.9282
274,1817.4,432.6,205.21,281.58,0.946561,0.400554,0.106879,0.260721,0.9276
274,1809.47,982.01,220.93,195.99,0.94243,0.909265,0.115067,0.181471,0.9273
274,472.12,147.32,283.89,280.81,0.245897,0.136408,0.147857,0.260013,0.9261
274,1441.05,538.12,284.98,289.32,0.750547,0.498258,0.148426,0.267885,0.9231
274,622.9,245.12,254.41,251.39,0.324429,0.22696,0.132503,0.232768,0.9195
274,1733.9,519.26,184.23,182.94,0.903073,0.480793,0.095953,0.169392,0.8771
274,1569.45,400.3,92.98,91.18,0.817423,0.370651,0.048425,0.084428,0.8742
274,1519.84,133.72,153.61,156.84,0.791583,0.123814,0.080006,0.145218,0.8702
274,176.08,1023.32,259.35,111.4,0.09171,0.947517,0.135077,0.103152,0.8688
274,79.31,181.98,153.21,152.68,0.04131,0.168498,0.079798,0.141372,0.8649
274,477.63,390.46,93.19,93.04,0.248764,0.361533,0.048537,0.086147,0.8573
274,1263.89,253.64,93.38,94.56,0.658274,0.234849,0.048634,0.087553,0.8314
274,988.82,103.18,69.92,67.46,0.515012,0.095537,0.036416,0.062466,0.788
275,1037.55,411.39,269.64,273.5,0.54039,0.380915,0.140439,0.253242,0.9304
275,1134.83,195.98,343.33,340.51,0.591057,0.181467,0.178819,0.315284,0.9296
275,1453.12,549.38,290.18,291.17,0.756831,0.508682,0.151134,0.2696,0.9293
275,840.61,560.81,302.93,306.59,0.437819,0.519269,0.157777,0.283879,0.9292
275,597.39,879.22,262.56,262.61,0.311138,0.814095,0.136749,0.243155,0.9268
275,488.93,148.56,285.29,282.64,0.254651,0.13756,0.148587,0.261701,0.9267
275,639.06,248.36,253.4,253.17,0.332846,0.229961,0.13198,0.234418,0.9254
275,1820.76,455.36,198.48,290.0,0.948314,0.421627,0.103372,0.268523,0.9238
275,1811.84,989.05,216.32,180.47,0.943666,0.915783,0.112668,0.167099,0.9157
275,1535.54,147.16,158.19,159.49,0.79976,0.136255,0.082391,0.147675,0.8853
275,177.85,1021.22,271.37,115.54,0.092629,0.945571,0.141337,0.106983,0.8758
275,91.79,176.86,154.41,155.33,0.047805,0.163756,0.080423,0.143822,0.8667
275,1278.81,263.86,90.74,92.72,0.666049,0.244313,0.047262,0.085854,0.8623
275,490.36,391.48,95.59,93.15,0.255393,0.362484,0.049786,0.086248,0.8557
275,1744.38,533.88,180.39,185.78,0.90853,0.494331,0.093953,0.172017,0.8381
275,1579.07,414.01,99.09,99.92,0.822434,0.383339,0.051609,0.092515,0.8349
275,1004.73,110.58,70.29,69.49,0.523296,0.102393,0.03661,0.064347,0.8056
275,1712.1,45.09,346.54,90.19,0.891716,0.041753,0.180492,0.083505,0.7911
275,1695.74,822.21,74.16,74.21,0.883196,0.761304,0.038627,0.068715,0.7009
276,1046.09,418.75,285.52,284.8,0.544836,0.387729,0.148707,0.263701,0.9357
276,850.93,564.49,315.0,314.93,0.443194,0.522676,0.164061,0.291604,0.9315
276,1459.49,562.83,289.51,295.11,0.76015,0.52114,0.150788,0.273248,0.9311
276,501.94,150.1,285.87,282.41,0.261429,0.13898,0.148889,0.261492,0.9282
276,653.52,252.26,260.72,264.0,0.340375,0.233571,0.135793,0.244448,0.9265
276,602.15,880.66,268.51,268.97,0.313618,0.815429,0.139849,0.249049,0.926
276,1147.1,203.9,353.77,349.47,0.597446,0.188796,0.184256,0.323586,0.9255
276,1827.27,467.35,185.46,290.63,0.951704,0.432729,0.096591,0.269105,0.9077
276,1809.73,1000.3,220.21,158.02,0.942566,0.926207,0.114691,0.146318,0.8984
276,103.04,172.66,153.99,154.46,0.053668,0.159867,0.080204,0.14302,0.8813
276,1550.49,159.35,155.31,158.64,0.807549,0.147546,0.080891,0.146893,0.8801
276,181.6,1021.34,268.05,115.25,0.094582,0.945682,0.139607,0.106712,0.8747
276,1756.64,552.0,188.2,189.16,0.914918,0.511113,0.098021,0.17515,0.8609
276,1591.7,428.17,96.12,95.36,0.829008,0.396449,0.050064,0.088295,0.8548
276,501.45,392.63,94.27,94.39,0.261171,0.363542,0.049099,0.087399,0.8454
276,1730.17,54.83,342.14,109.65,0.901132,0.050766,0.178199,0.101532,0.8345
276,1289.77,276.64,93.9,93.3,0.671754,0.256147,0.048904,0.08639,0.8223
276,1019.25,117.23,72.34,72.62,0.530857,0.108544,0.037676,0.067243,0.8044
276,1542.33,833.03,84.92,86.19,0.803299,0.771323,0.044229,0.079803,0.7733
277,517.6,150.46,296.56,291.53,0.269582,0.139314,0.154459,0.269938,0.935
277,862.21,570.41,322.95,322.87,0.449069,0.528156,0.168201,0.298954,0.934
277,607.0,883.11,270.24,270.3,0.316145,0.817698,0.140752,0.250274,0.9318
277,1472.82,577.49,300.12,302.28,0.767095,0.534711,0.156313,0.279885,0.9299
277,1058.16,428.22,288.48,286.66,0.551127,0.396498,0.150249,0.265423,0.9297
277,1162.66,213.54,366.87,360.82,0.605554,0.197719,0.191076,0.334089,0.9236
277,668.8,256.4,261.13,261.73,0.348336,0.237411,0.136005,0.242341,0.9228
277,1836.37,491.35,167.25,301.59,0.956445,0.454952,0.087111,0.279247,0.8991
277,1566.92,175.07,163.1,164.26,0.816104,0.162098,0.084947,0.152091,0.8953
277,1738.94,63.68,322.98,127.04,0.905697,0.058966,0.168217,0.117628,0.8936
277,1812.45,1008.47,214.18,142.8,0.943986,0.933766,0.111553,0.132219,0.8873
277,121.52,167.66,154.01,155.31,0.063294,0.155244,0.080212,0.143808,0.8815
277,184.7,1020.2,269.26,117.49,0.096199,0.944628,0.140239,0.108791,0.8728
277,513.48,392.14,98.27,97.83,0.267438,0.363097,0.051183,0.090581,0.8567
277,1603.79,443.13,98.38,99.41,0.835308,0.410305,0.051242,0.092048,0.8544
277,1767.26,571.19,179.5,186.88,0.920448,0.528876,0.093488,0.173038,0.8442
277,1304.42,284.96,98.05,99.89,0.679384,0.263852,0.051069,0.09249,0.8368
277,874.07,710.38,58.03,57.28,0.455246,0.657755,0.030224,0.053035,0.8339
277,1035.24,124.79,73.3,71.95,0.539188,0.115546,0.038177,0.066619,0.8141
277,1766.19,949.29,58.09,59.91,0.919889,0.878974,0.030256,0.055472,0.7808
277,1549.29,848.42,85.25,86.35,0.806921,0.785571,0.044403,0.079958,0.772
278,1069.62,435.73,297.83,297.34,0.557093,0.403456,0.155118,0.275315,0.9391
278,1177.08,221.29,368.55,368.8,0.613064,0.204897,0.191955,0.341477,0.9382
278,611.94,885.05,280.25,279.2,0.318718,0.819495,0.145963,0.258519,0.9331
278,869.32,575.69,327.79,328.69,0.452771,0.533042,0.170726,0.304344,0.9319
278,529.9,149.39,298.66,290.48,0.275989,0.138323,0.155553,0.268967,0.9317
278,1480.92,589.58,303.59,306.53,0.771312,0.545904,0.158121,0.283823,0.9283
278,680.02,257.97,274.95,270.95,0.35418,0.238862,0.143202,0.25088,0.9282
278,1838.97,510.44,162.05,296.83,0.957798,0.472633,0.084403,0.274842,0.9089
278,1755.57,73.2,321.19,146.39,0.914361,0.067775,0.167284,0.135551,0.9013
278,1818.28,1017.13,203.44,124.25,0.94702,0.94179,0.10596,0.115044,0.8847
278,188.88,1018.18,271.22,121.6,0.098377,0.942758,0.141259,0.112589,0.88
278,1580.78,189.95,163.03,165.61,0.823325,0.175882,0.084912,0.153341,0.8779
278,132.96,161.73,159.5,160.51,0.069249,0.149746,0.083073,0.148617,0.8775
278,1317.56,296.17,100.53,101.51,0.686231,0.274229,0.052359,0.09399,0.8603
278,1615.53,459.6,97.42,98.12,0.841424,0.425553,0.050742,0.090849,0.8569
278,1772.78,591.57,182.6,182.28,0.923323,0.547745,0.095103,0.168777,0.8507
278,525.04,394.65,99.35,100.36,0.273457,0.365416,0.051747,0.092926,0.837
278,881.63,717.35,59.71,59.47,0.459181,0.664216,0.0311,0.055062,0.8325
278,1050.38,131.9,76.89,76.34,0.547073,0.122125,0.040048,0.070682,0.8119
278,1555.36,864.54,83.85,86.13,0.810081,0.800498,0.04367,0.079748,0.7413
279,693.62,259.94,279.19,272.66,0.361262,0.240688,0.145413,0.252467,0.9386
279,1195.03,229.22,371.44,368.99,0.622411,0.212238,0.19346,0.341661,0.9357
279,615.91,886.77,287.38,285.28,0.320787,0.821082,0.149677,0.264147,0.9349
279,879.49,578.19,331.22,333.85,0.458069,0.535363,0.172509,0.309122,0.9333
279,1082.03,443.25,297.43,297.53,0.563558,0.410419,0.154911,0.275494,0.9329
279,1485.26,607.08,318.82,319.97,0.773573,0.562114,0.166054,0.296268,0.9305
279,544.06,150.6,300.91,294.15,0.283366,0.139445,0.156723,0.272357,0.9296
279,1765.28,82.7,309.11,165.4,0.919415,0.076574,0.160993,0.153147,0.9184
279,1595.76,206.96,161.05,161.13,0.831122,0.191631,0.08388,0.149196,0.8962
279,1846.72,530.75,146.55,277.33,0.961836,0.491433,0.076329,0.256791,0.8885
279,188.79,1017.4,262.7,123.13,0.098327,0.942037,0.136824,0.114009,0.8842
279,537.07,394.24,103.42,102.42,0.279724,0.365037,0.053867,0.094836,0.8696
279,150.73,153.77,157.71,156.87,0.078505,0.142375,0.082143,0.145247,0.8627
279,888.35,723.25,61.9,61.0,0.462684,0.669673,0.032237,0.056479,0.8563
279,1820.53,1028.25,198.94,102.25,0.948192,0.952079,0.103617,0.094673,0.8523
279,1626.93,478.22,100.39,99.9,0.84736,0.442797,0.052286,0.092497,0.8511
279,1789.96,610.59,194.41,191.92,0.932268,0.565364,0.101255,0.1777,0.8471
279,1333.32,309.6,101.27,102.75,0.694436,0.286667,0.052745,0.095142,0.8306
279,1067.77,140.32,74.8,73.89,0.556131,0.129925,0.038956,0.068416,0.8282
279,1559.75,879.46,85.67,85.71,0.812371,0.814312,0.044621,0.079364,0.8056
279,1516.93,34.03,88.18,65.69,0.790068,0.031505,0.045926,0.060825,0.7427
280,1208.24,244.83,371.75,367.03,0.629291,0.226693,0.193621,0.339841,0.9431
280,887.74,586.2,338.88,337.94,0.462367,0.54278,0.1765,0.312908,0.9364
280,1094.18,452.7,299.65,300.23,0.569883,0.419169,0.156069,0.277993,0.9353
280,561.29,150.25,302.36,294.71,0.29234,0.139118,0.157477,0.272879,0.9352
280,706.09,258.67,288.91,281.56,0.367757,0.239512,0.150475,0.260702,0.9343
280,618.12,887.17,290.22,288.23,0.321938,0.821456,0.151155,0.266882,0.9333
280,1494.84,620.93,314.77,316.69,0.778565,0.574936,0.163942,0.293227,0.9302
280,1769.79,93.15,300.33,186.31,0.921767,0.086254,0.156421,0.172509,0.9261
280,190.11,1013.65,275.09,130.96,0.099018,0.938568,0.143278,0.121264,0.8806
280,166.34,150.53,163.1,160.87,0.086633,0.139384,0.084946,0.148953,0.8804
280,1612.43,221.8,166.1,167.95,0.839809,0.20537,0.086512,0.155505,0.879
280,548.7,392.22,105.19,105.44,0.285783,0.363167,0.054785,0.097634,0.8704
280,1346.19,321.82,101.73,102.1,0.701143,0.297985,0.052983,0.094541,0.8435
280,894.21,729.14,63.63,64.11,0.465733,0.675126,0.03314,0.059361,0.8426
280,1851.96,552.67,136.09,291.37,0.96456,0.511732,0.07088,0.269784,0.8379
280,1638.43,494.6,98.44,97.15,0.853347,0.457961,0.051269,0.08995,0.8362
280,1797.11,630.0,192.51,199.15,0.935992,0.583337,0.100267,0.184399,0.8361
280,1537.21,41.68,90.07,80.57,0.80063,0.038596,0.046912,0.074602,0.8049
280,1822.51,1037.07,194.99,84.66,0.949222,0.960251,0.101556,0.078392,0.7881
280,1778.72,1009.78,60.02,60.58,0.926417,0.93498,0.031259,0.056094,0.7865
280,1567.63,899.35,85.14,91.59,0.816473,0.832735,0.044343,0.084803,0.7499
280,1084.07,148.91,80.27,77.37,0.564617,0.137879,0.041806,0.071642,0.7467
280,376.12,648.73,57.6,57.42,0.195898,0.600673,0.030001,0.053165,0.7395
280,1726.0,911.29,77.81,80.34,0.898956,0.843785,0.040527,0.074388,0.7129
281,1105.86,463.17,308.5,309.24,0.575971,0.428859,0.160677,0.286333,0.9396
281,577.65,150.65,308.87,301.3,0.300858,0.13949,0.16087,0.278981,0.9363
281,1223.04,258.94,373.62,363.92,0.637001,0.239756,0.194595,0.336962,0.9352
281,621.48,889.46,293.81,291.26,0.323685,0.823575,0.153027,0.269681,0.9341
281,1505.57,638.1,327.51,323.46,0.784152,0.590838,0.170578,0.299496,0.9334
281,895.41,592.5,341.3,340.02,0.46636,0.548612,0.177758,0.314836,0.9334
281,1771.08,108.18,297.54,216.35,0.922439,0.100164,0.154968,0.200327,0.9305
281,721.35,262.64,285.45,284.71,0.375703,0.243189,0.148673,0.26362,0.9263
281,189.97,1008.18,276.08,142.21,0.098942,0.933497,0.143794,0.131672,0.893
281,179.92,141.41,163.75,164.9,0.093711,0.130933,0.085288,0.152687,0.8906
281,1625.3,240.47,166.49,166.39,0.846509,0.222662,0.086714,0.154062,0.8863
281,901.29,734.51,61.68,62.25,0.46942,0.680104,0.032127,0.057641,0.861
281,1361.37,335.52,103.76,104.11,0.709049,0.310667,0.054044,0.096394,0.8563
281,1649.0,515.31,101.26,100.02,0.858855,0.477142,0.052738,0.092609,0.8532
281,559.81,392.56,104.02,104.81,0.291566,0.363485,0.05418,0.09705,0.8491
281,1856.81,582.26,126.38,288.71,0.967089,0.539129,0.065823,0.267324,0.8398
281,1100.68,157.19,78.56,78.6,0.573272,0.145542,0.040915,0.072776,0.8376
281,1555.14,53.51,91.76,92.0,0.809968,0.049546,0.047792,0.085186,0.8181
281,1807.69,652.2,200.17,193.47,0.941504,0.603886,0.104256,0.179143,0.8146
281,1568.76,914.98,90.42,92.1,0.817062,0.847199,0.047095,0.085274,0.783
282,623.73,890.62,299.03,296.18,0.324859,0.824647,0.155742,0.274238,0.9391
282,1115.78,470.13,309.1,306.16,0.581137,0.435306,0.160991,0.283484,0.9374
282,903.34,596.75,348.93,342.99,0.470488,0.552543,0.181735,0.317584,0.9338
282,1236.94,267.44,386.78,377.37,0.64424,0.247632,0.201446,0.349421,0.9326
282,1517.55,654.09,321.74,319.85,0.790389,0.605641,0.167571,0.29616,0.9316
282,732.78,263.98,296.07,294.65,0.381654,0.244425,0.154201,0.272829,0.9316
282,1777.8,120.05,284.4,240.1,0.925936,0.11116,0.148127,0.222319,0.9308
282,590.48,152.16,308.74,301.34,0.307542,0.140885,0.1608,0.279017,0.9296
282,1642.88,261.11,168.99,171.73,0.855669,0.241766,0.088015,0.159005,0.8955
282,186.62,1001.44,293.59,155.75,0.097196,0.927259,0.152911,0.14421,0.8942
282,193.49,134.55,162.39,163.51,0.100775,0.124582,0.084576,0.151397,0.8941
282,572.05,392.8,107.4,106.75,0.297942,0.363707,0.055936,0.098845,0.8753
282,907.4,739.94,61.16,61.96,0.472606,0.685131,0.031852,0.057375,0.8643
282,1660.22,532.62,103.25,102.73,0.864698,0.493169,0.053774,0.095118,0.8584
282,1375.59,350.02,100.92,103.45,0.716454,0.324088,0.052564,0.095783,0.8529
282,1813.45,672.52,194.1,193.97,0.944508,0.622705,0.101093,0.179603,0.8415
282,1858.22,600.19,123.55,290.0,0.967825,0.555733,0.064349,0.268516,0.8354
282,1574.38,70.73,94.58,93.58,0.819991,0.065492,0.049262,0.086647,0.8092
282,1117.4,167.06,79.37,77.32,0.581981,0.154682,0.041338,0.07159,0.7996
282,1573.89,933.33,84.65,85.84,0.819737,0.864196,0.04409,0.079483,0.7953
282,1782.1,1051.54,59.9,56.92,0.928175,0.97365,0.0312,0.052699,0.764
283,626.6,890.26,302.6,299.3,0.326352,0.824318,0.157606,0.277129,0.9406
283,911.47,603.61,351.28,343.31,0.474724,0.558896,0.182958,0.317876,0.9375
283,1788.39,132.54,263.23,264.52,0.931452,0.12272,0.137097,0.244926,0.9374
283,749.37,265.69,295.88,293.86,0.390296,0.246011,0.154105,0.272097,0.9372
283,1127.53,483.14,309.59,309.35,0.587256,0.44735,0.161244,0.286439,0.933
283,606.76,153.42,312.89,303.57,0.316021,0.142058,0.162963,0.281085,0.9303
283,1523.38,673.68,333.97,330.34,0.793428,0.623779,0.173944,0.305872,0.9299
283,1251.77,279.83,395.86,389.23,0.651964,0.259105,0.206178,0.360395,0.9297
283,181.94,1000.27,296.15,159.47,0.094763,0.926173,0.154245,0.147653,0.8991
283,1658.12,279.25,173.98,175.43,0.863602,0.258565,0.090613,0.162439,0.891
283,583.27,392.47,107.24,108.73,0.303789,0.363396,0.055856,0.100679,0.8747
283,213.38,127.22,163.84,163.77,0.111134,0.117796,0.085332,0.151643,0.8734
283,1388.94,364.35,106.88,105.6,0.723404,0.337362,0.055669,0.097782,0.863
283,1821.04,697.66,196.46,192.43,0.94846,0.645984,0.102321,0.178177,0.8603
283,1593.94,89.84,94.55,94.87,0.830175,0.083186,0.049246,0.087841,0.8521
283,1670.31,555.02,98.78,101.74,0.869953,0.513903,0.051448,0.094205,0.8402
283,912.73,747.82,63.59,63.57,0.475382,0.69243,0.033118,0.058859,0.8309
283,1134.38,177.36,78.68,78.3,0.590822,0.164224,0.040978,0.072496,0.809
283,1869.33,623.26,101.34,288.54,0.973611,0.577093,0.052779,0.267165,0.7637
283,1574.65,951.21,93.48,92.31,0.820133,0.88075,0.048686,0.085472,0.7537
283,1118.91,37.8,326.26,75.61,0.582766,0.035004,0.169927,0.070008,0.7074
284,628.21,890.94,303.0,299.38,0.327193,0.824948,0.157813,0.277202,0.9401
284,1532.98,688.79,326.37,326.41,0.798425,0.637768,0.169982,0.302234,0.9371
284,1137.63,494.07,315.5,314.47,0.592514,0.457471,0.164323,0.291172,0.9361
284,921.08,609.24,352.26,347.45,0.479727,0.564108,0.183467,0.321713,0.9355
284,628.53,154.16,312.57,304.7,0.327361,0.142736,0.162794,0.282132,0.9341
284,1801.39,144.98,237.22,289.96,0.938224,0.134239,0.123552,0.268478,0.9275
284,762.8,268.08,295.19,291.1,0.397289,0.248218,0.153743,0.269539,0.9254
284,1265.47,291.22,388.12,389.12,0.6591,0.26965,0.202146,0.360293,0.9231
284,1674.22,301.36,170.13,175.19,0.871992,0.279038,0.08861,0.162213,0.907
284,177.78,994.78,314.58,170.44,0.092596,0.92109,0.163841,0.157819,0.8959
284,229.45,119.18,167.92,167.4,0.119507,0.110349,0.087457,0.154999,0.8879
284,595.17,390.75,106.12,108.61,0.309982,0.361808,0.05527,0.100561,0.8634
284,917.27,752.45,65.07,65.59,0.477743,0.696711,0.033891,0.060733,0.861
284,1679.73,577.33,102.27,100.72,0.87486,0.534562,0.053265,0.093263,0.8573
284,1823.44,724.85,191.91,196.82,0.949706,0.671154,0.099951,0.182241,0.8491
284,1150.58,186.47,80.77,80.92,0.599258,0.17266,0.042066,0.074921,0.8473
284,1401.56,381.45,101.66,103.91,0.729978,0.353197,0.05295,0.096216,0.8467
284,1612.4,107.71,94.07,94.23,0.839793,0.099733,0.048995,0.087249,0.8249
284,1575.35,972.13,87.2,89.21,0.820495,0.90012,0.045418,0.082599,0.8003
284,1579.12,32.24,147.12,63.71,0.822456,0.029847,0.076626,0.058991,0.7581
284,1152.14,42.37,351.81,84.72,0.600074,0.039235,0.183232,0.078444,0.7148
285,630.14,890.99,306.01,302.98,0.328197,0.82499,0.15938,0.280536,0.9385
285,928.03,617.03,349.45,344.39,0.483347,0.57132,0.182006,0.318883,0.9335
285,1146.93,502.92,305.71,306.29,0.597359,0.465665,0.159222,0.283601,0.9333
285,643.07,153.18,316.23,306.37,0.334934,0.141837,0.164701,0.283673,0.9329
285,1532.96,709.49,335.29,335.33,0.798417,0.656938,0.174633,0.310495,0.9327
285,780.15,270.87,295.26,297.86,0.406326,0.25081,0.15378,0.275794,0.9242
285,1280.74,303.19,390.92,388.53,0.66705,0.280729,0.203604,0.35975,0.9193
285,1811.87,155.27,216.26,310.11,0.943683,0.143772,0.112634,0.287136,0.9193
285,174.41,987.65,320.75,184.7,0.090839,0.914493,0.167057,0.171014,0.9027
285,245.69,111.12,166.3,168.06,0.127963,0.10289,0.086616,0.155607,0.9025
285,1687.38,322.09,171.57,174.91,0.878843,0.298232,0.08936,0.161951,0.9022
285,607.54,389.01,108.52,108.69,0.316427,0.36019,0.05652,0.100639,0.8793
285,921.65,759.82,62.99,63.17,0.480025,0.703537,0.032808,0.05849,0.878
285,1826.4,751.75,186.89,196.67,0.95125,0.696068,0.097337,0.182104,0.8546
285,1412.18,399.14,103.07,103.01,0.735512,0.369577,0.053683,0.095378,0.8516
285,1688.45,598.12,104.14,105.03,0.8794,0.553811,0.054242,0.09725,0.8495
285,1577.39,991.95,87.92,89.36,0.821559,0.918472,0.045792,0.082737,0.8205
285,1166.65,198.11,81.9,81.44,0.607629,0.183433,0.042658,0.075411,0.8166
285,1632.42,935.16,58.19,59.55,0.850218,0.86589,0.030307,0.055135,0.8158
285,1631.03,130.07,92.52,93.14,0.849496,0.120435,0.048188,0.086238,0.8124
285,410.87,629.75,59.26,60.55,0.213996,0.583098,0.030866,0.056062,0.809
285,1596.62,44.3,173.07,88.59,0.831572,0.041016,0.090141,0.082031,0.783
285,909.7,15.62,62.5,30.11,0.473803,0.014467,0.03255,0.027875,0.7406
285,1179.8,55.2,420.13,110.19,0.614479,0.051111,0.21882,0.102025,0.7394
285,1736.93,1021.83,80.6,82.88,0.904652,0.94614,0.04198,0.076743,0.7311
286,630.88,890.95,306.08,303.14,0.328586,0.824951,0.159417,0.280683,0.9371
286,1542.62,730.78,330.78,329.53,0.803446,0.676645,0.172282,0.305119,0.9361
286,934.55,623.03,346.46,342.86,0.486745,0.576875,0.180447,0.317458,0.9346
286,658.05,153.69,319.95,307.37,0.342736,0.142303,0.16664,0.284605,0.9319
286,792.42,275.69,296.81,292.04,0.412718,0.25527,0.154586,0.270409,0.9302
286,1157.68,514.75,307.52,307.89,0.60296,0.476619,0.160164,0.285087,0.93
286,1293.51,320.13,382.48,379.12,0.673701,0.29642,0.199207,0.351036,0.9271
286,1815.6,168.6,208.81,337.21,0.945623,0.156114,0.108755,0.312228,0.9251
286,172.22,981.72,328.66,194.76,0.089698,0.908999,0.171175,0.180336,0.8981
286,1701.75,345.62,173.3,175.56,0.886328,0.32002,0.090259,0.162559,0.8958
286,263.33,100.93,169.92,169.16,0.137151,0.093458,0.0885,0.156627,0.8786
286,619.89,388.94,105.8,107.79,0.32286,0.360133,0.055103,0.099803,0.861
286,1695.95,622.62,103.41,105.2,0.883305,0.576498,0.053858,0.097407,0.8454
286,1425.87,415.65,102.95,102.24,0.74264,0.384862,0.053619,0.094664,0.8412
286,1209.01,61.12,391.41,122.25,0.629695,0.056597,0.20386,0.113194,0.8366
286,924.55,766.44,63.98,65.08,0.481538,0.709664,0.033322,0.060259,0.8347
286,1828.62,783.43,182.47,204.79,0.952405,0.725397,0.095037,0.189621,0.8187
286,1182.45,209.51,79.06,80.24,0.615857,0.193994,0.041177,0.074292,0.8148
286,1619.4,55.36,167.48,110.71,0.843438,0.051257,0.087228,0.102513,0.8118
286,1648.26,151.53,98.57,98.05,0.858468,0.140303,0.051338,0.090785,0.8049
286,927.85,17.09,66.0,34.19,0.483254,0.015828,0.034375,0.031656,0.8021
286,1575.3,1014.34,93.43,97.31,0.820471,0.939208,0.04866,0.090102,0.7386
286,1735.51,1042.56,82.4,74.88,0.903909,0.965333,0.042917,0.069333,0.7356
286,417.06,625.27,61.03,60.8,0.217217,0.578957,0.031786,0.056298,0.7165
287,1169.68,526.22,313.49,312.7,0.60921,0.48724,0.163278,0.289533,0.9397
287,941.81,627.22,350.05,349.38,0.490524,0.580759,0.182319,0.323504,0.9397
287,630.82,890.47,306.7,303.36,0.328554,0.824506,0.159739,0.280888,0.9383
287,807.73,278.92,296.4,294.82,0.420693,0.258263,0.154376,0.272983,0.9368
287,1544.99,749.4,333.37,334.5,0.804682,0.693889,0.173631,0.309719,0.9351
287,677.82,154.17,320.81,307.45,0.353032,0.142746,0.16709,0.284675,0.935
287,1305.52,334.44,394.92,387.5,0.67996,0.30967,0.205685,0.358797,0.9258
287,1825.8,188.79,188.4,363.0,0.950938,0.174801,0.098124,0.336107,0.896
287,169.49,976.43,319.28,205.62,0.088276,0.904103,0.166294,0.19039,0.888
287,1714.41,369.63,175.55,178.28,0.892923,0.342248,0.091434,0.165076,0.8862
287,284.33,93.31,165.87,166.24,0.148091,0.0864,0.086393,0.153924,0.8839
287,631.17,387.55,109.05,108.85,0.328735,0.358845,0.056797,0.100786,0.8763
287,1437.72,434.04,104.21,102.97,0.748814,0.401888,0.054274,0.09534,0.8679
287,1703.16,647.15,101.88,103.34,0.887061,0.599211,0.053062,0.095682,0.8666
287,1225.65,65.65,381.79,130.92,0.638358,0.060787,0.19885,0.121224,0.8607
287,1829.43,808.19,181.13,207.89,0.95283,0.74832,0.094341,0.192488,0.8519
287,928.58,772.63,66.43,66.34,0.483634,0.715401,0.034597,0.061429,0.8423
287,1669.41,174.14,92.69,94.71,0.869487,0.161237,0.048277,0.087698,0.8359
287,1640.59,66.59,165.89,133.18,0.854475,0.061657,0.0864,0.123314,0.8224
287,1632.84,981.6,58.26,56.95,0.850436,0.908886,0.030344,0.052727,0.8216
287,949.49,21.66,71.56,43.31,0.494527,0.020053,0.037269,0.040105,0.8163
287,1198.02,222.67,82.3,81.29,0.623967,0.20618,0.042863,0.075272,0.766
287,1573.99,1032.95,92.74,90.35,0.819788,0.956434,0.048302,0.083654,0.7303
287,1733.03,1056.07,89.05,47.85,0.902621,0.977846,0.046378,0.044308,0.7025
288,948.62,633.03,347.74,345.67,0.494074,0.58614,0.181114,0.320065,0.9379
288,631.73,891.33,308.22,304.53,0.329024,0.82531,0.160531,0.281968,0.9367
288,1548.36,772.62,337.12,337.27,0.806437,0.71539,0.175583,0.312287,0.934
288,699.52,155.49,324.41,310.99,0.364332,0.143977,0.168964,0.287954,0.9326
288,1178.26,541.8,309.73,306.31,0.613678,0.501671,0.161316,0.283619,0.9323
288,822.28,282.36,298.44,295.02,0.428272,0.261443,0.155438,0.273164,0.923
288,1323.21,352.19,397.1,390.03,0.689172,0.326106,0.206824,0.36114,0.9214
288,168.18,968.25,318.02,222.07,0.087594,0.896529,0.165637,0.205622,0.908
288,1728.4,394.46,180.95,179.98,0.90021,0.365241,0.094246,0.166646,0.8894
288,301.73,85.47,166.29,167.41,0.15715,0.079134,0.08661,0.155011,0.8866
288,1246.95,73.67,380.54,147.34,0.649454,0.068214,0.198197,0.136428,0.8839
288,1835.3,208.86,169.41,382.35,0.955884,0.193386,0.088232,0.354029,0.8801
288,643.18,388.87,108.3,109.42,0.334989,0.360061,0.056409,0.101314,0.869
288,1708.9,672.62,106.22,107.02,0.890052,0.622793,0.055323,0.09909,0.8663
288,1449.87,451.99,107.75,106.92,0.75514,0.418513,0.056121,0.098996,0.8637
288,932.33,780.11,63.82,65.11,0.485588,0.722321,0.033238,0.060289,0.8636
288,1830.34,839.85,179.21,210.97,0.953304,0.777641,0.093339,0.195339,0.8599
288,970.21,25.29,72.3,50.58,0.505318,0.023416,0.037657,0.046832,0.8524
288,1661.59,80.0,167.84,158.02,0.865412,0.074079,0.087417,0.146317,0.8305
288,1684.34,198.12,97.21,97.0,0.877259,0.183447,0.050629,0.089816,0.8229
288,1456.39,34.63,130.41,67.94,0.758539,0.032064,0.067923,0.062906,0.8054
288,1215.39,235.72,80.5,80.43,0.633016,0.218261,0.041926,0.074468,0.804
288,1569.79,1046.6,89.44,66.81,0.8176,0.969072,0.046582,0.061857,0.7909
289,630.27,890.52,306.92,303.28,0.328266,0.824554,0.159856,0.280811,0.9373
289,1550.84,794.66,334.24,332.61,0.807729,0.7358,0.174084,0.307972,0.9372
289,955.04,642.12,349.25,345.81,0.497419,0.594552,0.1819,0.32019,0.9348
289,1183.54,553.37,309.44,305.4,0.616428,0.512377,0.161166,0.282782,0.932
289,1335.06,367.36,385.74,381.33,0.695346,0.340148,0.200908,0.353086,0.9284
289,712.61,155.78,323.22,311.56,0.371153,0.144239,0.168342,0.288478,0.9267
289,164.03,963.47,319.18,231.75,0.085434,0.892104,0.166238,0.214586,0.915
289,840.49,287.12,294.72,294.3,0.437755,0.26585,0.1535,0.272499,0.9121
289,1263.11,80.94,388.59,161.87,0.657868,0.074944,0.202388,0.149881,0.8927
289,1740.32,421.55,174.21,176.9,0.906416,0.390326,0.090732,0.163794,0.8851
289,654.81,388.08,109.29,108.17,0.341045,0.359329,0.056923,0.100162,0.8761
289,319.18,79.75,172.08,159.5,0.166237,0.073844,0.089624,0.147688,0.8714
289,934.35,786.4,64.78,63.38,0.486641,0.728148,0.033737,0.058681,0.8683
289,1703.94,223.08,98.89,100.42,0.887468,0.206557,0.051504,0.092981,0.8641
289,1681.74,99.96,165.81,167.74,0.875907,0.092552,0.086361,0.155312,0.8636
289,1714.99,698.44,106.36,106.29,0.893224,0.646706,0.055395,0.098419,0.8595
289,1461.75,472.82,103.88,103.4,0.761331,0.437795,0.054106,0.095738,0.8577
289,1832.28,870.15,175.44,212.54,0.954312,0.805695,0.091376,0.1968,0.8558
289,1846.66,244.97,146.68,377.02,0.961803,0.226826,0.076395,0.349094,0.8546
289,1481.35,44.78,120.43,89.55,0.771535,0.04146,0.062722,0.08292,0.8388
289,993.51,28.88,75.53,57.76,0.517453,0.026739,0.039338,0.053478,0.8289
289,436.15,609.45,62.96,62.26,0.22716,0.564301,0.032794,0.057652,0.7556
289,1231.3,248.72,82.92,84.07,0.641304,0.230295,0.04319,0.077845,0.742
290,1351.01,383.13,379.79,370.49,0.703651,0.35475,0.197805,0.343046,0.9378
290,957.73,653.16,345.63,340.01,0.49882,0.604782,0.180016,0.314826,0.9363
290,628.62,889.68,304.38,300.6,0.327405,0.823777,0.158532,0.27833,0.9347
290,1190.73,564.42,307.27,307.97,0.620172,0.522608,0.160035,0.285159,0.9343
290,729.57,155.26,326.79,310.37,0.379982,0.14376,0.170204,0.287383,0.9312
290,1553.9,816.53,334.39,335.29,0.809321,0.756048,0.17416,0.31045,0.9295
290,851.87,289.39,301.52,299.57,0.443683,0.267952,0.157044,0.277376,0.923
290,161.11,952.6,313.41,253.05,0.083913,0.882041,0.163236,0.234301,0.923
290,1289.83,90.31,397.93,180.63,0.671787,0.083625,0.207254,0.167249,0.9072
290,1752.08,447.09,182.25,184.37,0.912543,0.413968,0.09492,0.170712,0.8936
290,666.45,386.66,109.73,108.93,0.34711,0.358017,0.05715,0.10086,0.8791
290,337.89,76.18,174.86,152.36,0.175983,0.070538,0.091073,0.141075,0.8734
290,1721.12,725.86,105.25,106.51,0.896415,0.672095,0.054819,0.098619,0.8605
290,1501.61,53.84,118.42,107.67,0.782088,0.049848,0.061675,0.099695,0.8582
290,1833.23,900.26,173.53,216.59,0.954809,0.833574,0.090378,0.200545,0.8565
290,1702.02,123.15,168.31,167.45,0.886469,0.114026,0.08766,0.15505,0.8532
290,935.53,794.64,65.03,63.49,0.487257,0.735778,0.033868,0.058789,0.8466
290,1013.74,33.36,73.11,66.72,0.527991,0.030887,0.038079,0.061774,0.8407
290,1469.79,493.47,103.53,101.69,0.765516,0.456918,0.053921,0.094154,0.8361
290,1852.49,272.89,135.03,366.59,0.964836,0.25268,0.070328,0.339439,0.8223
290,1719.3,249.64,96.04,98.63,0.895467,0.231151,0.050021,0.091325,0.7968
290,1247.74,263.77,83.77,84.82,0.649862,0.244231,0.043632,0.078535,0.7708
291,1554.51,840.42,333.29,333.99,0.80964,0.77817,0.173587,0.309249,0.936
291,964.21,659.48,354.33,350.42,0.502195,0.61063,0.184549,0.324464,0.9351
291,750.26,155.3,319.07,310.57,0.390763,0.1438,0.166182,0.287563,0.9343
291,627.69,889.88,307.87,305.66,0.32692,0.82396,0.160349,0.283018,0.9343
291,1199.6,578.07,308.57,306.14,0.624794,0.535246,0.160715,0.283462,0.9249
291,867.99,296.22,302.84,299.39,0.452076,0.27428,0.157728,0.27721,0.9238
291,160.25,946.32,312.86,265.79,0.083464,0.876225,0.162948,0.246104,0.9221
291,1359.39,401.08,392.81,388.75,0.708018,0.371375,0.204588,0.359957,0.9191
291,1308.59,97.8,395.64,195.61,0.681559,0.090558,0.206062,0.181116,0.9085
291,1763.28,477.33,179.27,185.66,0.918376,0.441976,0.093371,0.17191,0.9047
291,937.59,802.9,61.13,61.95,0.488331,0.743424,0.03184,0.057358,0.8871
291,359.07,72.05,182.94,144.11,0.187015,0.066717,0.095279,0.133434,0.8794
291,1832.05,928.26,175.91,213.47,0.954191,0.859501,0.091618,0.197654,0.8689
291,1523.39,72.38,119.07,118.48,0.79343,0.067022,0.062018,0.109703,0.8657
291,678.48,386.87,107.19,107.88,0.353375,0.358212,0.055831,0.099885,0.8617
291,1724.6,754.76,104.63,106.23,0.898229,0.698855,0.054493,0.098358,0.8591
291,1479.75,513.87,107.76,107.15,0.770701,0.47581,0.056123,0.099212,0.8579
291,1722.23,150.75,171.05,173.5,0.896994,0.139581,0.08909,0.160652,0.851
291,1034.67,37.28,73.08,73.27,0.53889,0.034514,0.038064,0.067841,0.8467
291,1735.0,278.08,102.81,102.36,0.903646,0.257483,0.053547,0.094778,0.8439
291,1860.49,300.4,119.03,376.52,0.969004,0.278146,0.061993,0.348627,0.7964
291,1262.94,279.77,82.66,83.31,0.657784,0.259047,0.043054,0.077141,0.7586
292,1370.62,419.37,391.09,388.21,0.713864,0.388302,0.203692,0.359452,0.9377
292,968.58,665.3,353.67,349.03,0.50447,0.616015,0.184204,0.323175,0.9357
292,625.82,889.32,307.54,305.44,0.325947,0.823447,0.160179,0.282812,0.9337
292,1329.5,108.71,392.89,217.42,0.692448,0.100658,0.204629,0.201315,0.9334
292,1555.65,865.33,338.45,337.62,0.810236,0.801229,0.176276,0.312607,0.9301
292,1206.47,595.09,307.76,308.12,0.628372,0.551006,0.160293,0.285299,0.9289
292,769.15,157.75,324.46,315.5,0.400598,0.146067,0.168989,0.292133,0.9283
292,882.87,302.38,299.09,293.83,0.459829,0.279981,0.155774,0.272069,0.9205
292,158.01,940.5,312.12,278.38,0.082299,0.870838,0.162563,0.257762,0.9195
292,1773.75,507.97,176.77,180.94,0.923829,0.470346,0.092067,0.167533,0.9004
292,1543.29,95.77,121.8,121.99,0.803796,0.088676,0.063437,0.112957,0.8806
292,1057.07,47.53,76.49,76.56,0.550558,0.044013,0.03984,0.070893,0.877
292,689.8,387.74,109.82,110.82,0.359273,0.359018,0.057197,0.102612,0.8765
292,1739.9,179.62,167.92,170.52,0.906199,0.166312,0.087458,0.157885,0.8759
292,1725.34,783.51,108.75,108.71,0.898614,0.725471,0.056643,0.10066,0.8666
292,1490.16,537.21,105.74,105.14,0.776126,0.497421,0.055075,0.097352,0.8637
292,379.73,67.11,186.78,134.04,0.197778,0.062142,0.097282,0.124115,0.8614
292,1831.09,959.6,177.82,209.61,0.953693,0.888518,0.092614,0.194084,0.8573
292,938.23,809.7,62.38,61.59,0.488662,0.749727,0.032488,0.057027,0.8562
292,1276.66,294.98,81.27,82.76,0.664927,0.27313,0.042326,0.076627,0.8025
292,1751.65,307.33,100.3,100.06,0.912315,0.284567,0.052242,0.092644,0.7831
292,1872.52,345.86,94.97,357.59,0.975269,0.320245,0.049461,0.331099,0.7525
293,1553.51,892.68,339.42,336.54,0.809118,0.826559,0.176781,0.311614,0.9365
293,974.89,674.56,358.02,351.88,0.507754,0.624595,0.18647,0.325818,0.9338
293,624.27,888.21,309.12,308.37,0.325141,0.82242,0.161002,0.285525,0.9331
293,1352.98,115.39,404.89,230.78,0.704675,0.106843,0.21088,0.213685,0.9303
293,1382.24,435.87,393.91,396.35,0.719919,0.403587,0.20516,0.366992,0.9289
293,1213.42,608.41,310.41,311.19,0.63199,0.563346,0.161672,0.288136,0.9277
293,786.36,159.21,327.93,318.04,0.40956,0.147417,0.170797,0.294479,0.927
293,899.39,307.19,296.76,299.75,0.468431,0.284433,0.154562,0.277543,0.9198
293,156.01,933.84,307.64,292.32,0.081257,0.864668,0.160229,0.270664,0.9121
293,1827.49,980.73,185.02,197.86,0.951818,0.908083,0.096364,0.183207,0.8959
293,1781.91,538.07,182.14,187.36,0.92808,0.498209,0.094865,0.173481,0.8941
293,937.53,817.82,62.82,63.25,0.488298,0.757241,0.032718,0.058567,0.8881
293,1079.06,58.19,75.19,76.34,0.562011,0.053884,0.039161,0.070688,0.8737
293,1565.63,119.73,116.72,116.5,0.815433,0.11086,0.060791,0.107873,0.8726
293,701.9,387.91,107.57,108.4,0.365571,0.359177,0.056025,0.100368,0.8719
293,1726.13,813.35,109.15,109.29,0.899028,0.753098,0.056848,0.101198,0.8622
293,1495.95,560.24,106.54,105.92,0.779139,0.518741,0.055491,0.098079,0.8584
293,1757.78,212.19,171.53,170.96,0.915511,0.196475,0.089338,0.158292,0.8584
293,399.0,63.66,182.24,127.32,0.207813,0.058946,0.094915,0.117892,0.8513
293,1766.42,336.64,101.59,101.12,0.920009,0.311702,0.052913,0.093633,0.8411
293,1877.32,382.0,85.35,423.13,0.977773,0.353703,0.044454,0.391786,0.7657
293,1292.01,312.68,81.02,81.86,0.67292,0.289522,0.042198,0.075795,0.7431
294,1375.01,127.73,394.4,254.51,0.716153,0.118269,0.205415,0.235662,0.942
294,1548.72,914.82,327.42,325.31,0.806624,0.847052,0.17053,0.30121,0.9386
294,805.37,160.52,330.65,320.34,0.419465,0.148633,0.172213,0.29661,0.9341
294,620.91,887.5,311.05,310.96,0.323392,0.821761,0.162003,0.287924,0.9323
294,976.82,683.28,353.35,352.95,0.508758,0.632662,0.184034,0.326802,0.9314
294,1218.62,623.97,312.48,313.2,0.634696,0.577749,0.162749,0.289997,0.9261
294,1394.1,459.43,392.66,390.2,0.726095,0.425402,0.204509,0.361301,0.9224
294,153.78,921.71,302.59,316.58,0.080096,0.853437,0.157599,0.293126,0.9134
294,911.87,314.31,303.38,299.98,0.474933,0.291027,0.158012,0.277763,0.9122
294,1790.48,570.57,190.75,189.83,0.932543,0.528304,0.099349,0.175766,0.895
294,1821.08,1002.15,197.84,154.63,0.948479,0.927914,0.103041,0.143173,0.8753
294,1774.06,240.04,168.5,170.46,0.92399,0.222263,0.087762,0.157837,0.8743
294,713.3,388.53,106.92,108.79,0.371513,0.359752,0.05569,0.100733,0.8729
294,937.68,825.08,64.18,65.14,0.488375,0.763959,0.033428,0.060313,0.8655
294,1585.95,143.93,119.21,122.1,0.826017,0.133269,0.062087,0.113053,0.8635
294,1725.55,845.11,110.74,110.58,0.898725,0.782513,0.057678,0.10239,0.8586
294,1099.37,69.25,74.95,75.71,0.572591,0.064119,0.039038,0.070103,0.8528
294,1501.26,582.77,106.34,107.15,0.781906,0.539604,0.055385,0.099212,0.8475
294,423.21,58.68,173.29,117.35,0.220424,0.05433,0.090256,0.108661,0.8466
294,1779.9,368.32,100.89,101.82,0.927034,0.341042,0.052548,0.094273,0.7916
294,1307.79,330.62,83.32,84.75,0.681139,0.306128,0.043394,0.078477,0.7394
294,1881.88,436.4,76.24,409.07,0.980146,0.404072,0.039708,0.378768,0.7301
294,465.27,579.35,62.26,62.06,0.24233,0.536435,0.032425,0.057466,0.7194
295,1397.17,141.0,401.06,281.84,0.727692,0.130558,0.208888,0.260967,0.9383
295,1547.56,926.46,335.84,307.08,0.806022,0.857831,0.174914,0.284338,0.9327
295,925.09,319.01,307.08,311.27,0.481817,0.295375,0.159937,0.288211,0.9315
295,616.65,884.88,313.39,312.57,0.321171,0.81933,0.163226,0.289412,0.9313
295,824.95,164.41,330.36,327.64,0.42966,0.152232,0.172061,0.303369,0.9305
295,982.03,690.37,364.24,362.07,0.511472,0.639228,0.189711,0.335246,0.9302
295,1404.47,479.44,396.46,397.02,0.731497,0.443924,0.206489,0.367613,0.9296
295,1223.9,640.61,328.68,326.29,0.637447,0.593157,0.171186,0.302124,0.9262
295,150.92,913.23,297.32,329.09,0.078603,0.845588,0.154856,0.304715,0.9084
295,1796.06,605.16,181.56,184.5,0.935446,0.560335,0.094563,0.170837,0.8947
295,935.9,833.64,64.94,64.77,0.48745,0.771886,0.033821,0.059971,0.8786
295,725.24,389.86,111.69,113.48,0.37773,0.360986,0.058171,0.105075,0.871
295,1794.09,273.11,170.4,173.86,0.934424,0.252876,0.088748,0.160985,0.8633
295,1604.81,170.95,125.55,126.3,0.835838,0.158284,0.065392,0.116943,0.8613
295,1121.01,81.65,78.15,79.28,0.583859,0.075605,0.040704,0.073408,0.8564
295,1724.34,876.64,111.57,110.1,0.898096,0.811705,0.058112,0.101943,0.8561
295,1509.75,608.68,111.71,110.19,0.78633,0.563589,0.058183,0.102029,0.8524
295,446.4,54.88,174.41,109.29,0.232502,0.050812,0.090837,0.101191,0.8438
295,1793.74,402.68,100.08,98.29,0.934237,0.37285,0.052123,0.091006,0.8244
295,470.9,572.56,63.15,63.9,0.245263,0.530146,0.03289,0.059171,0.7883
295,1818.5,1020.52,189.2,118.96,0.947137,0.944928,0.098542,0.110144,0.7625
295,1319.85,348.49,84.82,84.66,0.687419,0.322673,0.044176,0.078391,0.7297
296,1417.01,151.79,402.85,303.5,0.738027,0.140549,0.20982,0.281016,0.9475
296,1543.57,938.98,343.13,281.58,0.803944,0.869424,0.178716,0.260727,0.9364
296,1228.24,661.03,318.6,316.1,0.639706,0.61206,0.16594,0.292689,0.9327
296,611.88,883.85,318.29,317.53,0.318689,0.818383,0.165779,0.294007,0.9305
296,841.32,169.51,338.22,335.7,0.438185,0.156952,0.176158,0.31083,0.9302
296,981.75,698.7,370.92,369.75,0.511326,0.646946,0.193188,0.342359,0.9294
296,1411.84,500.61,401.21,397.86,0.735332,0.463525,0.208962,0.368384,0.9243
296,941.54,331.02,303.28,308.48,0.490386,0.306503,0.157957,0.28563,0.9232
296,148.92,901.41,294.16,343.77,0.07756,0.834638,0.153207,0.318301,0.91
296,1801.36,640.12,180.01,183.35,0.938208,0.592702,0.093753,0.169765,0.8988
296,1623.51,199.14,118.61,119.31,0.845576,0.184389,0.061775,0.110476,0.8755
296,736.36,390.31,110.93,112.0,0.383518,0.361394,0.057776,0.103702,0.873
296,1142.54,94.82,76.54,78.47,0.595073,0.087796,0.039867,0.07266,0.8689
296,932.67,840.51,66.37,66.57,0.485765,0.778247,0.034568,0.061643,0.8666
296,1514.14,634.08,108.05,110.96,0.788614,0.587111,0.056277,0.102741,0.8569
296,1806.66,304.74,174.04,178.71,0.940968,0.282162,0.090645,0.165476,0.8493
296,1721.88,909.98,112.13,112.26,0.896811,0.84257,0.0584,0.10394,0.8465
296,466.27,52.92,187.34,105.15,0.242851,0.049001,0.097573,0.097358,0.8349
296,1803.68,437.61,101.15,100.18,0.939416,0.405191,0.052684,0.092758,0.8256
296,1332.72,368.88,85.23,86.28,0.694127,0.341558,0.044391,0.079889,0.7682
296,476.65,565.08,64.25,63.56,0.248253,0.523221,0.033463,0.058849,0.7653
296,1817.07,1037.93,181.18,84.15,0.946391,0.961043,0.094365,0.077914,0.7405
297,860.82,171.98,338.82,337.85,0.448342,0.15924,0.176467,0.312826,0.9404
297,1440.43,163.76,404.28,327.52,0.750226,0.151629,0.210563,0.303258,0.9396
297,1420.56,523.78,405.98,398.48,0.739874,0.48498,0.211447,0.368967,0.935
297,1536.12,954.77,336.58,248.54,0.800062,0.884045,0.175304,0.230131,0.9338
297,606.38,878.42,319.12,320.85,0.315825,0.813351,0.166207,0.297086,0.9286
297,1231.27,678.24,324.25,325.55,0.641287,0.627996,0.168881,0.301436,0.9276
297,983.35,706.94,368.33,366.96,0.512163,0.654574,0.191837,0.339778,0.9265
297,953.91,334.03,314.57,313.03,0.496826,0.309284,0.163836,0.289838,0.9176
297,1805.53,676.51,183.73,187.41,0.940378,0.626397,0.09569,0.173527,0.9033
297,148.7,882.91,293.85,354.27,0.07745,0.817507,0.153048,0.328027,0.8979
297,747.02,391.13,112.8,113.28,0.389072,0.36216,0.058751,0.104889,0.8695
297,1162.56,109.48,79.62,79.99,0.605501,0.101367,0.041467,0.074061,0.8694
297,1822.39,343.62,174.35,178.32,0.949164,0.318165,0.090808,0.16511,0.869
297,1717.67,941.38,110.34,111.08,0.894617,0.871653,0.057467,0.102852,0.8554
297,1641.19,230.21,123.06,124.83,0.854785,0.213154,0.064093,0.115585,0.852
297,492.03,47.42,184.48,94.74,0.256264,0.043904,0.096086,0.087727,0.8515
297,1518.49,660.5,108.95,113.03,0.790881,0.611576,0.056744,0.104662,0.8441
297,930.95,848.15,66.38,66.46,0.48487,0.785323,0.034573,0.061536,0.8359
297,1813.11,471.89,98.23,98.49,0.944328,0.436931,0.05116,0.091191,0.8303
297,1473.62,82.89,58.95,57.88,0.767508,0.076745,0.030704,0.053592,0.8043
297,41.25,475.88,82.5,335.06,0.021484,0.440629,0.042967,0.310245,0.7362
297,1344.63,388.72,87.4,87.35,0.700326,0.359924,0.045521,0.080879,0.7127
297,482.75,559.14,64.53,65.86,0.251431,0.517718,0.033609,0.060978,0.7081
298,1462.35,177.31,397.77,354.61,0.76164,0.164174,0.207173,0.328347,0.9368
298,1426.88,545.21,406.12,398.37,0.743165,0.504825,0.211519,0.368864,0.9318
298,602.57,875.93,321.06,323.81,0.313837,0.811048,0.16722,0.299826,0.9283
298,983.14,718.23,366.11,365.98,0.512054,0.665028,0.190684,0.33887,0.928
298,878.59,177.94,341.71,348.61,0.457598,0.164757,0.177976,0.322789,0.9276
298,969.16,343.49,318.96,313.21,0.50477,0.318042,0.166125,0.290008,0.9219
298,1233.85,690.89,325.69,328.67,0.642632,0.639712,0.169631,0.304327,0.9209
298,1527.28,967.7,351.86,222.57,0.79546,0.896016,0.183262,0.206084,0.9196
298,146.35,863.61,289.76,346.04,0.076222,0.799636,0.150917,0.320403,0.9043
298,1808.0,710.3,190.39,193.06,0.941664,0.657684,0.09916,0.178763,0.8963
298,1658.16,260.08,120.81,122.56,0.863626,0.240819,0.062921,0.113478,0.8799
298,1184.22,124.2,76.75,79.32,0.616783,0.114996,0.039972,0.073448,0.8788
298,1709.3,975.57,110.39,109.92,0.890262,0.903303,0.057492,0.101782,0.8654
298,927.73,856.16,68.49,68.83,0.483192,0.792743,0.035671,0.063734,0.8598
298,757.9,394.53,113.84,115.62,0.39474,0.365301,0.059292,0.107057,0.8555
298,1832.31,379.75,171.84,181.11,0.954329,0.351617,0.0895,0.167693,0.8528
298,1522.07,687.35,107.55,108.92,0.792745,0.636434,0.056017,0.100854,0.8526
298,1823.45,507.31,101.65,103.52,0.949713,0.469729,0.052944,0.095851,0.8443
298,515.78,45.03,180.33,88.68,0.268638,0.041694,0.093923,0.082111,0.8258
298,43.82,451.27,87.64,335.42,0.022824,0.417843,0.045646,0.310578,0.7753
298,1357.98,410.59,87.54,88.71,0.707283,0.38018,0.045596,0.082143,0.7752
298,1496.49,106.16,64.72,65.84,0.77942,0.098299,0.033709,0.060959,0.7631
298,489.19,551.25,64.5,64.48,0.254788,0.51042,0.033596,0.0597,0.7283
299,1478.04,187.54,409.7,375.07,0.769812,0.173645,0.213388,0.34729,0.9361
299,1433.44,574.98,402.88,405.99,0.746585,0.532391,0.209834,0.375916,0.9317
299,895.2,179.41,343.44,347.17,0.466249,0.166117,0.178875,0.321451,0.9313
299,1232.78,709.91,331.64,332.24,0.642072,0.657319,0.17273,0.307632,0.9303
299,984.26,726.38,378.28,376.48,0.512635,0.672571,0.197021,0.348592,0.9287
299,597.01,872.91,322.48,323.85,0.310941,0.808248,0.16796,0.299859,0.9248
299,976.0,352.35,324.92,318.76,0.508335,0.326246,0.169229,0.29515,0.9225
299,1519.16,981.9,340.19,195.75,0.791227,0.909171,0.177181,0.181247,0.907
299,145.26,843.36,287.8,353.25,0.075657,0.780889,0.149897,0.327085,0.9065
299,921.96,865.6,66.58,66.6,0.480188,0.801485,0.034676,0.061664,0.8931
299,1806.7,748.01,194.46,195.11,0.940991,0.692605,0.101282,0.180656,0.8927
299,1702.06,1009.83,108.49,108.55,0.886488,0.935024,0.056503,0.100512,0.8743
299,1203.82,140.9,78.11,80.01,0.62699,0.130465,0.040683,0.074086,0.8718
299,769.87,396.01,112.01,113.46,0.400975,0.366674,0.05834,0.10506,0.8592
299,1829.96,546.77,104.79,103.66,0.953104,0.506267,0.054577,0.09598,0.8583
299,1673.53,292.29,121.11,123.71,0.871628,0.270637,0.063079,0.114543,0.8463
299,1523.44,715.24,107.26,107.93,0.793458,0.662259,0.055867,0.099939,0.8428
299,1839.45,415.27,161.1,179.14,0.958048,0.384508,0.083905,0.165867,0.8415
299,538.55,44.15,189.03,88.3,0.280496,0.040878,0.098456,0.081755,0.8055
299,48.32,417.77,96.64,358.33,0.025166,0.386826,0.050332,0.331786,0.7786
299,1368.45,432.87,86.27,86.7,0.712735,0.400802,0.044933,0.08028,0.7439
300,1500.3,205.1,416.04,409.84,0.781405,0.18991,0.216688,0.37948,0.9422
300,1438.44,595.99,403.82,401.99,0.74919,0.551846,0.210323,0.372211,0.936
300,914.69,185.05,348.55,346.6,0.476401,0.171346,0.181538,0.320924,0.9331
300,982.89,736.94,376.99,371.25,0.511922,0.682352,0.19635,0.343748,0.9304
300,590.88,867.47,323.2,323.6,0.30775,0.803212,0.168334,0.299626,0.9279
300,1235.89,730.59,327.14,325.97,0.643691,0.676476,0.170386,0.301823,0.9253
300,991.46,363.56,324.02,321.55,0.516385,0.336631,0.168759,0.297732,0.9079
300,1511.51,998.46,316.41,161.61,0.787245,0.924501,0.164796,0.149635,0.8994
300,141.81,821.26,283.48,365.26,0.073862,0.760426,0.147647,0.338201,0.8991
300,1806.35,784.79,188.21,188.92,0.94081,0.726654,0.098026,0.174925,0.8913
300,1688.97,325.93,122.0,121.98,0.87967,0.301787,0.063542,0.112944,0.8778
300,916.71,872.69,66.05,65.12,0.477453,0.808044,0.034402,0.060294,0.8585
300,778.66,398.57,115.44,116.78,0.405553,0.369042,0.060127,0.10813,0.8557
300,1523.02,742.95,108.75,107.84,0.793237,0.687917,0.056641,0.099851,0.8532
300,1224.62,157.18,81.82,82.08,0.637824,0.145535,0.042612,0.075996,0.8475
300,1690.54,1034.15,114.86,91.69,0.880488,0.957551,0.059825,0.084899,0.8455
300,1844.57,455.5,150.86,178.73,0.960714,0.421755,0.078572,0.165494,0.8413
300,1836.48,585.09,104.45,102.91,0.956498,0.54175,0.054403,0.095285,0.8305
300,55.06,395.86,110.12,370.55,0.028678,0.366538,0.057356,0.343103,0.7876
300,1535.92,162.03,62.2,60.42,0.79996,0.150031,0.032395,0.055947,0.7829
300,564.34,40.51,181.76,79.73,0.293928,0.03751,0.094666,0.073826,0.7796
300,1376.78,455.8,87.9,88.26,0.717072,0.422041,0.045781,0.081727,0.7731
300,499.54,537.7,64.99,64.87,0.260179,0.49787,0.033849,0.060069,0.741
301,587.3,864.77,323.2,325.6,0.305886,0.800713,0.168335,0.301486,0.9345
301,1443.08,626.59,406.89,412.99,0.751605,0.580177,0.21192,0.382397,0.9333
301,934.63,194.19,345.05,347.46,0.486784,0.179801,0.179713,0.321723,0.9318
301,1517.32,228.24,413.5,411.41,0.790271,0.211336,0.215365,0.380937,0.9286
301,983.24,746.68,371.6,373.57,0.512104,0.691368,0.193541,0.345901,0.9275
301,1232.55,745.27,332.6,332.75,0.641953,0.690068,0.17323,0.308098,0.9225
301,140.29,803.26,280.53,368.63,0.073066,0.743758,0.146108,0.341328,0.9059
301,1002.16,372.17,322.66,321.49,0.521959,0.3446,0.168053,0.297676,0.9007
301,1806.43,827.94,193.88,193.37,0.940849,0.766609,0.100978,0.179045,0.8882
301,1495.46,1010.21,344.18,137.68,0.778885,0.935379,0.179263,0.127478,0.868
301,1701.11,361.77,124.48,124.44,0.885994,0.33497,0.064831,0.115225,0.8572
301,911.16,879.22,67.63,67.87,0.474564,0.814089,0.035223,0.062845,0.8531
301,1521.57,772.51,108.03,107.78,0.792483,0.715283,0.056268,0.099792,0.8511
301,789.71,401.79,115.52,115.51,0.411305,0.372032,0.060168,0.106949,0.8504
301,1846.98,497.96,146.03,192.49,0.961971,0.461074,0.076059,0.178231,0.8328
301,1841.45,625.77,101.2,102.9,0.95909,0.579415,0.052709,0.095275,0.8324
301,1243.98,176.51,79.5,80.5,0.647904,0.163432,0.041408,0.074536,0.8271
301,62.83,374.66,125.52,380.38,0.032726,0.34691,0.065374,0.352205,0.8244
301,589.3,37.63,177.26,74.04,0.306929,0.034846,0.092325,0.068556,0.7857
301,1555.59,190.99,62.89,62.55,0.810202,0.176845,0.032755,0.057915,0.7717
301,1680.9,1051.84,119.36,56.32,0.875467,0.973924,0.062168,0.052152,0.768
301,504.97,530.27,64.69,65.07,0.263006,0.49099,0.033692,0.060255,0.7541
301,978.7,290.13,310.61,299.12,0.50974,0.26864,0.161774,0.276965,0.7203
302,1534.9,256.77,415.09,415.64,0.799426,0.237751,0.216192,0.384848,0.9374
302,580.51,860.59,324.28,326.25,0.302346,0.796841,0.168894,0.302083,0.9373
302,953.32,202.83,349.67,350.61,0.496522,0.187802,0.182119,0.32464,0.9318
302,981.28,755.3,374.72,370.86,0.511082,0.699355,0.195165,0.343388,0.9312
302,1444.62,650.51,407.76,411.33,0.752405,0.602324,0.212373,0.380866,0.9304
302,1230.62,764.65,331.58,331.07,0.640949,0.708008,0.172696,0.306543,0.9279
302,139.28,778.82,278.56,359.47,0.072542,0.721129,0.145083,0.332843,0.9198
302,1013.09,381.41,321.57,323.37,0.527652,0.353161,0.167486,0.299415,0.9155
302,1799.4,865.29,188.09,190.34,0.937189,0.801198,0.097965,0.176244,0.8989
302,72.0,343.39,143.0,395.75,0.037502,0.317957,0.074481,0.366437,0.8716
302,1713.1,397.31,121.84,121.48,0.892242,0.36788,0.063457,0.112479,0.8696
302,1262.84,195.5,80.54,81.7,0.657732,0.181014,0.041948,0.075652,0.8691
302,801.24,403.26,115.12,116.37,0.417314,0.373385,0.059957,0.107747,0.8644
302,904.88,888.63,67.83,67.93,0.471291,0.822803,0.035327,0.062897,0.8626
302,1519.22,802.49,109.26,110.12,0.791259,0.743046,0.056906,0.101959,0.8528
302,1572.5,221.65,57.86,58.31,0.819009,0.205228,0.030137,0.053989,0.8408
302,1849.86,536.77,140.28,195.15,0.963469,0.497005,0.073061,0.18069,0.8058
302,1843.8,667.3,102.14,101.23,0.96031,0.617868,0.053198,0.09373,0.8
302,1504.31,1025.68,322.24,106.72,0.783494,0.9497,0.167834,0.098816,0.7919
302,608.63,38.38,193.37,76.76,0.316994,0.035536,0.100712,0.071072,0.7855
302,511.24,522.48,64.83,64.63,0.266269,0.483782,0.033764,0.059839,0.731
303,1550.62,287.45,414.02,408.23,0.807613,0.266157,0.215636,0.377993,0.9432
303,573.55,855.53,325.09,324.53,0.298722,0.792153,0.169317,0.300495,0.9354
303,1446.22,678.54,406.44,409.35,0.753238,0.628276,0.21169,0.379024,0.9321
303,969.33,208.17,356.51,350.65,0.504857,0.192748,0.185682,0.324677,0.9288
303,1226.28,784.65,340.42,335.92,0.638685,0.726526,0.177303,0.311035,0.9274
303,979.02,765.07,374.12,373.36,0.509907,0.708398,0.194856,0.345707,0.9246
303,1027.43,392.64,329.26,324.37,0.535121,0.363557,0.171492,0.300345,0.9161
303,135.64,758.44,271.23,357.11,0.070648,0.702259,0.141266,0.330657,0.9072
303,1792.12,906.15,195.27,195.6,0.933396,0.839027,0.101703,0.181114,0.89
303,74.86,319.46,149.46,390.45,0.038987,0.295794,0.077842,0.361527,0.8784
303,1279.85,215.56,81.13,82.19,0.666587,0.199593,0.042257,0.076098,0.8679
303,1725.51,433.75,123.35,121.01,0.898701,0.401621,0.064245,0.112048,0.8668
303,812.37,408.23,117.21,117.92,0.423111,0.377995,0.061049,0.109188,0.8581
303,1515.72,832.62,108.89,107.92,0.789438,0.77094,0.056715,0.099923,0.8513
303,896.86,893.73,69.07,70.05,0.467114,0.827532,0.035975,0.064864,0.8155
303,1844.51,710.16,97.58,95.83,0.960683,0.657553,0.050824,0.088728,0.8136
303,1853.02,579.78,133.96,198.41,0.965115,0.536838,0.06977,0.18371,0.8116
303,1590.62,253.06,60.73,61.07,0.828446,0.23431,0.031632,0.05655,0.797
303,642.02,34.53,188.91,69.06,0.334385,0.031974,0.098388,0.063949,0.7335
303,1401.29,529.01,87.08,86.27,0.729837,0.489824,0.045354,0.079877,0.7166
304,1564.93,318.23,412.0,412.82,0.815069,0.294657,0.214582,0.382245,0.9386
304,565.0,850.73,325.53,325.08,0.294268,0.787715,0.169549,0.301001,0.9317
304,1225.11,805.41,333.03,330.41,0.638081,0.745753,0.173453,0.305931,0.9298
304,975.01,775.36,376.56,374.6,0.507818,0.717928,0.196125,0.346854,0.9297
304,1444.91,705.1,405.19,408.58,0.752556,0.652868,0.211037,0.37831,0.9289
304,987.84,219.14,353.74,353.9,0.514498,0.202911,0.184242,0.327689,0.9264
304,134.78,735.31,269.5,361.82,0.070197,0.680843,0.140364,0.335018,0.9134
304,1034.34,403.57,334.83,324.41,0.538719,0.373679,0.174391,0.300384,0.9131
304,84.06,286.79,167.66,412.59,0.043782,0.265551,0.087323,0.38203,0.9084
304,1783.95,946.44,190.48,190.29,0.929142,0.876335,0.099207,0.176193,0.8946
304,888.49,901.09,68.35,69.7,0.462756,0.834343,0.035597,0.064533,0.8662
304,821.92,411.17,114.39,117.52,0.428086,0.380715,0.059577,0.108814,0.864
304,1509.1,860.95,111.55,110.35,0.78599,0.797177,0.058101,0.10218,0.8527
304,1297.97,237.16,78.63,78.91,0.676024,0.21959,0.040951,0.073065,0.8511
304,1732.74,471.47,125.61,122.59,0.902469,0.436549,0.06542,0.11351,0.8505
304,1405.95,554.66,86.65,87.46,0.732265,0.513575,0.045131,0.080977,0.7859
304,1844.9,751.01,103.71,103.37,0.960888,0.695376,0.054017,0.095713,0.7784
304,1856.16,630.46,127.15,191.4,0.966751,0.583758,0.066223,0.177225,0.7768
304,663.38,33.47,188.92,66.94,0.345512,0.030989,0.098397,0.061979,0.7636
304,1848.01,65.32,143.98,130.64,0.962506,0.060484,0.074988,0.120967,0.7142
305,971.84,786.5,379.78,375.83,0.506168,0.728245,0.197805,0.347993,0.9372
305,1216.48,822.53,335.89,330.44,0.633585,0.761597,0.174944,0.305961,0.933
305,556.78,845.06,323.99,322.74,0.28999,0.782463,0.168743,0.298835,0.9327
305,1578.08,352.77,410.47,413.05,0.821915,0.326638,0.213788,0.382458,0.9307
305,1444.21,730.31,409.32,411.53,0.752195,0.676217,0.213186,0.381042,0.9277
305,1003.09,230.76,347.02,353.73,0.522443,0.213664,0.180742,0.327531,0.9269
305,1044.38,418.29,333.05,322.92,0.543946,0.38731,0.173464,0.298997,0.917
305,134.46,706.48,268.82,370.32,0.070031,0.654145,0.140009,0.342893,0.9159
305,91.35,256.34,182.71,400.84,0.04758,0.237356,0.095161,0.371146,0.9142
305,1772.69,984.56,185.12,184.55,0.923276,0.911632,0.096415,0.170883,0.9062
305,879.17,907.89,66.56,66.65,0.457901,0.840634,0.034669,0.061716,0.8784
305,1313.76,259.46,82.04,82.17,0.684247,0.240238,0.04273,0.076083,0.8685
305,1740.1,510.48,125.7,125.71,0.906304,0.472665,0.065471,0.116396,0.8671
305,1498.81,892.84,109.18,111.08,0.780632,0.826702,0.056866,0.102847,0.8511
305,831.95,416.59,115.05,115.74,0.433306,0.385733,0.059924,0.107168,0.8426
305,1855.62,88.85,128.76,177.7,0.966469,0.082269,0.067061,0.164537,0.805
305,1840.48,793.58,101.82,100.88,0.958583,0.734792,0.053029,0.093405,0.7989
305,1621.86,320.06,63.1,63.57,0.84472,0.296348,0.032867,0.058862,0.795
305,1854.71,667.17,130.52,184.83,0.965995,0.617749,0.067981,0.171136,0.7897
305,1410.35,581.55,87.32,88.27,0.734558,0.538473,0.045477,0.081733,0.7794
305,527.97,501.07,65.6,66.29,0.274985,0.463949,0.034167,0.061379,0.7146
306,964.52,796.38,372.44,366.53,0.502355,0.737388,0.193979,0.339377,0.937
306,1588.87,387.7,410.37,410.32,0.827537,0.358983,0.213736,0.379924,0.9347
306,1209.53,840.71,336.52,330.13,0.629961,0.778437,0.175271,0.30568,0.9346
306,1019.3,239.52,351.47,350.59,0.530888,0.221777,0.183056,0.324622,0.9327
306,550.82,838.83,323.67,322.24,0.286887,0.776695,0.168579,0.298367,0.9321
306,1441.15,762.29,414.92,420.79,0.7506,0.705821,0.216104,0.389623,0.9255
306,99.5,220.96,198.48,422.5,0.051822,0.204594,0.103376,0.391207,0.9115
306,1051.38,430.04,331.93,318.7,0.547593,0.398189,0.17288,0.295089,0.9102
306,131.93,679.63,263.66,367.87,0.068715,0.629285,0.137325,0.340624,0.9015
306,838.94,420.52,120.75,118.78,0.436948,0.389375,0.06289,0.109986,0.8798
306,1745.86,552.98,123.92,122.92,0.909305,0.51202,0.064539,0.113819,0.8716
306,1758.2,1007.05,189.87,145.9,0.915727,0.932456,0.098889,0.135088,0.8668
306,1492.49,922.84,109.7,107.84,0.777341,0.854485,0.057138,0.099851,0.8582
306,1328.67,282.05,81.19,81.49,0.692015,0.261153,0.042289,0.075454,0.8474
306,868.83,915.01,70.54,70.47,0.452518,0.847228,0.036737,0.065246,0.8382
306,1834.93,839.54,102.87,103.72,0.955691,0.777349,0.05358,0.096036,0.8365
306,1869.73,99.16,100.53,198.33,0.97382,0.091819,0.052361,0.183637,0.8155
306,1632.15,356.38,57.88,59.2,0.850077,0.329982,0.030147,0.054811,0.8134
306,1856.48,717.66,126.12,179.58,0.966916,0.664497,0.065689,0.166276,0.8102
306,1413.25,609.09,84.51,85.89,0.736068,0.56397,0.044018,0.079525,0.7407
306,534.15,494.99,65.23,67.13,0.278202,0.458328,0.033974,0.062159,0.7394
306,719.02,30.49,181.87,60.99,0.374487,0.028235,0.094725,0.05647,0.726
307,958.83,807.09,373.72,367.29,0.499392,0.747307,0.194644,0.340085,0.9399
307,1596.85,421.2,410.16,406.23,0.831692,0.390002,0.213624,0.376141,0.9382
307,539.26,833.24,326.97,320.83,0.280864,0.771522,0.170295,0.297068,0.9324
307,1202.28,861.33,331.52,330.38,0.626189,0.797527,0.172668,0.305907,0.9293
307,1436.77,788.25,408.76,410.17,0.748318,0.729865,0.212894,0.379785,0.9293
307,1035.93,251.88,355.02,346.78,0.539547,0.23322,0.184906,0.321094,0.9281
307,1058.15,440.56,330.11,325.53,0.55112,0.407922,0.17193,0.301414,0.9171
307,130.38,659.28,258.97,360.61,0.067908,0.610441,0.134881,0.333899,0.9089
307,107.84,204.54,215.68,397.56,0.056167,0.189386,0.112334,0.368111,0.8913
307,1749.63,591.4,123.22,123.48,0.911265,0.547591,0.064175,0.114332,0.8691
307,1826.33,882.4,102.97,103.76,0.951213,0.817033,0.053628,0.096075,0.86
307,847.47,425.36,114.9,114.96,0.44139,0.393853,0.059845,0.106444,0.8588
307,1481.31,954.01,110.07,107.37,0.771515,0.883339,0.057329,0.09942,0.8552
307,1343.87,306.13,80.3,80.61,0.699931,0.283452,0.041823,0.074634,0.8513
307,858.23,921.14,67.97,67.06,0.446995,0.852908,0.035402,0.062094,0.8487
307,1749.19,1028.86,186.37,102.28,0.911036,0.952648,0.097069,0.094703,0.82
307,1852.51,763.63,134.99,188.11,0.964847,0.707069,0.070305,0.174175,0.8171
307,1647.55,391.63,65.64,66.44,0.858102,0.362621,0.034189,0.061518,0.7917
307,1415.73,636.2,87.08,87.83,0.73736,0.589074,0.045355,0.081325,0.7481
307,539.88,486.99,65.57,65.48,0.281186,0.450921,0.03415,0.06063,0.7246
307,747.55,30.25,176.96,60.32,0.389349,0.028005,0.092164,0.055848,0.7217
307,1885.51,136.73,68.97,244.72,0.982038,0.126602,0.035924,0.226589,0.708
308,1608.8,456.75,411.1,402.01,0.837915,0.422919,0.214116,0.372233,0.9444
308,954.38,815.26,372.18,369.95,0.497072,0.754866,0.193846,0.342549,0.9377
308,1195.06,879.81,334.6,334.49,0.622426,0.814637,0.174271,0.309712,0.9309
308,1427.48,821.73,409.56,408.83,0.743482,0.760859,0.213314,0.378543,0.9277
308,1051.77,264.28,351.3,345.08,0.547795,0.244708,0.182969,0.319523,0.9276
308,532.55,824.75,326.3,327.66,0.277368,0.763658,0.169946,0.303393,0.9276
308,129.33,634.28,258.66,363.58,0.067361,0.587297,0.134721,0.336648,0.9092
308,1066.09,450.78,333.14,328.27,0.555254,0.417392,0.173512,0.30395,0.9031
308,117.32,186.68,234.56,372.26,0.061106,0.172855,0.122166,0.344683,0.8932
308,858.1,432.0,112.84,114.37,0.446925,0.400003,0.058768,0.105898,0.8705
308,1752.5,633.28,121.75,121.71,0.912759,0.586366,0.063411,0.112693,0.8664
308,1357.38,332.62,78.2,78.35,0.70697,0.307977,0.040731,0.072546,0.8609
308,846.71,928.1,67.87,69.31,0.440994,0.859354,0.03535,0.064178,0.8572
308,1466.77,986.57,105.56,108.51,0.763942,0.913489,0.054978,0.10047,0.849
308,1818.9,925.98,104.83,105.29,0.947345,0.857392,0.054601,0.097488,0.8321
308,1655.56,428.9,59.31,59.22,0.86227,0.397128,0.030889,0.054834,0.8206
308,1853.31,809.55,133.38,177.14,0.965266,0.749583,0.069469,0.164015,0.7953
308,1416.05,664.25,87.17,87.18,0.737527,0.615048,0.045399,0.080719,0.7454
308,777.58,29.98,174.27,59.76,0.404992,0.027763,0.090767,0.055333,0.7301
309,1616.67,494.69,403.77,403.83,0.842017,0.458042,0.210294,0.373915,0.945
309,1183.21,897.87,328.99,331.39,0.616256,0.83136,0.171349,0.306843,0.9308
309,940.7,824.66,361.0,367.08,0.48995,0.763579,0.18802,0.339889,0.9287
309,524.18,815.79,319.14,323.04,0.273012,0.75536,0.166217,0.299114,0.9286
309,1420.85,847.0,403.81,405.32,0.740025,0.784263,0.210316,0.3753,0.9273
309,1067.51,278.78,347.91,347.06,0.555996,0.258134,0.181201,0.321355,0.9191
309,126.73,608.83,251.74,342.72,0.066005,0.563731,0.131112,0.317329,0.9173
309,1074.17,467.11,330.99,322.98,0.559463,0.432508,0.172391,0.299059,0.9116
309,124.9,169.68,248.44,339.36,0.06505,0.157109,0.129398,0.314219,0.9007
309,834.98,931.37,67.47,68.33,0.434885,0.862376,0.035141,0.063266,0.8655
309,1750.76,675.36,121.91,121.55,0.911853,0.62533,0.063493,0.112543,0.8652
309,1368.29,358.03,79.34,79.03,0.712649,0.331511,0.041322,0.073172,0.8625
309,864.88,435.91,113.61,116.15,0.45046,0.403621,0.05917,0.107548,0.8592
309,1805.51,973.49,98.82,100.83,0.940371,0.901384,0.051467,0.093362,0.8425
309,1453.93,1016.47,106.14,104.42,0.757253,0.941177,0.055282,0.096681,0.8242
309,1848.37,858.06,143.2,181.41,0.962693,0.794501,0.074584,0.167976,0.8119
309,551.65,472.28,64.3,64.53,0.28732,0.437295,0.033488,0.059747,0.7723
309,805.26,30.53,171.19,61.06,0.419406,0.028271,0.08916,0.056541,0.7448
309,1414.84,692.95,86.76,86.18,0.736896,0.641616,0.04519,0.079792,0.7139
310,1619.46,528.73,399.6,399.7,0.843471,0.489569,0.208124,0.370089,0.9408
310,515.59,807.24,319.76,321.89,0.268536,0.747443,0.166543,0.298043,0.9332
310,933.48,833.1,359.93,362.11,0.486188,0.771388,0.187464,0.335283,0.9313
310,1079.29,291.35,345.32,343.06,0.562128,0.269768,0.179854,0.317648,0.9303
310,1170.85,916.96,319.92,317.98,0.609815,0.849039,0.166624,0.294424,0.9279
310,1410.89,877.16,402.56,395.43,0.734841,0.812184,0.209664,0.366139,0.9203
310,135.57,150.0,270.58,298.48,0.070607,0.138889,0.14093,0.276372,0.9201
310,125.08,582.24,250.15,343.95,0.065144,0.539113,0.130287,0.318471,0.9199
310,1077.8,483.63,322.36,313.38,0.561355,0.447803,0.167897,0.290168,0.9125
310,1749.08,717.5,123.68,123.06,0.91098,0.664348,0.064416,0.11394,0.8784
310,871.85,441.53,113.33,115.2,0.45409,0.40882,0.059028,0.10667,0.8642
310,1435.1,1037.13,107.59,85.74,0.74745,0.960304,0.056039,0.079392,0.8535
310,820.66,935.88,66.23,66.96,0.427429,0.866558,0.034497,0.062003,0.8471
310,1379.76,385.44,76.93,77.9,0.718627,0.356887,0.040065,0.072129,0.8453
310,1791.64,1016.75,99.43,99.28,0.933146,0.941439,0.051789,0.091922,0.8449
310,1669.23,506.26,59.56,59.93,0.869392,0.46876,0.031023,0.055492,0.8126
310,1844.76,903.14,150.48,174.96,0.960814,0.836241,0.078373,0.161996,0.806
310,1410.42,722.02,84.34,84.33,0.734594,0.668532,0.043928,0.078082,0.7898
310,825.79,32.24,179.64,64.48,0.430101,0.029854,0.093562,0.059708,0.7706
310,557.08,465.21,64.88,66.05,0.290146,0.430747,0.033791,0.061154,0.7537
310,1172.59,40.29,315.08,80.59,0.610724,0.037309,0.164106,0.074618,0.7318
311,1623.84,570.37,397.42,399.3,0.845748,0.528117,0.20699,0.369723,0.9379
311,507.02,797.81,317.39,317.99,0.264073,0.738713,0.165306,0.294433,0.9342
311,1093.49,306.19,345.15,339.72,0.569526,0.283512,0.179766,0.314552,0.932
311,922.81,840.2,365.97,363.86,0.48063,0.77796,0.190611,0.336911,0.9294
311,1398.95,892.42,400.16,375.16,0.728619,0.826317,0.208418,0.347367,0.9219
311,1156.34,929.75,322.44,300.49,0.602259,0.860883,0.167936,0.278234,0.9201
311,125.72,549.15,251.45,345.63,0.065481,0.508471,0.130962,0.320031,0.9159
311,1085.17,496.84,318.42,313.14,0.565192,0.460037,0.165845,0.289948,0.9114
311,142.72,134.51,283.46,268.85,0.074333,0.124551,0.147635,0.248932,0.9108
311,878.95,446.7,113.24,114.2,0.457786,0.413609,0.058979,0.105737,0.8798
311,1389.66,411.77,78.99,78.77,0.723783,0.381272,0.041143,0.07294,0.8655
311,1743.28,763.09,120.81,121.73,0.907958,0.706563,0.062921,0.112711,0.8582
311,1837.62,954.73,164.77,170.14,0.957092,0.884012,0.085817,0.157533,0.83
311,806.87,939.23,66.89,68.06,0.420247,0.86966,0.034841,0.063017,0.8183
311,1673.42,545.88,61.02,61.48,0.871575,0.505442,0.031783,0.05693,0.8149
311,1213.98,53.25,354.02,106.32,0.632282,0.049303,0.184384,0.098444,0.8053
311,1773.52,1047.88,92.05,64.23,0.92371,0.970263,0.047945,0.059474,0.7873
311,852.38,33.16,178.84,65.84,0.443949,0.030708,0.093147,0.060961,0.7649
311,1405.8,750.26,82.85,84.15,0.732186,0.694688,0.043152,0.077912,0.7503
311,1419.2,1052.54,103.5,54.91,0.739166,0.974578,0.053907,0.050843,0.7471
311,563.36,457.84,65.11,64.99,0.293417,0.423925,0.033914,0.060176,0.7406
312,1625.48,608.26,390.12,391.31,0.846604,0.563207,0.203187,0.362327,0.9394
312,911.23,851.02,360.54,357.11,0.474599,0.787981,0.187779,0.330656,0.9377
312,498.76,787.38,317.7,317.6,0.259773,0.729059,0.165469,0.294077,0.9311
312,124.81,522.69,249.62,338.92,0.065005,0.483974,0.130009,0.313817,0.9272
312,1141.56,938.74,322.88,282.52,0.594564,0.869205,0.168168,0.261591,0.9254
312,1107.36,320.69,341.63,328.82,0.576749,0.296938,0.17793,0.304461,0.9204
312,149.39,113.91,297.04,227.81,0.07781,0.10547,0.154707,0.21094,0.9135
312,1384.33,907.58,405.01,344.83,0.721005,0.840355,0.210945,0.31929,0.9109
312,1090.97,509.35,323.92,314.37,0.568212,0.471625,0.168709,0.291079,0.9067
312,1397.45,441.7,77.45,77.66,0.727841,0.408984,0.040336,0.071904,0.8875
312,1736.86,803.72,120.35,118.58,0.904617,0.744184,0.062683,0.109798,0.8751
312,886.39,455.43,110.83,111.99,0.46166,0.421699,0.057724,0.103693,0.8574
312,1249.31,61.61,376.28,123.23,0.650685,0.057049,0.195977,0.114099,0.8484
312,791.5,943.25,67.45,67.79,0.412239,0.873375,0.035129,0.062768,0.807
312,1726.81,43.42,290.24,86.83,0.899382,0.040199,0.151165,0.080399,0.7907
312,1829.67,997.85,179.77,162.12,0.952955,0.923934,0.093628,0.150111,0.7902
312,879.35,38.44,183.79,76.88,0.457994,0.035591,0.095724,0.071182,0.7825
312,1399.56,780.05,85.0,84.69,0.728937,0.722265,0.04427,0.078415,0.7746
312,569.5,451.31,64.85,64.75,0.296615,0.417882,0.033776,0.059952,0.7556
313,899.74,859.44,353.86,348.55,0.468617,0.795774,0.184304,0.322731,0.936
313,1624.28,645.18,386.15,388.73,0.845982,0.59739,0.201119,0.359939,0.933
313,488.68,778.23,315.82,311.1,0.25452,0.720586,0.164487,0.288057,0.9313
313,124.66,492.45,249.31,331.8,0.064926,0.455976,0.129851,0.307226,0.9276
313,1127.16,947.53,316.51,264.42,0.587065,0.877339,0.164851,0.24483,0.9264
313,1091.92,526.14,320.93,310.09,0.56871,0.487163,0.167153,0.287122,0.9242
313,160.8,100.29,317.33,200.59,0.08375,0.092864,0.165275,0.185727,0.923
313,1117.15,338.47,338.58,334.97,0.58185,0.313398,0.176342,0.31016,0.918
313,1364.77,924.06,403.58,311.88,0.710818,0.855613,0.210199,0.288775,0.9078
313,1272.15,72.69,387.23,145.39,0.662576,0.06731,0.201681,0.13462,0.8835
313,1728.67,848.54,118.05,117.29,0.90035,0.785681,0.061486,0.108597,0.8726
313,1403.57,469.69,77.0,77.03,0.731026,0.434895,0.040102,0.071321,0.8719
313,891.72,461.37,113.48,113.77,0.464439,0.427191,0.059106,0.105339,0.8625
313,1751.5,67.42,303.45,134.48,0.912241,0.062423,0.158049,0.124519,0.8594
313,1830.42,133.64,58.0,58.74,0.953345,0.123742,0.03021,0.054391,0.819
313,1813.2,1022.55,190.19,113.69,0.944375,0.946801,0.099059,0.105271,0.8184
313,776.16,946.39,67.34,66.7,0.40425,0.876283,0.035074,0.061757,0.8067
313,907.46,42.19,182.2,84.38,0.472634,0.039066,0.094898,0.078132,0.8022
313,1391.13,808.93,80.11,81.5,0.724545,0.749006,0.041724,0.075466,0.7857
313,1623.93,16.51,65.72,32.82,0.845795,0.015284,0.034229,0.030391,0.7678
314,885.53,866.09,351.07,351.95,0.461215,0.801939,0.182849,0.325879,0.9386
314,1620.92,685.23,383.93,386.24,0.844229,0.634475,0.199963,0.35763,0.9362
314,127.21,464.58,254.42,331.92,0.066255,0.430171,0.132509,0.307336,0.932
314,478.86,767.74,315.49,313.18,0.249408,0.710872,0.164318,0.289979,0.9267
314,1125.87,358.38,340.05,339.33,0.58639,0.331836,0.177111,0.314194,0.9223
314,1114.72,955.71,329.35,247.89,0.580582,0.884913,0.171535,0.229528,0.9205
314,1764.98,91.34,310.05,182.67,0.919258,0.084572,0.161484,0.169143,0.9193
314,1349.77,936.97,416.63,284.33,0.703003,0.867561,0.216996,0.263265,0.9088
314,1296.31,85.89,384.94,171.79,0.675159,0.07953,0.200491,0.159061,0.9075
314,1095.91,542.46,324.98,311.05,0.570784,0.502279,0.169259,0.288011,0.9023
314,171.46,86.58,339.09,173.16,0.089302,0.080166,0.176611,0.160332,0.8985
314,896.4,468.81,111.99,113.38,0.466874,0.434088,0.05833,0.104983,0.8767
314,1716.91,894.14,117.83,116.59,0.894224,0.827906,0.061368,0.10795,0.8716
314,1408.54,500.48,76.58,78.11,0.733613,0.46341,0.039887,0.072327,0.86
314,759.7,947.35,65.99,66.29,0.395676,0.877172,0.034368,0.061376,0.8506
314,1849.78,182.27,58.4,58.8,0.963427,0.168771,0.030419,0.054448,0.8415
314,932.69,44.55,183.54,89.11,0.485777,0.041254,0.095595,0.082509,0.8123
314,1674.13,668.77,58.84,57.38,0.871943,0.61923,0.030645,0.053126,0.7895
314,1381.53,836.93,82.42,81.24,0.719549,0.774933,0.042929,0.07522,0.76
314,581.01,436.51,64.91,64.93,0.302609,0.404179,0.033808,0.06012,0.7527
314,1649.96,38.36,73.11,73.32,0.859353,0.035514,0.03808,0.067885,0.7496
315,1617.3,723.94,380.77,381.69,0.842345,0.670314,0.198319,0.353415,0.9447
315,1781.5,111.55,277.01,223.09,0.927862,0.103285,0.144275,0.206569,0.9359
315,470.58,754.99,313.94,314.33,0.245092,0.699066,0.163509,0.291042,0.9348
315,872.61,871.08,353.56,351.29,0.454483,0.806551,0.184147,0.325273,0.9285
315,1135.89,375.64,340.21,334.23,0.591609,0.347811,0.177192,0.309471,0.9277
315,127.65,436.8,255.29,326.53,0.066482,0.404444,0.132965,0.302341,0.9231
315,1319.84,96.68,372.11,193.37,0.687418,0.089522,0.193806,0.179044,0.9217
315,1097.59,559.48,325.2,310.89,0.571662,0.518038,0.169377,0.287862,0.9181
315,1332.7,949.29,415.42,259.37,0.694113,0.878972,0.216364,0.240156,0.9173
315,1098.06,966.66,318.43,226.67,0.571909,0.895059,0.165851,0.209882,0.8999
315,195.71,74.89,334.41,149.78,0.101932,0.069343,0.174172,0.138686,0.892
315,902.06,474.25,117.32,116.52,0.469822,0.439121,0.061103,0.107893,0.8688
315,1701.94,936.99,118.01,116.38,0.886427,0.867579,0.061461,0.107762,0.8622
315,742.79,948.86,64.77,64.7,0.386872,0.878576,0.033737,0.059909,0.8618
315,1411.61,529.96,76.18,77.31,0.735213,0.4907,0.039678,0.071586,0.8606
315,1867.32,231.27,57.71,57.73,0.972564,0.214138,0.030058,0.053452,0.8416
315,957.47,48.13,188.96,96.25,0.498684,0.044561,0.098416,0.089122,0.8346
315,1670.41,711.48,59.38,58.16,0.870003,0.658778,0.030929,0.053848,0.8041
315,588.38,429.71,65.45,64.55,0.306448,0.39788,0.034088,0.059767,0.7936
315,1672.56,78.16,68.69,69.65,0.871123,0.07237,0.035778,0.064491,0.7912
315,1370.01,867.28,84.69,85.11,0.713545,0.803033,0.044108,0.078809,0.7874
316,1793.81,135.74,252.2,271.47,0.934276,0.125689,0.131356,0.251363,0.9387
316,1607.47,761.93,383.29,378.54,0.837225,0.705494,0.199632,0.350498,0.9365
316,131.74,406.06,263.49,327.79,0.068617,0.375986,0.137234,0.303507,0.9347
316,462.66,741.36,313.91,315.31,0.240966,0.686441,0.163492,0.291952,0.9327
316,858.36,875.58,357.43,355.56,0.44706,0.810726,0.186159,0.329223,0.9307
316,1342.43,110.09,369.2,220.19,0.699185,0.101938,0.19229,0.203877,0.9276
316,1095.24,573.54,329.0,318.15,0.570439,0.531052,0.171352,0.29458,0.9209
316,1140.95,392.4,355.24,339.8,0.594247,0.363336,0.18502,0.314632,0.9173
316,1308.07,962.12,418.86,233.66,0.681289,0.890848,0.218159,0.216356,0.9044
316,1072.27,971.16,336.84,217.69,0.558472,0.899219,0.175436,0.201562,0.9019
316,905.03,483.34,114.44,113.94,0.47137,0.44754,0.059604,0.105504,0.8742
316,1413.13,561.56,75.9,75.92,0.736005,0.519961,0.03953,0.070296,0.8733
316,726.0,949.25,65.7,66.64,0.378126,0.878938,0.03422,0.061705,0.865
316,1684.73,979.89,115.52,112.8,0.877464,0.907305,0.060167,0.104444,0.855
316,227.17,61.51,314.56,122.56,0.118319,0.056951,0.163833,0.113483,0.8527
316,983.93,53.1,178.34,106.12,0.512464,0.049168,0.092885,0.098263,0.8295
316,593.87,422.91,65.22,65.27,0.309305,0.391581,0.033968,0.060439,0.8174
316,1355.87,895.82,82.02,82.19,0.706185,0.829464,0.042718,0.076103,0.806
316,1662.73,753.05,58.25,57.52,0.866006,0.697271,0.03034,0.053256,0.765
317,846.33,880.43,361.79,358.9,0.440799,0.81521,0.188432,0.332313,0.9411
317,454.37,730.72,315.41,314.57,0.236651,0.676593,0.164278,0.291271,0.9363
317,1363.87,121.86,367.3,243.72,0.71035,0.112832,0.191302,0.225664,0.9361
317,1595.42,803.21,379.88,377.12,0.830949,0.743712,0.197855,0.349186,0.9347
317,1805.05,168.86,229.91,288.51,0.940128,0.15635,0.119743,0.267138,0.931
317,133.6,374.98,267.2,321.12,0.069584,0.347205,0.139167,0.297335,0.9301
317,1147.22,411.56,351.9,341.72,0.59751,0.381074,0.183279,0.316405,0.9263
317,1095.5,589.19,331.9,321.51,0.570575,0.54555,0.172864,0.297699,0.9153
317,1045.53,979.78,328.0,198.4,0.544549,0.907202,0.170832,0.183708,0.9013
317,1286.01,979.27,398.51,199.16,0.669796,0.906735,0.207558,0.184407,0.8753
317,1412.78,592.19,75.24,75.66,0.735825,0.548327,0.03919,0.070055,0.8748
317,906.51,490.47,114.43,113.61,0.472143,0.454138,0.059596,0.105192,0.8603
317,1007.7,57.63,175.77,115.26,0.524845,0.05336,0.091548,0.106719,0.856
317,1665.75,1023.38,111.58,108.5,0.867578,0.94757,0.058115,0.100461,0.8508
317,707.73,948.75,67.07,66.96,0.36861,0.878473,0.03493,0.062004,0.8299
317,1340.12,924.75,82.28,83.11,0.697981,0.856251,0.042853,0.076956,0.818
317,600.59,415.56,64.41,63.17,0.312809,0.384773,0.033545,0.05849,0.7689
317,261.56,45.31,285.45,90.6,0.136232,0.041954,0.148672,0.083888,0.7333
318,444.86,713.12,306.66,303.78,0.231696,0.660295,0.159718,0.281281,0.9421
318,827.57,884.92,350.45,351.67,0.431025,0.81937,0.182528,0.325623,0.9384
318,1384.88,136.4,355.36,272.31,0.721292,0.1263,0.185082,0.252143,0.937
318,1584.4,841.62,381.18,379.49,0.825208,0.779277,0.198529,0.351376,0.933
318,1812.46,219.24,215.07,289.39,0.943992,0.202996,0.112016,0.267954,0.926
318,1092.26,605.67,316.69,308.57,0.568886,0.560808,0.164944,0.285715,0.926
318,1157.71,432.25,336.1,330.97,0.602976,0.40023,0.175054,0.306451,0.9217
318,136.64,347.32,271.63,311.64,0.071168,0.321589,0.141473,0.288552,0.9208
318,1260.2,992.88,388.68,172.18,0.656354,0.919329,0.202436,0.159422,0.8792
318,1021.14,987.19,323.83,183.65,0.531846,0.914061,0.168663,0.170043,0.8732
318,1028.83,62.34,173.7,124.28,0.535852,0.057718,0.090469,0.115072,0.8668
318,911.66,497.29,109.95,113.11,0.474824,0.460455,0.057267,0.104729,0.865
318,1410.89,622.58,71.76,72.66,0.73484,0.576464,0.037377,0.067274,0.8624
318,688.39,946.68,64.95,65.3,0.358538,0.876553,0.03383,0.06046,0.8417
318,607.27,408.73,62.92,64.8,0.316288,0.378458,0.032769,0.059998,0.8256
318,1642.34,1044.39,117.5,71.22,0.855387,0.967027,0.061198,0.065946,0.822
318,1321.85,950.51,78.47,79.67,0.688466,0.880102,0.040869,0.073771,0.7963
318,1731.86,211.38,66.22,68.63,0.902008,0.195723,0.034489,0.063551,0.7673
318,96.86,1042.91,70.94,70.64,0.050449,0.965658,0.036947,0.065405,0.7454
319,810.73,889.82,334.04,330.87,0.422258,0.823907,0.173978,0.306361,0.9384
319,1408.02,147.37,336.84,294.73,0.733345,0.136449,0.175437,0.272898,0.9321
319,436.44,699.49,298.24,296.21,0.227311,0.647671,0.155334,0.27427,0.9305
319,1571.9,882.58,361.93,361.08,0.818697,0.817201,0.188505,0.334335,0.9296
319,1823.2,274.02,193.59,275.25,0.949585,0.253719,0.10083,0.254862,0.9284
319,1087.48,622.56,299.35,296.35,0.566398,0.57644,0.155909,0.274394,0.9249
319,1163.81,449.04,310.78,309.94,0.606149,0.415775,0.161866,0.286979,0.918
319,137.66,316.47,272.83,298.05,0.071696,0.293029,0.1421,0.275975,0.9158
319,1001.48,998.41,294.03,161.42,0.521603,0.924458,0.153141,0.149461,0.8966
319,1054.41,67.61,160.88,135.21,0.549171,0.062598,0.08379,0.125196,0.8811
319,914.51,505.03,106.68,107.26,0.476308,0.467619,0.055562,0.099311,0.867
319,1230.33,1013.69,315.76,130.92,0.640798,0.938603,0.164456,0.121222,0.8581
319,1407.08,653.23,69.52,68.58,0.732853,0.604839,0.036206,0.063505,0.8532
319,670.08,944.24,61.51,61.17,0.348998,0.874296,0.032035,0.056636,0.8309
319,1302.22,978.63,73.97,75.65,0.678241,0.906142,0.038527,0.070042,0.8253
319,140.64,1003.94,88.89,87.87,0.073251,0.92957,0.046299,0.081361,0.8004
319,1747.86,257.57,62.03,64.9,0.910346,0.238494,0.032307,0.060096,0.7835
319,71.51,1011.47,63.46,63.86,0.037245,0.936545,0.033053,0.059134,0.7546
319,612.82,401.5,59.59,60.1,0.319177,0.371757,0.031036,0.055644,0.7242
320,1553.91,912.7,347.07,334.59,0.80933,0.845095,0.180765,0.309809,0.9367
320,796.3,889.98,317.14,311.7,0.414737,0.824055,0.165177,0.288609,0.9353
320,1831.69,326.75,176.63,273.12,0.954003,0.302551,0.091994,0.252889,0.9316
320,430.26,685.28,272.25,270.33,0.224095,0.63452,0.141797,0.250307,0.9309
320,1430.27,157.53,319.25,315.05,0.744934,0.145859,0.166278,0.291717,0.9271
320,139.63,285.8,274.33,283.44,0.072725,0.26463,0.142879,0.262445,0.9242
320,1082.19,640.53,272.16,270.74,0.563642,0.593082,0.141747,0.250684,0.9221
320,1163.95,470.99,293.74,290.73,0.606222,0.436102,0.152989,0.269192,0.9114
320,976.31,1008.24,275.7,141.7,0.508497,0.933559,0.143594,0.131203,0.9059
320,1078.73,71.9,151.29,142.83,0.561839,0.066577,0.078798,0.132247,0.8796
320,1401.21,685.37,63.77,64.03,0.729794,0.634606,0.033215,0.059285,0.8717
320,916.11,514.15,95.68,96.23,0.477139,0.476063,0.049832,0.089106,0.8548
320,50.22,979.77,65.66,64.28,0.026155,0.907198,0.034198,0.059515,0.8096
320,120.06,973.13,82.49,81.99,0.062532,0.901045,0.042965,0.075914,0.8067
320,1194.8,1030.04,294.56,97.97,0.622291,0.953741,0.153419,0.090714,0.7946
320,1762.16,305.91,61.5,63.62,0.917794,0.283255,0.03203,0.058909,0.7929
320,1281.1,1004.18,71.75,71.08,0.667237,0.929795,0.037372,0.065817,0.7765
321,1534.19,936.2,338.11,287.6,0.79906,0.86685,0.176097,0.266299,0.9346
321,777.78,893.43,297.16,293.99,0.405094,0.827249,0.154769,0.272213,0.9317
321,423.45,670.26,263.21,260.6,0.220544,0.620612,0.13709,0.241296,0.9276
321,149.34,254.29,284.79,282.51,0.077782,0.235453,0.148327,0.26158,0.9275
321,1838.19,377.78,163.63,261.62,0.957389,0.349801,0.085222,0.242243,0.9275
321,1451.54,185.28,315.1,315.72,0.756013,0.171552,0.164114,0.292336,0.9264
321,1078.04,656.95,253.09,256.71,0.561482,0.608287,0.131819,0.237693,0.9249
321,1170.42,489.15,274.32,276.81,0.609595,0.452912,0.142874,0.256307,0.9183
321,951.94,1018.31,265.61,121.6,0.495802,0.94288,0.138339,0.112591,0.8992
321,1102.05,86.82,149.03,149.11,0.573983,0.080384,0.077617,0.138065,0.8655
321,1394.48,717.21,64.1,63.84,0.726293,0.66408,0.033387,0.059109,0.8277
321,915.76,521.11,90.1,92.15,0.476959,0.482507,0.046925,0.085324,0.8257
321,1255.49,1032.0,69.24,72.25,0.653902,0.955554,0.03606,0.066894,0.8029
321,98.6,944.24,84.97,84.31,0.051357,0.874295,0.044256,0.078067,0.7842
321,29.2,943.83,58.4,60.68,0.01521,0.873916,0.030419,0.056189,0.7641
321,1772.57,354.08,59.02,57.95,0.923216,0.327856,0.030738,0.053657,0.756
321,1174.57,1042.14,295.06,73.47,0.611754,0.964948,0.153675,0.068032,0.7091
322,1512.23,954.42,342.94,250.13,0.787621,0.883718,0.178615,0.231601,0.9383
322,417.43,650.52,260.19,263.14,0.21741,0.602333,0.135513,0.24365,0.9301
322,760.98,893.41,291.19,287.82,0.396342,0.827227,0.15166,0.266498,0.9294
322,1075.4,670.54,255.58,260.08,0.560102,0.620872,0.133115,0.24081,0.9255
322,159.35,225.72,290.03,287.24,0.082995,0.209004,0.151057,0.26596,0.9246
322,1467.32,218.1,318.16,322.05,0.764232,0.201947,0.16571,0.298196,0.9227
322,1172.41,511.68,277.07,274.89,0.610633,0.473782,0.144308,0.25453,0.9095
322,1844.2,435.34,151.59,255.84,0.960522,0.403092,0.078955,0.236886,0.9092
322,922.61,1022.67,249.44,112.84,0.480526,0.946916,0.129917,0.104482,0.8761
322,1121.52,101.5,148.39,147.73,0.584125,0.093985,0.077289,0.136785,0.8757
322,916.3,530.26,89.0,89.96,0.477239,0.490985,0.046356,0.083292,0.8531
322,1382.85,748.56,64.52,64.55,0.720235,0.69311,0.033607,0.05977,0.8441
322,78.91,911.62,78.83,77.56,0.041101,0.844089,0.041059,0.071814,0.808
322,1231.43,1050.58,66.48,58.83,0.641369,0.972762,0.034628,0.054476,0.7418
322,1781.33,405.67,59.17,61.27,0.927774,0.375621,0.030816,0.05673,0.7334
323,173.4,194.03,303.42,302.97,0.09031,0.179659,0.158033,0.280528,0.9348
323,1488.26,968.71,349.46,220.92,0.775136,0.896953,0.182008,0.204551,0.9338
323,742.32,893.35,307.25,304.68,0.386622,0.827172,0.160025,0.282107,0.9321
323,1478.95,254.08,332.2,331.9,0.770285,0.235263,0.173021,0.307318,0.931
323,406.62,634.76,272.38,272.17,0.21178,0.587742,0.141865,0.252009,0.9294
323,1064.76,686.86,279.93,278.51,0.554564,0.635983,0.145798,0.25788,0.926
323,1170.8,528.43,295.17,296.22,0.609792,0.489291,0.153737,0.274275,0.9152
323,1840.26,490.68,159.48,273.8,0.958469,0.454337,0.083062,0.253523,0.9083
323,1142.9,115.71,158.23,158.62,0.595259,0.107138,0.082412,0.146867,0.8858
323,901.5,1025.85,255.7,106.72,0.46953,0.94986,0.133177,0.098815,0.8655
323,915.31,536.58,99.33,100.27,0.476723,0.496838,0.051735,0.092843,0.8653
323,1372.6,779.34,66.67,67.79,0.714898,0.721615,0.034722,0.06277,0.8471
323,56.55,876.8,84.91,84.32,0.029452,0.811852,0.044226,0.078074,0.8399
323,588.53,920.65,58.04,56.88,0.306524,0.852458,0.030231,0.052664,0.8332
323,1202.48,1060.17,72.15,39.67,0.626291,0.981635,0.03758,0.03673,0.7211
323,1784.8,457.14,60.44,63.67,0.929585,0.423277,0.031477,0.058954,0.71
324,1490.42,287.78,360.84,361.79,0.77626,0.266462,0.18794,0.334995,0.9386
324,400.97,616.31,300.41,302.31,0.208837,0.570653,0.156461,0.279914,0.9339
324,723.76,893.02,330.52,330.5,0.37696,0.826867,0.172148,0.306016,0.9297
324,190.66,169.43,305.25,301.37,0.0993,0.156881,0.158987,0.279049,0.928
324,1171.72,548.29,322.69,323.69,0.610273,0.507672,0.168067,0.299713,0.9271
324,1051.78,700.5,297.43,296.55,0.547801,0.648615,0.154912,0.274581,0.9266
324,1838.38,543.96,163.24,286.86,0.95749,0.503663,0.085021,0.265615,0.9121
324,1458.74,983.6,364.32,190.89,0.75976,0.910737,0.189753,0.176749,0.9026
324,1160.84,137.37,177.66,178.25,0.604604,0.127194,0.092532,0.165042,0.885
324,912.83,544.14,107.24,108.68,0.475433,0.50383,0.055853,0.100625,0.8719
324,1359.13,809.72,69.52,71.09,0.70788,0.749744,0.036208,0.065824,0.8485
324,567.59,910.96,60.7,61.33,0.295619,0.843484,0.031616,0.05679,0.8448
324,867.03,1024.18,288.52,110.06,0.451577,0.948317,0.150272,0.101906,0.8345
324,645.33,369.63,61.25,60.96,0.336109,0.342251,0.031903,0.056449,0.8301
324,42.8,841.25,85.59,91.68,0.022289,0.778932,0.044578,0.084892,0.8251
324,1788.07,506.34,65.58,65.99,0.931284,0.468836,0.034158,0.061106,0.7554
324,1872.12,108.87,95.76,217.74,0.975062,0.100807,0.049877,0.201613,0.7029
325,1500.27,325.94,370.4,365.91,0.781392,0.301794,0.192916,0.338807,0.9365
325,703.04,888.9,339.4,346.02,0.366166,0.823059,0.176772,0.320385,0.9336
325,207.11,146.43,316.27,292.85,0.10787,0.13558,0.164724,0.27116,0.9329
325,1169.24,566.72,336.78,335.79,0.608977,0.524745,0.175407,0.310915,0.931
325,395.0,597.63,303.75,304.38,0.20573,0.553361,0.158206,0.281833,0.9269
325,1833.61,602.01,172.77,302.46,0.955007,0.557415,0.089986,0.28006,0.9205
325,1048.61,715.36,317.14,314.72,0.546151,0.66237,0.165178,0.291403,0.9196
325,1179.42,157.27,176.76,176.31,0.614279,0.145625,0.092063,0.163254,0.8996
325,907.83,551.67,112.73,113.44,0.47283,0.510805,0.058716,0.105035,0.8698
325,1342.12,839.77,75.36,75.24,0.699023,0.777563,0.039252,0.069663,0.8621
325,547.53,901.29,64.3,64.55,0.28517,0.834528,0.033491,0.059767,0.8461
325,1434.08,999.96,405.22,158.54,0.746919,0.925892,0.211052,0.146797,0.845
325,832.65,1024.61,284.81,109.23,0.433672,0.948717,0.14834,0.101136,0.8335
325,34.34,805.71,68.67,90.48,0.017883,0.746026,0.035766,0.083779,0.8066
325,651.97,362.72,61.01,61.82,0.339569,0.33585,0.031776,0.057237,0.8011
325,1787.07,557.12,71.4,72.1,0.930768,0.515853,0.037188,0.066755,0.7866
326,1509.29,363.32,374.87,370.13,0.786089,0.336407,0.195245,0.342709,0.9347
326,682.56,882.13,342.11,344.34,0.355502,0.816789,0.17818,0.318837,0.9343
326,1167.07,586.83,334.07,336.69,0.607851,0.543361,0.173996,0.311754,0.934
326,389.71,578.29,307.46,307.48,0.202975,0.535452,0.160134,0.284706,0.9334
326,1828.71,658.27,182.58,306.7,0.952452,0.609509,0.095095,0.283978,0.9324
326,228.13,135.89,325.75,270.47,0.118819,0.125827,0.169661,0.250439,0.9183
326,1035.29,730.1,317.69,312.91,0.539213,0.67602,0.165462,0.289731,0.9176
326,907.0,556.95,113.33,113.29,0.472397,0.515696,0.059028,0.104897,0.8864
326,1324.02,868.53,77.11,76.75,0.689594,0.804197,0.040161,0.071061,0.8791
326,1196.61,177.85,176.1,176.17,0.623237,0.164677,0.091718,0.163119,0.8755
326,525.85,889.58,64.1,64.28,0.27388,0.823683,0.033387,0.059523,0.8372
326,1408.72,1015.18,424.84,127.66,0.733706,0.939985,0.221273,0.118202,0.7858
326,811.54,1022.5,315.74,113.45,0.422679,0.946758,0.164446,0.10505,0.7832
326,658.17,356.39,63.01,62.97,0.342797,0.329987,0.032816,0.058303,0.7684
326,1331.41,33.18,149.8,65.39,0.693441,0.03072,0.078021,0.060551,0.7534
326,1784.27,608.28,69.41,71.13,0.929308,0.563222,0.036152,0.065861,0.7374
327,1820.98,718.54,198.05,317.11,0.948425,0.665315,0.103149,0.293621,0.9364
327,385.61,559.24,315.2,313.79,0.200838,0.517813,0.164165,0.290542,0.9333
327,658.98,879.03,354.61,353.89,0.343219,0.81392,0.184693,0.327677,0.933
327,1515.02,400.46,380.72,377.65,0.789072,0.370794,0.19829,0.349677,0.9278
327,1161.46,606.76,330.62,333.77,0.604927,0.561816,0.1722,0.309044,0.9266
327,1019.55,741.77,313.06,313.04,0.531013,0.686821,0.163054,0.289847,0.9165
327,245.78,119.85,336.76,239.7,0.128012,0.110972,0.175396,0.221945,0.9105
327,1212.29,200.32,175.29,178.2,0.631402,0.185482,0.091299,0.165,0.8881
327,902.84,563.3,114.16,111.76,0.47023,0.521575,0.059457,0.103481,0.8793
327,1304.02,895.51,77.21,79.67,0.679179,0.829176,0.040212,0.07377,0.8604
327,505.06,876.76,64.92,65.74,0.26305,0.811813,0.033812,0.060873,0.8508
327,1778.4,660.02,73.19,73.21,0.926252,0.611126,0.038121,0.067786,0.7763
327,665.5,350.73,62.5,63.09,0.346614,0.32475,0.032552,0.058418,0.7677
327,776.36,1020.7,324.04,116.86,0.404356,0.945093,0.168773,0.108201,0.7503
327,1352.89,49.97,165.35,99.92,0.704629,0.04627,0.08612,0.092519,0.7339
327,1372.41,1028.48,381.21,101.2,0.714799,0.952296,0.198546,0.093706,0.7102
328,379.76,540.29,314.96,310.77,0.197794,0.500272,0.164041,0.287753,0.9402
328,1818.09,776.53,203.83,308.62,0.94692,0.71901,0.106161,0.285759,0.9362
328,1519.77,437.02,376.59,376.53,0.791549,0.404652,0.196142,0.348641,0.9316
328,635.51,875.59,355.68,357.04,0.330995,0.810732,0.185252,0.330594,0.9286
328,263.7,107.64,340.85,215.28,0.137342,0.099666,0.177524,0.199333,0.9284
328,1154.39,625.66,339.6,336.91,0.601245,0.579318,0.176877,0.311952,0.9268
328,1006.32,754.66,310.91,314.39,0.524123,0.698758,0.161931,0.291104,0.9092
328,1225.96,221.33,180.53,177.86,0.638519,0.204934,0.094027,0.164686,0.8827
328,898.65,569.96,116.59,114.8,0.468047,0.52774,0.060726,0.106293,0.8755
328,1282.43,922.68,77.51,77.25,0.667934,0.854334,0.040371,0.07153,0.8667
328,485.18,862.46,65.32,65.7,0.252698,0.798578,0.034023,0.060835,0.858
328,1768.78,710.34,73.55,73.52,0.921238,0.657721,0.038309,0.068075,0.7825
328,1469.34,54.37,339.65,108.52,0.765279,0.050339,0.176902,0.100485,0.77
328,739.46,1021.13,311.48,115.94,0.385134,0.945492,0.162232,0.107356,0.7657
328,1380.92,63.9,158.14,127.81,0.719231,0.059169,0.082364,0.118339,0.7096
329,616.74,867.93,357.61,353.93,0.32122,0.803636,0.186255,0.327716,0.9328
329,1520.93,474.32,375.7,375.66,0.792151,0.439188,0.195679,0.347835,0.9323
329,376.44,517.56,313.49,309.91,0.196063,0.479221,0.163277,0.286953,0.9319
329,1807.75,835.03,224.51,321.46,0.941534,0.773171,0.116931,0.297647,0.9311
329,1145.03,645.26,340.17,336.54,0.59637,0.597466,0.177174,0.311613,0.9244
329,993.97,765.97,319.82,316.16,0.517695,0.709228,0.166572,0.292737,0.9209
329,286.69,93.91,339.4,187.82,0.149316,0.086954,0.17677,0.173908,0.9154
329,1491.29,71.66,368.58,143.09,0.776713,0.066356,0.191968,0.132491,0.8837
329,1239.9,243.68,177.09,174.22,0.645784,0.225634,0.092232,0.161313,0.883
329,1259.01,948.44,75.55,75.65,0.655735,0.878189,0.039349,0.070046,0.8575
329,894.21,577.51,112.04,111.59,0.465733,0.534731,0.058356,0.103321,0.8485
329,464.75,846.29,64.85,65.96,0.242058,0.783603,0.033775,0.06107,0.8393
329,1755.23,761.79,73.88,74.55,0.914184,0.705365,0.038479,0.06903,0.8376
329,1809.69,1006.29,58.82,59.12,0.942549,0.931754,0.030633,0.054739,0.8251
329,704.4,1017.95,351.53,122.13,0.366874,0.942549,0.18309,0.113084,0.8185
329,1405.61,83.11,150.22,150.48,0.732089,0.07695,0.078239,0.139337,0.8145
330,376.32,495.96,313.93,314.52,0.196001,0.45922,0.163507,0.291224,0.9327
330,595.5,860.19,359.87,357.52,0.310157,0.796474,0.187435,0.331038,0.9305
330,1801.03,890.09,237.91,310.85,0.938038,0.824159,0.12391,0.287823,0.9288
330,1520.19,512.71,383.15,383.96,0.791766,0.474736,0.199559,0.355517,0.9275
330,1137.33,663.62,328.93,326.94,0.592358,0.61446,0.17132,0.302725,0.9227
330,1518.04,95.5,395.86,190.99,0.790648,0.088423,0.206179,0.176847,0.9158
330,978.43,777.98,319.86,317.21,0.509598,0.720355,0.166595,0.293709,0.9156
330,1248.51,268.8,183.44,183.25,0.650266,0.248885,0.09554,0.169673,0.892
330,307.81,81.32,360.02,162.63,0.160318,0.075294,0.187508,0.150588,0.8895
330,887.8,582.53,111.28,111.76,0.462394,0.539376,0.057958,0.103482,0.8709
330,1232.57,972.86,79.46,78.37,0.641962,0.900799,0.041384,0.072565,0.8685
330,1739.53,813.06,73.84,73.97,0.906003,0.752834,0.038456,0.068495,0.8427
330,1420.33,115.11,152.94,153.07,0.739755,0.10658,0.079657,0.141733,0.8403
330,444.91,828.69,67.07,68.36,0.231725,0.767309,0.034934,0.063298,0.8228
330,673.44,1014.85,345.9,128.67,0.350749,0.939674,0.180154,0.119141,0.788
330,684.16,332.42,63.83,63.56,0.356332,0.3078,0.033245,0.058848,0.7176
331,376.01,473.44,316.09,314.56,0.195838,0.438367,0.16463,0.291262,0.9366
331,1518.13,549.5,389.11,389.65,0.790694,0.508793,0.202663,0.360784,0.9357
331,575.58,848.47,360.23,359.2,0.299783,0.78562,0.187621,0.332594,0.9307
331,1786.37,931.14,266.71,297.73,0.930403,0.862163,0.138913,0.275673,0.9307
331,959.31,787.65,318.01,314.37,0.499638,0.729303,0.165631,0.291079,0.9264
331,1535.99,117.89,422.01,235.78,0.799995,0.109156,0.219799,0.218312,0.9264
331,1126.43,682.21,331.93,335.67,0.586685,0.631676,0.172878,0.310805,0.9164
331,1259.77,292.14,179.81,182.46,0.656131,0.270499,0.093649,0.168946,0.8959
331,881.4,585.71,110.82,111.56,0.459062,0.542321,0.057719,0.103293,0.8834
331,331.14,67.87,349.17,135.69,0.172468,0.062842,0.181859,0.125637,0.8755
331,1206.83,996.68,76.29,75.44,0.62856,0.922853,0.039733,0.069855,0.8586
331,425.75,810.47,68.38,67.78,0.221742,0.750439,0.035616,0.06276,0.8573
331,1721.07,860.92,72.26,72.43,0.896391,0.797144,0.037634,0.067069,0.8102
331,637.21,1009.83,332.4,139.06,0.331879,0.935028,0.173125,0.128758,0.8078
331,1438.93,148.05,158.13,157.46,0.749442,0.137087,0.082361,0.145793,0.7928
331,1856.82,1012.58,124.06,128.31,0.967092,0.937571,0.064616,0.118804,0.7866
332,1553.23,141.92,408.43,283.29,0.808976,0.131406,0.212722,0.262305,0.9395
332,1510.66,589.86,396.26,393.81,0.786802,0.546164,0.206383,0.364638,0.9368
332,552.94,837.07,373.82,372.01,0.287991,0.775062,0.194697,0.344451,0.9344
332,372.31,451.89,322.58,319.26,0.193909,0.418412,0.168008,0.295612,0.9339
332,1113.83,697.97,338.52,344.24,0.580119,0.646272,0.176315,0.318744,0.9309
332,940.28,797.85,316.07,315.8,0.48973,0.738747,0.164621,0.292407,0.923
332,1770.56,959.16,298.88,240.25,0.922166,0.888113,0.155669,0.222451,0.9207
332,1267.55,316.75,186.52,189.97,0.660181,0.293289,0.097146,0.175901,0.8965
332,873.92,589.75,115.49,114.43,0.455168,0.546068,0.060151,0.105955,0.8777
332,584.7,1000.56,370.14,157.8,0.304533,0.926449,0.192782,0.146107,0.8656
332,1177.69,1018.09,79.86,78.84,0.613382,0.942679,0.041595,0.072998,0.8575
332,1697.94,910.46,75.25,74.64,0.884342,0.843015,0.039192,0.069114,0.8495
332,406.23,791.41,67.15,68.3,0.211579,0.732789,0.034972,0.063238,0.8381
332,1458.88,179.66,163.72,162.57,0.759833,0.166354,0.08527,0.150531,0.8299
332,356.62,59.64,384.27,119.13,0.18574,0.055222,0.20014,0.110309,0.8014
332,699.0,320.87,65.2,64.76,0.364061,0.297099,0.033959,0.059965,0.774
332,1828.46,1043.72,117.74,72.55,0.952323,0.966411,0.061322,0.067177,0.7476
332,1833.77,96.61,104.36,103.16,0.955091,0.089453,0.054355,0.095517,0.7352
333,535.12,822.2,373.99,369.37,0.278709,0.761295,0.194785,0.342007,0.9378
333,1097.3,713.34,350.06,347.15,0.571511,0.660496,0.182321,0.321433,0.9363
333,1505.44,627.35,395.81,399.1,0.784086,0.580877,0.20615,0.369538,0.9347
333,372.23,428.65,330.03,328.84,0.193871,0.396899,0.17189,0.304478,0.9316
333,917.83,804.57,324.11,324.34,0.478037,0.744974,0.168806,0.300311,0.9191
333,1748.93,981.27,339.44,195.37,0.910903,0.908582,0.176794,0.180899,0.9109
333,1574.12,159.38,412.64,318.47,0.819854,0.147576,0.214916,0.294881,0.9061
333,1274.03,342.86,188.06,187.15,0.663555,0.317466,0.097949,0.173285,0.8823
333,553.19,991.58,379.0,175.18,0.288122,0.918129,0.197398,0.162206,0.8678
333,865.61,595.35,112.97,113.86,0.450838,0.551254,0.05884,0.105426,0.8663
333,1145.31,1037.66,80.84,79.87,0.596518,0.960793,0.042102,0.073951,0.8633
333,388.28,769.02,70.96,70.69,0.202227,0.712054,0.036958,0.065453,0.8367
333,1467.34,214.11,163.67,164.41,0.764239,0.198246,0.085243,0.152228,0.8352
333,1673.1,959.26,76.62,75.84,0.871407,0.888202,0.039906,0.070223,0.8225
333,1854.78,149.41,106.22,108.19,0.96603,0.138346,0.055323,0.100172,0.8087
333,378.14,49.78,345.08,99.55,0.196948,0.046089,0.179729,0.092178,0.7684
334,1494.45,662.86,405.73,405.0,0.778357,0.61376,0.21132,0.375001,0.9443
334,371.83,403.96,336.65,331.06,0.193659,0.374036,0.175341,0.306538,0.94
334,513.36,808.03,376.14,371.6,0.267374,0.74818,0.195906,0.344078,0.9367
334,1588.24,181.88,410.46,363.76,0.827209,0.168407,0.213783,0.336814,0.9276
334,1084.28,730.45,350.84,348.07,0.564732,0.67634,0.18273,0.32229,0.9273
334,899.18,808.73,327.27,333.77,0.468323,0.748824,0.170453,0.30905,0.9248
334,1280.4,367.98,187.86,184.66,0.666876,0.340718,0.097843,0.17098,0.8929
334,1727.33,1008.87,349.24,140.58,0.899654,0.934142,0.181896,0.13017,0.8893
334,525.45,984.51,381.84,188.97,0.27367,0.911585,0.198875,0.174971,0.887
334,858.08,598.81,114.96,116.33,0.446915,0.554451,0.059874,0.107716,0.8627
334,1645.99,1005.23,79.25,78.98,0.857288,0.93077,0.041278,0.073131,0.8399
334,369.86,746.29,67.76,67.36,0.192636,0.691011,0.035293,0.062373,0.8373
334,1114.15,1048.38,76.35,63.24,0.580289,0.97072,0.039767,0.058559,0.7974
334,1481.83,251.16,171.56,170.78,0.771789,0.232556,0.089356,0.15813,0.7527
334,402.16,40.52,376.81,81.05,0.209461,0.037521,0.196254,0.075043,0.713
335,1480.83,704.43,410.24,404.6,0.771264,0.652251,0.213666,0.374631,0.9401
335,491.34,790.97,380.94,377.97,0.255908,0.732376,0.198404,0.349968,0.9344
335,374.94,380.44,328.06,329.05,0.195283,0.352258,0.170865,0.304676,0.9323
335,1604.56,209.06,421.95,408.31,0.835707,0.19357,0.219768,0.378063,0.9274
335,1067.34,746.46,354.59,353.91,0.555904,0.691168,0.184681,0.327698,0.9232
335,880.51,814.48,324.19,331.56,0.4586,0.754149,0.168848,0.306996,0.9218
335,1283.13,393.64,187.47,187.06,0.668297,0.364483,0.097641,0.173205,0.8915
335,847.76,599.69,117.23,118.11,0.441541,0.55527,0.061059,0.109357,0.8757
335,498.86,980.34,368.49,197.11,0.259824,0.907719,0.19192,0.182507,0.8679
335,353.03,721.57,70.26,70.31,0.183869,0.66812,0.036596,0.065106,0.8438
335,1699.91,1027.24,324.97,103.94,0.88537,0.951148,0.169256,0.096244,0.8004
335,1612.89,1046.4,75.05,67.19,0.840048,0.968893,0.039087,0.062215,0.7973
335,1079.94,1054.92,80.57,50.16,0.562467,0.976776,0.041965,0.046448,0.7385
335,1486.28,286.34,169.59,170.8,0.774103,0.26513,0.088328,0.158152,0.7146
336,376.53,355.67,334.31,333.53,0.196109,0.329324,0.174118,0.30882,0.9395
336,1618.16,244.93,425.92,423.23,0.842791,0.226787,0.221834,0.391883,0.9393
336,475.67,773.25,379.72,374.47,0.247745,0.715971,0.197768,0.346727,0.938
336,1046.45,757.59,350.7,354.63,0.545024,0.701471,0.182657,0.32836,0.9348
336,1464.66,735.79,405.45,409.37,0.762842,0.681289,0.21117,0.379047,0.9335
336,857.1,815.17,331.0,329.59,0.446407,0.754783,0.172398,0.305178,0.9253
336,460.82,968.47,359.53,221.54,0.24001,0.896731,0.187254,0.205134,0.8995
336,1285.17,418.65,187.15,185.19,0.669362,0.387638,0.097474,0.171472,0.8901
336,837.72,599.59,114.35,115.59,0.436311,0.555172,0.05956,0.107027,0.8702
336,337.4,696.16,71.3,70.54,0.175732,0.644595,0.037136,0.065314,0.8303
336,1878.36,321.84,83.28,111.71,0.978312,0.298004,0.043377,0.103437,0.774
337,1446.46,771.07,405.29,405.71,0.753366,0.713952,0.211086,0.375661,0.9378
337,380.97,331.35,331.33,328.92,0.198421,0.306803,0.172566,0.304556,0.9367
337,1630.74,284.96,414.02,419.92,0.849342,0.263851,0.215637,0.388811,0.9299
337,451.86,752.0,381.11,382.77,0.235343,0.696301,0.198492,0.354417,0.9298
337,1027.99,767.95,361.28,360.93,0.535412,0.711064,0.188164,0.334194,0.9287
337,836.0,817.03,334.37,335.89,0.435417,0.756509,0.174152,0.311005,0.9222
337,425.34,959.34,356.08,239.48,0.221529,0.888279,0.18546,0.221736,0.9073
337,1283.38,445.15,188.65,192.44,0.668427,0.412178,0.098253,0.178185,0.8877
337,829.42,602.58,113.84,115.96,0.431991,0.557942,0.059292,0.107372,0.863
337,322.48,669.27,70.45,70.07,0.167959,0.619694,0.036691,0.06488,0.8557
337,1863.0,897.34,114.01,357.13,0.97031,0.830866,0.059379,0.330677,0.7774
337,1879.37,380.05,81.26,117.92,0.97884,0.351898,0.042321,0.109183,0.7595
338,1427.39,806.44,411.17,409.76,0.743432,0.746705,0.214149,0.379409,0.9432
338,1632.06,332.59,412.88,410.82,0.850031,0.307952,0.215044,0.380392,0.9349
338,1013.44,781.15,352.28,354.32,0.527834,0.723285,0.183479,0.328071,0.9345
338,387.63,307.13,334.48,332.89,0.201893,0.284377,0.174208,0.30823,0.9308
338,437.05,730.35,375.87,370.78,0.227629,0.676246,0.195763,0.343319,0.9299
338,816.4,815.16,327.51,334.63,0.425209,0.754774,0.17058,0.309839,0.9224
338,390.59,947.71,362.24,264.04,0.203434,0.877512,0.188668,0.244484,0.9057
338,1283.45,468.15,190.83,189.92,0.668462,0.433476,0.09939,0.175851,0.9018
338,819.3,601.86,113.91,114.74,0.42672,0.557282,0.059327,0.10624,0.8824
338,308.57,640.9,70.14,70.06,0.160713,0.593429,0.03653,0.064873,0.8238
338,1849.8,927.24,140.4,305.52,0.963437,0.858554,0.073127,0.282892,0.7762
338,1881.24,437.79,77.53,119.37,0.979811,0.405358,0.040378,0.110524,0.719
339,390.92,279.09,333.79,335.21,0.203602,0.258413,0.173847,0.310383,0.9372
339,421.19,706.56,381.76,376.5,0.21937,0.654226,0.198832,0.348613,0.9339
339,1639.6,374.91,413.33,414.78,0.85396,0.347141,0.215276,0.384058,0.9315
339,1403.32,838.6,399.7,402.75,0.730895,0.776482,0.208177,0.372912,0.9306
339,988.44,791.03,351.07,354.61,0.514814,0.732438,0.18285,0.328344,0.9296
339,793.45,813.71,329.43,330.21,0.413256,0.753436,0.17158,0.305749,0.9275
339,362.0,934.58,356.45,290.84,0.188542,0.865351,0.185651,0.269298,0.9103
339,1281.13,492.93,195.78,192.31,0.667254,0.456414,0.101969,0.178061,0.8955
339,808.49,599.75,114.94,115.64,0.421087,0.555323,0.059867,0.107071,0.8701
339,296.61,611.36,68.13,68.75,0.154483,0.56607,0.035485,0.063661,0.8236
339,1825.28,946.49,189.44,265.12,0.950666,0.876381,0.098667,0.245479,0.7151
340,1381.08,869.91,401.61,397.52,0.719314,0.805474,0.209171,0.368072,0.9401
340,400.2,256.01,330.08,327.13,0.208438,0.23705,0.171915,0.302896,0.9338
340,1640.65,415.42,416.36,407.97,0.854507,0.384649,0.216856,0.377754,0.9294
340,404.96,683.76,378.32,372.13,0.210916,0.633113,0.19704,0.344565,0.9289
340,966.86,796.39,358.15,357.85,0.503574,0.7374,0.186534,0.331347,0.9289
340,768.91,811.72,324.94,331.31,0.400473,0.751594,0.169237,0.306764,0.9264
340,325.14,921.57,347.12,316.86,0.169343,0.853303,0.180793,0.293393,0.9063
340,1275.77,517.98,188.27,188.44,0.664464,0.479614,0.098059,0.174477,0.9039
340,798.74,598.37,115.19,116.91,0.416013,0.554051,0.059993,0.108253,0.8519
340,284.62,580.11,70.6,69.71,0.148242,0.53714,0.03677,0.064547,0.8381
341,1354.61,888.65,402.44,382.7,0.705528,0.822826,0.209606,0.354349,0.9368
341,409.71,228.98,333.31,332.33,0.213393,0.21202,0.173597,0.307716,0.9364
341,748.19,806.23,315.65,319.35,0.389682,0.74651,0.164399,0.295698,0.9304
341,385.81,655.4,375.84,374.0,0.200943,0.60685,0.195752,0.3463,0.9285
341,1635.35,462.17,405.58,405.81,0.851744,0.427934,0.21124,0.37575,0.9276
341,945.29,803.55,348.56,352.51,0.492337,0.744028,0.181541,0.326396,0.9197
341,298.04,902.92,344.35,337.28,0.155227,0.836034,0.17935,0.312299,0.8952
341,1270.78,538.48,186.59,185.18,0.661867,0.498589,0.097181,0.171464,0.8944
341,788.95,595.21,117.52,118.1,0.410913,0.551119,0.06121,0.109352,0.8884
341,276.19,549.57,69.62,69.85,0.14385,0.508865,0.036261,0.064679,0.8594
341,77.22,1052.79,58.99,54.41,0.040221,0.974808,0.030722,0.050383,0.8257
341,1797.3,1021.26,245.4,116.08,0.936094,0.945609,0.127813,0.107479,0.7947
341,1502.65,507.25,177.65,173.18,0.782629,0.469676,0.092525,0.160355,0.7327
341,348.32,1006.13,401.34,145.9,0.181417,0.931606,0.209029,0.135096,0.7123
342,373.03,629.03,369.3,368.75,0.194289,0.582438,0.192341,0.341431,0.9361
342,1329.13,907.46,391.84,345.07,0.692256,0.840243,0.204082,0.319513,0.9352
342,419.49,202.72,329.42,328.82,0.218482,0.187705,0.171572,0.304459,0.9326
342,1630.92,504.8,412.64,405.64,0.849436,0.467405,0.214914,0.375596,0.9287
342,729.49,802.29,320.45,322.33,0.379945,0.742862,0.166902,0.29845,0.9262
342,923.38,809.02,344.22,348.66,0.480929,0.749089,0.179281,0.322835,0.9253
342,273.99,872.98,334.88,335.49,0.142705,0.808312,0.174416,0.310634,0.9219
342,1262.18,563.03,182.98,187.22,0.657384,0.521321,0.095304,0.173349,0.8848
342,776.45,590.89,115.28,115.28,0.404401,0.547123,0.060042,0.106741,0.869
342,266.78,516.35,67.75,68.76,0.13895,0.478097,0.035285,0.063665,0.822
342,316.52,990.95,417.33,176.24,0.164854,0.917551,0.217358,0.163183,0.8044
342,33.65,41.62,67.3,83.16,0.017526,0.038541,0.035052,0.077003,0.8029
342,1490.64,540.36,166.54,168.68,0.776374,0.500331,0.086739,0.156186,0.7562
343,1300.15,917.74,389.58,324.52,0.677163,0.849758,0.202906,0.300483,0.9389
343,428.15,179.77,327.8,320.9,0.222997,0.166457,0.170729,0.297134,0.9362
343,359.94,601.32,363.23,362.24,0.187466,0.556774,0.189182,0.335409,0.9353
343,1627.48,544.87,400.68,395.25,0.847645,0.504506,0.208688,0.365974,0.934
343,901.99,811.22,340.64,340.92,0.469785,0.751129,0.177414,0.315671,0.933
343,704.78,791.67,316.38,320.42,0.367075,0.733031,0.164783,0.296688,0.9276
343,246.66,838.62,340.74,333.6,0.128466,0.776499,0.177469,0.308889,0.9267
343,1252.73,584.12,184.46,185.64,0.652464,0.540848,0.096074,0.171893,0.8691
343,767.67,584.46,115.57,116.09,0.399828,0.541166,0.060195,0.107489,0.8597
343,271.83,980.0,412.8,197.77,0.141577,0.907403,0.215001,0.183121,0.8518
343,1481.51,573.73,162.41,165.23,0.771619,0.531231,0.084588,0.152987,0.8403
343,260.61,483.23,67.38,66.97,0.135734,0.447431,0.035094,0.062005,0.8352
344,1619.51,586.36,402.62,398.39,0.843497,0.542923,0.209697,0.368882,0.9437
344,442.28,158.8,315.63,307.58,0.230355,0.147038,0.164393,0.284793,0.9369
344,350.57,571.21,360.34,359.5,0.182588,0.528899,0.187677,0.332871,0.9363
344,1268.7,927.96,396.23,304.09,0.66078,0.859218,0.20637,0.281565,0.9312
344,876.06,810.37,334.97,338.11,0.456279,0.750346,0.174463,0.313065,0.9287
344,219.56,805.99,331.71,329.01,0.114353,0.746287,0.172767,0.304642,0.922
344,684.75,780.3,323.74,323.17,0.35664,0.722504,0.168616,0.299236,0.9216
344,1243.35,602.71,184.0,182.55,0.647578,0.558062,0.095834,0.169029,0.8881
344,228.15,962.41,400.81,233.04,0.118829,0.891116,0.208758,0.215778,0.8834
344,755.42,578.63,112.42,113.57,0.393447,0.535766,0.058551,0.105159,0.8572
344,255.07,447.75,66.44,65.91,0.13285,0.414579,0.034604,0.06103,0.8479
344,1663.94,54.12,378.3,108.14,0.866634,0.050115,0.19703,0.100127,0.7594
344,1475.06,609.16,170.78,169.49,0.768261,0.564037,0.08895,0.156939,0.7039
345,1604.75,628.38,401.28,402.22,0.835807,0.58183,0.209,0.372429,0.9412
345,1233.24,939.44,392.95,280.09,0.64231,0.869851,0.204662,0.25934,0.9366
345,335.82,543.39,362.22,359.32,0.174908,0.503135,0.188656,0.332702,0.9341
345,855.51,808.46,339.7,338.53,0.445579,0.748571,0.176926,0.313452,0.9335
345,453.7,141.68,311.14,282.52,0.2363,0.131181,0.16205,0.261595,0.9318
345,197.36,770.69,334.07,326.64,0.102792,0.713601,0.173996,0.302446,0.9301
345,661.91,771.7,330.79,324.86,0.344745,0.714539,0.172284,0.300795,0.924
345,1231.94,623.97,184.38,186.37,0.641636,0.577752,0.09603,0.172561,0.8961
345,198.96,942.66,397.93,274.67,0.103627,0.872836,0.207255,0.254328,0.892
345,1688.95,74.51,349.26,148.98,0.879663,0.068989,0.181909,0.137945,0.8815
345,745.15,572.84,114.81,116.0,0.388101,0.530406,0.059799,0.10741,0.8627
345,251.76,412.5,65.08,64.46,0.131123,0.381945,0.033898,0.059686,0.8469
345,1461.89,639.23,162.44,163.28,0.7614,0.591877,0.084606,0.151189,0.7154
346,1200.61,946.77,403.67,264.95,0.625317,0.876641,0.210244,0.245324,0.9425
346,468.91,127.74,313.99,255.48,0.244223,0.118279,0.163534,0.236558,0.9392
346,1707.49,97.38,324.75,194.76,0.889317,0.090168,0.169138,0.180336,0.9365
346,327.76,512.88,361.06,358.75,0.170707,0.474891,0.18805,0.332172,0.936
346,830.2,806.1,338.98,342.29,0.432395,0.746385,0.176551,0.316932,0.9359
346,1590.67,665.58,417.81,411.22,0.828474,0.616275,0.217612,0.380762,0.9333
346,642.09,754.71,322.22,323.32,0.334424,0.698807,0.167823,0.299374,0.9312
346,177.99,729.24,330.12,324.38,0.092703,0.675218,0.171939,0.30035,0.9311
346,179.76,926.08,357.16,307.84,0.093627,0.857481,0.186021,0.285037,0.9091
346,1216.73,642.96,188.53,189.6,0.633714,0.595338,0.098192,0.175557,0.8797
346,734.41,564.29,114.53,116.79,0.382504,0.522492,0.059651,0.108142,0.8688
346,250.83,378.24,64.57,65.23,0.130642,0.350219,0.033632,0.060395,0.8301
347,484.09,115.01,311.81,230.02,0.25213,0.106489,0.1624,0.212977,0.9371
347,1574.46,703.96,411.28,406.74,0.82003,0.651812,0.214208,0.376607,0.9339
347,1167.85,957.47,398.21,243.01,0.608253,0.88655,0.207402,0.225009,0.9324
347,320.11,479.18,359.3,357.18,0.166725,0.443687,0.187136,0.330724,0.9314
347,623.79,744.55,325.94,322.13,0.324892,0.689397,0.169761,0.298272,0.9298
347,805.44,801.5,336.39,337.27,0.4195,0.742126,0.175202,0.312283,0.9294
347,163.27,686.33,315.49,317.52,0.085038,0.635489,0.164317,0.293996,0.9262
347,1727.95,117.29,308.91,234.58,0.899972,0.108603,0.160889,0.217206,0.926
347,165.24,902.2,326.41,355.61,0.086063,0.835367,0.170006,0.329266,0.9107
347,1202.31,660.37,183.46,185.29,0.626204,0.611452,0.095552,0.171565,0.8929
347,724.05,554.67,113.05,114.61,0.377109,0.513579,0.058882,0.106119,0.8593
347,252.0,341.12,64.77,65.12,0.131252,0.31585,0.033736,0.060294,0.8474
347,615.21,1057.81,75.71,44.39,0.32042,0.97945,0.039431,0.041099,0.7964
347,1427.55,703.79,161.26,162.51,0.743518,0.651658,0.083987,0.150473,0.7851
347,271.49,993.11,86.66,84.57,0.141401,0.91955,0.045136,0.078301,0.7572
348,499.94,102.29,308.75,204.58,0.260384,0.094714,0.160809,0.189427,0.938
348,1558.6,743.0,394.8,389.63,0.811772,0.687962,0.205623,0.360773,0.9363
348,1126.6,970.15,389.48,219.43,0.586769,0.898287,0.202854,0.203179,0.9356
348,317.26,446.06,348.84,348.05,0.16524,0.413018,0.181689,0.322266,0.9351
348,1744.1,138.93,301.1,277.6,0.908388,0.128639,0.156822,0.257034,0.9324
348,781.6,794.82,332.31,331.91,0.407082,0.735945,0.173079,0.307327,0.9283
348,597.77,726.55,312.72,308.71,0.311336,0.67273,0.162876,0.285839,0.9274
348,150.62,647.91,298.22,309.82,0.07845,0.599919,0.155323,0.28687,0.9229
348,145.31,889.32,290.25,377.92,0.075683,0.823442,0.151171,0.349923,0.8917
348,1182.88,675.89,181.88,184.02,0.616081,0.625828,0.094731,0.170388,0.8796
348,714.66,545.18,110.2,110.33,0.37222,0.504793,0.057395,0.102155,0.8444
348,575.86,1050.9,71.63,58.19,0.299925,0.973059,0.037309,0.053881,0.838
348,253.19,304.54,59.97,60.99,0.131872,0.281977,0.031234,0.056475,0.8352
348,235.24,956.48,82.56,82.39,0.122521,0.885627,0.042999,0.076287,0.7837
348,1413.44,735.18,157.99,156.71,0.736166,0.680721,0.082285,0.145099,0.7736
348,1724.7,981.62,99.42,101.44,0.89828,0.908908,0.051781,0.093921,0.7436
348,814.38,232.93,60.53,59.97,0.424155,0.215675,0.031525,0.055526,0.716
348,1348.01,38.08,339.08,76.15,0.702087,0.035257,0.176603,0.070513,0.7152
349,1529.95,781.18,368.12,360.04,0.796847,0.723317,0.191728,0.333374,0.9342
349,1757.36,175.46,290.44,289.22,0.915291,0.162465,0.151272,0.2678,0.9317
349,311.54,412.93,334.01,332.52,0.16226,0.38234,0.173966,0.307891,0.931
349,575.18,705.82,287.53,283.86,0.299575,0.653534,0.149755,0.262833,0.9272
349,757.14,791.83,301.66,300.22,0.394343,0.733173,0.157115,0.277983,0.9243
349,137.11,603.78,271.86,288.04,0.071413,0.559058,0.141593,0.266706,0.9239
349,518.43,87.55,283.14,175.09,0.270014,0.081062,0.147469,0.162125,0.923
349,1088.39,981.54,364.42,196.93,0.566872,0.90883,0.189804,0.182341,0.9194
349,124.5,842.12,248.79,373.06,0.064842,0.779738,0.129578,0.345424,0.9161
349,1168.03,693.18,166.78,167.13,0.608347,0.641833,0.086864,0.154748,0.874
349,704.28,534.14,102.28,103.07,0.366812,0.49457,0.053272,0.095438,0.8666
349,536.63,1038.58,65.98,67.25,0.279496,0.961653,0.034364,0.062266,0.8371
349,258.31,267.38,57.97,56.85,0.134537,0.247574,0.030193,0.052642,0.8279
349,202.52,919.35,77.59,76.75,0.105481,0.851249,0.04041,0.071068,0.7921
349,1384.74,49.16,372.91,98.25,0.721219,0.045518,0.194224,0.090972,0.7539
349,1387.12,762.02,140.36,144.96,0.722457,0.705574,0.073104,0.13422,0.7337
350,730.28,783.09,289.52,285.63,0.380354,0.725079,0.150794,0.264474,0.9331
350,1766.7,222.32,280.57,273.31,0.920154,0.205853,0.14613,0.253064,0.9314
350,309.42,376.86,321.06,320.31,0.161158,0.348943,0.167218,0.296581,0.9313
350,1510.34,818.66,347.31,345.78,0.786636,0.758015,0.180892,0.320171,0.9293
350,554.21,691.13,263.74,265.61,0.288649,0.639938,0.137367,0.245937,0.928
350,534.56,75.25,277.57,150.5,0.278417,0.069676,0.14457,0.139353,0.916
350,128.68,559.63,256.7,271.18,0.067019,0.518173,0.133697,0.251091,0.9123
350,107.35,795.6,214.5,353.06,0.055912,0.736666,0.111721,0.326911,0.9098
350,1052.09,992.44,334.32,173.35,0.547966,0.918925,0.174126,0.16051,0.9004
350,1146.55,705.9,155.52,157.26,0.597161,0.653613,0.080999,0.14561,0.8921
350,499.54,1016.45,63.99,64.69,0.260177,0.941161,0.033328,0.059899,0.8552
350,693.88,523.78,98.64,98.44,0.361396,0.484979,0.051378,0.091149,0.8487
350,1396.67,56.48,321.94,112.96,0.727434,0.052297,0.167676,0.104594,0.8424
350,263.74,232.07,59.23,58.94,0.137366,0.214884,0.030851,0.054572,0.8309
350,1365.19,794.35,136.41,135.71,0.711038,0.735513,0.071047,0.125654,0.809
350,253.71,1034.71,340.86,88.91,0.132142,0.958063,0.177532,0.082327,0.7271
350,1653.46,1054.33,94.9,51.34,0.861176,0.976233,0.049426,0.047534,0.7042
351,1480.1,852.65,351.08,348.36,0.770888,0.789494,0.182856,0.322559,0.9375
351,709.13,772.42,292.01,284.95,0.369338,0.715206,0.152086,0.263844,0.9299
351,1775.78,270.29,281.8,273.8,0.924888,0.25027,0.146771,0.253516,0.9261
351,307.95,345.21,319.08,318.19,0.160389,0.319637,0.166189,0.294622,0.9257
351,539.08,669.73,266.63,268.86,0.280771,0.620122,0.13887,0.248943,0.9229
351,121.68,516.31,243.36,273.0,0.063375,0.478067,0.12675,0.252775,0.9177
351,1009.08,996.2,344.32,167.59,0.525563,0.92241,0.179333,0.15518,0.9101
351,91.3,745.53,181.84,352.18,0.047552,0.690307,0.09471,0.32609,0.9068
351,1419.47,68.66,323.3,137.32,0.739307,0.063574,0.168388,0.127149,0.8898
351,202.4,1015.82,315.78,126.5,0.105419,0.940577,0.164468,0.117127,0.8882
351,1126.46,718.41,159.69,160.33,0.586699,0.665193,0.083171,0.148453,0.8795
351,552.45,64.18,277.95,128.28,0.287734,0.059426,0.144764,0.118779,0.8701
351,686.19,509.59,99.85,97.59,0.357393,0.471839,0.052006,0.090361,0.8643
351,463.44,991.61,65.14,65.62,0.241373,0.91816,0.033928,0.060762,0.8545
351,273.11,192.62,58.81,57.58,0.142243,0.178355,0.030629,0.053311,0.8226
351,1340.9,814.46,132.99,136.48,0.698384,0.754126,0.069263,0.126367,0.7999
351,141.33,835.99,74.27,70.77,0.073612,0.774064,0.038681,0.065531,0.7481
351,1884.53,956.3,70.93,246.6,0.981528,0.885462,0.036943,0.228336,0.7053
352,525.82,646.86,287.78,284.44,0.273866,0.598942,0.149887,0.263367,0.9296
352,1452.84,881.39,361.37,361.38,0.756686,0.816101,0.188215,0.334611,0.9255
352,1777.1,317.16,280.92,285.63,0.925574,0.293664,0.14631,0.264472,0.9254
352,119.58,465.94,239.16,279.87,0.062282,0.431428,0.124564,0.259136,0.9253
352,311.56,307.69,324.58,322.41,0.162273,0.284894,0.169051,0.298526,0.9248
352,689.53,759.88,302.39,300.43,0.35913,0.703597,0.157495,0.278173,0.9242
352,1434.56,83.5,326.22,167.0,0.747168,0.077317,0.169908,0.154634,0.9083
352,973.34,993.72,367.44,170.59,0.50695,0.920111,0.191376,0.157954,0.9078
352,170.73,993.09,341.46,171.79,0.088921,0.919528,0.177841,0.159066,0.9016
352,85.76,688.47,171.01,361.83,0.044668,0.637476,0.089068,0.335024,0.886
352,1110.9,731.28,164.59,166.3,0.578592,0.677115,0.085723,0.153984,0.8813
352,429.08,964.89,69.51,69.93,0.223478,0.893421,0.036204,0.064753,0.8781
352,681.25,495.4,101.11,101.99,0.354818,0.458703,0.052663,0.094436,0.8558
352,573.75,53.7,282.68,107.31,0.29883,0.049723,0.147229,0.099357,0.8493
352,282.73,156.4,58.75,61.37,0.147254,0.144814,0.030601,0.056825,0.8386
352,1318.21,837.79,142.47,144.31,0.686566,0.775727,0.074202,0.133616,0.8031
352,116.18,791.24,77.43,75.48,0.060513,0.732633,0.040329,0.069889,0.7961
352,1869.16,990.47,101.68,178.95,0.973521,0.917102,0.052957,0.165695,0.7938
353,1776.81,366.35,286.38,294.55,0.925422,0.339211,0.149155,0.272735,0.9403
353,1427.53,899.02,379.61,361.97,0.743504,0.832423,0.197711,0.335154,0.9373
353,513.23,623.39,301.56,301.91,0.26731,0.577214,0.157061,0.279547,0.9349
353,670.28,743.36,334.11,330.56,0.349106,0.688298,0.174014,0.306076,0.9325
353,315.64,273.15,342.21,342.46,0.164396,0.252912,0.178234,0.317096,0.9321
353,153.91,967.04,307.49,224.58,0.080161,0.895408,0.160152,0.207944,0.9303
353,120.81,417.47,241.63,296.82,0.062924,0.386548,0.125849,0.274836,0.923
353,1449.99,99.7,340.98,199.39,0.755204,0.09231,0.177591,0.184621,0.923
353,934.47,983.56,404.36,190.97,0.486706,0.910707,0.210602,0.176822,0.9028
353,1092.29,740.22,179.47,176.38,0.568899,0.685393,0.093472,0.163317,0.8873
353,396.29,935.04,75.34,75.86,0.206402,0.865776,0.039239,0.070242,0.869
353,671.7,479.09,108.12,107.96,0.349843,0.443606,0.056311,0.099963,0.869
353,82.42,639.64,164.85,383.36,0.04293,0.59226,0.085859,0.354966,0.866
353,295.93,118.43,61.74,61.74,0.154132,0.109659,0.032158,0.057171,0.8096
353,590.97,50.82,300.01,101.48,0.307799,0.047053,0.156257,0.093962,0.7995
353,1289.96,858.88,148.48,149.31,0.671854,0.795256,0.077334,0.138246,0.7608
354,649.32,726.68,346.61,339.33,0.338187,0.672853,0.180526,0.314193,0.9403
354,1773.4,411.41,293.21,310.22,0.923644,0.380935,0.152713,0.287238,0.9397
354,120.97,369.31,241.89,294.8,0.063004,0.341958,0.125985,0.272963,0.9376
354,499.38,598.93,320.17,319.22,0.260092,0.554565,0.166756,0.295571,0.9322
354,320.78,238.85,350.17,348.03,0.16707,0.221161,0.18238,0.322248,0.932
354,1395.4,908.77,395.56,342.46,0.726773,0.841452,0.206019,0.317097,0.9308
354,1474.26,118.44,362.11,236.87,0.767845,0.109663,0.188601,0.219326,0.9235
354,142.49,938.56,284.63,282.55,0.074216,0.86904,0.148243,0.261622,0.9216
354,898.04,979.73,429.3,198.35,0.467729,0.907156,0.223595,0.18366,0.9127
354,1070.11,747.72,186.45,183.89,0.557348,0.692329,0.097111,0.170266,0.8936
354,364.09,903.06,78.79,77.38,0.189628,0.836164,0.041035,0.071647,0.8808
354,667.2,462.95,117.14,115.87,0.347498,0.428657,0.061012,0.107285,0.8615
354,310.07,82.69,65.73,64.14,0.161493,0.076569,0.034234,0.059391,0.8509
354,77.39,586.14,154.6,378.32,0.040305,0.542726,0.080523,0.350297,0.839
354,1642.86,32.48,93.9,64.32,0.855659,0.030074,0.048907,0.059557,0.788
354,626.53,40.77,315.28,81.53,0.326317,0.037746,0.164209,0.075492,0.7185
355,1362.41,920.91,400.37,318.18,0.709586,0.852693,0.208528,0.294614,0.941
355,1491.35,135.62,368.37,270.67,0.776747,0.12557,0.191858,0.250623,0.938
355,628.18,709.22,344.91,343.47,0.327178,0.656687,0.17964,0.31803,0.9369
355,122.45,322.29,244.63,299.63,0.063774,0.298419,0.127413,0.27744,0.9358
355,1773.55,457.89,292.89,309.95,0.923726,0.42397,0.152549,0.286992,0.9356
355,484.17,573.05,328.83,324.27,0.252173,0.530606,0.171263,0.300246,0.9309
355,329.17,203.81,361.23,355.91,0.171445,0.18871,0.188138,0.329546,0.9301
355,123.88,910.77,247.5,338.45,0.064523,0.843309,0.128907,0.313381,0.915
355,853.08,974.83,432.02,207.84,0.444313,0.902619,0.22501,0.192443,0.9053
355,1049.37,754.38,190.6,188.36,0.546547,0.698503,0.099273,0.17441,0.8837
355,334.21,869.93,81.37,79.74,0.174069,0.805493,0.042379,0.073832,0.8718
355,660.74,446.46,117.96,116.13,0.344133,0.413391,0.061436,0.10753,0.8544
355,71.15,523.03,142.1,356.92,0.037058,0.484285,0.074013,0.330483,0.8528
355,326.92,46.83,64.54,64.11,0.170273,0.043361,0.033612,0.059357,0.8417
355,1237.28,895.37,163.01,166.44,0.644416,0.82905,0.084899,0.154108,0.7794
355,1664.9,53.07,100.85,101.6,0.867137,0.049141,0.052528,0.094078,0.7782
355,56.05,645.4,88.14,87.39,0.029195,0.597592,0.045907,0.080917,0.7685
356,609.86,688.32,345.99,344.77,0.317634,0.637331,0.180205,0.319235,0.9398
356,335.58,174.42,363.37,348.83,0.17478,0.161498,0.189254,0.322995,0.9352
356,1330.47,929.32,405.79,301.35,0.692953,0.860486,0.211349,0.279028,0.9342
356,474.21,546.65,323.56,324.69,0.246982,0.506159,0.16852,0.300643,0.9323
356,1768.51,501.55,302.97,319.26,0.921101,0.464402,0.157799,0.295615,0.93
356,1504.46,151.38,374.55,302.76,0.783571,0.140165,0.195079,0.280329,0.9285
356,125.39,274.18,250.79,306.74,0.065309,0.253868,0.130618,0.284016,0.9231
356,108.94,881.67,217.87,392.54,0.056737,0.816365,0.113474,0.363466,0.9095
356,810.18,972.13,429.26,213.44,0.421971,0.900118,0.223573,0.197629,0.9086
356,1028.23,758.39,189.47,190.67,0.535538,0.702213,0.098684,0.176542,0.888
356,306.42,833.71,80.97,80.93,0.159594,0.771951,0.042172,0.074934,0.8773
356,656.27,430.32,113.12,114.43,0.341809,0.398448,0.058916,0.105953,0.8417
356,1681.19,94.91,102.66,102.54,0.875617,0.087876,0.053468,0.09494,0.8349
356,343.94,21.63,62.56,43.26,0.179135,0.020029,0.032585,0.040058,0.8225
356,65.92,467.24,131.84,360.33,0.034335,0.432629,0.068669,0.333638,0.814
356,1205.75,909.35,161.75,168.68,0.627994,0.841994,0.084244,0.156186,0.7539
357,587.61,671.49,342.16,338.03,0.306046,0.62175,0.178209,0.312988,0.9377
357,348.05,158.04,368.19,316.08,0.181276,0.146332,0.191764,0.292664,0.9309
357,1516.56,168.67,371.39,337.35,0.789874,0.15618,0.193435,0.31236,0.9274
357,1762.27,545.69,313.01,321.62,0.917851,0.505271,0.163027,0.2978,0.9272
357,1299.25,940.68,414.31,277.21,0.67669,0.871002,0.215787,0.25668,0.9271
357,462.23,518.58,320.34,321.5,0.240744,0.480167,0.166845,0.297682,0.9255
357,772.68,967.71,422.4,222.44,0.402438,0.896032,0.22,0.205963,0.9225
357,95.7,837.15,190.86,403.7,0.049842,0.775142,0.099407,0.373793,0.8988
357,127.74,226.12,255.48,306.77,0.066531,0.209375,0.133062,0.284043,0.8986
357,1004.56,761.15,185.94,185.8,0.523208,0.704768,0.096845,0.172035,0.8928
357,1253.96,307.41,57.73,57.1,0.653103,0.284639,0.030067,0.052871,0.8615
357,653.74,411.87,116.8,117.41,0.340488,0.381359,0.060836,0.108717,0.8587
357,280.36,796.66,80.55,80.0,0.146019,0.737647,0.041953,0.074074,0.8456
357,1698.18,134.7,100.02,100.34,0.884468,0.124722,0.052093,0.092904,0.8235
357,64.86,412.06,129.71,362.16,0.033779,0.381539,0.067558,0.335337,0.8061
357,1176.07,925.07,162.55,164.41,0.612534,0.856544,0.084662,0.152235,0.7822
358,570.75,647.62,346.18,349.18,0.297265,0.599645,0.1803,0.323318,0.9383
358,362.73,139.31,374.54,278.63,0.188922,0.128995,0.195075,0.257991,0.936
358,1262.01,948.43,409.97,261.36,0.657298,0.878176,0.213525,0.242,0.9343
358,730.76,964.31,422.2,228.88,0.380606,0.892882,0.219898,0.211927,0.9313
358,1755.04,590.84,326.38,329.18,0.914084,0.547071,0.169987,0.304796,0.9278
358,453.84,488.76,322.55,327.88,0.236376,0.452553,0.167996,0.303593,0.9274
358,1529.2,186.19,373.61,359.73,0.796458,0.172402,0.194587,0.333081,0.9264
358,133.81,175.05,266.9,313.83,0.069693,0.162087,0.13901,0.290583,0.9019
358,83.73,785.42,167.37,398.39,0.043609,0.727238,0.087171,0.368879,0.8858
358,981.73,764.97,186.12,188.52,0.511319,0.708304,0.096937,0.174555,0.884
358,651.62,393.54,113.78,116.07,0.339384,0.364389,0.059259,0.107474,0.8508
358,256.48,758.53,78.13,78.6,0.133584,0.702338,0.040695,0.072776,0.8465
358,712.42,115.44,58.11,57.29,0.37105,0.106886,0.030266,0.053049,0.8375
358,1868.53,941.78,102.93,276.13,0.973195,0.872016,0.05361,0.255678,0.8162
358,1710.79,174.1,105.72,106.62,0.891037,0.161206,0.055064,0.098721,0.8111
358,64.18,352.68,128.35,367.63,0.033425,0.326557,0.066849,0.340394,0.7859
358,1145.17,933.59,165.95,169.23,0.596442,0.864436,0.08643,0.156692,0.7687
359,559.24,623.16,346.08,348.8,0.291271,0.577004,0.180249,0.322966,0.9352
359,1743.83,633.21,339.37,342.06,0.908242,0.586309,0.176756,0.316721,0.9339
359,694.43,953.44,415.73,251.25,0.361682,0.882817,0.216525,0.232643,0.9311
359,380.46,124.63,380.25,249.27,0.198154,0.115402,0.198045,0.230805,0.9305
359,1542.27,211.83,385.93,379.34,0.803267,0.196142,0.201007,0.351242,0.9289
359,446.78,457.72,329.3,330.02,0.232697,0.423819,0.171509,0.305572,0.924
359,1228.54,955.76,411.17,246.27,0.639864,0.884962,0.214153,0.228027,0.9165
359,143.01,141.47,284.69,282.06,0.074483,0.130991,0.148274,0.261164,0.9107
359,957.02,762.19,185.6,187.93,0.498446,0.705729,0.096669,0.174012,0.8959
359,648.97,375.16,119.17,118.81,0.338004,0.347372,0.062069,0.110005,0.8689
359,1852.8,966.62,134.41,225.49,0.964998,0.89502,0.070004,0.208791,0.8644
359,1260.26,338.27,59.23,58.97,0.656385,0.313217,0.030848,0.054603,0.8506
359,726.77,100.18,59.37,58.38,0.378524,0.092756,0.030922,0.054056,0.8448
359,73.49,716.22,146.15,408.06,0.038274,0.663164,0.076121,0.377834,0.8437
359,235.1,715.8,81.43,83.08,0.122448,0.662774,0.042412,0.076924,0.8395
359,66.43,281.38,132.86,352.56,0.034598,0.260541,0.069197,0.326445,0.8096
359,1111.62,942.7,158.14,161.88,0.57897,0.872868,0.082363,0.149886,0.7927
359,1720.71,214.53,106.01,106.7,0.896205,0.198642,0.055213,0.098801,0.7753
360,657.53,943.17,421.89,272.27,0.342462,0.873303,0.219736,0.252104,0.9421
360,541.64,600.06,361.78,360.41,0.282102,0.555613,0.188428,0.333711,0.9353
360,1730.04,677.07,343.63,342.96,0.90106,0.626914,0.178976,0.31756,0.9339
360,1550.16,239.61,388.13,383.36,0.807376,0.221862,0.202153,0.354959,0.9326
360,391.25,108.93,390.61,217.86,0.203774,0.100859,0.203443,0.201718,0.9297
360,442.67,430.52,331.77,340.82,0.230556,0.398625,0.172797,0.31557,0.9246
360,1189.76,959.86,422.43,238.23,0.619668,0.888761,0.220014,0.220585,0.9218
360,152.11,120.78,300.79,241.56,0.079222,0.111834,0.156662,0.223668,0.9003
360,935.35,760.83,187.38,187.68,0.487162,0.704474,0.097591,0.173782,0.8855
360,1261.95,352.63,58.65,58.41,0.657265,0.32651,0.030547,0.054086,0.8543
360,649.67,354.77,120.25,121.2,0.338371,0.328487,0.062628,0.112224,0.8537
360,741.64,84.96,59.39,58.31,0.386272,0.078664,0.03093,0.053986,0.8484
360,215.27,673.77,83.45,83.1,0.112119,0.623866,0.043462,0.07694,0.8291
360,1731.16,254.44,106.78,106.05,0.901646,0.23559,0.055615,0.098198,0.8104
360,71.06,216.43,142.03,373.95,0.037011,0.2004,0.073974,0.346251,0.8079
360,62.87,658.74,125.46,402.52,0.032747,0.609942,0.065342,0.372706,0.8073
360,1828.88,994.32,182.25,170.41,0.95254,0.920664,0.094921,0.157786,0.8039
360,1080.56,948.47,163.99,167.41,0.562789,0.878217,0.085413,0.155014,0.7761
361,529.78,573.93,372.77,369.09,0.275927,0.531417,0.194152,0.341753,0.9454
361,621.39,932.93,423.33,294.13,0.323641,0.863828,0.220486,0.272343,0.9368
361,1711.66,715.97,348.91,349.72,0.89149,0.662933,0.181725,0.323814,0.9342
361,1554.56,274.01,392.9,388.58,0.809665,0.253715,0.204636,0.359799,0.9252
361,159.83,95.47,316.37,190.93,0.083246,0.088394,0.164776,0.176788,0.9205
361,437.47,395.01,337.47,339.09,0.227851,0.365751,0.175766,0.31397,0.9155
361,1149.62,963.61,425.8,230.33,0.598763,0.892229,0.22177,0.213266,0.9091
361,411.01,92.57,389.32,185.14,0.214068,0.085714,0.202768,0.171428,0.8999
361,914.41,757.45,190.3,190.14,0.476256,0.70134,0.099114,0.176057,0.887
361,649.93,336.97,119.35,119.91,0.338507,0.312007,0.062163,0.111026,0.8596
361,1262.85,366.82,59.82,59.72,0.657733,0.339648,0.031156,0.055296,0.8416
361,757.51,70.22,60.4,59.46,0.394536,0.065017,0.031459,0.055051,0.8374
361,1734.98,294.18,105.17,105.74,0.903636,0.272392,0.054778,0.097911,0.8308
361,76.14,179.07,152.26,346.81,0.039658,0.165805,0.0793,0.321123,0.7983
361,199.06,628.62,84.77,85.19,0.103677,0.582058,0.044149,0.078883,0.7954
361,1811.32,1008.79,217.35,141.35,0.943398,0.934064,0.113204,0.130882,0.7748
361,63.56,596.73,126.63,451.74,0.033104,0.552531,0.065951,0.418275,0.745
361,1045.66,954.34,164.12,167.71,0.544612,0.883652,0.085482,0.155289,0.7106
362,583.74,920.34,423.85,319.31,0.304032,0.85217,0.220753,0.29566,0.9393
362,1694.34,754.64,358.27,357.41,0.882468,0.698742,0.186597,0.330939,0.9363
362,519.67,547.68,367.07,366.22,0.27066,0.507109,0.191181,0.339092,0.9343
362,1560.64,301.98,390.51,388.47,0.812835,0.27961,0.203392,0.359699,0.9274
362,435.49,359.66,333.91,341.04,0.226817,0.33302,0.17391,0.31578,0.9119
362,1115.52,963.65,425.74,230.3,0.581001,0.892272,0.221739,0.213244,0.8933
362,170.73,72.34,318.19,144.69,0.088921,0.066986,0.165723,0.133972,0.8866
362,892.77,752.58,191.72,191.93,0.464986,0.696835,0.099857,0.177715,0.8863
362,432.72,76.23,383.47,152.45,0.225373,0.07058,0.199724,0.141161,0.8848
362,652.0,315.49,120.03,121.4,0.339586,0.292118,0.062515,0.112403,0.8711
362,85.63,152.87,171.26,304.51,0.044599,0.141542,0.089197,0.281951,0.8496
362,1263.72,379.69,61.35,60.44,0.658185,0.351564,0.031955,0.055966,0.8381
362,1740.47,334.01,107.9,106.9,0.906497,0.309269,0.056199,0.098983,0.8226
362,774.6,56.32,60.79,58.49,0.40344,0.052145,0.031662,0.054156,0.8222
362,185.06,583.65,84.11,85.29,0.096388,0.54042,0.043805,0.078977,0.8203
362,1013.96,957.55,170.57,174.99,0.528103,0.886621,0.088837,0.162023,0.7714
362,49.99,521.45,99.98,402.0,0.026037,0.482821,0.052073,0.372221,0.7405
363,505.71,518.74,376.1,374.37,0.263391,0.480319,0.195883,0.346639,0.9374
363,1672.38,794.59,356.13,354.54,0.87103,0.735729,0.185484,0.328273,0.9368
363,553.5,908.3,427.49,343.4,0.288283,0.841019,0.222652,0.317962,0.9354
363,1560.75,335.82,392.13,394.02,0.812891,0.310947,0.204236,0.364836,0.9175
363,1078.15,966.19,423.3,225.43,0.561538,0.89462,0.220466,0.208736,0.9075
363,436.2,327.25,350.59,345.03,0.227187,0.303006,0.182599,0.319472,0.9049
363,872.67,742.89,191.1,194.72,0.454514,0.687861,0.099532,0.180292,0.8807
363,87.07,133.32,174.03,266.64,0.045348,0.123446,0.09064,0.246891,0.8648
363,1741.1,375.31,109.06,108.83,0.906825,0.347512,0.056802,0.100765,0.8636
363,655.72,294.28,121.97,125.34,0.341521,0.272478,0.063524,0.116058,0.8594
363,1263.73,393.68,62.46,61.67,0.658191,0.364522,0.032532,0.057101,0.8472
363,792.28,42.56,63.58,60.48,0.412645,0.039403,0.033117,0.055999,0.8317
363,173.25,536.94,85.11,86.19,0.090232,0.497169,0.044329,0.079801,0.8274
363,454.82,59.89,390.03,119.77,0.236884,0.055451,0.203142,0.110902,0.8157
363,203.91,49.23,311.08,98.46,0.106201,0.045584,0.16202,0.091168,0.7722
363,46.4,474.07,92.79,398.21,0.024164,0.438958,0.048329,0.368715,0.7019
364,1648.12,828.14,356.08,354.03,0.858397,0.766795,0.18546,0.327809,0.9332
364,497.89,488.53,379.65,370.55,0.25932,0.452341,0.197734,0.343099,0.931
364,520.28,894.72,425.28,370.56,0.270981,0.828442,0.221502,0.343115,0.9308
364,1568.56,362.26,394.11,395.01,0.816958,0.33543,0.205267,0.365749,0.924
364,91.07,104.92,181.38,209.85,0.047434,0.097152,0.094468,0.194304,0.9111
364,440.47,297.39,356.92,356.85,0.229414,0.275357,0.185897,0.330414,0.8884
364,1032.53,966.28,424.5,225.11,0.537777,0.894708,0.221094,0.208431,0.8873
364,852.07,736.73,196.76,196.17,0.443789,0.682157,0.102478,0.181642,0.8865
364,659.39,274.39,118.52,120.36,0.34343,0.254062,0.061727,0.111443,0.8646
364,164.74,490.63,85.42,85.06,0.0858,0.45429,0.04449,0.078763,0.8489
364,1741.59,411.76,112.92,111.66,0.90708,0.381256,0.058811,0.10339,0.8433
364,158.67,1039.89,81.22,80.22,0.08264,0.962859,0.042303,0.074281,0.8284
364,1262.33,406.72,60.17,60.74,0.657465,0.376589,0.031336,0.056245,0.8203
364,811.99,29.81,60.59,58.71,0.422909,0.027605,0.031555,0.05436,0.7861
364,107.63,1012.55,215.27,133.45,0.056059,0.937548,0.112117,0.123568,0.7769
364,973.18,155.77,68.69,68.98,0.506863,0.144232,0.035775,0.063875,0.7479
364,949.48,952.41,169.54,174.47,0.494521,0.881865,0.088302,0.161546,0.716
365,495.4,459.63,377.65,375.37,0.258021,0.425579,0.196694,0.34756,0.9395
365,494.4,881.07,413.96,397.86,0.257499,0.815807,0.215602,0.368387,0.9347
365,1624.38,859.95,356.82,354.58,0.846029,0.796252,0.185842,0.328314,0.9347
365,1565.94,393.62,397.86,400.76,0.815592,0.364462,0.20722,0.37107,0.9183
365,446.85,264.25,353.05,347.26,0.232734,0.244674,0.18388,0.321538,0.9089
365,832.3,724.95,194.79,193.04,0.433487,0.671254,0.101452,0.17874,0.8994
365,94.86,978.95,189.72,200.96,0.049407,0.906439,0.098813,0.186074,0.8899
365,997.4,968.2,427.81,221.6,0.519477,0.896477,0.222817,0.205184,0.8844
365,666.67,254.25,124.01,125.11,0.347224,0.235416,0.064589,0.115844,0.8697
365,159.18,442.96,85.2,86.14,0.082905,0.410149,0.044375,0.079762,0.8604
365,1738.43,449.87,112.21,109.78,0.905434,0.416543,0.058444,0.101652,0.8443
365,1260.61,418.83,60.19,60.04,0.656566,0.387808,0.03135,0.055592,0.8436
365,102.97,75.62,205.5,151.25,0.053629,0.070021,0.10703,0.140042,0.8391
365,123.02,993.55,83.35,84.55,0.064073,0.919951,0.043413,0.078287,0.795
365,830.73,22.97,58.71,45.94,0.432673,0.021269,0.030578,0.042538,0.7863
365,917.42,946.77,167.69,173.16,0.477822,0.876641,0.087338,0.160338,0.7544
366,490.94,428.23,376.73,371.6,0.255699,0.396507,0.196215,0.344075,0.9359
366,465.99,859.71,421.1,425.94,0.242705,0.79603,0.219323,0.39439,0.9349
366,1598.49,891.17,356.13,356.11,0.832549,0.825155,0.185486,0.32973,0.9344
366,1566.73,419.89,392.49,392.33,0.816007,0.388785,0.204422,0.36327,0.9205
366,813.96,710.19,199.22,197.45,0.423937,0.657579,0.10376,0.182825,0.9058
366,957.97,965.37,432.72,226.91,0.498943,0.89386,0.225376,0.210102,0.9042
366,452.46,230.91,350.11,351.1,0.235658,0.213801,0.182351,0.325089,0.9005
366,75.99,954.09,151.4,250.26,0.039581,0.88342,0.078852,0.231721,0.8823
366,674.47,232.64,124.39,125.31,0.351287,0.215409,0.064786,0.116024,0.8663
366,1258.3,430.15,62.63,61.32,0.655364,0.398287,0.032622,0.056777,0.8618
366,1735.28,489.14,105.74,105.46,0.903794,0.452905,0.055075,0.097644,0.8449
366,156.44,394.85,85.68,85.69,0.081479,0.365601,0.044626,0.07934,0.8352
366,58.64,47.79,97.92,93.37,0.030539,0.044254,0.050999,0.08645,0.8195
366,88.11,942.58,81.9,80.68,0.04589,0.872764,0.042657,0.074705,0.7891
366,1502.0,62.42,409.39,124.75,0.782293,0.057794,0.213223,0.115512,0.7765
366,885.15,940.13,176.38,178.59,0.461016,0.870494,0.091864,0.165359,0.7543
367,488.05,396.69,378.23,375.5,0.254193,0.367304,0.196997,0.347686,0.9408
367,1571.37,910.35,358.83,339.3,0.818424,0.842915,0.18689,0.314169,0.9328
367,440.77,829.78,417.73,425.54,0.22957,0.768314,0.217566,0.394021,0.9295
367,799.15,697.45,202.53,199.57,0.416225,0.645785,0.105484,0.184782,0.9175
367,1563.81,449.91,394.98,395.08,0.814483,0.416582,0.205718,0.365817,0.915
367,461.18,199.02,359.51,353.03,0.2402,0.184282,0.187245,0.326881,0.905
367,920.6,964.65,436.07,228.15,0.479478,0.893197,0.227122,0.211249,0.8887
367,1255.72,440.86,61.85,62.09,0.654021,0.408201,0.032213,0.05749,0.8744
367,680.84,212.26,123.11,123.41,0.354604,0.196537,0.064118,0.114264,0.8583
367,1519.85,73.56,407.63,147.12,0.791591,0.068113,0.212307,0.136225,0.851
367,155.44,346.62,84.88,84.9,0.080957,0.320943,0.044211,0.078611,0.8421
367,1727.45,526.52,109.23,111.83,0.899713,0.487519,0.056891,0.103545,0.8354
367,54.31,925.22,108.52,309.56,0.028286,0.856687,0.056523,0.286626,0.8248
367,859.14,929.97,171.48,170.39,0.44747,0.861087,0.089314,0.157767,0.7986
367,59.13,889.98,80.66,79.77,0.030799,0.824058,0.042008,0.073863,0.7879
367,1825.17,110.24,189.66,220.49,0.950609,0.102078,0.098783,0.204156,0.7336
367,47.39,219.93,94.78,409.71,0.024681,0.203636,0.049362,0.379365,0.7313
368,417.45,798.6,420.44,428.45,0.217421,0.739444,0.218977,0.396716,0.9394
368,1543.45,925.6,349.64,308.79,0.80388,0.857041,0.182106,0.285917,0.935
368,490.07,366.33,379.52,370.21,0.255246,0.339196,0.197669,0.342787,0.9299
368,1562.81,476.28,390.98,393.14,0.813962,0.441003,0.203636,0.364014,0.925
368,883.54,963.0,422.99,231.66,0.460178,0.891665,0.220308,0.2145,0.9111
368,474.29,171.82,346.65,342.07,0.247024,0.15909,0.180547,0.316729,0.9079
368,783.99,684.85,198.0,197.72,0.408328,0.634124,0.103126,0.183072,0.8887
368,1535.16,85.17,391.5,170.34,0.799565,0.078862,0.203904,0.157725,0.8673
368,691.97,192.97,122.38,124.26,0.360399,0.178678,0.063738,0.115058,0.8603
368,1253.58,451.45,60.04,59.15,0.652907,0.418008,0.031273,0.054766,0.8472
368,158.72,296.2,86.93,87.56,0.082667,0.274259,0.045278,0.081076,0.8347
368,1720.82,559.92,109.91,109.6,0.896262,0.518446,0.057244,0.10148,0.8243
368,827.51,920.91,169.07,171.55,0.430994,0.852698,0.088058,0.158843,0.7761
368,48.8,175.18,97.6,350.35,0.025417,0.162201,0.050831,0.324402,0.7695
368,1025.36,143.08,66.93,66.52,0.534041,0.132485,0.034861,0.061595,0.7456
368,37.12,833.89,72.94,78.92,0.019334,0.772124,0.037992,0.073077,0.7295
368,1832.6,128.11,174.8,256.23,0.954479,0.118623,0.091041,0.237246,0.7283
369,493.12,333.7,369.18,366.57,0.256833,0.308983,0.192283,0.339417,0.9402
369,1515.02,939.32,353.78,280.95,0.789074,0.869737,0.184258,0.260135,0.9382
369,396.74,763.38,416.7,416.21,0.206635,0.706832,0.217034,0.385378,0.9283
369,1558.18,504.77,390.76,382.67,0.811553,0.467376,0.203519,0.354324,0.9282
369,482.2,152.42,346.35,304.84,0.251145,0.14113,0.180392,0.282259,0.9225
369,852.98,958.84,429.91,239.86,0.444262,0.887817,0.223909,0.222093,0.9127
369,1550.83,96.22,382.22,192.44,0.807721,0.089093,0.199071,0.178186,0.9008
369,766.45,670.4,197.16,194.9,0.399195,0.620737,0.102686,0.180468,0.8838
369,163.07,248.0,81.25,81.48,0.08493,0.229632,0.042317,0.075448,0.8727
369,704.15,170.44,124.72,126.06,0.366745,0.157815,0.064956,0.116718,0.8624
369,1250.62,461.46,60.76,61.36,0.651363,0.427276,0.031648,0.056818,0.8613
369,1711.86,595.82,110.12,109.96,0.891593,0.551684,0.057354,0.101816,0.8566
369,800.5,905.65,166.87,166.18,0.416925,0.838565,0.086914,0.15387,0.798
369,1849.9,139.31,140.2,278.62,0.963488,0.128993,0.073023,0.257986,0.7942
369,51.62,146.87,102.85,293.74,0.026883,0.135992,0.053567,0.271984,0.7798
369,1038.7,140.83,64.98,64.73,0.54099,0.130399,0.033843,0.059932,0.7293
370,378.9,723.28,410.08,416.3,0.197344,0.669708,0.213584,0.385462,0.9321
370,496.29,303.55,372.27,364.11,0.258486,0.281064,0.19389,0.337134,0.9297
370,1484.68,953.44,339.03,251.26,0.773272,0.882817,0.176581,0.23265,0.9288
370,1553.63,528.52,385.26,384.98,0.809183,0.489369,0.200654,0.356466,0.9282
370,1573.26,105.18,362.01,210.35,0.819407,0.097385,0.188547,0.194771,0.9205
370,817.7,953.08,421.42,251.92,0.425887,0.882485,0.219487,0.233258,0.9149
370,497.43,138.75,355.34,277.19,0.259078,0.128475,0.185074,0.256657,0.9044
370,756.46,654.21,195.96,196.48,0.393992,0.605748,0.10206,0.181925,0.885
370,715.85,152.7,120.33,123.48,0.372839,0.141389,0.062672,0.114333,0.8633
370,172.86,199.36,82.17,82.94,0.090033,0.184589,0.042794,0.076798,0.861
370,1247.32,471.12,59.78,60.57,0.649647,0.436227,0.031134,0.056083,0.854
370,1701.84,630.71,106.26,106.05,0.886376,0.583986,0.055342,0.098197,0.8456
370,1856.0,161.21,127.99,322.37,0.966668,0.149264,0.066664,0.29849,0.7896
370,773.58,894.21,167.29,166.26,0.402905,0.827971,0.08713,0.153947,0.7882
370,59.14,113.22,117.61,226.43,0.030802,0.10483,0.061258,0.209659,0.7682
371,360.55,686.81,410.85,412.03,0.187787,0.635932,0.213985,0.381505,0.937
371,500.38,272.06,361.77,358.12,0.260614,0.251904,0.188421,0.33159,0.9358
371,1452.4,964.69,343.97,228.79,0.756458,0.893231,0.17915,0.211839,0.9331
371,1545.84,554.95,378.27,373.4,0.805123,0.513841,0.197018,0.345737,0.9326
371,782.74,944.41,424.05,269.34,0.407679,0.874455,0.22086,0.249387,0.9313
371,1595.1,116.43,362.48,232.86,0.830781,0.107805,0.188789,0.215611,0.9262
371,741.24,636.85,201.19,199.42,0.386061,0.58968,0.104788,0.184647,0.919
371,518.89,117.38,342.47,234.77,0.270255,0.108688,0.178372,0.217377,0.8896
371,183.9,150.66,82.56,81.73,0.09578,0.1395,0.042999,0.075672,0.869
371,727.31,133.54,116.68,116.34,0.37881,0.12365,0.060773,0.107722,0.8584
371,1243.57,479.3,60.28,60.14,0.647692,0.443793,0.031395,0.055686,0.8413
371,1690.8,661.32,111.25,110.36,0.880624,0.612335,0.057942,0.102183,0.8298
371,1880.94,1013.54,65.54,65.69,0.979654,0.938464,0.034136,0.060821,0.8179
371,65.72,88.79,131.15,177.59,0.03423,0.082216,0.068306,0.164431,0.776
371,1861.35,193.51,117.3,387.03,0.969453,0.17918,0.061094,0.35836,0.773
371,1066.16,138.81,63.03,62.96,0.55529,0.128524,0.032827,0.058299,0.7563
372,347.84,649.13,405.22,404.7,0.181164,0.601049,0.21105,0.37472,0.943
372,1536.24,575.41,374.0,369.86,0.800125,0.532783,0.194789,0.342467,0.9341
372,508.62,241.18,356.93,350.39,0.264909,0.223314,0.185903,0.324432,0.9319
372,754.47,941.09,410.84,276.38,0.392952,0.871382,0.213979,0.25591,0.9288
372,1604.68,128.53,351.71,256.92,0.835772,0.11901,0.183182,0.23789,0.9275
372,1419.34,976.02,345.53,206.52,0.739239,0.90372,0.179965,0.191222,0.9207
372,729.37,616.64,193.02,192.44,0.379882,0.570964,0.100531,0.178181,0.8871
372,197.3,103.51,81.3,80.89,0.10276,0.095842,0.042343,0.074902,0.8773
372,531.69,102.34,339.12,204.69,0.276924,0.094763,0.176627,0.189526,0.8725
372,1239.39,487.11,59.93,59.59,0.645515,0.451028,0.031214,0.05518,0.8698
372,743.92,114.42,119.62,121.95,0.387459,0.10594,0.062302,0.112918,0.8651
372,1676.83,693.05,102.48,103.36,0.873349,0.641716,0.053374,0.095705,0.8398
372,1849.09,1051.86,62.16,56.28,0.963069,0.973944,0.032377,0.052112,0.7918
372,725.15,860.65,174.48,171.55,0.37768,0.7969,0.090873,0.158839,0.7647
372,1875.44,219.22,89.12,390.88,0.976792,0.202979,0.046416,0.361925,0.7445
372,1079.94,136.75,63.8,62.38,0.562467,0.126616,0.033231,0.057761,0.7235
373,719.02,930.75,418.11,298.49,0.374492,0.861809,0.217766,0.276382,0.9376
373,334.26,608.17,405.05,408.32,0.174096,0.563122,0.210961,0.378073,0.9346
373,1529.47,599.88,377.28,374.51,0.796599,0.555444,0.196502,0.346767,0.9323
373,516.56,211.35,352.43,348.73,0.269043,0.195699,0.183558,0.322899,0.9283
373,1622.36,144.08,351.09,287.02,0.844982,0.133406,0.182861,0.265755,0.9217
373,1388.29,982.98,342.45,191.9,0.723068,0.910168,0.178361,0.177682,0.9192
373,717.88,600.49,194.11,192.68,0.373897,0.556006,0.101101,0.178405,0.9017
373,550.43,87.17,345.04,174.34,0.286685,0.080712,0.179707,0.161425,0.8747
373,213.33,57.59,80.59,79.14,0.111108,0.05332,0.041972,0.073278,0.8743
373,757.78,96.73,117.46,115.93,0.394677,0.089563,0.061179,0.107343,0.8584
373,1236.45,495.04,57.95,56.77,0.643986,0.458373,0.030183,0.052562,0.8431
373,1660.43,724.73,106.06,105.43,0.864807,0.671043,0.055238,0.09762,0.8149
373,84.9,979.95,169.71,199.23,0.04422,0.907364,0.088391,0.184473,0.778
374,527.81,182.6,358.36,347.1,0.2749,0.169071,0.186648,0.32139,0.9309
374,1642.94,157.68,353.89,315.36,0.8557,0.146,0.184315,0.292,0.9301
374,692.43,917.24,428.65,325.52,0.360642,0.849296,0.223257,0.301408,0.9296
374,1521.37,620.03,375.03,370.82,0.792381,0.574104,0.19533,0.343348,0.9288
374,324.11,570.95,398.31,401.82,0.16881,0.528655,0.207451,0.372054,0.9282
374,1361.38,989.98,354.95,178.39,0.70905,0.916651,0.184869,0.16518,0.9125
374,711.03,576.0,197.53,197.76,0.370326,0.533329,0.102878,0.183108,0.8911
374,775.2,78.75,116.05,116.51,0.403751,0.072913,0.060442,0.107881,0.8707
374,1647.05,752.33,102.46,101.96,0.85784,0.696604,0.053366,0.09441,0.85
374,1232.88,500.23,59.36,58.54,0.642125,0.463176,0.030919,0.054206,0.8457
374,579.21,78.62,314.84,157.23,0.30167,0.072793,0.163978,0.145585,0.819
374,231.44,25.56,75.93,50.6,0.120542,0.023663,0.039549,0.046855,0.7649
374,1109.8,134.77,66.57,64.84,0.578022,0.124789,0.034671,0.060036,0.7382
375,1657.87,171.26,349.77,339.26,0.863473,0.158573,0.182171,0.314132,0.9367
375,318.07,530.78,402.21,402.54,0.16566,0.491459,0.209482,0.372719,0.9358
375,545.49,164.78,365.54,329.57,0.284111,0.152577,0.190387,0.305154,0.9348
375,664.12,909.21,420.75,341.57,0.345898,0.841864,0.21914,0.316272,0.9292
375,1511.38,640.3,372.95,367.9,0.787178,0.592871,0.194244,0.340646,0.9255
375,1328.56,998.52,348.75,161.36,0.691961,0.924556,0.181642,0.149408,0.8943
375,700.58,554.64,195.11,194.7,0.364884,0.513556,0.101622,0.180276,0.8817
375,793.6,62.68,120.06,116.41,0.413332,0.058036,0.062531,0.107785,0.8638
375,1628.25,780.07,103.44,102.25,0.848046,0.722284,0.053878,0.094673,0.8507
375,52.57,918.75,104.07,321.74,0.02738,0.850691,0.054201,0.297907,0.7406
376,1670.78,195.32,347.31,344.52,0.870198,0.180851,0.18089,0.319001,0.9368
376,1502.17,661.74,366.79,366.38,0.782379,0.612724,0.191037,0.339245,0.9354
376,314.31,488.37,395.56,399.21,0.163702,0.452196,0.206019,0.369638,0.9343
376,557.81,144.62,354.04,288.24,0.290525,0.133906,0.184398,0.266885,0.9313
376,638.47,897.5,407.11,364.99,0.332536,0.831022,0.212037,0.337956,0.9268
376,1290.43,1006.7,328.18,145.21,0.672101,0.932134,0.170926,0.134455,0.9022
376,695.48,533.44,192.11,192.75,0.362231,0.493922,0.100055,0.17847,0.8811
376,812.48,53.22,121.87,106.43,0.423164,0.049275,0.063476,0.098549,0.8467
376,1223.94,512.61,58.19,58.11,0.637471,0.474639,0.03031,0.053808,0.8466
376,1613.84,805.78,98.99,98.27,0.840541,0.746091,0.051557,0.090991,0.8342
376,1139.36,136.08,65.15,65.99,0.593415,0.126002,0.033931,0.061105,0.7837
377,1486.68,682.55,352.1,353.7,0.774314,0.631989,0.183386,0.327505,0.9376
377,616.88,886.31,387.15,379.77,0.321292,0.82066,0.201639,0.351643,0.9344
377,578.82,127.33,339.89,254.6,0.301471,0.117899,0.177024,0.235742,0.9308
377,311.27,448.8,378.43,377.78,0.162122,0.415556,0.1971,0.349797,0.929
377,1683.84,219.97,338.84,337.3,0.876999,0.203675,0.176477,0.312316,0.9285
377,1256.06,1012.98,301.74,131.94,0.654198,0.937944,0.157156,0.122168,0.8853
377,689.1,512.39,183.35,180.08,0.358905,0.474434,0.095496,0.166739,0.8747
377,1592.84,829.74,95.21,96.15,0.829607,0.768279,0.049591,0.089024,0.8466
377,833.26,43.39,112.35,86.79,0.43399,0.040178,0.058517,0.080357,0.8245
377,366.91,1047.91,112.68,64.18,0.191097,0.970288,0.058686,0.059424,0.7741
377,1154.51,136.06,62.25,62.5,0.601308,0.125984,0.03242,0.057872,0.7473
378,593.45,112.93,326.96,225.86,0.309089,0.104564,0.170293,0.209128,0.9369
378,310.58,412.4,365.24,362.93,0.16176,0.381854,0.190227,0.336049,0.9325
378,592.17,866.47,364.08,357.97,0.308423,0.802288,0.189624,0.331454,0.9321
378,1477.9,699.97,339.86,340.36,0.769742,0.648119,0.177012,0.315152,0.9309
378,1694.1,248.27,323.88,324.96,0.882344,0.22988,0.168687,0.300888,0.9269
378,1226.88,1018.74,301.98,120.77,0.638998,0.943278,0.157283,0.111825,0.8872
378,686.44,490.86,176.96,173.78,0.357521,0.4545,0.092168,0.160909,0.8826
378,606.02,725.14,146.52,145.74,0.315637,0.671427,0.076314,0.134943,0.8269
378,853.17,35.04,105.75,69.54,0.444361,0.032449,0.055079,0.064384,0.8267
378,1572.54,853.27,91.02,91.33,0.819033,0.790068,0.047407,0.084561,0.8144
378,1169.9,136.44,62.72,61.76,0.609323,0.126332,0.032669,0.057187,0.7365
378,335.25,1031.78,99.17,92.85,0.174609,0.955354,0.05165,0.085972,0.7355
379,613.52,95.83,319.79,191.67,0.319541,0.088735,0.166555,0.17747,0.9348
379,1707.33,274.2,313.65,313.65,0.889232,0.253888,0.163357,0.290419,0.9319
379,313.04,370.04,351.28,347.87,0.163042,0.342631,0.182956,0.322102,0.9268
379,569.03,841.5,351.97,346.54,0.296372,0.779167,0.183317,0.320873,0.9254
379,1465.2,719.3,328.09,330.32,0.763125,0.66602,0.170882,0.305853,0.9225
379,681.92,468.43,167.39,166.63,0.355166,0.433734,0.087182,0.154283,0.8768
379,1191.53,1022.79,275.54,112.44,0.620587,0.947027,0.143509,0.104113,0.876
379,1877.7,1044.24,62.02,64.3,0.977969,0.966888,0.032302,0.059539,0.8515
379,592.3,697.39,136.85,136.36,0.308489,0.645727,0.071278,0.126256,0.8349
379,1553.5,876.46,87.07,88.04,0.809116,0.811538,0.04535,0.081516,0.8162
379,1185.1,138.83,60.13,61.1,0.61724,0.128546,0.03132,0.056578,0.7838
379,872.73,27.87,101.41,55.74,0.454546,0.025806,0.052817,0.051611,0.7723
379,306.78,992.53,93.49,96.03,0.15978,0.919007,0.048693,0.08892,0.708
380,1712.61,302.33,311.71,311.37,0.891983,0.279935,0.162347,0.288303,0.9293
380,1450.82,731.52,323.02,324.56,0.755634,0.677331,0.168242,0.300521,0.9276
380,551.9,812.98,360.99,357.41,0.28745,0.75276,0.188015,0.330936,0.9264
380,315.6,328.7,354.99,353.45,0.164373,0.304353,0.184891,0.327271,0.9257
380,630.75,84.27,305.54,168.54,0.328516,0.078027,0.159134,0.156054,0.9229
380,681.55,445.32,167.85,167.18,0.354974,0.412334,0.087421,0.154798,0.8925
380,1155.8,1022.83,274.64,111.9,0.601977,0.947061,0.143044,0.103614,0.87
380,1533.7,895.07,88.25,88.16,0.798801,0.828768,0.045962,0.081628,0.8432
380,582.45,672.37,141.09,139.19,0.303358,0.622563,0.073485,0.128881,0.7999
380,280.68,952.16,88.7,91.51,0.146188,0.881633,0.046197,0.084731,0.7534
380,1847.78,1065.07,60.06,29.86,0.962385,0.986176,0.031281,0.027648,0.7173
381,535.36,783.87,382.12,376.0,0.278833,0.72581,0.199018,0.348152,0.9449
381,321.51,289.08,358.94,359.64,0.167451,0.267664,0.18695,0.333,0.928
381,1721.98,327.85,314.98,315.55,0.896864,0.303562,0.164054,0.292177,0.9258
381,1437.22,749.04,333.14,334.69,0.748551,0.693556,0.173512,0.309895,0.9248
381,648.98,72.5,318.93,145.0,0.338009,0.067128,0.166108,0.134256,0.8978
381,683.24,423.87,176.3,173.83,0.355852,0.392468,0.091822,0.160957,0.8781
381,1125.09,1022.88,288.52,112.21,0.585984,0.947113,0.150273,0.103901,0.8733
381,1513.07,914.64,93.46,93.73,0.788057,0.846888,0.04868,0.086788,0.8255
381,576.01,646.35,155.33,151.35,0.300004,0.59847,0.080902,0.140137,0.8102
381,260.06,909.32,95.23,96.58,0.135445,0.841961,0.049601,0.08943,0.7844
382,518.67,753.4,397.51,391.4,0.270141,0.697594,0.207036,0.362411,0.9383
382,331.49,250.12,370.4,372.71,0.172649,0.231595,0.192917,0.345102,0.9323
382,1727.6,358.49,334.38,334.3,0.899791,0.33194,0.174158,0.309536,0.931
382,1421.77,760.14,347.08,352.28,0.740505,0.703837,0.180772,0.326186,0.9302
382,1099.73,1017.82,306.09,122.76,0.572777,0.942423,0.159424,0.113671,0.8957
382,687.18,401.14,185.56,182.98,0.357908,0.371422,0.096644,0.169423,0.8915
382,681.5,65.34,331.68,130.58,0.354949,0.060504,0.172753,0.120909,0.8693
382,1492.09,931.43,97.06,94.82,0.777128,0.862437,0.050554,0.087792,0.8103
382,565.27,618.38,162.53,161.71,0.294413,0.572578,0.08465,0.149732,0.7891
382,1233.42,144.14,65.51,64.4,0.642408,0.133461,0.034122,0.059634,0.723
383,1737.06,385.26,354.73,350.21,0.904717,0.356723,0.184755,0.324265,0.9397
383,341.67,213.41,395.11,388.06,0.177952,0.197601,0.205787,0.359316,0.9379
383,1409.48,770.25,359.28,362.2,0.734103,0.713196,0.187125,0.33537,0.9329
383,508.09,720.44,408.85,409.75,0.264629,0.667071,0.212944,0.379395,0.9311
383,1066.79,1014.21,319.74,129.62,0.55562,0.939087,0.166532,0.120023,0.8894
383,690.61,375.65,188.28,189.78,0.35969,0.347824,0.098061,0.175724,0.8888
383,1470.97,947.01,101.15,103.51,0.766128,0.876858,0.052685,0.095845,0.8539
383,708.65,53.32,359.54,106.52,0.369089,0.049368,0.187258,0.098632,0.7556
383,556.55,588.9,177.93,172.07,0.289871,0.545277,0.092671,0.159325,0.7468
383,1249.42,147.95,66.6,65.26,0.65074,0.136987,0.034686,0.060423,0.7064
383,1876.76,742.81,86.48,363.72,0.97748,0.687786,0.045039,0.336774,0.7005
384,355.33,186.69,401.76,373.37,0.185069,0.172857,0.209252,0.345713,0.9452
384,494.66,688.91,413.47,410.17,0.257638,0.637881,0.215351,0.379787,0.9415
384,1737.63,410.09,356.3,354.24,0.905016,0.379712,0.185574,0.328004,0.9317
384,1396.56,783.48,370.39,369.28,0.727375,0.725443,0.192909,0.341925,0.9239
384,696.88,354.47,195.4,190.12,0.36296,0.328214,0.101769,0.176033,0.8975
384,1046.33,1010.89,340.46,136.75,0.544965,0.936011,0.177324,0.126619,0.8944
384,1449.73,961.44,102.52,101.72,0.755067,0.890227,0.053397,0.094187,0.8005
384,553.8,561.21,177.32,173.65,0.288439,0.519643,0.092354,0.160787,0.7673
384,1864.31,790.16,111.38,411.66,0.970995,0.731633,0.058011,0.381164,0.7346
384,729.92,44.74,357.68,89.48,0.380166,0.041428,0.186291,0.082856,0.7341
384,1265.25,152.32,68.83,69.26,0.658985,0.141041,0.035851,0.064127,0.7196
384,204.57,774.69,100.85,104.17,0.106546,0.717303,0.052527,0.096451,0.7029
385,485.0,659.51,415.75,410.61,0.252604,0.610654,0.216537,0.380194,0.9417
385,368.78,168.55,404.33,337.1,0.192071,0.156066,0.210589,0.312132,0.9385
385,1741.27,434.93,355.93,351.62,0.906911,0.402711,0.185382,0.325576,0.9383
385,1387.88,795.79,372.87,367.93,0.722853,0.736843,0.194205,0.340673,0.9305
385,1011.18,1005.78,358.05,146.83,0.526658,0.931274,0.186484,0.135952,0.8882
385,700.5,333.5,193.53,193.68,0.364843,0.308792,0.100798,0.17933,0.8672
385,1196.98,539.64,58.46,59.14,0.623428,0.499665,0.030448,0.054755,0.8554
385,1428.51,973.81,102.95,105.0,0.744016,0.901679,0.053619,0.09722,0.8142
385,551.13,532.92,174.41,172.29,0.287048,0.493443,0.090841,0.159525,0.813
385,216.82,1023.53,384.31,111.09,0.11293,0.947715,0.200161,0.102859,0.8095
385,1856.11,813.82,127.78,409.63,0.966725,0.75354,0.066551,0.379288,0.7618
385,1280.94,156.08,67.01,67.45,0.667156,0.144519,0.034899,0.062456,0.7092
385,753.38,33.93,317.72,67.86,0.392384,0.031417,0.165479,0.062834,0.7019
386,477.6,628.57,417.94,415.59,0.248748,0.582005,0.217677,0.384801,0.9487
386,1374.29,802.79,381.77,375.72,0.715779,0.743323,0.19884,0.347885,0.9327
386,1744.21,458.74,351.21,354.19,0.908441,0.424757,0.18292,0.327953,0.9323
386,385.41,151.93,414.86,303.1,0.200733,0.140679,0.216075,0.280651,0.9303
386,987.98,1001.93,345.49,154.77,0.514573,0.927716,0.179945,0.143302,0.9013
386,707.89,310.54,199.19,199.07,0.368695,0.287538,0.103744,0.18432,0.8841
386,190.54,1004.82,381.08,148.63,0.09924,0.930392,0.198479,0.13762,0.8693
386,1195.39,540.53,59.75,59.82,0.622601,0.500486,0.031121,0.055392,0.8552
386,1406.78,983.44,104.06,103.51,0.732699,0.910589,0.054199,0.095844,0.8281
386,551.08,502.03,174.87,173.91,0.287023,0.46484,0.091076,0.161032,0.8047
386,1848.63,849.91,142.37,421.67,0.962828,0.786957,0.074149,0.390434,0.7959
386,1616.96,53.95,360.64,107.72,0.842169,0.049952,0.187832,0.099743,0.7766
387,470.96,597.97,423.47,412.77,0.245294,0.553676,0.220555,0.382197,0.9396
387,1359.42,810.9,380.8,381.49,0.708029,0.750831,0.198335,0.353236,0.93
387,404.69,132.49,418.14,264.83,0.210776,0.122674,0.217781,0.245214,0.9288
387,1743.94,485.22,349.73,356.29,0.908304,0.449275,0.182149,0.329896,0.9288
387,179.7,981.09,359.39,195.88,0.093592,0.908417,0.187184,0.181369,0.8973
387,958.37,995.03,349.99,167.83,0.499149,0.921322,0.182284,0.155394,0.8952
387,716.92,290.9,196.96,196.15,0.373398,0.26935,0.102582,0.181624,0.8931
387,1193.75,541.55,60.66,60.12,0.621744,0.501439,0.031596,0.055664,0.8599
387,1634.3,63.77,367.49,127.43,0.8512,0.059045,0.1914,0.117989,0.8494
387,551.26,474.08,171.48,171.43,0.287113,0.438967,0.089313,0.158734,0.8432
387,1386.43,995.25,109.03,108.43,0.7221,0.921531,0.056785,0.100397,0.8199
387,1838.16,865.2,163.68,427.15,0.957376,0.801115,0.085249,0.395511,0.8156
387,174.87,641.62,101.19,105.13,0.091077,0.594096,0.052701,0.097342,0.7697
387,1313.61,166.88,67.97,67.29,0.684174,0.154523,0.035403,0.062307,0.7207
388,464.6,568.22,428.29,424.03,0.241978,0.526133,0.223069,0.392621,0.9356
388,1742.27,508.91,355.45,359.13,0.907435,0.471209,0.18513,0.33253,0.9325
388,170.05,955.95,338.04,246.08,0.088566,0.885136,0.176064,0.227849,0.9243
388,1344.29,822.02,386.11,385.74,0.700153,0.761133,0.201098,0.357164,0.9242
388,420.47,117.43,418.13,234.85,0.218996,0.108729,0.217776,0.217458,0.921
388,941.63,990.04,366.05,178.33,0.490433,0.916703,0.190649,0.165125,0.9066
388,1662.1,75.65,368.45,151.16,0.865676,0.070042,0.191899,0.13996,0.8909
388,728.15,270.69,195.69,191.51,0.379246,0.250638,0.101924,0.177328,0.8808
388,1192.74,542.04,60.52,60.3,0.621218,0.501889,0.031518,0.055836,0.8591
388,552.87,447.02,171.7,170.97,0.287952,0.41391,0.089428,0.158303,0.8107
388,1834.52,890.19,170.96,376.74,0.95548,0.824254,0.08904,0.348834,0.8097
388,1364.41,1004.0,106.68,106.28,0.710629,0.929629,0.055563,0.098408,0.7919
388,609.92,1057.69,57.68,44.62,0.317665,0.979344,0.03004,0.041312,0.7761
389,1744.08,534.88,351.84,361.23,0.908376,0.495261,0.183249,0.334469,0.9304
389,463.27,539.16,425.74,414.63,0.241289,0.499221,0.221738,0.383915,0.9303
389,1333.37,826.3,385.7,384.69,0.694461,0.765096,0.200887,0.356197,0.9224
389,162.79,935.87,321.7,286.25,0.084784,0.866543,0.167554,0.265045,0.9208
389,441.05,99.69,409.51,199.39,0.229715,0.092308,0.213289,0.184617,0.9139
389,913.17,982.64,376.65,192.4,0.475609,0.909855,0.196172,0.178145,0.9079
389,1675.48,85.19,344.41,170.38,0.872645,0.078877,0.179381,0.157755,0.8979
389,740.37,251.69,202.39,201.12,0.38561,0.233045,0.105412,0.186226,0.8957
389,1192.57,541.99,61.58,61.97,0.621133,0.501845,0.032075,0.05738,0.8664
389,1343.3,1011.78,107.5,108.17,0.699634,0.93683,0.055989,0.100161,0.8206
389,552.02,420.91,171.19,169.95,0.287513,0.389734,0.089161,0.15736,0.7992
389,1826.81,908.28,186.38,342.96,0.951464,0.840998,0.097072,0.31756,0.7681
389,1344.06,177.47,68.55,69.42,0.700029,0.164324,0.035704,0.064277,0.758
389,161.04,552.7,112.54,110.89,0.083873,0.511758,0.058617,0.102672,0.7332
390,1741.93,560.09,356.15,364.4,0.907253,0.518606,0.185493,0.337406,0.9375
390,1323.38,834.1,397.08,396.4,0.68926,0.772312,0.206811,0.367033,0.9354
390,462.61,505.6,431.51,428.55,0.240945,0.468153,0.224743,0.396807,0.9301
390,889.04,974.63,380.83,210.74,0.463043,0.902433,0.19835,0.195134,0.9197
390,158.56,908.62,315.75,342.75,0.082585,0.841319,0.164452,0.317363,0.9133
390,1695.05,96.52,342.63,193.04,0.882839,0.089372,0.178454,0.178745,0.8985
390,748.21,232.4,199.4,194.66,0.389692,0.215186,0.103856,0.180244,0.8971
390,464.73,84.68,396.29,169.37,0.242045,0.078411,0.206402,0.156823,0.8802
390,1192.62,542.15,62.38,63.24,0.621158,0.50199,0.032489,0.058558,0.8732
390,1323.47,1019.23,116.62,108.97,0.689309,0.943734,0.060738,0.100901,0.8455
390,160.92,507.72,111.63,110.32,0.083815,0.470108,0.058141,0.102147,0.8006
390,1819.16,929.58,201.67,300.84,0.947481,0.86072,0.105038,0.278559,0.7899
390,556.94,395.41,181.04,176.88,0.290071,0.366117,0.09429,0.163777,0.7699
391,1306.68,838.19,405.22,404.6,0.680563,0.776098,0.211053,0.374632,0.9387
391,465.07,471.83,436.05,426.72,0.242223,0.436876,0.227111,0.395108,0.9291
391,1739.47,580.8,361.07,373.94,0.905972,0.537778,0.188057,0.346244,0.9226
391,148.59,882.96,295.9,392.19,0.077393,0.817557,0.154115,0.363141,0.9179
391,863.73,965.78,385.73,225.97,0.449859,0.894239,0.2009,0.209229,0.9158
391,1729.15,107.39,346.5,214.77,0.900598,0.099431,0.180467,0.198862,0.9147
391,760.58,209.16,197.8,196.44,0.396138,0.193663,0.10302,0.18189,0.8812
391,1192.54,542.28,63.03,64.17,0.621113,0.502109,0.032827,0.059418,0.8749
391,1807.77,944.22,224.46,269.84,0.941548,0.874274,0.116905,0.249856,0.871
391,486.81,67.13,394.14,133.85,0.253547,0.062155,0.205279,0.123936,0.8561
391,1302.08,1024.74,113.35,109.78,0.678166,0.948836,0.059038,0.101645,0.8248
391,158.84,462.85,116.67,114.36,0.082729,0.428563,0.060765,0.105884,0.7151
391,1375.36,191.36,68.91,69.25,0.716332,0.177188,0.035892,0.064117,0.7003
392,1738.15,602.99,363.7,380.5,0.905287,0.558324,0.189426,0.352317,0.9351
392,846.25,958.98,378.49,240.02,0.440754,0.887947,0.197131,0.222236,0.9328
392,1295.97,845.25,409.38,410.42,0.674986,0.782638,0.213217,0.380014,0.9327
392,466.05,440.67,446.39,447.28,0.242735,0.408023,0.232494,0.41415,0.9321
392,141.7,857.55,282.63,441.95,0.073801,0.794027,0.147205,0.409209,0.9263
392,1745.91,118.83,343.13,237.66,0.909327,0.110027,0.178713,0.220053,0.9249
392,775.51,193.55,201.06,200.74,0.403913,0.179213,0.104717,0.185868,0.9019
392,1795.56,957.37,248.88,243.83,0.935188,0.886451,0.129625,0.225772,0.8807
392,1193.22,541.55,64.06,65.08,0.621468,0.501432,0.033367,0.060257,0.8798
392,1281.77,1025.95,117.02,107.28,0.667588,0.949955,0.060946,0.099333,0.8103
392,526.93,957.62,58.24,57.58,0.274444,0.886688,0.030336,0.053314,0.7914
392,165.5,420.94,111.05,111.88,0.086199,0.389759,0.057837,0.103593,0.7895
392,571.57,337.74,178.98,174.03,0.297692,0.31272,0.093218,0.161139,0.7757
392,517.69,59.23,437.18,118.0,0.269632,0.054842,0.2277,0.109262,0.7216
393,1736.67,628.69,366.66,375.96,0.904515,0.582116,0.190971,0.34811,0.9355
393,1285.27,848.03,409.8,414.96,0.669413,0.785216,0.213438,0.384218,0.9329
393,471.96,411.06,442.71,434.13,0.245815,0.380613,0.230578,0.40197,0.9328
393,1754.55,129.87,323.42,259.74,0.913827,0.120252,0.16845,0.240504,0.932
393,823.62,951.72,382.85,255.19,0.42897,0.88122,0.199401,0.236285,0.9196
393,138.43,824.75,276.28,470.71,0.072099,0.763655,0.143898,0.435846,0.918
393,789.3,175.53,204.89,202.32,0.411092,0.162529,0.106711,0.187334,0.9058
393,1194.18,541.23,65.28,65.44,0.621968,0.501142,0.033999,0.060594,0.8825
393,1782.03,969.16,275.94,220.35,0.928142,0.897374,0.143717,0.20403,0.86
393,1261.39,1026.86,119.37,106.29,0.656974,0.950794,0.062174,0.098412,0.8109
393,510.97,930.9,57.71,57.38,0.266132,0.861945,0.030055,0.053126,0.7972
393,583.64,312.19,178.92,172.91,0.303981,0.289064,0.093185,0.160104,0.7797
393,415.39,1033.54,382.71,91.33,0.216349,0.956978,0.199329,0.084565,0.7584
393,544.52,45.79,380.26,91.53,0.283605,0.0424,0.198054,0.084753,0.7232
393,1508.63,25.76,57.95,50.52,0.785746,0.023848,0.03018,0.046782,0.7074
394,477.21,381.54,444.02,445.27,0.248546,0.353275,0.231259,0.412285,0.9379
394,1765.26,142.2,309.48,283.77,0.919406,0.131671,0.161188,0.262746,0.9379
394,1273.34,849.05,403.38,410.91,0.663197,0.786158,0.210092,0.380471,0.9366
394,1736.1,650.19,367.79,378.94,0.904221,0.602027,0.191559,0.350875,0.9336
394,801.56,941.46,387.86,276.8,0.417481,0.871723,0.202012,0.256299,0.9282
394,134.21,771.21,268.04,462.01,0.069901,0.714079,0.139605,0.427784,0.9158
394,806.41,155.25,206.49,203.7,0.420004,0.143749,0.107545,0.188614,0.9012
394,1775.5,978.82,288.95,201.07,0.924739,0.906315,0.150497,0.186174,0.8813
394,1195.1,540.47,65.45,65.1,0.622449,0.500435,0.034087,0.06028,0.8791
394,366.77,1017.2,394.23,123.34,0.191028,0.941856,0.20533,0.114206,0.8387
394,495.97,902.95,59.08,58.3,0.25832,0.836066,0.030773,0.05398,0.838
394,1244.98,1029.01,108.31,101.97,0.648428,0.95279,0.056412,0.094421,0.8067
394,588.72,285.45,182.54,178.11,0.306624,0.264303,0.095071,0.164918,0.8025
394,178.65,335.97,113.33,113.81,0.093048,0.311085,0.059027,0.105383,0.7929
394,1805.07,850.77,57.7,57.23,0.940141,0.787752,0.030054,0.052987,0.776
394,1529.98,33.4,62.32,61.17,0.796864,0.030929,0.032458,0.056638,0.7728
395,1733.0,668.24,374.0,388.2,0.902604,0.61874,0.194791,0.359447,0.9409
395,1262.84,851.79,420.27,422.33,0.657731,0.788694,0.218892,0.391051,0.938
395,484.54,351.71,438.44,435.55,0.252367,0.325655,0.228352,0.403284,0.936
395,791.36,935.53,383.11,288.95,0.412166,0.866227,0.199539,0.267546,0.9345
395,1774.25,155.91,291.25,311.82,0.924087,0.144362,0.151691,0.288725,0.9309
395,127.22,723.78,254.45,457.55,0.066263,0.670168,0.132526,0.423661,0.9192
395,820.67,139.86,206.04,205.37,0.427434,0.129503,0.10731,0.190159,0.916
395,330.28,998.14,410.42,161.94,0.172019,0.9242,0.213761,0.149943,0.8916
395,1196.67,540.93,65.09,64.67,0.623264,0.500864,0.033901,0.05988,0.8705
395,1753.49,993.6,333.01,172.12,0.913278,0.919998,0.173445,0.159372,0.8547
395,1552.68,45.23,60.15,60.94,0.808688,0.041876,0.03133,0.056422,0.8463
395,482.73,874.65,59.08,58.74,0.25142,0.809857,0.030771,0.054387,0.8323
395,1225.47,1029.25,115.34,101.49,0.638268,0.953012,0.060072,0.093976,0.8313
395,605.12,262.2,179.67,179.49,0.315166,0.24278,0.093579,0.166191,0.7909
395,184.72,294.89,117.59,116.58,0.09621,0.273046,0.061243,0.107946,0.7488
395,1435.66,221.4,71.62,72.16,0.747737,0.204999,0.037301,0.066815,0.7259
396,1249.3,854.59,422.46,417.31,0.650677,0.791283,0.220031,0.386402,0.9442
396,493.33,320.81,450.13,449.83,0.256943,0.297049,0.234444,0.416508,0.9417
396,1780.44,168.02,277.48,336.03,0.927313,0.155571,0.144522,0.311143,0.9415
396,1731.64,692.31,376.71,383.91,0.901898,0.641027,0.196205,0.355475,0.9382
396,772.79,927.41,375.56,305.17,0.402493,0.858717,0.195603,0.282566,0.9351
396,313.88,980.1,417.64,199.79,0.163481,0.907504,0.21752,0.184993,0.9048
396,125.99,674.9,251.98,474.04,0.06562,0.624906,0.131241,0.438929,0.9046
396,839.1,126.26,202.36,202.57,0.437031,0.116911,0.105394,0.187561,0.8928
396,1198.39,540.46,63.41,63.71,0.624161,0.500428,0.033026,0.058992,0.8436
396,1739.56,1001.46,359.62,155.12,0.90602,0.927281,0.187304,0.143628,0.8413
396,1574.55,57.63,61.11,62.14,0.820078,0.053362,0.031829,0.057535,0.8327
396,1207.69,1029.55,110.34,100.91,0.629004,0.953284,0.057468,0.093432,0.8235
396,471.4,846.56,60.09,58.94,0.245523,0.78385,0.031296,0.054573,0.7835
396,616.2,238.78,184.26,182.68,0.320935,0.221089,0.095967,0.16915,0.7426
396,1450.8,230.19,73.45,73.27,0.755624,0.213142,0.038253,0.06784,0.7182
397,1240.92,861.71,422.1,416.4,0.646314,0.797879,0.219845,0.385556,0.9411
397,1732.05,711.24,375.9,388.75,0.902109,0.658553,0.195782,0.359951,0.9376
397,502.07,299.33,447.1,444.31,0.261493,0.277154,0.232862,0.411399,0.9339
397,1790.24,178.42,258.18,354.91,0.932417,0.165201,0.134467,0.328623,0.9338
397,759.28,917.57,376.43,324.86,0.395459,0.849603,0.196056,0.300794,0.9325
397,293.41,960.82,435.23,235.68,0.152817,0.889651,0.226685,0.218219,0.922
397,856.15,111.78,211.25,208.69,0.445909,0.103503,0.110024,0.193232,0.9059
397,122.8,636.09,245.59,466.97,0.063957,0.588976,0.127913,0.432381,0.9055
397,1200.5,540.03,63.9,65.08,0.625262,0.500028,0.033283,0.060261,0.8519
397,1737.36,1006.69,365.29,144.49,0.904874,0.932119,0.190253,0.133783,0.8365
397,1595.97,71.73,59.93,60.78,0.831234,0.066414,0.031215,0.056281,0.8312
397,1191.63,1029.71,109.37,100.57,0.620641,0.953439,0.056964,0.093123,0.812
397,209.46,215.81,117.16,118.27,0.109096,0.199826,0.061021,0.109505,0.7779
397,629.05,215.12,178.38,178.49,0.327628,0.19919,0.092908,0.165264,0.7687
397,1464.39,239.3,71.83,72.18,0.762702,0.221573,0.037411,0.066829,0.7624
398,1727.76,729.25,383.26,393.24,0.899874,0.675235,0.199617,0.364112,0.9428
398,1232.98,862.87,419.85,416.95,0.642176,0.798949,0.21867,0.386065,0.937
398,1801.32,200.8,237.37,357.54,0.938185,0.185926,0.12363,0.331058,0.9363
398,512.72,267.52,443.91,453.04,0.267041,0.247699,0.231201,0.419484,0.9347
398,743.11,908.66,377.87,342.68,0.387039,0.841351,0.196807,0.317298,0.9316
398,275.76,943.29,435.77,271.56,0.143625,0.87342,0.226965,0.251446,0.9156
398,122.33,587.14,244.65,460.64,0.063712,0.543651,0.127424,0.426515,0.9082
398,877.27,98.69,206.32,197.39,0.456912,0.091384,0.10746,0.182768,0.9044
398,1204.53,539.19,63.65,62.96,0.627359,0.499253,0.033153,0.058301,0.864
398,1174.39,1029.39,111.77,101.23,0.61166,0.953136,0.058213,0.093727,0.8313
398,1617.19,86.31,61.22,61.92,0.842287,0.079914,0.031887,0.05733,0.8302
398,1732.03,1013.92,375.94,129.92,0.902098,0.93881,0.195804,0.120293,0.8118
398,454.06,789.21,61.53,60.73,0.236488,0.730754,0.032048,0.056229,0.7834
398,645.0,188.73,175.55,174.07,0.335938,0.17475,0.091434,0.161174,0.7814
399,1725.35,751.91,386.0,391.23,0.898618,0.69621,0.201043,0.362247,0.9397
399,1226.39,860.08,416.43,417.04,0.638745,0.796375,0.21689,0.386145,0.9337
399,527.69,242.22,444.96,444.26,0.274839,0.224279,0.231748,0.411353,0.9305
399,734.54,898.94,379.88,362.13,0.382571,0.832349,0.197853,0.335302,0.9294
399,1807.0,226.52,226.01,357.27,0.941144,0.209742,0.117712,0.330803,0.9239
399,122.99,541.96,245.98,469.28,0.064057,0.501817,0.128113,0.434517,0.919
399,266.37,923.9,439.23,309.76,0.138733,0.855467,0.228766,0.286816,0.9163
399,896.6,93.45,209.58,186.91,0.46698,0.086532,0.109154,0.173064,0.907
399,1207.37,537.63,62.99,65.47,0.628838,0.497805,0.032806,0.060622,0.8548
399,266.8,1050.01,70.09,59.97,0.138958,0.972234,0.036507,0.055532,0.8413
399,1160.04,1028.31,111.29,103.39,0.604185,0.952135,0.057961,0.095729,0.8397
399,1637.19,99.73,58.66,58.37,0.852705,0.092342,0.03055,0.05405,0.8258
399,659.85,169.25,177.48,177.7,0.343674,0.156714,0.092436,0.164535,0.8045
399,447.34,761.45,60.5,59.13,0.232989,0.705048,0.031511,0.054751,0.7843
399,1492.97,257.45,71.45,71.14,0.777591,0.238382,0.037213,0.065874,0.7758
399,238.64,143.14,122.2,118.3,0.124289,0.132539,0.063645,0.109533,0.7287
399,1750.02,1034.04,338.81,90.56,0.911471,0.957443,0.176463,0.083855,0.7236
400,1723.67,771.76,389.29,392.7,0.897744,0.714594,0.202753,0.363614,0.9401
400,539.63,222.4,449.69,441.95,0.281056,0.205925,0.234211,0.409212,0.9381
400,1216.75,858.6,409.59,410.92,0.633722,0.794998,0.213327,0.380481,0.9339
400,724.66,887.24,377.46,369.68,0.377425,0.821521,0.196594,0.342298,0.9315
400,250.76,908.16,443.08,343.68,0.130603,0.840891,0.230769,0.318218,0.9181
400,1814.2,250.78,211.6,356.83,0.944895,0.232206,0.110211,0.330398,0.9167
400,124.78,493.3,249.56,471.45,0.064989,0.456763,0.129978,0.436531,0.9147
400,918.92,90.12,213.41,180.23,0.478607,0.083441,0.111149,0.166882,0.9043
400,250.1,1021.8,72.41,72.16,0.13026,0.946116,0.037711,0.066818,0.8742
400,1657.11,113.83,60.78,61.55,0.863079,0.105398,0.031658,0.05699,0.8583
400,1210.87,537.23,63.05,64.07,0.630662,0.497439,0.032836,0.05932,0.8566
400,1143.79,1027.61,114.13,104.78,0.595726,0.951493,0.059442,0.097014,0.8205
400,441.85,733.79,59.81,59.25,0.230132,0.679432,0.03115,0.054863,0.8156
400,674.82,148.95,187.49,183.76,0.351467,0.137912,0.09765,0.170145,0.7321
401,1720.16,783.72,384.68,393.69,0.895915,0.72567,0.200352,0.364531,0.9407
401,555.85,209.81,445.46,419.63,0.289507,0.194271,0.232009,0.388542,0.9389
401,714.48,873.89,380.57,373.74,0.372126,0.809156,0.198215,0.346059,0.9384
401,1207.52,859.66,419.12,417.21,0.628915,0.795979,0.218291,0.386301,0.9374
401,1821.58,273.3,196.84,343.31,0.948741,0.253058,0.102519,0.31788,0.9324
401,237.93,888.93,433.31,381.11,0.123923,0.823084,0.225682,0.352884,0.9312
401,125.48,455.54,250.95,459.88,0.065352,0.4218,0.130704,0.425818,0.9084
401,932.54,83.09,211.78,166.19,0.485697,0.076939,0.110302,0.153877,0.9007
401,236.45,988.17,73.05,72.95,0.123153,0.914972,0.038045,0.067547,0.8811
401,1214.1,536.61,64.05,63.39,0.632343,0.496862,0.033362,0.058697,0.8551
401,1132.17,1026.29,113.8,107.42,0.589673,0.950267,0.059272,0.099466,0.8462
401,1675.9,128.46,61.46,61.24,0.872863,0.118948,0.032008,0.056701,0.8457
401,1727.5,999.19,58.51,57.21,0.899741,0.925177,0.030474,0.052976,0.8216
401,438.17,707.3,59.62,60.09,0.228213,0.654906,0.03105,0.055642,0.7958
401,692.71,127.03,175.5,175.28,0.360786,0.117623,0.091405,0.162294,0.7857
401,1520.74,276.14,73.23,71.61,0.792054,0.255684,0.03814,0.066307,0.7523
401,271.42,71.73,114.61,115.95,0.141366,0.066416,0.059691,0.107364,0.752
402,708.5,858.81,376.93,367.39,0.369008,0.795192,0.196319,0.34018,0.9429
402,230.72,877.08,431.2,405.85,0.120169,0.812108,0.224582,0.375784,0.9422
402,1715.96,803.33,385.6,387.81,0.893732,0.743824,0.200833,0.359082,0.9395
402,1200.45,855.92,415.53,412.52,0.625234,0.79252,0.216424,0.381968,0.9362
402,570.63,196.56,445.85,393.13,0.297206,0.182004,0.232211,0.364008,0.9291
402,130.8,415.84,261.61,459.97,0.068127,0.385036,0.136254,0.425898,0.9211
402,1827.89,295.65,184.21,349.49,0.952029,0.273749,0.095943,0.323597,0.9173
402,955.99,78.6,209.8,157.19,0.497911,0.072774,0.109272,0.145549,0.8884
402,223.24,954.85,74.17,74.5,0.116268,0.88412,0.038633,0.068982,0.8857
402,1218.51,536.01,62.68,63.6,0.63464,0.496306,0.032645,0.058884,0.869
402,435.62,679.98,58.63,58.84,0.226883,0.629607,0.030536,0.054486,0.843
402,1695.25,144.66,58.87,59.12,0.88294,0.133943,0.030662,0.05474,0.8427
402,1117.8,1025.25,112.74,108.24,0.582186,0.94931,0.058719,0.100226,0.8233
402,708.58,109.6,183.33,183.07,0.36905,0.101483,0.095483,0.16951,0.7918
402,1533.48,285.66,75.32,74.87,0.798687,0.264496,0.039228,0.069326,0.7052
403,1194.89,856.18,413.09,409.04,0.62234,0.792756,0.215151,0.378741,0.9446
403,225.33,851.84,422.91,424.78,0.117357,0.788737,0.220266,0.393312,0.9352
403,701.16,837.51,370.07,365.87,0.365189,0.775468,0.192746,0.338772,0.9348
403,133.44,370.91,266.88,460.93,0.069501,0.343436,0.139002,0.426783,0.9318
403,1712.79,821.16,390.97,392.3,0.892079,0.760331,0.203631,0.363242,0.9308
403,585.05,187.4,449.25,374.79,0.304713,0.173514,0.233985,0.347029,0.9283
403,1836.29,323.57,167.41,341.62,0.956403,0.299603,0.087194,0.316319,0.9063
403,975.42,72.63,213.29,145.26,0.508029,0.067249,0.111091,0.134499,0.8943
403,1224.0,536.71,62.41,63.72,0.637498,0.496951,0.032508,0.058998,0.8608
403,212.56,921.7,70.57,71.5,0.110709,0.853423,0.036755,0.066202,0.8576
403,1105.01,1023.94,114.81,107.63,0.575524,0.948094,0.059798,0.099658,0.8478
403,1713.87,158.09,60.98,61.44,0.89264,0.146381,0.031763,0.056892,0.8268
403,726.76,92.2,180.75,178.05,0.37852,0.085369,0.09414,0.164863,0.8185
403,434.87,653.27,59.62,59.5,0.226497,0.604879,0.031052,0.055094,0.7808
403,1705.85,1032.77,57.69,57.93,0.888462,0.956267,0.030045,0.053637,0.777
403,1545.79,296.05,72.52,71.85,0.805101,0.274122,0.03777,0.06653,0.7056
404,1186.5,854.66,418.05,411.6,0.617967,0.791349,0.217732,0.381113,0.9422
404,220.0,818.68,424.6,419.99,0.114586,0.75804,0.221148,0.388881,0.9357
404,693.62,822.48,375.64,377.01,0.361263,0.761558,0.195644,0.349088,0.9342
404,1707.97,835.99,384.75,388.16,0.88957,0.774066,0.200391,0.359411,0.9317
404,139.64,329.15,278.68,481.93,0.072731,0.30477,0.145147,0.446236,0.9296
404,598.86,177.8,437.78,355.61,0.311908,0.164632,0.228013,0.329265,0.9288
404,1845.83,347.06,148.35,337.17,0.961367,0.321351,0.077265,0.312196,0.9013
404,993.61,67.23,213.99,134.35,0.517504,0.062252,0.111454,0.124394,0.8976
404,204.71,888.6,72.61,71.84,0.106619,0.822773,0.03782,0.066516,0.8608
404,1227.2,535.07,63.62,63.85,0.639167,0.495432,0.033136,0.059119,0.8598
404,1095.77,1020.69,112.35,110.67,0.570712,0.945081,0.058514,0.102468,0.8509
404,1730.27,174.15,58.93,59.95,0.901183,0.161248,0.03069,0.055511,0.837
404,434.6,626.89,60.18,59.7,0.226356,0.580458,0.031346,0.05528,0.8209
404,1559.69,306.01,73.39,72.14,0.812338,0.283346,0.038225,0.066793,0.7166
405,1182.04,854.96,415.53,415.3,0.615646,0.791625,0.216422,0.384539,0.9409
405,213.74,782.85,419.79,424.79,0.111324,0.724858,0.218643,0.393327,0.9352
405,142.93,289.16,284.98,475.34,0.074445,0.267744,0.148425,0.440128,0.9327
405,687.7,802.68,374.66,372.12,0.358177,0.743225,0.195135,0.344556,0.9295
405,1702.58,851.75,388.84,389.64,0.886762,0.788655,0.202519,0.360774,0.9288
405,615.46,163.76,441.78,327.12,0.320555,0.151627,0.230095,0.30289,0.9145
405,1016.27,64.9,214.67,129.8,0.529309,0.060091,0.111808,0.120183,0.8937
405,196.93,855.56,70.96,72.84,0.102568,0.792184,0.036957,0.067446,0.8806
405,1233.22,535.26,62.61,63.47,0.642302,0.495607,0.032609,0.058769,0.8731
405,1850.72,371.53,138.56,343.96,0.963916,0.344012,0.072169,0.318485,0.859
405,1084.02,1014.91,111.27,111.04,0.564592,0.939727,0.057951,0.102813,0.842
405,1748.11,189.22,59.19,59.86,0.910473,0.175208,0.03083,0.055428,0.8392
405,435.54,601.51,58.2,57.96,0.226845,0.556953,0.03031,0.053671,0.7852
405,1571.92,315.31,71.51,72.44,0.818706,0.291951,0.037245,0.067073,0.7036
406,1176.0,857.39,411.63,405.19,0.612499,0.793884,0.214389,0.375175,0.9399
406,212.59,750.28,417.06,425.67,0.110726,0.694705,0.217219,0.394136,0.9326
406,148.22,254.58,295.1,479.23,0.077199,0.235719,0.1537,0.44373,0.9318
406,684.19,785.3,370.23,365.79,0.356351,0.72713,0.192829,0.338697,0.9295
406,1698.67,866.7,384.06,382.16,0.884726,0.802501,0.200033,0.353855,0.9269
406,638.32,156.25,448.67,311.24,0.332458,0.144676,0.233685,0.288185,0.8915
406,192.16,824.2,70.92,71.64,0.100085,0.763146,0.036937,0.066334,0.8874
406,1034.96,61.63,221.68,123.26,0.539041,0.057063,0.115458,0.114126,0.8786
406,1237.3,535.17,61.68,63.52,0.644427,0.495525,0.032127,0.058818,0.8669
406,1072.32,1009.68,113.19,111.76,0.558502,0.934893,0.058954,0.103483,0.864
406,1764.71,205.67,59.13,59.53,0.919118,0.190437,0.030798,0.055118,0.8545
406,1857.63,403.71,124.73,345.36,0.967517,0.373801,0.064965,0.31978,0.8437
406,439.55,577.2,61.09,60.39,0.228932,0.534441,0.031815,0.05592,0.8323
406,1584.46,326.14,70.45,71.07,0.825239,0.301986,0.036693,0.065806,0.7033
407,1173.2,855.28,407.08,403.77,0.611044,0.791929,0.212021,0.373858,0.939
407,208.01,720.06,412.49,421.84,0.108338,0.666721,0.214838,0.390597,0.9368
407,152.77,230.14,303.85,460.28,0.079568,0.213095,0.158255,0.426189,0.9359
407,680.72,770.35,368.13,366.31,0.354544,0.713286,0.191735,0.339176,0.9356
407,1697.12,880.33,384.58,382.74,0.883919,0.815116,0.200301,0.354385,0.9286
407,654.81,146.38,453.2,291.15,0.341047,0.135536,0.23604,0.269582,0.9004
407,188.44,793.03,68.73,69.71,0.098148,0.734285,0.035796,0.064544,0.8701
407,1243.33,534.41,63.66,63.7,0.64757,0.494821,0.033154,0.058978,0.8637
407,1055.1,56.12,215.36,112.24,0.549532,0.051964,0.112165,0.103929,0.8559
407,1064.87,1005.1,112.01,112.63,0.554622,0.930645,0.058339,0.104288,0.8465
407,1780.83,220.35,60.22,60.97,0.927518,0.204032,0.031364,0.056457,0.8449
407,441.35,552.43,59.62,58.0,0.229869,0.511506,0.031053,0.053704,0.8259
407,1861.08,427.92,117.84,355.97,0.969312,0.396226,0.061377,0.3296,0.8016
407,1596.93,335.88,71.12,70.7,0.831734,0.310999,0.037042,0.065464,0.7036
408,1169.1,852.42,405.34,402.82,0.608905,0.789281,0.211112,0.372978,0.9365
408,208.19,689.38,410.47,422.48,0.108434,0.638318,0.213789,0.391183,0.9352
408,1691.77,891.03,377.17,371.35,0.881131,0.825032,0.196443,0.343846,0.9347
408,678.46,752.16,366.14,363.71,0.353363,0.696446,0.1907,0.336764,0.931
408,160.29,211.4,318.45,422.8,0.083484,0.195742,0.165862,0.391484,0.9253
408,668.24,136.33,420.8,270.91,0.34804,0.126234,0.219164,0.250847,0.9184
408,184.96,761.59,68.65,69.82,0.096334,0.70518,0.035756,0.064649,0.887
408,1248.96,534.81,62.02,62.04,0.650502,0.49519,0.0323,0.057444,0.8622
408,1796.67,236.33,59.1,59.24,0.935764,0.21882,0.03078,0.054849,0.8494
408,1055.22,1000.25,112.95,112.49,0.549596,0.926156,0.058831,0.104161,0.828
408,1081.92,54.57,213.85,109.13,0.5635,0.050525,0.11138,0.101051,0.825
408,446.63,528.21,58.62,59.33,0.232618,0.489085,0.030529,0.054938,0.8185
408,1608.14,345.48,69.74,71.48,0.837572,0.319888,0.036325,0.066189,0.7965
408,1869.57,451.29,100.86,338.35,0.973734,0.417863,0.052533,0.31329,0.7876
409,209.37,661.03,413.74,424.8,0.109049,0.612062,0.215487,0.393331,0.9347
409,1166.22,851.26,399.88,396.61,0.607408,0.788207,0.20827,0.367236,0.9344
409,678.98,737.65,361.26,357.54,0.353637,0.683008,0.188158,0.331053,0.9316
409,1688.7,899.64,375.4,360.71,0.879534,0.833003,0.195521,0.333993,0.9284
409,168.88,196.61,336.22,392.41,0.087958,0.18205,0.175116,0.363347,0.9204
409,691.96,127.94,419.94,255.14,0.360396,0.11846,0.21872,0.236239,0.9111
409,182.65,731.56,70.22,71.35,0.095128,0.677371,0.036574,0.066066,0.8799
409,1096.58,52.26,213.55,104.51,0.571134,0.048388,0.111222,0.096769,0.8645
409,1255.09,534.81,61.96,62.66,0.653692,0.495199,0.032271,0.058019,0.8574
409,1047.6,997.13,117.5,113.79,0.545626,0.923271,0.061197,0.105362,0.8163
409,1634.41,30.46,126.78,60.92,0.851254,0.028205,0.066032,0.056411,0.7968
409,452.08,505.01,57.97,57.1,0.235458,0.467604,0.030194,0.052872,0.7918
409,1876.88,476.85,86.24,357.37,0.977541,0.441525,0.044918,0.330898,0.7574
409,1620.17,356.6,67.17,68.73,0.843841,0.330186,0.034986,0.063642,0.7094
410,210.14,631.97,408.9,419.55,0.109448,0.585155,0.212971,0.388473,0.9356
410,1685.59,910.07,369.69,339.86,0.877912,0.842655,0.192549,0.314689,0.9335
410,1164.62,849.56,394.82,400.27,0.606573,0.786632,0.205636,0.370622,0.9334
410,677.51,721.22,362.42,361.35,0.352867,0.6678,0.18876,0.334583,0.9318
410,173.1,176.08,344.49,352.17,0.090154,0.163042,0.179422,0.326083,0.9148
410,707.99,119.99,416.01,239.97,0.368744,0.111098,0.21667,0.222197,0.8971
410,182.16,702.04,71.22,72.49,0.094873,0.650035,0.037092,0.067124,0.8833
410,1262.39,534.61,61.57,62.61,0.657496,0.495011,0.032066,0.057975,0.8663
410,1042.02,992.54,115.45,114.06,0.542721,0.91902,0.06013,0.105608,0.8442
410,1117.51,50.69,208.98,101.38,0.582038,0.046936,0.108845,0.093872,0.8352
410,1653.79,36.21,135.6,71.93,0.861347,0.033524,0.070625,0.0666,0.7971
410,457.91,482.38,58.77,58.51,0.238494,0.446653,0.03061,0.05418,0.7397
410,1884.93,492.89,70.14,343.94,0.981734,0.456382,0.036531,0.318462,0.7264
410,1632.04,365.3,69.34,69.16,0.850019,0.338241,0.036114,0.06404,0.709
411,213.37,604.99,418.72,423.74,0.11113,0.560173,0.218083,0.392352,0.9389
411,678.35,706.56,362.93,362.25,0.353307,0.654218,0.189027,0.335414,0.9365
411,1162.06,846.66,390.56,395.97,0.605241,0.78394,0.203419,0.366642,0.9353
411,1682.83,914.78,375.45,330.44,0.876473,0.847018,0.195547,0.305963,0.9327
411,725.66,111.11,408.98,222.22,0.377946,0.102881,0.213011,0.205762,0.895
411,184.17,166.2,368.35,332.08,0.095923,0.153886,0.191846,0.307485,0.8902
411,183.02,673.99,70.0,71.45,0.095324,0.624063,0.03646,0.066158,0.8745
411,1036.53,986.86,110.81,111.73,0.539857,0.913759,0.057714,0.10345,0.8691
411,1268.0,534.9,61.22,62.2,0.660414,0.495275,0.031887,0.05759,0.8551
411,1840.1,280.18,59.15,59.72,0.958385,0.259427,0.030806,0.055299,0.85
411,1140.28,47.15,202.61,94.31,0.593894,0.04366,0.105527,0.08732,0.8259
411,1674.51,41.43,129.36,82.47,0.87214,0.038363,0.067373,0.076365,0.8143
411,464.41,460.46,57.83,58.19,0.241882,0.426349,0.030122,0.053877,0.8009
411,1884.85,509.62,70.3,362.13,0.981692,0.471874,0.036616,0.335303,0.7188
412,1159.62,846.79,393.68,397.65,0.603967,0.78406,0.205044,0.368197,0.9376
412,679.42,691.39,361.61,358.66,0.353866,0.640171,0.188338,0.33209,0.9335
412,215.92,576.6,417.01,422.99,0.112457,0.533889,0.21719,0.391659,0.9334
412,1679.48,919.89,374.55,320.23,0.874731,0.851746,0.195081,0.296508,0.9329
412,747.38,104.89,422.85,209.78,0.389259,0.097118,0.220232,0.194237,0.9067
412,193.88,144.88,386.36,289.31,0.100981,0.134147,0.201229,0.267876,0.9042
412,184.8,646.03,71.52,72.44,0.096248,0.598176,0.037252,0.067071,0.8816
412,1030.73,979.88,113.36,111.99,0.536839,0.907299,0.059039,0.103693,0.8661
412,1275.11,534.09,62.15,62.14,0.664121,0.494528,0.032372,0.057533,0.8497
412,1693.09,45.78,121.31,91.55,0.881816,0.042386,0.063181,0.084771,0.8465
412,1161.79,46.49,215.38,92.99,0.605098,0.043051,0.112177,0.086102,0.8223
412,1654.31,385.25,67.12,67.49,0.861619,0.356716,0.034959,0.062488,0.7828
412,471.58,439.33,58.95,58.35,0.245613,0.406789,0.030702,0.054027,0.7608
413,219.78,550.27,422.75,422.63,0.114468,0.509511,0.220183,0.39132,0.942
413,1156.87,842.87,395.48,402.21,0.602536,0.780432,0.205977,0.372415,0.9381
413,1677.68,927.29,370.79,305.41,0.873794,0.858606,0.193118,0.282789,0.9352
413,681.93,679.44,357.72,354.21,0.355171,0.629109,0.186315,0.327976,0.9321
413,765.71,96.47,401.56,192.93,0.398805,0.089321,0.209145,0.178642,0.8948
413,186.82,619.29,69.54,70.56,0.0973,0.573421,0.03622,0.065331,0.89
413,202.22,136.35,401.11,270.91,0.105323,0.126254,0.208914,0.250843,0.8875
413,1024.83,973.27,110.94,111.45,0.533763,0.901173,0.057782,0.103199,0.8649
413,1281.42,534.77,61.49,61.92,0.667406,0.495155,0.032024,0.057329,0.8607
413,1715.12,51.88,124.16,103.76,0.89329,0.048038,0.064668,0.096076,0.8509
413,1867.21,309.28,58.16,57.27,0.972508,0.286375,0.030294,0.053027,0.8456
413,1180.91,45.36,204.96,90.71,0.615057,0.041996,0.106749,0.083992,0.8161
414,1675.23,933.11,364.28,293.32,0.872516,0.863987,0.189727,0.271595,0.9396
414,1156.46,840.91,398.02,404.12,0.602321,0.778619,0.207301,0.37419,0.9386
414,225.55,527.48,418.29,411.31,0.117475,0.488411,0.217858,0.380844,0.9346
414,686.32,664.64,360.78,359.72,0.357458,0.61541,0.187907,0.333072,0.9314
414,788.77,90.78,428.34,181.56,0.410817,0.084055,0.223094,0.16811,0.8933
414,190.92,593.39,68.97,69.55,0.099436,0.549434,0.035922,0.064397,0.8688
414,1021.89,969.87,111.27,112.55,0.532236,0.898026,0.057951,0.104208,0.864
414,1733.58,54.25,119.03,108.5,0.902908,0.050234,0.061995,0.100467,0.857
414,209.53,120.61,414.51,241.22,0.10913,0.111676,0.215891,0.223352,0.8502
414,1288.77,534.44,61.89,62.42,0.671236,0.494848,0.032234,0.057798,0.8494
414,1203.66,43.78,201.75,87.57,0.626907,0.04054,0.105078,0.081079,0.8082
414,488.88,400.56,57.88,57.13,0.254625,0.370887,0.030148,0.0529,0.712
415,229.35,501.32,424.05,426.55,0.119454,0.464188,0.220861,0.394956,0.9429
415,1671.32,937.05,367.97,284.81,0.87048,0.86764,0.191653,0.263715,0.9404
415,1156.51,837.68,396.39,401.37,0.602349,0.775629,0.206454,0.371635,0.938
415,689.91,651.45,360.07,358.45,0.359329,0.603191,0.187539,0.331897,0.9377
415,818.59,85.76,428.38,171.51,0.42635,0.079405,0.223117,0.15881,0.8956
415,219.97,102.67,432.48,205.35,0.11457,0.095068,0.225252,0.190135,0.8948
415,1752.12,62.15,120.04,116.25,0.912561,0.057544,0.062522,0.107635,0.862
415,1295.87,535.01,62.62,62.42,0.674931,0.495381,0.032613,0.057792,0.8586
415,195.43,567.89,70.51,69.78,0.101788,0.525821,0.036723,0.06461,0.8582
415,1018.14,965.0,115.46,113.68,0.53028,0.893523,0.060135,0.105262,0.8532
415,1226.83,44.47,207.32,88.94,0.638974,0.041178,0.107981,0.082355,0.8194
415,498.18,382.06,58.11,58.92,0.259468,0.353759,0.030266,0.054559,0.8145
415,1686.96,412.51,67.93,69.03,0.878623,0.381949,0.035381,0.063918,0.7631
416,233.44,477.85,424.45,420.27,0.121581,0.442451,0.22107,0.389139,0.9423
416,1669.9,941.12,370.96,276.38,0.869739,0.871408,0.193211,0.255907,0.9401
416,1155.29,835.57,400.08,402.28,0.601714,0.773679,0.208377,0.372485,0.9379
416,691.99,638.52,353.84,352.81,0.360413,0.591223,0.18429,0.32668,0.9356
416,200.49,543.89,68.98,68.26,0.104423,0.503598,0.035929,0.063201,0.879
416,837.07,80.41,428.96,160.67,0.435972,0.074449,0.223417,0.148766,0.8749
416,1015.8,960.38,114.72,114.68,0.529062,0.889243,0.059752,0.106184,0.8663
416,222.51,87.84,439.43,175.67,0.11589,0.08133,0.228872,0.162661,0.8654
416,1769.63,69.16,121.12,123.37,0.92168,0.06404,0.063084,0.114233,0.8561
416,1303.41,534.73,61.86,63.12,0.678857,0.495122,0.032218,0.058441,0.8415
416,1240.64,41.49,199.7,82.98,0.646165,0.038416,0.104013,0.076832,0.7809
416,1696.6,420.89,68.42,68.95,0.883648,0.38971,0.035634,0.063844,0.7572
416,187.37,1038.12,336.97,81.8,0.097591,0.961224,0.175503,0.075742,0.7344
417,242.35,455.01,419.41,422.49,0.126222,0.421308,0.218444,0.391192,0.9405
417,697.74,626.7,353.51,352.39,0.363405,0.58028,0.184118,0.326288,0.9391
417,1156.4,832.05,400.02,399.88,0.602294,0.770418,0.208342,0.370264,0.9384
417,1667.44,945.97,375.51,266.89,0.868461,0.875901,0.19558,0.247125,0.9329
417,854.73,72.59,417.54,144.77,0.445172,0.067211,0.217469,0.134049,0.8808
417,205.02,520.5,66.69,66.56,0.106782,0.481943,0.034736,0.061634,0.8679
417,1786.98,75.38,119.03,118.9,0.930719,0.069796,0.061993,0.11009,0.8656
417,1310.17,535.18,61.76,61.6,0.68238,0.495538,0.032168,0.05704,0.8621
417,1015.14,953.32,111.38,112.17,0.52872,0.8827,0.058011,0.103857,0.8584
417,233.68,74.08,432.62,148.02,0.121708,0.068596,0.225322,0.137052,0.8467
417,1263.02,41.92,204.41,83.84,0.657821,0.038814,0.106462,0.077627,0.7985
417,185.01,1025.88,348.76,106.24,0.096358,0.949889,0.181645,0.09837,0.7893
417,1706.77,430.22,67.07,66.77,0.888944,0.398353,0.034933,0.061822,0.761
417,605.64,1060.7,60.91,38.58,0.315435,0.98213,0.031726,0.035719,0.7592
418,245.76,437.24,427.59,429.01,0.127999,0.404855,0.222702,0.397231,0.9415
418,701.18,617.75,347.42,345.09,0.365196,0.571987,0.18095,0.319527,0.9387
418,1157.09,827.8,397.92,397.16,0.602653,0.766479,0.207251,0.36774,0.9374
418,1667.66,950.52,372.38,257.21,0.868574,0.880108,0.193947,0.238161,0.9293
418,1806.49,87.32,119.19,117.46,0.940879,0.080854,0.062079,0.108757,0.8759
418,876.98,68.48,415.62,136.55,0.45676,0.063404,0.216467,0.126439,0.8691
418,213.38,499.47,66.98,66.64,0.111134,0.46247,0.034887,0.0617,0.8643
418,1011.73,946.0,115.28,112.98,0.526943,0.875924,0.060044,0.104609,0.8592
418,1318.61,535.57,61.9,61.29,0.686778,0.495894,0.032241,0.056751,0.8373
418,181.99,1019.07,351.39,119.99,0.094786,0.943587,0.183017,0.111101,0.809
418,1281.79,40.12,213.57,80.24,0.667597,0.037148,0.111234,0.074296,0.7883
418,602.43,1053.13,64.24,53.73,0.313765,0.975124,0.033461,0.049751,0.783
418,1718.57,438.19,69.3,70.39,0.895087,0.40573,0.036094,0.065173,0.7581
418,253.8,64.35,463.44,128.14,0.132185,0.059581,0.241376,0.118649,0.7293
419,707.22,601.02,355.45,351.38,0.368343,0.556503,0.185131,0.32535,0.9434
419,1158.96,826.63,398.32,397.02,0.603622,0.765399,0.207458,0.367608,0.9386
419,253.38,410.35,421.25,430.41,0.131966,0.379955,0.219403,0.398529,0.9337
419,1666.21,955.29,367.68,248.09,0.867817,0.884526,0.191498,0.229715,0.9271
419,176.15,1009.42,340.6,139.22,0.091743,0.934648,0.177398,0.128908,0.8665
419,1823.98,94.74,118.6,120.41,0.949989,0.087723,0.061769,0.111491,0.8617
419,1011.38,941.05,115.97,115.56,0.526761,0.871342,0.060399,0.106996,0.8582
419,218.85,477.34,64.72,65.85,0.113987,0.44198,0.033706,0.060976,0.8527
419,1326.54,535.19,59.96,59.68,0.690907,0.495543,0.031229,0.055262,0.8494
419,897.85,67.27,431.72,134.3,0.46763,0.062292,0.224853,0.124356,0.839
419,1727.69,445.11,66.71,66.16,0.899836,0.412142,0.034746,0.061263,0.8053
419,599.01,1045.37,61.09,61.71,0.311984,0.967937,0.031816,0.057143,0.8034
419,1297.8,39.38,202.86,78.76,0.675938,0.036461,0.105654,0.072922,0.7873
420,1160.87,824.67,397.01,393.73,0.604618,0.763581,0.206774,0.364569,0.939
420,713.47,592.78,347.95,345.88,0.3716,0.548866,0.181222,0.320256,0.9361
420,264.13,396.28,418.08,419.2,0.137569,0.366929,0.217749,0.388149,0.9348
420,1665.01,960.65,369.07,237.25,0.867192,0.889493,0.192226,0.21968,0.9286
420,173.99,1001.11,332.18,155.76,0.09062,0.926956,0.173008,0.144219,0.8879
420,1837.58,102.72,125.39,123.41,0.957073,0.095114,0.065308,0.114273,0.8793
420,1012.81,937.84,112.61,113.37,0.527506,0.86837,0.058654,0.104973,0.8572
420,226.87,456.69,67.5,66.02,0.118164,0.422865,0.035157,0.061134,0.8473
420,1334.19,534.77,60.21,60.39,0.694889,0.495161,0.031357,0.055914,0.8421
420,596.38,1033.47,60.81,61.03,0.310612,0.956921,0.031671,0.056509,0.8014
420,1316.95,39.11,201.99,78.22,0.685912,0.036211,0.105203,0.072422,0.7956
420,918.2,60.57,452.86,121.14,0.47823,0.056083,0.235865,0.112165,0.7791
420,1737.45,452.6,68.66,68.25,0.904923,0.419076,0.03576,0.063192,0.7604
421,718.68,579.42,348.63,348.04,0.374311,0.536501,0.181578,0.322258,0.938
421,275.66,375.16,419.45,424.1,0.143574,0.347368,0.218462,0.392684,0.9371
421,1162.2,821.35,393.19,389.23,0.60531,0.760505,0.204788,0.360397,0.9352
421,1664.79,964.97,364.35,228.51,0.867078,0.893489,0.189767,0.211586,0.9284
421,174.15,990.5,329.67,177.1,0.090703,0.917132,0.171703,0.163981,0.9004
421,233.91,438.54,66.34,66.18,0.121826,0.406058,0.03455,0.061274,0.8814
421,1853.28,111.09,115.28,116.51,0.965248,0.102862,0.060041,0.107883,0.8687
421,1342.18,534.58,59.6,59.28,0.69905,0.494983,0.031043,0.054893,0.8663
421,1013.4,934.05,108.8,111.25,0.527814,0.86486,0.056667,0.103008,0.8398
421,595.09,1021.61,59.88,61.05,0.309941,0.945934,0.031187,0.05653,0.7964
421,1329.63,36.99,201.04,73.97,0.692515,0.034247,0.104707,0.068495,0.7547
421,1747.91,459.0,63.88,65.6,0.910372,0.425002,0.033271,0.06074,0.7546
421,942.33,54.52,445.97,109.03,0.490799,0.050477,0.232277,0.100955,0.7528
422,280.78,359.46,419.52,418.1,0.146238,0.332833,0.218498,0.387131,0.9381
422,725.16,570.15,345.45,343.91,0.37769,0.527918,0.179924,0.318431,0.9345
422,1164.97,818.85,388.06,383.04,0.606754,0.758195,0.202116,0.354663,0.9332
422,1664.06,968.31,353.64,221.83,0.8667,0.896579,0.184187,0.205396,0.9227
422,177.5,981.1,327.51,195.86,0.092449,0.908425,0.17058,0.181355,0.8883
422,242.15,418.28,63.74,65.39,0.126118,0.3873,0.033198,0.060542,0.8689
422,1014.31,928.14,109.88,110.25,0.528287,0.859393,0.057231,0.102084,0.8587
422,1350.44,534.47,57.73,57.93,0.703355,0.494877,0.03007,0.053637,0.8503
422,1863.62,120.89,112.76,119.72,0.970636,0.111937,0.058729,0.110856,0.8483
422,592.46,1007.98,60.6,62.59,0.308571,0.933318,0.031564,0.057958,0.8074
422,1756.96,465.91,65.32,67.58,0.915083,0.431395,0.034022,0.062576,0.7847
422,1353.13,34.93,207.69,69.86,0.704755,0.032341,0.108173,0.064681,0.7784
422,964.55,47.62,447.45,95.17,0.502368,0.044089,0.233047,0.088119,0.719
423,291.24,342.83,407.5,402.59,0.151686,0.317434,0.212242,0.372767,0.9439
423,733.65,560.88,337.78,336.57,0.382109,0.51933,0.175928,0.311637,0.9335
423,1167.54,817.41,381.64,377.94,0.608092,0.756857,0.198773,0.349945,0.9323
423,1665.13,969.15,356.18,220.1,0.867257,0.897366,0.185511,0.203799,0.9255
423,174.53,972.19,322.17,214.01,0.090901,0.900173,0.167797,0.198161,0.909
423,1358.1,534.64,58.39,58.53,0.707346,0.495034,0.030409,0.054199,0.8544
423,1014.84,921.8,112.24,111.05,0.528561,0.853517,0.058458,0.102826,0.8494
423,250.37,402.43,60.95,60.71,0.130399,0.372625,0.031742,0.056215,0.8408
423,1873.69,128.0,92.63,113.27,0.975879,0.118522,0.048242,0.104879,0.8395
423,593.49,998.56,59.45,60.49,0.309112,0.924592,0.030961,0.056014,0.8245
423,1372.29,34.34,221.48,68.69,0.714736,0.031801,0.115354,0.063602,0.768
423,1766.88,472.1,65.81,64.28,0.92025,0.43713,0.034276,0.059521,0.7343
423,984.09,41.78,397.26,83.56,0.512546,0.038686,0.206904,0.077371,0.7015
424,1173.24,816.61,377.21,376.25,0.611064,0.756117,0.196465,0.348378,0.9354
424,301.78,325.58,404.54,405.48,0.157175,0.301467,0.210697,0.375441,0.9335
424,740.92,553.29,334.07,330.35,0.385898,0.512307,0.173996,0.305878,0.931
424,170.48,964.87,308.37,228.68,0.088789,0.893399,0.160607,0.211742,0.9192
424,1667.15,975.8,345.22,206.76,0.868305,0.903516,0.1798,0.191448,0.9187
424,1019.66,918.01,105.97,107.48,0.531074,0.850007,0.055193,0.09952,0.862
424,257.99,384.77,63.05,64.29,0.134369,0.35627,0.032839,0.059528,0.8548
424,1366.77,533.9,58.03,57.52,0.711859,0.494351,0.030224,0.053258,0.8435
424,1877.91,134.15,84.18,118.83,0.978078,0.124209,0.043844,0.110029,0.8195
424,593.61,987.13,59.34,58.88,0.309174,0.914013,0.030907,0.05452,0.8183
424,1387.66,32.81,210.65,65.62,0.722741,0.030381,0.109712,0.060761,0.7439
424,1777.39,475.98,63.39,64.62,0.925722,0.440723,0.033017,0.059829,0.7017
425,1177.25,813.37,376.78,371.79,0.613152,0.75312,0.196238,0.344252,0.9388
425,310.46,308.24,392.97,396.21,0.161699,0.285404,0.204674,0.366865,0.9359
425,746.54,543.55,330.31,326.42,0.388822,0.503289,0.172038,0.302237,0.9317
425,1670.66,976.32,347.98,205.64,0.870135,0.904004,0.181241,0.190405,0.9179
425,171.55,958.97,307.56,240.52,0.089346,0.887939,0.160185,0.2227,0.9023
425,1022.95,912.48,101.64,102.49,0.532788,0.844884,0.052936,0.094896,0.8506
425,266.82,370.33,60.15,59.46,0.138967,0.3429,0.031328,0.055057,0.8352
425,596.17,978.07,60.33,60.42,0.310506,0.905619,0.031419,0.055947,0.8178
425,1787.13,481.34,66.25,67.6,0.930797,0.44569,0.034505,0.062595,0.7836
425,1887.48,141.49,65.05,112.38,0.98306,0.131012,0.033879,0.104058,0.7708
425,1405.05,31.87,214.0,63.73,0.731798,0.029506,0.11146,0.059011,0.7372
426,1179.54,813.6,367.26,364.61,0.614346,0.753334,0.191279,0.337601,0.939
426,752.57,534.57,329.85,328.77,0.391963,0.494971,0.171798,0.304416,0.9373
426,318.69,292.57,392.02,393.81,0.165982,0.270898,0.204179,0.364643,0.9301
426,1676.13,978.68,349.0,200.73,0.872983,0.906184,0.18177,0.185862,0.9138
426,168.39,949.01,313.6,261.99,0.087701,0.878711,0.163335,0.242579,0.8651
426,275.06,355.56,59.69,60.93,0.143259,0.329224,0.031088,0.056414,0.8464
426,1025.9,909.01,102.86,102.0,0.534323,0.841672,0.053572,0.094444,0.8397
426,597.33,966.77,58.46,59.0,0.311111,0.895157,0.030447,0.054633,0.8258
426,1796.19,485.49,67.87,67.06,0.935513,0.449524,0.035347,0.062091,0.7444
426,1418.03,31.24,217.49,62.48,0.738559,0.028928,0.113276,0.057856,0.7435
427,1187.52,810.69,369.32,363.05,0.618501,0.750639,0.192353,0.336155,0.9411
427,760.67,527.68,321.42,322.77,0.396184,0.48859,0.167404,0.298858,0.9316
427,329.41,285.57,380.87,380.97,0.171569,0.26442,0.198369,0.352753,0.9256
427,1679.34,979.5,348.37,199.07,0.874659,0.906946,0.181441,0.18432,0.9157
427,168.65,944.33,307.67,271.34,0.087841,0.87438,0.160246,0.25124,0.8903
427,1029.32,905.14,103.84,104.11,0.536105,0.838088,0.054082,0.096397,0.8625
427,283.96,341.77,59.78,59.31,0.147898,0.316455,0.031136,0.054912,0.8406
427,599.79,958.48,59.56,59.4,0.312391,0.887479,0.031019,0.055002,0.7884
427,1807.1,487.51,64.65,65.25,0.9412,0.451398,0.033671,0.060413,0.7872
427,1437.16,29.47,205.4,58.91,0.748522,0.027289,0.106977,0.05455,0.7115
428,1192.98,806.53,366.27,360.29,0.621343,0.746783,0.190766,0.333601,0.9322
428,765.47,518.3,318.76,321.48,0.398681,0.479907,0.166019,0.297669,0.9315
428,174.72,940.94,293.31,277.6,0.091002,0.871241,0.152766,0.257036,0.9271
428,335.21,273.39,389.01,390.45,0.174588,0.253142,0.202607,0.361532,0.9265
428,1682.86,980.56,352.43,196.9,0.876491,0.907927,0.183558,0.182315,0.9121
428,1033.01,901.14,102.67,103.79,0.538028,0.834387,0.053474,0.096099,0.8512
428,291.1,331.21,58.97,59.09,0.151613,0.306672,0.030713,0.054717,0.8474
428,1816.06,488.87,66.84,66.01,0.945864,0.452658,0.034815,0.061118,0.7849
428,1446.07,29.17,200.69,58.34,0.753159,0.027011,0.104524,0.054022,0.7149
429,344.35,259.36,380.88,378.55,0.179349,0.240146,0.198375,0.350505,0.9336
429,1199.93,801.79,365.22,360.45,0.624963,0.742398,0.190217,0.333746,0.932
429,774.31,512.1,316.28,318.09,0.403286,0.474169,0.16473,0.294529,0.9309
429,174.69,934.9,289.41,286.42,0.090987,0.865644,0.150734,0.265205,0.9287
429,1684.99,982.56,337.08,192.74,0.877601,0.909778,0.175565,0.178461,0.9151
429,1038.39,894.54,100.62,102.02,0.540826,0.828278,0.052406,0.094464,0.8433
429,1825.32,490.61,66.51,66.39,0.950688,0.454267,0.034643,0.061476,0.7073
430,354.59,250.12,383.57,379.7,0.18468,0.231589,0.199777,0.351571,0.935
430,783.07,504.41,317.02,318.27,0.407847,0.467043,0.165113,0.294692,0.9302
430,1207.96,798.44,361.39,356.57,0.629146,0.739294,0.188222,0.330156,0.9299
430,180.09,926.7,291.05,289.97,0.093795,0.858055,0.151588,0.268495,0.9253
430,1690.01,980.91,343.86,196.05,0.880215,0.908254,0.179094,0.181524,0.9157
430,1042.3,889.72,96.36,97.31,0.542867,0.823815,0.050187,0.090103,0.8499
430,307.94,308.68,60.27,59.23,0.160385,0.285811,0.031389,0.054842,0.8333
430,612.46,933.68,58.33,59.99,0.318992,0.864517,0.030381,0.05555,0.819
430,1835.26,489.92,65.94,66.61,0.955864,0.453634,0.034344,0.06168,0.7286
431,365.33,239.31,373.71,374.04,0.190275,0.221586,0.194641,0.346336,0.9326
431,1215.05,794.52,361.55,355.18,0.632836,0.735669,0.188307,0.328868,0.9275
431,183.84,918.21,286.66,287.63,0.095752,0.850199,0.149302,0.266321,0.9272
431,791.93,499.69,314.11,314.2,0.412463,0.462674,0.163601,0.290922,0.9265
431,1696.24,981.15,341.16,195.56,0.883456,0.908469,0.17769,0.181072,0.9131
431,1049.93,886.14,98.41,100.92,0.546837,0.820499,0.051256,0.093445,0.8559
431,1844.47,489.22,66.51,66.02,0.96066,0.452984,0.034642,0.061125,0.7544
432,1222.95,788.55,360.98,353.08,0.636952,0.730135,0.188012,0.326924,0.9288
432,798.66,492.38,315.07,315.29,0.41597,0.455911,0.164097,0.291937,0.9271
432,189.3,909.1,283.63,285.54,0.098593,0.841758,0.147722,0.264393,0.9254
432,369.8,228.27,381.24,379.86,0.192603,0.211365,0.198562,0.351721,0.9253
432,1705.39,978.58,340.45,200.76,0.888224,0.906095,0.177318,0.185886,0.9069
432,622.74,920.04,59.24,59.59,0.324344,0.851885,0.030852,0.055178,0.848
432,324.74,291.18,59.71,59.13,0.169138,0.269615,0.031098,0.054752,0.8471
432,1056.5,880.85,98.05,100.14,0.55026,0.815601,0.05107,0.092718,0.8212
432,1854.26,485.83,64.22,65.43,0.965759,0.449841,0.033448,0.06058,0.8012
433,193.56,901.56,284.58,287.01,0.10081,0.83478,0.14822,0.265747,0.9292
433,807.3,485.56,315.66,312.92,0.42047,0.449594,0.164407,0.289738,0.9282
433,1230.96,787.18,352.33,347.3,0.641125,0.72887,0.183507,0.321575,0.9264
433,377.91,224.66,381.79,380.97,0.196826,0.208015,0.19885,0.352749,0.9237
433,1710.41,979.3,327.99,199.29,0.890837,0.906763,0.170826,0.184524,0.9065
433,331.12,284.21,57.86,58.52,0.17246,0.263157,0.030137,0.054182,0.8471
433,1064.88,878.28,96.56,98.01,0.554624,0.813225,0.050289,0.090753,0.8327
433,630.42,914.62,59.83,60.38,0.328342,0.846869,0.031164,0.055904,0.8173
433,1863.64,483.21,66.36,66.09,0.970645,0.447421,0.034561,0.061192,0.7233
434,1238.31,781.59,355.78,352.2,0.644955,0.723691,0.185301,0.32611,0.935
434,813.77,480.56,315.7,313.01,0.423839,0.444961,0.164429,0.289821,0.9318
434,200.36,897.11,302.1,299.0,0.104355,0.830655,0.157343,0.276854,0.9281
434,382.67,221.71,379.74,377.88,0.199305,0.205287,0.19778,0.34989,0.9192
434,1718.42,977.08,336.56,203.77,0.89501,0.904705,0.175292,0.188672,0.9124
434,1072.81,872.23,96.9,98.64,0.558753,0.807623,0.05047,0.091335,0.8458
434,338.08,277.43,60.25,58.61,0.176084,0.256879,0.031379,0.054265,0.835
434,1873.72,478.61,67.26,67.36,0.975896,0.443153,0.035033,0.062367,0.7136
435,1246.33,774.39,360.38,357.22,0.64913,0.71703,0.187696,0.330762,0.9407
435,821.27,475.68,314.7,315.25,0.427744,0.440441,0.163905,0.291895,0.9294
435,207.57,893.11,290.35,288.97,0.108111,0.826958,0.151225,0.267569,0.9285
435,1727.25,974.9,337.77,208.7,0.899611,0.902682,0.17592,0.193244,0.9154
435,390.27,216.9,377.07,380.4,0.203264,0.200838,0.196393,0.352219,0.9133
435,346.22,272.01,57.95,58.03,0.180323,0.251858,0.030181,0.053734,0.8544
435,1080.59,865.21,98.96,100.79,0.562808,0.801116,0.051542,0.093321,0.8437
435,644.42,904.85,60.83,62.45,0.335636,0.837822,0.031682,0.057825,0.8125
435,1881.93,470.67,62.79,65.35,0.980172,0.435804,0.032702,0.060507,0.7167
436,1254.42,769.87,362.12,358.38,0.653344,0.71284,0.188603,0.331829,0.9355
436,1739.64,973.08,340.07,212.23,0.906061,0.900999,0.177117,0.196509,0.9311
436,827.65,469.82,314.82,317.77,0.431065,0.435021,0.163967,0.294236,0.9293
436,217.53,889.03,300.36,297.02,0.113296,0.823177,0.156439,0.275018,0.9278
436,396.71,211.45,387.71,385.54,0.20662,0.195785,0.201935,0.356978,0.9246
436,350.16,266.73,58.73,57.46,0.182374,0.246971,0.030591,0.053207,0.8523
436,1090.14,858.49,98.61,100.48,0.567781,0.794897,0.051359,0.093041,0.8454
436,1888.29,463.89,63.42,71.62,0.983483,0.429531,0.033034,0.066311,0.7482
437,1745.02,965.98,343.75,226.4,0.908867,0.894425,0.179035,0.209626,0.9359
437,404.19,208.29,380.51,372.47,0.210516,0.192865,0.19818,0.344877,0.9344
437,223.47,887.19,299.95,297.81,0.116392,0.821474,0.156223,0.275753,0.9303
437,1262.84,760.83,369.83,366.12,0.657732,0.704469,0.192618,0.338996,0.9303
437,835.95,464.3,316.99,318.54,0.435393,0.429907,0.1651,0.294949,0.9266
437,1098.24,853.72,98.39,99.4,0.571999,0.790483,0.051242,0.092034,0.8447
437,356.31,262.45,57.95,58.47,0.185576,0.243007,0.030185,0.054141,0.8254
437,661.78,897.9,57.89,57.65,0.344678,0.831386,0.03015,0.053377,0.7975
438,1753.61,963.58,329.07,231.16,0.91334,0.892203,0.171389,0.214039,0.9341
438,407.14,203.69,385.67,379.64,0.212054,0.188605,0.200868,0.351519,0.9326
438,843.24,457.46,322.91,323.44,0.43919,0.423571,0.168182,0.299481,0.9294
438,229.29,887.06,302.49,297.58,0.119421,0.821351,0.157549,0.275535,0.929
438,1271.55,754.88,363.26,361.0,0.662266,0.698961,0.189197,0.334258,0.9259
438,1108.52,848.63,100.93,101.0,0.577356,0.785768,0.052568,0.093516,0.8504
438,362.21,260.84,58.19,57.82,0.18865,0.241515,0.030307,0.053535,0.8317
439,1760.89,958.12,314.65,242.23,0.917131,0.887144,0.16388,0.224289,0.9319
439,411.82,203.79,389.87,382.54,0.214488,0.188696,0.203055,0.354207,0.9316
439,850.48,455.07,326.29,324.51,0.442958,0.421358,0.169943,0.300469,0.9295
439,239.15,886.68,296.24,295.71,0.124558,0.821001,0.154291,0.273808,0.9262
439,1280.53,750.57,373.08,367.01,0.666944,0.694973,0.194311,0.339821,0.9253
439,366.78,260.24,60.36,59.07,0.191029,0.24096,0.031437,0.054694,0.8555
439,1118.99,843.82,105.87,105.89,0.582808,0.781316,0.055143,0.098049,0.8549
440,1288.6,741.2,381.04,375.75,0.671148,0.686298,0.198457,0.347916,0.9324
440,416.4,201.9,392.49,380.85,0.216877,0.186945,0.20442,0.352636,0.9315
440,249.88,885.97,297.86,296.64,0.130147,0.820339,0.155135,0.274666,0.9285
440,860.02,449.75,325.58,325.49,0.447928,0.416431,0.169573,0.301376,0.9283
440,1765.49,951.05,301.0,257.8,0.919528,0.880598,0.156771,0.2387,0.926
440,1128.82,834.6,107.0,108.56,0.587925,0.772777,0.055728,0.100515,0.8542
440,371.63,259.03,60.97,59.31,0.193556,0.239843,0.031755,0.05492,0.834
440,691.23,887.5,60.73,61.45,0.360018,0.821758,0.031628,0.056899,0.8165
441,1299.88,729.87,381.53,383.09,0.677023,0.675804,0.198712,0.354717,0.9446
441,1769.78,942.22,299.86,274.41,0.921762,0.872428,0.156176,0.254082,0.9371
441,419.86,202.44,398.03,387.8,0.218679,0.187441,0.207307,0.359077,0.9311
441,864.61,444.68,336.64,335.12,0.450317,0.411742,0.175331,0.310299,0.9285
441,259.87,890.5,304.44,301.37,0.135347,0.824539,0.158561,0.279044,0.9271
441,1509.49,444.43,58.4,58.9,0.786194,0.411512,0.030418,0.054535,0.8633
441,1141.17,827.63,106.32,109.03,0.594361,0.766327,0.055373,0.100949,0.8624
441,375.87,258.67,60.93,61.69,0.195765,0.239513,0.031734,0.05712,0.8519
441,701.66,884.94,62.86,63.84,0.365447,0.819387,0.032739,0.059108,0.8302
442,1311.97,721.05,388.91,384.24,0.683317,0.667643,0.202558,0.355782,0.9479
442,1773.37,931.3,293.27,297.4,0.923628,0.862313,0.152745,0.275373,0.9384
442,871.04,440.7,337.13,335.26,0.453669,0.408054,0.175587,0.310425,0.9298
442,270.64,893.78,305.03,303.08,0.140959,0.827577,0.158869,0.280628,0.9291
442,421.9,203.59,394.41,386.36,0.219738,0.188511,0.205424,0.357738,0.929
442,1149.78,820.25,112.71,111.88,0.598842,0.759487,0.058703,0.10359,0.8729
442,377.7,259.46,59.9,59.11,0.196719,0.240237,0.031196,0.054728,0.8578
442,1516.87,431.39,59.28,58.94,0.790035,0.399435,0.030877,0.054577,0.8471
442,712.68,883.13,61.92,63.52,0.371187,0.817715,0.03225,0.058817,0.8006
443,1322.47,709.07,391.78,388.94,0.688785,0.656544,0.204052,0.360127,0.9439
443,875.92,436.2,342.75,338.87,0.456209,0.403892,0.178516,0.31377,0.9332
443,284.11,896.92,310.03,309.97,0.147975,0.830483,0.161472,0.287009,0.9329
443,1780.31,922.12,278.4,315.76,0.927244,0.853814,0.145002,0.292372,0.9271
443,423.07,205.43,406.33,397.38,0.220347,0.190213,0.21163,0.367949,0.9264
443,379.62,262.11,63.49,61.98,0.197721,0.242692,0.033068,0.057392,0.863
443,1523.8,418.39,59.36,58.69,0.793645,0.387394,0.030916,0.054339,0.845
443,1162.98,813.14,112.77,112.33,0.605721,0.752903,0.058735,0.104005,0.8391
443,724.14,879.69,61.35,61.45,0.377156,0.814525,0.031954,0.056898,0.8197
444,879.64,431.17,347.37,345.75,0.458146,0.399232,0.180921,0.320137,0.9366
444,1792.35,913.63,255.07,330.62,0.933515,0.845954,0.132849,0.306133,0.9363
444,1330.72,697.94,396.88,392.17,0.693081,0.646239,0.206708,0.36312,0.9354
444,425.27,206.93,412.45,401.85,0.221494,0.191601,0.214816,0.372085,0.9306
444,291.69,899.94,309.62,307.67,0.151923,0.833275,0.16126,0.284875,0.9249
444,1174.63,802.86,113.01,112.59,0.611786,0.743385,0.058857,0.104249,0.8873
444,1529.38,402.06,61.0,60.71,0.796554,0.372277,0.031773,0.056211,0.8548
444,379.82,263.11,64.95,64.1,0.197825,0.243623,0.033831,0.059348,0.8502
444,736.34,878.78,63.55,66.24,0.383509,0.813681,0.033099,0.061332,0.8235
445,883.06,425.65,353.06,352.73,0.459925,0.394118,0.183888,0.326606,0.9415
445,428.54,210.3,419.63,411.48,0.2232,0.194718,0.218557,0.380999,0.9345
445,1797.89,900.92,244.21,342.41,0.936403,0.834186,0.127194,0.317049,0.9337
445,1342.35,685.67,405.89,405.89,0.699139,0.634883,0.211402,0.37582,0.9308
445,309.69,906.5,311.23,311.85,0.161298,0.839347,0.162098,0.288749,0.9296
445,1186.43,791.3,115.57,116.72,0.617932,0.732682,0.060195,0.108071,0.8622
445,1535.51,387.51,60.82,59.78,0.799746,0.358802,0.031679,0.055351,0.8585
445,381.9,266.49,63.55,63.92,0.198908,0.246746,0.033097,0.059189,0.8537
445,749.57,877.55,62.67,63.07,0.390401,0.812551,0.032639,0.058402,0.8485
446,888.44,419.01,357.48,353.87,0.46273,0.387975,0.186185,0.327654,0.947
446,1354.26,670.8,410.89,414.01,0.705345,0.621113,0.214007,0.383342,0.9408
446,426.96,211.49,424.76,415.9,0.222373,0.19582,0.22123,0.385091,0.9391
446,1802.61,882.54,234.78,358.79,0.938859,0.81717,0.122282,0.332208,0.9315
446,320.0,912.38,323.7,321.48,0.166668,0.844792,0.168594,0.297669,0.9313
446,1540.3,369.89,62.1,62.33,0.802241,0.342488,0.032346,0.057715,0.8683
446,1199.07,784.2,116.24,113.67,0.624516,0.726115,0.060539,0.105254,0.8557
446,383.42,271.39,64.06,62.68,0.199697,0.251285,0.033364,0.058034,0.847
446,762.82,874.38,64.27,65.7,0.397301,0.809613,0.033476,0.060831,0.8008
447,894.8,413.49,362.09,359.42,0.466042,0.382862,0.188589,0.332799,0.9432
447,426.3,212.7,429.09,423.03,0.222032,0.196945,0.223483,0.391691,0.943
447,1365.4,657.32,408.64,404.42,0.711145,0.608632,0.212833,0.374466,0.9383
447,1809.97,857.48,220.05,357.34,0.942694,0.793965,0.114612,0.330873,0.9248
447,334.8,918.66,322.45,315.01,0.174378,0.850612,0.167943,0.291672,0.9239
447,1210.97,772.52,118.27,118.44,0.630714,0.715297,0.061598,0.109665,0.8852
447,382.91,275.76,67.22,67.53,0.199432,0.255332,0.035011,0.062528,0.8639
447,1544.66,351.42,63.04,63.61,0.804512,0.325388,0.032834,0.058902,0.851
447,776.88,874.19,62.89,64.44,0.404627,0.809437,0.032753,0.059664,0.757
447,725.77,108.92,57.72,56.96,0.378006,0.100851,0.030062,0.05274,0.7551
448,1375.34,642.95,415.08,410.15,0.716325,0.595321,0.216187,0.379764,0.9488
448,898.96,407.88,368.52,367.78,0.468206,0.377665,0.191939,0.340539,0.9418
448,426.28,215.35,433.78,428.62,0.222021,0.199401,0.225929,0.396867,0.9413
448,1815.45,828.8,209.11,367.98,0.945545,0.767411,0.108911,0.340724,0.9297
448,349.03,921.79,322.85,315.22,0.181788,0.85351,0.168149,0.291868,0.9239
448,1548.05,331.51,64.92,64.4,0.806274,0.306958,0.033814,0.059634,0.8543
448,1223.3,760.27,119.12,117.26,0.637136,0.703955,0.062041,0.10857,0.8474
448,383.56,282.02,67.06,67.59,0.199773,0.261129,0.034928,0.062584,0.8418
448,790.48,871.62,67.45,65.96,0.411707,0.807056,0.035128,0.061072,0.782
449,901.47,402.33,370.89,370.24,0.469518,0.372527,0.193174,0.342816,0.9411
449,1383.18,624.78,419.0,421.27,0.720405,0.578499,0.218228,0.390067,0.9391
449,425.23,222.77,432.33,436.46,0.221474,0.206273,0.22517,0.404126,0.9388
449,1820.69,801.59,198.62,371.08,0.948276,0.742218,0.103448,0.343597,0.9273
449,364.29,926.8,338.11,306.4,0.189734,0.858147,0.176101,0.283706,0.9204
449,383.96,289.43,71.63,69.74,0.199982,0.267995,0.037306,0.064578,0.8752
449,1235.19,749.83,116.13,116.36,0.643329,0.694283,0.060482,0.10774,0.8696
449,1550.29,310.72,63.45,62.7,0.807441,0.287702,0.033045,0.058057,0.8585
449,803.7,869.05,63.66,64.16,0.418595,0.80468,0.033157,0.059409,0.7782
450,422.31,226.22,436.89,441.14,0.219953,0.209463,0.227549,0.408462,0.9415
450,1395.1,607.22,412.6,416.99,0.726612,0.562244,0.214898,0.3861,0.941
450,906.11,397.48,375.08,374.21,0.471934,0.368033,0.195352,0.346491,0.9377
450,1826.44,768.03,187.12,370.55,0.95127,0.711141,0.097461,0.343098,0.9218
450,379.13,932.13,330.21,295.73,0.197466,0.863086,0.171983,0.273828,0.9102
450,1551.55,287.78,64.22,65.03,0.808098,0.266465,0.033446,0.060215,0.8639
450,1247.0,733.51,117.93,118.57,0.649481,0.679174,0.061423,0.109789,0.8638
450,383.22,297.3,68.89,69.78,0.199592,0.27528,0.035878,0.064607,0.8631
450,818.26,866.94,68.11,66.8,0.426179,0.802725,0.035472,0.061856,0.7975
451,419.54,231.68,439.21,444.38,0.21851,0.214516,0.228755,0.411467,0.9432
451,908.21,392.11,379.65,374.27,0.473026,0.363067,0.197735,0.346545,0.9364
451,1401.8,591.22,422.32,421.09,0.730104,0.547423,0.219958,0.389903,0.9341
451,1834.62,737.97,170.76,386.42,0.955531,0.68331,0.088938,0.357795,0.9001
451,397.45,935.81,334.95,288.37,0.207004,0.866493,0.174451,0.267014,0.8988
451,381.99,304.45,71.82,69.92,0.198951,0.281901,0.037405,0.064742,0.8886
451,1259.23,722.62,122.15,118.32,0.655851,0.669097,0.063621,0.109556,0.8733
451,1552.09,265.94,62.96,63.66,0.80838,0.246238,0.032792,0.058944,0.8575
451,707.22,103.24,59.74,59.04,0.368341,0.09559,0.031113,0.05467,0.7854
451,1716.0,1016.26,407.99,124.91,0.893752,0.940983,0.212496,0.115661,0.7803
451,833.2,863.75,65.88,66.98,0.433959,0.79977,0.034311,0.062019,0.7717
452,414.05,239.79,442.96,447.02,0.215652,0.222032,0.23071,0.413905,0.9442
452,909.4,388.2,377.74,371.68,0.473645,0.359443,0.196741,0.344144,0.9373
452,1412.07,571.72,422.48,420.04,0.735451,0.529374,0.220042,0.38893,0.9348
452,413.09,939.29,337.88,281.42,0.215152,0.869712,0.175982,0.260577,0.8862
452,380.24,314.68,71.87,72.79,0.19804,0.291371,0.037432,0.067402,0.8809
452,1842.28,707.71,155.44,411.57,0.959521,0.655286,0.080958,0.381085,0.8746
452,1269.73,704.55,120.08,119.73,0.661316,0.652357,0.062541,0.110865,0.8727
452,1551.22,241.51,64.54,64.71,0.807927,0.223625,0.033617,0.059916,0.8661
452,198.9,662.01,57.71,59.43,0.103592,0.61297,0.030056,0.055029,0.8463
452,1725.93,1003.38,388.13,151.09,0.898924,0.929054,0.202153,0.139902,0.844
452,848.24,861.35,67.49,67.82,0.441791,0.797546,0.035149,0.062797,0.8168
452,1886.46,909.75,59.68,59.05,0.982533,0.842365,0.031084,0.054679,0.7898
452,700.32,103.87,60.23,60.27,0.364748,0.096173,0.031372,0.055803,0.75
453,413.06,251.72,440.72,444.98,0.215135,0.23307,0.229539,0.412022,0.9445
453,910.57,380.68,380.26,380.8,0.474254,0.35248,0.19805,0.352593,0.9363
453,1416.94,550.26,418.6,424.07,0.737988,0.509503,0.218019,0.392658,0.9354
453,426.58,943.41,352.75,272.84,0.222177,0.873524,0.183724,0.25263,0.8946
453,1740.99,991.18,357.21,175.93,0.906766,0.917758,0.186048,0.162897,0.8651
453,378.27,324.77,73.05,73.46,0.197016,0.30071,0.038046,0.06802,0.8646
453,1282.51,691.04,123.5,124.59,0.667973,0.639851,0.064323,0.115358,0.8641
453,1548.84,217.29,64.49,63.64,0.806687,0.201195,0.033589,0.058922,0.8605
453,207.04,677.52,59.09,58.76,0.107833,0.62733,0.030774,0.054409,0.854
453,1848.16,680.17,143.68,411.74,0.962584,0.629788,0.074833,0.381241,0.8492
453,862.29,856.96,69.25,70.49,0.449112,0.793478,0.03607,0.065267,0.7998
453,693.42,102.95,61.07,59.99,0.361158,0.095328,0.031806,0.055546,0.7837
454,410.99,259.69,452.73,453.39,0.214059,0.24045,0.235796,0.419803,0.9373
454,1424.85,531.28,427.83,420.32,0.742108,0.49193,0.222827,0.389186,0.9357
454,910.67,376.46,380.35,381.91,0.474309,0.348578,0.1981,0.353624,0.9355
454,450.85,946.38,355.53,266.75,0.23482,0.876278,0.185174,0.246995,0.9199
454,1747.49,975.71,344.71,207.11,0.910151,0.903435,0.179538,0.191769,0.8863
454,375.86,334.47,74.78,75.26,0.195758,0.309692,0.038946,0.069682,0.8814
454,1291.62,671.6,119.9,119.03,0.67272,0.621849,0.062446,0.110213,0.8653
454,215.56,695.13,60.8,61.04,0.112269,0.64364,0.031665,0.056523,0.865
454,1545.4,190.14,65.0,65.19,0.804897,0.176059,0.033852,0.06036,0.8591
454,1853.45,642.96,133.11,404.83,0.965336,0.595336,0.069328,0.374839,0.8248
454,683.51,104.39,62.37,62.0,0.355996,0.096654,0.032487,0.057409,0.8145
454,878.69,854.07,72.36,74.02,0.45765,0.790806,0.03769,0.06854,0.7958
454,1226.99,1059.43,71.26,41.14,0.639058,0.980952,0.037117,0.038096,0.7463
455,1427.11,507.64,438.37,439.13,0.743287,0.470037,0.228319,0.406606,0.9439
455,403.38,266.24,441.71,437.78,0.210094,0.246518,0.230058,0.405354,0.94
455,912.15,370.93,386.39,391.9,0.475077,0.343456,0.201244,0.362869,0.9356
455,468.94,949.77,358.79,258.96,0.244238,0.879418,0.186869,0.239773,0.9076
455,1300.77,655.32,123.86,124.35,0.677485,0.606777,0.064511,0.115141,0.8825
455,374.52,348.02,74.62,76.28,0.195061,0.32224,0.038864,0.070631,0.8733
455,1749.77,957.73,340.11,242.62,0.911338,0.886787,0.177138,0.224651,0.8726
455,225.27,711.45,59.85,59.4,0.11733,0.658749,0.031174,0.054997,0.8589
455,1540.32,163.46,65.34,64.94,0.802249,0.15135,0.03403,0.060129,0.8463
455,674.87,106.33,60.6,59.75,0.351494,0.09845,0.031563,0.055324,0.8026
455,1249.74,1051.92,78.64,56.15,0.650909,0.974003,0.040958,0.051994,0.79
455,894.61,850.47,75.94,70.92,0.465945,0.787473,0.039554,0.065664,0.7662
455,1858.86,609.62,122.29,442.88,0.968154,0.564462,0.063692,0.410071,0.7557
456,1434.17,483.94,432.36,429.46,0.746965,0.448094,0.225186,0.397652,0.9445
456,910.49,363.46,390.1,395.46,0.474212,0.336534,0.203177,0.366163,0.9371
456,398.63,279.94,449.65,441.58,0.207617,0.259201,0.234195,0.408868,0.9337
456,490.67,954.49,371.2,249.23,0.255555,0.88379,0.193332,0.230769,0.9316
456,1769.0,945.11,301.53,267.98,0.921356,0.875099,0.157046,0.248128,0.9212
456,371.4,359.73,76.73,76.38,0.193437,0.333083,0.039963,0.070719,0.8868
456,1313.36,636.17,118.2,120.39,0.684042,0.589051,0.061564,0.11147,0.8717
456,1532.3,135.91,66.58,67.41,0.798075,0.12584,0.034679,0.06242,0.859
456,1274.31,1042.58,76.17,74.85,0.663701,0.965349,0.039673,0.069302,0.8575
456,235.07,729.44,60.1,62.44,0.122432,0.675409,0.031303,0.057818,0.8547
456,696.43,692.53,58.35,57.02,0.362724,0.641231,0.030392,0.052795,0.8406
456,1847.47,1044.55,60.91,63.03,0.962224,0.967173,0.031724,0.058363,0.8296
456,910.28,844.51,70.25,70.2,0.474102,0.781957,0.036588,0.065,0.8183
456,665.34,108.28,61.67,61.43,0.346533,0.100258,0.032121,0.056877,0.8045
456,1859.08,555.45,121.84,428.11,0.968272,0.514303,0.063456,0.396399,0.7702
457,1436.37,460.6,435.63,438.65,0.748107,0.426479,0.226889,0.406157,0.9467
457,394.06,292.34,453.32,449.23,0.205238,0.270688,0.236106,0.415952,0.9382
457,908.19,359.16,393.64,391.59,0.473018,0.332558,0.205019,0.362583,0.9379
457,511.85,960.7,364.16,236.66,0.266587,0.889537,0.189665,0.21913,0.9264
457,1779.75,927.95,280.51,304.1,0.926951,0.859213,0.146098,0.281574,0.9148
457,1298.89,1026.88,78.34,78.85,0.676507,0.950813,0.040804,0.073007,0.8774
457,369.27,373.28,76.35,75.7,0.192329,0.345626,0.039767,0.070096,0.8744
457,1319.83,613.79,121.39,120.96,0.687411,0.568327,0.063223,0.111996,0.8623
457,1524.03,106.23,68.7,68.29,0.793765,0.098364,0.035783,0.063232,0.8604
457,653.21,109.9,63.43,63.69,0.340215,0.101759,0.033039,0.058976,0.8525
457,245.89,748.55,60.44,62.46,0.128066,0.6931,0.03148,0.05783,0.8514
457,706.05,694.92,58.77,58.65,0.367737,0.643443,0.03061,0.054301,0.8462
457,1872.1,1004.74,60.8,62.32,0.975052,0.930312,0.031667,0.057706,0.8165
457,1858.02,531.52,123.96,451.45,0.967719,0.492145,0.064562,0.418005,0.7877
457,925.74,837.99,70.35,69.02,0.482157,0.775914,0.036641,0.063907,0.7782
458,1440.0,435.68,444.8,447.87,0.749999,0.403412,0.231669,0.414699,0.9451
458,391.96,308.02,457.81,456.83,0.204144,0.285205,0.238444,0.422986,0.9416
458,906.93,352.77,393.83,399.11,0.472362,0.326634,0.205117,0.369543,0.9375
458,528.79,963.04,375.19,232.08,0.275414,0.891702,0.195414,0.214889,0.9285
458,1789.12,902.08,261.76,355.85,0.931835,0.835256,0.136331,0.329488,0.9152
458,366.86,387.92,77.01,77.33,0.19107,0.359186,0.040107,0.071599,0.8876
458,1328.49,595.93,124.74,124.78,0.691921,0.551788,0.064971,0.115533,0.8742
458,1321.22,1006.83,79.25,79.71,0.688134,0.932254,0.041275,0.07381,0.8712
458,1512.49,78.13,69.77,70.28,0.787755,0.072342,0.036339,0.065078,0.8602
458,257.14,767.48,62.73,62.75,0.133929,0.710634,0.032673,0.058102,0.8558
458,716.04,696.31,58.59,58.15,0.372936,0.644728,0.030514,0.053845,0.841
458,942.05,832.9,70.36,68.38,0.490649,0.771203,0.036644,0.063318,0.7877
458,641.95,113.82,63.53,61.92,0.33435,0.105388,0.033088,0.05733,0.7639
458,1860.54,477.1,118.91,426.85,0.969034,0.441759,0.061932,0.395235,0.7504
459,1440.83,406.29,448.22,448.32,0.75043,0.376191,0.233448,0.415109,0.9442
459,902.4,345.78,407.94,405.35,0.470001,0.320166,0.212468,0.375322,0.9394
459,386.0,319.5,460.56,463.2,0.201041,0.29583,0.239875,0.428884,0.9365
459,553.01,966.71,378.43,224.26,0.288026,0.895105,0.197098,0.207653,0.9223
459,1801.8,880.07,236.41,396.94,0.938435,0.814876,0.12313,0.367541,0.8955
459,364.56,403.44,74.63,75.33,0.189875,0.373556,0.038868,0.06975,0.8783
459,1343.04,984.95,78.49,80.29,0.6995,0.911991,0.040878,0.074342,0.8782
459,1336.44,574.21,125.98,126.29,0.696064,0.531676,0.065615,0.116934,0.8776
459,725.76,697.97,58.32,58.18,0.378002,0.646267,0.030374,0.053874,0.869
459,269.85,785.99,60.95,60.12,0.140547,0.727773,0.031743,0.055664,0.8584
459,1499.5,49.62,67.5,66.99,0.780988,0.04594,0.035158,0.062025,0.8541
459,1858.12,438.78,123.77,426.14,0.967769,0.406276,0.064463,0.394571,0.7967
459,629.43,116.93,62.39,61.65,0.327827,0.108266,0.032492,0.057081,0.7923
459,955.37,824.93,72.4,73.5,0.497588,0.763824,0.03771,0.06806,0.7909
460,1439.91,379.19,452.28,454.33,0.749952,0.351105,0.235562,0.420677,0.9443
460,379.93,332.85,460.99,468.09,0.19788,0.308196,0.240098,0.433414,0.9433
460,899.58,339.43,406.85,404.61,0.468533,0.314286,0.211903,0.374637,0.9433
460,579.24,970.72,379.63,216.73,0.301687,0.898812,0.197724,0.200676,0.9133
460,1806.83,848.14,226.34,463.72,0.941058,0.785315,0.117884,0.429369,0.8931
460,362.68,418.79,78.3,79.61,0.188893,0.387769,0.040782,0.073711,0.8915
460,1365.03,962.98,80.14,81.2,0.710952,0.89165,0.041741,0.075187,0.865
460,1341.76,549.02,125.36,122.75,0.698831,0.508355,0.065292,0.113654,0.8635
460,283.05,806.3,61.21,61.62,0.147423,0.746572,0.031881,0.057051,0.8547
460,735.55,699.52,59.3,59.64,0.383098,0.647702,0.030885,0.055225,0.8511
460,972.82,818.32,74.8,73.21,0.506676,0.757701,0.038957,0.067791,0.8129
460,616.68,122.27,64.2,63.8,0.321188,0.113216,0.033436,0.059074,0.7911
460,1858.47,374.09,123.06,436.04,0.967952,0.346384,0.064096,0.403741,0.7797
460,1483.28,26.96,66.23,53.93,0.772543,0.024965,0.034497,0.049931,0.7748
461,896.54,335.86,407.34,407.64,0.466951,0.310978,0.212158,0.377448,0.945
461,374.88,350.96,459.88,466.41,0.195252,0.324959,0.239522,0.431858,0.9431
461,1436.47,350.06,452.61,451.59,0.748159,0.324133,0.235735,0.418137,0.9427
461,597.94,974.47,389.3,208.86,0.311425,0.902288,0.202761,0.193388,0.9087
461,1812.31,819.23,215.39,502.11,0.94391,0.758546,0.11218,0.46492,0.8785
461,360.99,434.4,74.56,76.5,0.188013,0.40222,0.038835,0.070837,0.8717
461,1344.93,524.76,127.79,126.43,0.700484,0.485888,0.066558,0.117063,0.8575
461,1386.15,938.92,81.61,81.64,0.721952,0.869367,0.042505,0.075595,0.8553
461,745.38,700.92,58.84,60.06,0.38822,0.649002,0.030644,0.05561,0.846
461,295.87,825.86,62.27,61.01,0.154098,0.764683,0.032433,0.056495,0.8403
461,1858.92,321.81,122.16,424.53,0.968187,0.297974,0.063625,0.393084,0.8055
461,603.36,128.33,66.11,66.41,0.314248,0.118822,0.034433,0.06149,0.8039
461,985.86,811.03,79.22,76.84,0.51347,0.750956,0.04126,0.071153,0.735
462,891.68,330.95,406.97,407.9,0.464418,0.306435,0.211965,0.377681,0.9453
462,366.16,367.73,461.58,471.01,0.190706,0.340495,0.240404,0.436116,0.9441
462,1432.23,321.91,457.71,457.91,0.745951,0.298066,0.238391,0.423988,0.9401
462,359.42,450.45,78.88,79.25,0.187196,0.417087,0.041082,0.073377,0.8977
462,624.45,978.26,395.79,201.36,0.325234,0.9058,0.206138,0.186446,0.8939
462,1407.52,913.27,83.71,81.95,0.733083,0.84562,0.043601,0.075879,0.8867
462,1348.49,501.9,127.47,127.54,0.702341,0.464725,0.06639,0.118088,0.8806
462,755.26,702.16,59.69,60.44,0.393365,0.650151,0.03109,0.055964,0.8662
462,1817.93,768.48,204.15,532.39,0.946837,0.711551,0.106327,0.492955,0.862
462,310.84,845.62,64.11,63.09,0.161896,0.78298,0.033389,0.058419,0.8473
462,1857.1,275.21,125.76,438.11,0.967239,0.254825,0.065498,0.405656,0.8175
462,588.68,134.2,65.77,64.94,0.306602,0.124256,0.034254,0.060125,0.8162
462,1001.62,800.5,73.64,70.0,0.521679,0.741207,0.038356,0.064811,0.8008
462,158.88,46.51,317.77,93.02,0.082752,0.043063,0.165504,0.086125,0.7408
463,362.72,383.77,472.24,473.66,0.188916,0.355346,0.245958,0.438578,0.9427
463,883.65,324.82,407.67,406.85,0.460236,0.300758,0.212328,0.376713,0.9376
463,1425.53,290.85,460.36,460.04,0.742465,0.269307,0.239773,0.425965,0.9328
463,653.81,983.01,384.7,193.98,0.340526,0.910194,0.200363,0.179612,0.8991
463,357.34,469.08,79.73,79.57,0.186116,0.434338,0.041525,0.073677,0.8941
463,1349.54,477.65,127.21,127.02,0.702887,0.442271,0.066258,0.117612,0.8789
463,1426.59,885.46,83.58,83.69,0.743016,0.819873,0.043531,0.077494,0.8756
463,326.82,865.94,63.05,63.78,0.17022,0.801796,0.032838,0.059052,0.8517
463,1822.71,726.13,194.59,548.12,0.949326,0.672338,0.101348,0.507519,0.8508
463,765.21,701.47,61.24,60.85,0.398547,0.649512,0.031894,0.056344,0.8507
463,573.23,141.97,66.4,67.14,0.298557,0.13145,0.034581,0.062163,0.8204
463,1852.54,222.7,134.91,424.95,0.964866,0.206207,0.070268,0.393474,0.8042
463,157.8,64.99,313.02,129.32,0.082188,0.060178,0.163031,0.119737,0.7925
463,1016.05,792.11,74.96,75.86,0.529193,0.733432,0.039043,0.070244,0.7815
463,1541.28,1024.12,430.46,109.98,0.802749,0.948262,0.224197,0.101836,0.7737
464,359.27,398.62,463.81,470.72,0.187122,0.369096,0.241568,0.435847,0.9432
464,876.82,317.31,413.87,417.24,0.456679,0.293805,0.215558,0.386338,0.9364
464,1419.39,264.59,461.98,463.19,0.739268,0.244992,0.240613,0.428884,0.9241
464,680.75,983.51,394.08,190.96,0.354556,0.910659,0.205251,0.176814,0.8992
464,1444.64,857.62,81.83,82.1,0.752416,0.794096,0.042619,0.076017,0.8845
464,355.94,485.44,78.76,77.79,0.185387,0.449479,0.041022,0.072027,0.8789
464,1349.13,451.96,131.11,130.86,0.70267,0.418483,0.068286,0.121169,0.8644
464,1824.83,677.09,190.35,549.97,0.950431,0.626931,0.099138,0.509235,0.8628
464,1596.93,1004.17,463.31,149.85,0.831736,0.929783,0.241309,0.138754,0.8547
464,149.14,75.55,296.76,150.62,0.077677,0.069954,0.154562,0.139462,0.8518
464,774.39,703.15,60.55,59.79,0.403327,0.651064,0.031536,0.055362,0.848
464,342.61,885.15,60.69,60.16,0.178442,0.81958,0.03161,0.055707,0.8348
464,559.58,149.65,65.29,65.44,0.29145,0.138564,0.034005,0.060592,0.8152
464,1845.33,188.93,149.34,376.61,0.961109,0.174934,0.077782,0.348709,0.8077
464,1029.55,782.27,76.78,74.76,0.536222,0.724327,0.039988,0.06922,0.8021
465,352.49,425.28,462.39,470.29,0.18359,0.39378,0.240826,0.435452,0.9366
465,869.49,312.26,413.48,417.66,0.452858,0.289134,0.215353,0.386722,0.9344
465,1409.93,235.83,457.45,455.14,0.734337,0.218358,0.238254,0.421427,0.9263
465,708.86,985.87,384.14,186.28,0.369198,0.912844,0.200072,0.172485,0.8968
465,1461.19,827.46,83.0,84.27,0.761035,0.76617,0.043231,0.07803,0.8951
465,1625.03,982.79,468.53,192.11,0.84637,0.909991,0.244028,0.177881,0.8898
465,359.72,904.23,62.08,62.39,0.187356,0.837246,0.032334,0.057768,0.8838
465,355.98,506.97,79.66,78.41,0.185408,0.469417,0.041488,0.072606,0.8811
465,784.17,703.04,60.25,61.08,0.40842,0.650961,0.031378,0.056559,0.8553
465,141.09,96.29,282.18,192.58,0.073485,0.089155,0.14697,0.17831,0.8517
465,1830.66,620.61,178.67,533.59,0.953471,0.574636,0.093058,0.494069,0.8481
465,1349.84,426.51,126.38,125.81,0.703041,0.394912,0.065824,0.116488,0.8445
465,1043.25,769.37,75.78,74.22,0.543359,0.712383,0.039471,0.068724,0.8253
465,1840.33,165.96,159.33,331.93,0.958507,0.153669,0.082987,0.307339,0.799
465,543.14,158.8,65.07,64.94,0.282884,0.147038,0.033891,0.060129,0.7932
465,1298.51,1057.89,61.23,44.22,0.676307,0.979529,0.031893,0.040942,0.7135
466,859.36,307.35,408.09,415.99,0.447585,0.284585,0.212546,0.385173,0.932
466,1394.66,219.69,461.7,439.39,0.726383,0.203419,0.240468,0.406838,0.9318
466,349.5,440.89,467.95,471.45,0.182032,0.408234,0.243725,0.436529,0.926
466,1660.25,958.99,475.11,239.65,0.864712,0.887951,0.247454,0.221901,0.8981
466,731.56,986.23,381.74,185.7,0.381023,0.913177,0.198822,0.171941,0.8933
466,355.83,525.49,79.15,77.38,0.185326,0.486562,0.041226,0.071646,0.8918
466,129.56,113.11,257.9,226.21,0.067477,0.104727,0.134321,0.209454,0.8818
466,1476.68,796.1,83.89,84.85,0.769105,0.737133,0.043691,0.078568,0.8783
466,378.27,924.52,65.11,64.92,0.197017,0.856037,0.033911,0.060114,0.8676
466,793.6,701.96,60.33,60.32,0.413334,0.649959,0.031421,0.055852,0.8546
466,1348.19,399.01,129.07,130.38,0.702181,0.369457,0.067224,0.120725,0.854
466,1833.14,570.46,173.72,541.98,0.954759,0.528207,0.090482,0.501834,0.8338
466,526.66,170.17,68.01,68.33,0.2743,0.157565,0.035422,0.06327,0.8288
466,1054.77,757.93,76.32,77.66,0.549358,0.701784,0.03975,0.071905,0.7888
466,1833.56,132.38,172.87,264.75,0.954981,0.122571,0.090038,0.245142,0.7821
467,1382.02,207.32,460.28,414.64,0.719801,0.191964,0.239729,0.383929,0.9408
467,848.47,303.71,414.27,415.6,0.441914,0.281211,0.215767,0.384819,0.9386
467,344.82,459.23,469.41,473.89,0.179591,0.425216,0.244487,0.438785,0.9337
467,1678.7,942.28,443.57,273.62,0.874323,0.872485,0.231026,0.253353,0.9298
467,761.09,989.38,369.4,179.54,0.396403,0.916094,0.192394,0.166242,0.9035
467,119.31,131.03,237.48,261.62,0.062141,0.121328,0.123688,0.242243,0.8809
467,1490.96,763.78,86.15,86.08,0.776544,0.707207,0.04487,0.079706,0.8772
467,355.45,545.59,80.27,80.22,0.185129,0.50518,0.041808,0.07428,0.8673
467,801.75,701.87,60.84,62.62,0.41758,0.649878,0.031686,0.057977,0.8654
467,1343.49,372.97,128.52,129.46,0.699735,0.345344,0.066938,0.119868,0.8547
467,396.81,943.42,63.15,65.01,0.20667,0.873534,0.032893,0.060195,0.8436
467,511.21,181.53,66.49,65.79,0.266255,0.168085,0.034633,0.060913,0.802
467,1818.27,100.69,203.45,201.38,0.947017,0.093234,0.105965,0.186468,0.8008
467,1350.44,1019.45,63.07,65.28,0.703357,0.943935,0.032847,0.060445,0.7985
467,1832.97,518.83,174.06,549.03,0.954671,0.480401,0.090659,0.508364,0.7924
467,1068.16,745.58,74.87,74.33,0.556336,0.690352,0.038992,0.068827,0.7841
468,840.54,301.72,415.06,413.78,0.437783,0.279373,0.216176,0.383128,0.9412
468,1689.15,918.44,453.99,323.11,0.879764,0.85041,0.236453,0.299179,0.9352
468,1364.77,189.85,455.84,379.57,0.710818,0.175791,0.237416,0.351451,0.9308
468,342.06,481.67,464.11,477.68,0.178156,0.445994,0.241722,0.442296,0.9275
468,783.12,991.71,362.41,176.59,0.407874,0.918246,0.188755,0.163508,0.9045
468,110.14,148.71,220.27,297.42,0.057363,0.137692,0.114725,0.275385,0.8768
468,416.41,962.21,63.25,61.45,0.216881,0.890933,0.03294,0.056894,0.875
468,357.52,567.16,80.96,80.37,0.186211,0.525151,0.042167,0.074417,0.8589
468,1503.34,731.69,83.34,82.22,0.782988,0.677494,0.043404,0.076125,0.8582
468,1335.72,344.6,134.17,130.61,0.695688,0.319076,0.069879,0.120932,0.8542
468,811.41,701.02,61.29,59.95,0.422611,0.649094,0.031919,0.055508,0.8472
468,494.08,193.8,66.8,65.88,0.257335,0.179445,0.034789,0.061003,0.8184
468,1078.94,733.78,79.35,76.69,0.561948,0.679428,0.041327,0.071012,0.8161
468,1373.71,992.58,62.24,63.29,0.715474,0.919053,0.032415,0.058601,0.7946
468,1833.32,455.92,173.37,553.94,0.954852,0.422152,0.090297,0.512906,0.7843
469,828.13,299.62,412.01,410.1,0.43132,0.277423,0.214588,0.379718,0.9369
469,1703.11,901.58,433.13,356.83,0.887038,0.8348,0.225588,0.3304,0.9334
469,341.38,505.06,465.98,475.2,0.1778,0.467644,0.242699,0.439999,0.9251
469,1352.77,180.52,468.97,361.04,0.704569,0.167146,0.244254,0.334293,0.9243
469,808.25,992.11,374.39,174.11,0.420962,0.918619,0.194996,0.161213,0.9108
469,359.01,586.54,77.09,77.43,0.186984,0.543094,0.040149,0.071698,0.888
469,96.51,173.43,193.02,346.69,0.050267,0.16058,0.100533,0.321005,0.8748
469,437.2,979.67,63.03,62.85,0.227707,0.907104,0.03283,0.058195,0.8624
469,1512.85,696.22,86.92,87.34,0.787941,0.64465,0.045269,0.080873,0.8623
469,819.1,700.83,61.26,61.95,0.426613,0.648919,0.031905,0.057361,0.8602
469,1328.09,318.69,131.23,129.16,0.691712,0.295088,0.068347,0.119597,0.8587
469,477.9,207.51,66.57,65.54,0.248908,0.192136,0.034671,0.060689,0.8343
469,1087.96,718.15,75.23,76.46,0.566647,0.664951,0.039185,0.070799,0.7975
469,1832.77,395.53,174.47,546.98,0.954566,0.366234,0.090867,0.50646,0.79
469,1394.28,963.87,63.37,66.37,0.726189,0.89247,0.033007,0.061456,0.7698
470,339.37,525.65,464.58,467.23,0.176753,0.486716,0.241966,0.43262,0.9347
470,816.94,297.69,406.93,407.1,0.425492,0.275639,0.211945,0.376942,0.9327
470,1332.08,165.11,469.06,330.08,0.693792,0.152881,0.244305,0.305625,0.9156
470,1714.92,874.08,410.16,409.5,0.893187,0.809332,0.213627,0.379164,0.9051
470,837.06,992.1,379.52,174.06,0.435971,0.918612,0.197665,0.161165,0.8931
470,360.43,608.6,78.62,79.48,0.187722,0.56352,0.040947,0.073588,0.8686
470,827.99,699.0,61.21,61.29,0.431243,0.647218,0.031882,0.056752,0.8635
470,1318.99,292.15,128.49,127.01,0.686973,0.270514,0.06692,0.117605,0.8631
470,1521.63,660.28,82.93,83.8,0.792515,0.611375,0.043194,0.077593,0.8609
470,458.44,997.1,61.22,60.71,0.238771,0.923244,0.031887,0.056216,0.8519
470,85.66,185.74,171.33,371.48,0.044617,0.171981,0.089234,0.343963,0.8332
470,1099.18,703.42,73.44,74.98,0.57249,0.651319,0.038251,0.069429,0.7816
470,1835.86,327.27,168.28,537.12,0.956176,0.303029,0.087648,0.497336,0.7679
470,461.57,221.87,65.13,65.88,0.240403,0.205431,0.03392,0.060996,0.7637
470,1417.2,931.81,61.9,62.31,0.738127,0.862785,0.032242,0.05769,0.7052
471,804.31,296.72,401.5,401.39,0.418909,0.27474,0.209116,0.371658,0.9284
471,1724.18,852.25,391.33,455.51,0.898011,0.789118,0.203819,0.421764,0.9274
471,338.91,552.27,459.04,463.69,0.176517,0.511365,0.239085,0.429344,0.9238
471,867.22,993.72,358.21,171.04,0.451679,0.920107,0.186569,0.158373,0.9105
471,1308.69,151.0,450.05,301.34,0.681608,0.139815,0.2344,0.279015,0.9102
471,364.22,630.84,76.13,76.81,0.189698,0.584107,0.039652,0.071119,0.8981
471,835.1,696.45,60.01,58.93,0.434949,0.64486,0.031258,0.054565,0.868
471,1528.09,625.33,82.34,81.27,0.795883,0.579009,0.042886,0.075247,0.8482
471,1304.09,269.06,128.92,127.01,0.679215,0.249133,0.067145,0.117599,0.8458
471,74.16,208.84,147.41,417.69,0.038626,0.193373,0.076775,0.386746,0.8272
471,480.91,1014.14,60.93,60.59,0.250476,0.939021,0.031736,0.056104,0.8238
471,1105.84,688.52,71.11,72.65,0.575959,0.637517,0.037038,0.067269,0.8175
471,445.13,237.94,63.75,64.55,0.231837,0.220318,0.033202,0.05977,0.7971
471,1437.83,902.97,63.31,64.26,0.748871,0.836088,0.032975,0.059503,0.7885
471,1830.9,263.78,178.2,527.56,0.953594,0.244241,0.092813,0.488481,0.7013
472,335.8,569.73,456.18,457.63,0.174898,0.527532,0.237593,0.423729,0.9327
472,792.78,295.57,397.27,397.39,0.412905,0.273678,0.20691,0.367955,0.9297
472,1735.47,813.59,369.06,467.25,0.90389,0.753327,0.19222,0.432635,0.9238
472,890.47,993.34,351.99,171.64,0.463784,0.919758,0.183329,0.15893,0.8994
472,1290.51,140.03,469.74,278.65,0.672142,0.129659,0.244657,0.258006,0.8957
472,366.61,653.04,72.55,72.85,0.190942,0.604664,0.037787,0.06745,0.8919
472,1533.04,586.8,82.72,83.14,0.798457,0.543334,0.043081,0.076978,0.886
472,1292.1,239.3,127.18,124.21,0.672967,0.221578,0.066239,0.115006,0.8631
472,842.99,695.77,58.92,58.91,0.439059,0.644228,0.030688,0.054546,0.8529
472,503.48,1030.29,58.71,59.9,0.262227,0.953975,0.030578,0.055464,0.8471
472,1114.05,673.88,74.76,73.86,0.580236,0.623965,0.038937,0.06839,0.8247
472,1456.0,871.72,64.09,65.83,0.758331,0.807151,0.033381,0.06095,0.816
472,427.85,256.19,60.41,60.62,0.22284,0.237213,0.031462,0.056132,0.7878
472,64.99,230.2,129.59,460.39,0.033848,0.213144,0.067494,0.426287,0.7831
472,1822.78,220.48,194.45,440.95,0.949363,0.204145,0.101275,0.408291,0.7824
473,780.87,298.16,393.39,393.6,0.406704,0.27607,0.204888,0.36444,0.9374
473,1743.27,766.4,353.47,464.04,0.907951,0.709631,0.184098,0.42967,0.9309
473,339.34,598.31,451.35,452.22,0.176741,0.553989,0.235076,0.41872,0.9209
473,913.19,988.83,360.47,180.64,0.475622,0.915587,0.187744,0.167259,0.9041
473,1254.68,127.13,448.99,254.26,0.653479,0.117714,0.233848,0.235427,0.8909
473,1535.09,550.26,82.93,81.94,0.799527,0.509497,0.043194,0.075874,0.8804
473,372.06,674.61,75.09,74.93,0.193782,0.624636,0.039107,0.069382,0.8782
473,1276.24,214.99,129.9,127.22,0.664708,0.199063,0.067658,0.117793,0.8611
473,527.52,1044.35,59.44,61.85,0.274751,0.966987,0.030956,0.057271,0.8288
473,850.24,693.6,58.12,57.95,0.442836,0.642227,0.030268,0.053654,0.8277
473,1118.27,656.82,75.69,74.6,0.582431,0.608166,0.039424,0.069074,0.8248
473,412.46,274.36,62.79,63.71,0.214824,0.254038,0.032701,0.058995,0.809
473,1472.84,837.56,64.4,66.26,0.767104,0.775523,0.033541,0.061353,0.7984
473,50.46,271.6,100.92,430.93,0.026281,0.251482,0.052562,0.399008,0.7291
473,1816.26,183.67,207.47,366.64,0.945971,0.170062,0.108059,0.339482,0.7281
474,764.76,298.42,393.23,394.89,0.398314,0.276312,0.204806,0.365639,0.9364
474,1751.22,717.16,337.57,461.94,0.912092,0.664037,0.175817,0.427726,0.9312
474,339.4,621.67,444.9,446.47,0.176771,0.575619,0.231718,0.413397,0.9294
474,1232.97,112.15,444.72,224.3,0.642172,0.103843,0.231625,0.207686,0.9105
474,942.48,987.76,364.06,182.8,0.490874,0.914588,0.189617,0.16926,0.9102
474,1533.12,512.39,80.08,80.95,0.798499,0.474434,0.041708,0.074953,0.8792
474,856.87,691.09,58.46,58.25,0.446288,0.639902,0.03045,0.053935,0.8512
474,1257.1,190.04,125.43,126.75,0.654738,0.175962,0.065326,0.117364,0.8512
474,376.18,695.96,75.35,76.44,0.195928,0.644409,0.039243,0.070778,0.8503
474,1125.61,640.43,71.7,71.03,0.586255,0.592992,0.037343,0.065766,0.8284
474,1812.82,145.3,214.35,289.91,0.944179,0.134536,0.111641,0.268433,0.8073
474,551.42,1053.99,61.51,52.02,0.287197,0.975918,0.032037,0.048165,0.7975
474,397.46,294.76,60.76,61.29,0.207011,0.272924,0.031646,0.056753,0.7634
474,1485.83,801.66,62.93,63.23,0.773868,0.742278,0.032778,0.058547,0.7538
475,750.93,299.04,383.33,384.69,0.391108,0.276891,0.199651,0.356192,0.9328
475,342.17,646.62,445.95,439.67,0.178216,0.598721,0.232265,0.407102,0.9314
475,1758.28,667.31,323.37,455.43,0.915771,0.61788,0.168424,0.421691,0.9216
475,972.89,986.36,355.63,185.34,0.506713,0.913295,0.185222,0.17161,0.9004
475,1205.12,100.02,443.84,200.04,0.627668,0.092611,0.231167,0.185221,0.8856
475,382.78,719.75,74.39,74.46,0.199363,0.666431,0.038746,0.068944,0.8801
475,1531.82,475.04,79.7,78.52,0.79782,0.439854,0.041509,0.072705,0.8608
475,1239.12,165.8,131.69,128.44,0.645377,0.153517,0.068587,0.118924,0.8408
475,1128.15,623.75,72.69,73.76,0.58758,0.57755,0.037858,0.068299,0.8254
475,1800.02,120.5,239.95,241.01,0.937512,0.111578,0.124976,0.223157,0.8253
475,382.65,315.19,61.23,62.14,0.199296,0.291841,0.031893,0.057533,0.8081
475,1498.36,767.6,60.05,61.46,0.780395,0.710741,0.031275,0.056907,0.77
476,735.0,302.38,378.76,379.1,0.382811,0.279985,0.197269,0.351014,0.9315
476,345.86,670.76,443.05,447.31,0.180137,0.621071,0.230754,0.414175,0.9293
476,1761.0,613.06,318.0,461.46,0.917187,0.567649,0.165626,0.427274,0.9183
476,994.95,981.92,346.47,194.52,0.518202,0.909189,0.180453,0.18011,0.9108
476,1524.56,435.81,78.1,78.41,0.794044,0.40353,0.040679,0.072598,0.883
476,1174.28,84.74,436.89,169.48,0.611605,0.078463,0.227546,0.156927,0.879
476,389.52,741.21,72.94,74.03,0.202877,0.686304,0.037989,0.068546,0.8549
476,1217.48,144.7,120.97,121.7,0.634105,0.133984,0.063007,0.112683,0.8477
476,1507.27,730.64,58.34,58.9,0.785039,0.676522,0.030384,0.05454,0.8225
476,368.5,336.95,60.7,60.79,0.191926,0.311987,0.031617,0.05629,0.8121
476,1129.54,606.02,72.21,72.36,0.5883,0.561128,0.037608,0.066995,0.7783
477,348.35,695.24,436.63,438.11,0.181433,0.643738,0.22741,0.405656,0.9398
477,722.81,306.64,373.31,374.07,0.376465,0.283927,0.194431,0.346361,0.9378
477,1018.55,980.11,333.75,197.62,0.530494,0.907511,0.173829,0.182981,0.9217
477,1764.58,557.78,310.85,449.14,0.91905,0.516458,0.1619,0.415867,0.9199
477,396.98,763.98,70.16,71.33,0.206759,0.707385,0.036541,0.066046,0.8785
477,1193.58,123.31,120.33,120.44,0.621658,0.11418,0.062672,0.111523,0.8711
477,1517.43,399.42,74.65,75.82,0.790329,0.369831,0.03888,0.070206,0.8692
477,1131.26,589.56,69.96,68.98,0.589196,0.545892,0.036439,0.06387,0.8601
477,1145.81,72.95,426.14,145.89,0.596775,0.067542,0.221949,0.135083,0.8155
477,355.06,359.91,60.53,61.61,0.184926,0.333251,0.031524,0.057044,0.7788
478,353.03,718.7,428.31,423.27,0.183872,0.665464,0.223079,0.391917,0.9386
478,705.55,313.8,360.73,361.94,0.367475,0.290558,0.187878,0.335126,0.9372
478,1040.96,978.83,318.16,200.25,0.542168,0.906324,0.165707,0.185414,0.9197
478,1766.29,509.5,307.12,434.05,0.919942,0.471759,0.159957,0.401894,0.9127
478,1508.7,363.57,74.04,73.58,0.785781,0.336643,0.03856,0.068131,0.8611
478,405.44,785.7,68.76,70.54,0.211164,0.727504,0.035811,0.06531,0.8477
478,1168.39,101.95,116.96,115.06,0.608535,0.094403,0.060917,0.106534,0.8419
478,1131.35,574.63,70.09,68.01,0.589247,0.532067,0.036506,0.062975,0.8118
478,1104.01,65.26,432.77,130.51,0.575006,0.060422,0.225403,0.120844,0.7574
478,115.64,43.54,231.27,87.07,0.060228,0.040311,0.120456,0.080621,0.741
479,357.34,746.0,415.54,419.38,0.186117,0.690736,0.216428,0.388313,0.9366
479,691.72,322.35,349.94,349.55,0.360271,0.298471,0.182262,0.323659,0.9283
479,1064.05,976.04,313.56,206.37,0.554193,0.903742,0.163314,0.191088,0.924
479,1763.23,452.72,313.55,431.08,0.918347,0.419181,0.163305,0.399144,0.9185
479,1496.11,326.25,72.56,73.18,0.779225,0.30208,0.037793,0.067758,0.8537
479,415.44,806.76,65.73,67.12,0.216375,0.746999,0.034234,0.062151,0.8472
479,1129.95,557.5,65.84,65.1,0.588514,0.516201,0.034291,0.06028,0.8314
479,91.99,58.14,183.35,116.23,0.047912,0.053836,0.095494,0.107623,0.8293
479,1142.9,81.78,109.39,108.63,0.595259,0.075721,0.056976,0.100583,0.8274
480,1087.7,968.35,321.1,221.42,0.566513,0.896622,0.167238,0.205015,0.9314
480,1761.6,398.13,316.78,428.75,0.917499,0.368642,0.164988,0.396991,0.9295
480,365.2,770.76,404.01,403.76,0.190208,0.713669,0.210421,0.373852,0.9288
480,679.29,326.48,338.39,339.88,0.353797,0.302298,0.176243,0.314699,0.928
480,83.15,78.96,165.81,157.92,0.043306,0.073112,0.086357,0.146223,0.8715
480,1481.77,290.97,71.87,72.05,0.771756,0.269414,0.037433,0.066717,0.8699
480,1114.63,66.46,108.76,108.68,0.580536,0.061538,0.056648,0.100631,0.8467
480,426.09,829.18,64.18,63.74,0.221921,0.767762,0.033428,0.059015,0.8437
480,1126.78,542.32,66.39,63.86,0.586867,0.502146,0.034578,0.059126,0.7884
481,662.42,336.55,341.88,344.15,0.345011,0.311619,0.178061,0.318662,0.9344
481,1757.58,351.4,324.84,422.14,0.915407,0.325374,0.169186,0.39087,0.9325
481,373.3,794.67,399.47,405.78,0.194428,0.73581,0.208055,0.37572,0.9316
481,1110.43,966.42,302.14,225.29,0.578348,0.894838,0.157363,0.208604,0.9302
481,67.84,109.08,135.17,218.16,0.035333,0.100999,0.070399,0.201999,0.8807
481,1465.25,256.42,69.43,68.54,0.763153,0.23743,0.036163,0.063465,0.8641
481,1090.84,51.88,111.6,102.82,0.568147,0.048041,0.058125,0.095206,0.8406
481,1123.59,523.96,65.36,63.88,0.585203,0.485145,0.034043,0.059146,0.8399
481,437.29,849.13,64.68,66.48,0.227753,0.786236,0.033685,0.061557,0.8384
482,645.55,341.82,351.51,353.88,0.336225,0.316503,0.18308,0.327665,0.9354
482,1127.37,955.51,306.33,247.62,0.587173,0.88473,0.159549,0.229281,0.9322
482,1749.81,306.19,340.39,428.67,0.911357,0.283509,0.177285,0.396918,0.9272
482,381.53,815.66,402.38,403.01,0.198713,0.755244,0.209574,0.373159,0.9199
482,1446.79,223.45,71.64,72.2,0.753539,0.206899,0.037313,0.066847,0.8463
482,1059.68,46.05,118.86,92.1,0.551916,0.042639,0.061908,0.085278,0.8279
482,448.12,870.83,63.15,63.29,0.233393,0.806323,0.032891,0.058598,0.8206
482,1117.54,509.77,69.21,68.06,0.582054,0.472005,0.036048,0.063015,0.8016
482,53.29,128.76,106.32,257.52,0.027754,0.119222,0.055375,0.238444,0.7986
483,633.38,350.63,366.65,366.92,0.329887,0.324658,0.190964,0.339737,0.9352
483,1144.99,944.25,330.0,270.52,0.596349,0.874307,0.171873,0.250482,0.9344
483,394.49,837.62,413.85,414.27,0.205466,0.775574,0.215549,0.38358,0.9317
483,1737.78,258.31,364.45,435.14,0.905092,0.239176,0.189816,0.40291,0.9228
483,462.11,891.43,67.62,67.78,0.240682,0.825401,0.035218,0.06276,0.8775
483,1425.08,191.3,75.16,75.25,0.742231,0.177129,0.039147,0.069679,0.8577
483,1029.03,39.55,126.29,79.1,0.535951,0.036622,0.065778,0.073243,0.8179
483,1112.2,496.49,70.05,69.86,0.579271,0.459716,0.036487,0.064689,0.8099
483,294.3,515.26,58.29,57.09,0.153282,0.477091,0.030358,0.052858,0.7977
483,49.13,176.46,98.03,352.91,0.025587,0.163385,0.051056,0.326769,0.7195
484,402.49,860.78,432.57,425.58,0.209632,0.797017,0.225298,0.394058,0.9342
484,619.35,361.4,373.93,368.66,0.322579,0.334628,0.194757,0.341356,0.9315
484,1163.6,934.26,332.91,291.47,0.606039,0.865059,0.17339,0.269882,0.9299
484,1727.98,215.61,384.05,411.33,0.899987,0.199643,0.200026,0.380863,0.9154
484,475.48,910.13,67.42,69.48,0.247648,0.842709,0.035117,0.064329,0.8729
484,1106.49,480.23,71.79,70.02,0.576295,0.444654,0.037388,0.064831,0.842
484,288.38,544.75,59.68,60.32,0.150196,0.504401,0.031082,0.05585,0.8029
484,1403.86,161.26,75.19,73.97,0.731178,0.149313,0.039162,0.068491,0.8024
484,1723.79,1022.44,384.45,113.56,0.897807,0.946704,0.200233,0.105146,0.7979
484,1507.62,439.95,57.66,57.44,0.785217,0.407359,0.030031,0.053187,0.7954
484,998.99,39.19,132.88,78.37,0.520306,0.036283,0.06921,0.072567,0.7843
485,605.72,368.7,385.65,383.58,0.315479,0.341386,0.200861,0.355164,0.9382
485,414.22,872.21,440.11,415.58,0.215741,0.807602,0.229226,0.384796,0.9365
485,1183.34,923.78,335.18,312.44,0.616324,0.85535,0.174572,0.2893,0.9346
485,1715.74,188.17,407.98,376.27,0.893615,0.174234,0.212492,0.348394,0.9299
485,1740.33,996.73,359.22,164.74,0.906423,0.922898,0.187094,0.152537,0.864
485,489.6,930.26,67.52,71.81,0.254998,0.861356,0.035167,0.066487,0.852
485,1379.06,130.83,76.97,76.69,0.718263,0.121139,0.040089,0.071011,0.8291
485,1097.64,467.92,72.62,72.82,0.571687,0.433258,0.037825,0.067425,0.828
485,283.51,573.06,60.43,60.81,0.147661,0.530608,0.031473,0.056303,0.7976
485,1498.57,405.83,61.35,63.28,0.780507,0.375764,0.031954,0.058591,0.7933
485,965.66,36.01,137.73,72.01,0.502947,0.033339,0.071732,0.066679,0.7917
486,591.48,384.13,395.08,388.74,0.308065,0.355672,0.205772,0.359944,0.9426
486,1195.58,915.01,338.89,329.38,0.622699,0.847236,0.176507,0.304981,0.9321
486,426.14,882.62,448.68,394.77,0.221946,0.817238,0.23369,0.365524,0.9297
486,1693.44,169.09,433.83,337.81,0.881997,0.156567,0.225953,0.312788,0.917
486,1746.98,967.32,346.05,223.57,0.909884,0.895666,0.180232,0.207006,0.9138
486,505.2,947.6,71.07,72.73,0.263125,0.877407,0.037015,0.067343,0.8785
486,1353.34,102.4,80.27,80.0,0.704862,0.094815,0.041809,0.074077,0.845
486,1088.77,453.32,71.92,71.76,0.567069,0.419742,0.037457,0.066441,0.8327
486,278.91,600.95,61.7,61.27,0.145265,0.556435,0.032138,0.056732,0.803
486,932.8,32.82,137.15,65.64,0.485833,0.03039,0.071434,0.060781,0.752
486,1485.68,372.56,58.75,58.06,0.773789,0.344959,0.030599,0.053755,0.7461
486,722.11,531.98,97.76,97.51,0.376099,0.492576,0.050915,0.090289,0.7379
487,576.46,396.76,400.91,398.37,0.300239,0.367372,0.208809,0.368861,0.9379
487,1751.51,937.56,336.98,283.11,0.912245,0.868108,0.175509,0.262137,0.9375
487,439.5,888.78,457.6,380.62,0.228906,0.822943,0.238333,0.35243,0.9331
487,1211.58,901.02,351.88,346.16,0.63103,0.834275,0.183273,0.320517,0.9308
487,1675.15,150.89,448.37,301.63,0.872476,0.139716,0.233528,0.279287,0.9245
487,519.5,965.97,72.75,73.48,0.270573,0.894418,0.037891,0.068041,0.8959
487,896.81,652.49,58.9,59.97,0.467088,0.604158,0.030677,0.055528,0.8752
487,1324.77,75.97,80.73,80.41,0.689984,0.07034,0.042045,0.074451,0.8517
487,1473.1,339.48,60.45,59.73,0.767239,0.314337,0.031486,0.055306,0.816
487,1079.5,441.7,72.82,74.56,0.562239,0.408982,0.037929,0.069034,0.8136
487,275.93,629.95,63.57,65.92,0.143712,0.583285,0.033108,0.061033,0.8126
487,42.92,934.98,84.5,289.06,0.022354,0.865721,0.044011,0.26765,0.7714
487,901.16,31.43,135.28,61.4,0.469353,0.029099,0.070457,0.056851,0.7376
488,458.07,899.01,471.59,361.97,0.238576,0.832419,0.245621,0.335161,0.9363
488,1221.64,884.31,357.84,358.74,0.636273,0.818804,0.186377,0.33217,0.9325
488,564.84,410.09,403.39,400.17,0.294185,0.379712,0.210101,0.370528,0.9321
488,1760.06,910.63,319.89,336.53,0.916696,0.843177,0.166608,0.311597,0.9211
488,1667.96,133.99,504.08,267.99,0.868729,0.124069,0.262543,0.248138,0.9
488,897.05,650.58,61.46,61.41,0.467214,0.602392,0.032008,0.056864,0.8785
488,535.89,983.89,75.1,76.53,0.279112,0.911005,0.039114,0.070863,0.8545
488,274.96,659.5,64.21,66.64,0.143207,0.610649,0.033443,0.061703,0.8241
488,1296.24,53.88,81.99,81.45,0.675123,0.049892,0.042702,0.075417,0.8176
488,1457.6,307.72,63.08,64.19,0.759167,0.28493,0.032855,0.059432,0.8114
488,1068.25,430.36,75.81,74.49,0.55638,0.398483,0.039486,0.068968,0.7891
488,55.74,958.39,110.3,242.18,0.029029,0.887398,0.057448,0.224239,0.7597
488,868.4,28.58,137.74,55.83,0.452289,0.026467,0.071737,0.051698,0.7492
489,553.41,426.14,409.26,413.61,0.288234,0.394572,0.213156,0.382974,0.936
489,1236.95,868.09,355.32,357.15,0.644245,0.803785,0.185063,0.33069,0.934
489,469.16,909.49,472.16,341.02,0.244356,0.842121,0.245915,0.315757,0.9304
489,1767.4,886.11,305.19,387.78,0.920523,0.820474,0.158954,0.359053,0.9193
489,1648.32,118.45,543.37,236.89,0.858498,0.109673,0.283004,0.219347,0.8874
489,897.23,649.16,61.9,61.74,0.467306,0.601072,0.032239,0.057166,0.8726
489,274.58,688.54,65.07,67.28,0.143011,0.637536,0.033893,0.0623,0.8473
489,551.34,1000.07,76.91,76.1,0.287158,0.92599,0.040057,0.070464,0.8253
489,1266.39,37.23,86.95,74.15,0.659576,0.034468,0.045286,0.068661,0.8096
489,1057.12,421.03,74.8,71.62,0.550582,0.389839,0.038958,0.066312,0.8078
489,833.55,28.45,142.05,55.47,0.434141,0.026344,0.073984,0.051364,0.7504
489,1439.65,278.49,60.89,62.45,0.749818,0.25786,0.031715,0.057824,0.7049
490,540.3,443.76,422.91,423.32,0.281408,0.410887,0.220264,0.391967,0.9409
490,485.79,915.61,486.92,328.79,0.253017,0.847785,0.253603,0.304431,0.9393
490,1245.37,849.81,367.13,370.17,0.648628,0.786865,0.191212,0.342746,0.9314
490,1772.61,863.47,294.77,433.06,0.923237,0.799511,0.153526,0.400978,0.9214
490,896.61,648.7,63.54,62.58,0.466983,0.600645,0.033095,0.057942,0.8708
490,1613.99,92.51,523.33,185.01,0.840617,0.085655,0.272568,0.171309,0.841
490,275.22,718.21,65.48,67.51,0.143343,0.665007,0.034102,0.062511,0.8368
490,568.28,1015.29,75.72,75.7,0.29598,0.940083,0.039437,0.070097,0.8197
490,1237.04,26.73,84.39,53.46,0.644294,0.024748,0.043951,0.049496,0.7857
490,1045.93,410.61,76.96,75.66,0.544758,0.380193,0.040085,0.070059,0.7853
490,1422.77,249.44,64.48,63.21,0.741027,0.23096,0.033586,0.058531,0.7807
490,800.13,30.06,140.18,58.82,0.416733,0.027835,0.073012,0.054466,0.7465
490,632.17,49.26,341.83,98.36,0.329254,0.045609,0.178035,0.09107,0.7228
491,505.35,924.08,491.89,309.3,0.263205,0.855634,0.256195,0.286387,0.9372
491,1255.03,832.02,369.65,368.46,0.653659,0.770386,0.192527,0.341166,0.9364
491,526.43,462.06,428.95,427.46,0.274181,0.427832,0.223413,0.3958,0.9346
491,1777.63,833.69,284.74,477.22,0.925848,0.771935,0.148304,0.441869,0.915
491,895.69,647.69,62.84,62.58,0.466503,0.599713,0.03273,0.057947,0.8468
491,1583.03,72.89,519.34,145.78,0.824493,0.067491,0.270491,0.134981,0.8301
491,1717.45,530.82,58.88,59.1,0.894508,0.491498,0.030667,0.05472,0.8111
491,584.72,1032.33,77.68,79.85,0.304539,0.955862,0.04046,0.073936,0.8094
491,277.33,747.49,66.51,67.81,0.144445,0.692117,0.034643,0.06279,0.8029
491,766.75,33.61,138.64,65.95,0.39935,0.031119,0.072207,0.061062,0.7451
491,1402.35,221.9,67.22,68.3,0.730389,0.205461,0.035012,0.063244,0.7354
491,601.35,53.17,362.23,106.18,0.313201,0.049232,0.188662,0.098318,0.7325
491,1032.31,402.25,81.08,83.37,0.537664,0.372452,0.042227,0.077191,0.7196
492,520.69,931.2,492.66,295.34,0.271191,0.862226,0.256595,0.273461,0.9333
492,1264.64,810.44,379.0,378.56,0.658666,0.750407,0.197396,0.350517,0.9305
492,517.59,477.41,433.66,428.73,0.269579,0.442044,0.225863,0.396977,0.9302
492,1781.53,784.7,276.94,485.56,0.92788,0.726576,0.14424,0.44959,0.9185
492,1711.86,488.86,58.04,58.5,0.891592,0.452646,0.03023,0.05417,0.8402
492,601.32,1042.24,78.54,75.52,0.313187,0.965036,0.040907,0.069927,0.8366
492,894.9,645.92,64.69,63.92,0.466093,0.598076,0.033695,0.059187,0.8351
492,1020.06,394.78,78.73,78.84,0.531282,0.365537,0.041003,0.072997,0.8026
492,279.56,776.48,68.91,69.27,0.145605,0.718959,0.035888,0.064135,0.7945
492,561.16,63.0,423.77,126.0,0.29227,0.058335,0.220714,0.11667,0.791
492,1380.81,198.25,64.32,64.56,0.719173,0.183568,0.033501,0.059775,0.791
492,731.29,37.73,138.87,75.46,0.380878,0.034935,0.072331,0.069871,0.7473
492,1545.22,59.72,458.66,119.26,0.8048,0.055296,0.238886,0.110427,0.7284
493,511.0,495.83,431.08,437.29,0.266148,0.459106,0.224519,0.404898,0.9339
493,1269.25,794.66,380.54,383.8,0.661066,0.735792,0.1982,0.355369,0.9295
493,536.36,939.9,490.46,278.31,0.279352,0.87028,0.255448,0.257693,0.9294
493,1784.09,734.82,271.81,478.96,0.929215,0.680391,0.141569,0.443484,0.9179
493,512.8,70.57,408.33,140.71,0.267082,0.065345,0.21267,0.130289,0.8402
493,1704.19,449.46,59.16,58.4,0.8876,0.416164,0.030815,0.054077,0.8173
493,893.65,645.55,65.32,64.44,0.465445,0.597733,0.034022,0.059668,0.8155
493,618.06,1049.8,80.45,60.39,0.321908,0.972041,0.041901,0.055918,0.8125
493,283.72,804.31,67.87,67.99,0.147772,0.744728,0.035351,0.062955,0.8111
493,1358.77,173.72,64.8,65.34,0.707691,0.160852,0.033752,0.060502,0.8015
493,1443.36,471.88,58.2,58.36,0.751748,0.436926,0.030313,0.05404,0.7977
493,1881.79,86.97,61.44,59.7,0.980101,0.080532,0.032,0.055274,0.7893
493,702.6,39.59,144.21,78.41,0.365939,0.036653,0.075111,0.072601,0.7724
493,270.82,20.51,60.48,41.01,0.141052,0.018987,0.031498,0.037973,0.7636
493,1004.74,388.23,80.64,83.8,0.5233,0.359475,0.041999,0.077593,0.7523
494,502.1,511.21,440.02,441.74,0.261511,0.473347,0.229178,0.40902,0.9319
494,1277.18,775.79,383.94,386.08,0.665196,0.718328,0.199969,0.357485,0.9292
494,553.06,945.09,494.3,267.83,0.288053,0.875081,0.257448,0.24799,0.9221
494,1783.29,689.21,273.43,489.59,0.928795,0.638155,0.14241,0.453324,0.9176
494,484.53,81.9,443.77,163.8,0.252361,0.075832,0.231129,0.151664,0.8504
494,289.02,833.83,67.69,68.76,0.150533,0.772067,0.035254,0.063668,0.8431
494,1693.98,410.93,59.36,60.2,0.882282,0.380491,0.030915,0.05574,0.8378
494,891.34,644.68,65.95,66.56,0.464239,0.596925,0.03435,0.061631,0.8319
494,1854.63,38.85,64.59,65.36,0.965954,0.03597,0.033639,0.060519,0.8307
494,671.47,41.53,145.32,82.02,0.349722,0.038455,0.07569,0.075942,0.7798
494,1333.97,151.38,61.56,63.72,0.694777,0.14017,0.032065,0.059003,0.7663
494,636.35,1056.45,78.39,47.1,0.331432,0.978192,0.04083,0.043615,0.7516
494,1433.63,445.3,58.86,59.12,0.746682,0.412314,0.030657,0.05474,0.7439
494,991.57,380.87,78.93,80.34,0.516443,0.352659,0.041108,0.074393,0.7296
494,679.99,594.37,108.34,108.39,0.354162,0.550347,0.056427,0.100357,0.7089
495,489.58,525.39,444.09,445.37,0.25499,0.486469,0.231296,0.412376,0.9376
495,1281.06,758.07,384.71,389.48,0.667217,0.701913,0.200372,0.360625,0.9271
495,1783.96,642.98,272.07,500.39,0.929147,0.595353,0.141705,0.463325,0.9069
495,567.87,955.03,520.66,247.46,0.295768,0.884283,0.271175,0.229126,0.9045
495,440.41,92.23,446.11,184.46,0.229381,0.085398,0.232351,0.170796,0.8829
495,888.79,643.84,65.7,65.03,0.462909,0.596146,0.034217,0.060209,0.842
495,1310.67,129.62,64.94,65.43,0.68264,0.12002,0.033824,0.060583,0.8357
495,639.29,49.83,150.84,99.65,0.332961,0.046134,0.078563,0.092269,0.8222
495,976.91,374.64,81.24,83.22,0.508806,0.346889,0.042312,0.077055,0.8031
495,1422.94,421.32,58.49,58.34,0.741117,0.390113,0.030463,0.054022,0.7934
495,210.29,70.96,60.76,60.03,0.109528,0.065704,0.031647,0.05558,0.7907
496,484.14,549.9,438.93,444.52,0.252154,0.50917,0.228611,0.411592,0.939
496,1283.81,740.1,390.4,392.06,0.668651,0.68528,0.203334,0.363017,0.9319
496,1782.34,595.9,275.32,494.67,0.928303,0.551759,0.143393,0.458025,0.9175
496,576.26,963.4,509.17,230.23,0.300135,0.892034,0.265194,0.213175,0.8988
496,419.59,103.87,474.78,207.74,0.218535,0.096175,0.24728,0.19235,0.8859
496,610.37,54.15,146.15,108.29,0.317899,0.050135,0.076118,0.10027,0.8499
496,887.3,644.31,64.75,65.63,0.462135,0.596581,0.033725,0.060765,0.8273
496,1411.78,396.99,59.14,59.8,0.735304,0.367586,0.030801,0.055367,0.8266
496,1668.65,338.03,60.65,60.42,0.869087,0.312988,0.031589,0.055948,0.8083
496,1285.75,110.52,63.64,63.72,0.669664,0.102335,0.033148,0.059001,0.7985
496,181.61,100.22,60.7,59.71,0.094587,0.092792,0.031614,0.055291,0.7964
496,301.74,888.02,69.51,70.26,0.157155,0.822244,0.036201,0.065054,0.7334
496,964.13,372.34,81.45,83.0,0.502151,0.344762,0.04242,0.076855,0.7262
497,477.79,565.99,441.91,446.36,0.24885,0.524063,0.230163,0.4133,0.9418
497,1287.62,724.15,390.73,390.72,0.670636,0.670506,0.203508,0.361774,0.9328
497,1780.33,551.08,279.34,493.1,0.927255,0.510263,0.145491,0.456579,0.9209
497,374.08,118.01,470.3,236.02,0.194835,0.10927,0.24495,0.21854,0.9152
497,589.83,965.4,523.79,227.36,0.307204,0.893892,0.272805,0.210515,0.8788
497,884.73,644.69,64.13,64.98,0.460796,0.596939,0.033399,0.060168,0.8392
497,580.32,59.55,149.14,119.1,0.302249,0.05514,0.077677,0.11028,0.8389
497,154.67,130.64,62.28,60.37,0.080555,0.120967,0.032437,0.055902,0.817
497,1653.77,304.14,61.05,61.58,0.861341,0.281607,0.031795,0.057019,0.8098
497,1398.47,373.8,59.03,58.54,0.728368,0.346107,0.030747,0.054205,0.7967
497,948.99,367.02,80.98,81.4,0.494267,0.339834,0.042178,0.075367,0.7724
497,310.21,914.57,69.31,70.21,0.161567,0.84682,0.036099,0.065008,0.772
497,1260.27,93.26,64.28,65.8,0.656389,0.086356,0.033478,0.060928,0.7574
498,473.0,581.93,443.43,443.72,0.246354,0.538828,0.230955,0.410848,0.939
498,1288.63,705.28,390.87,389.43,0.671159,0.653038,0.203576,0.360584,0.9328
498,1776.52,513.68,286.6,486.67,0.925273,0.475632,0.149273,0.450618,0.9185
498,354.83,127.5,478.67,255.0,0.184808,0.118055,0.24931,0.236109,0.9168
498,618.65,974.2,522.64,209.58,0.322211,0.902041,0.272211,0.194051,0.8769
498,549.79,67.52,145.36,135.03,0.286348,0.062516,0.075708,0.125031,0.8485
498,882.53,646.12,65.16,65.66,0.459652,0.598257,0.033936,0.060795,0.8474
498,318.12,939.65,69.67,71.0,0.165688,0.870047,0.036285,0.065738,0.8244
498,129.3,163.47,60.37,58.62,0.067342,0.151362,0.03144,0.054277,0.8099
498,1385.02,352.1,58.74,58.7,0.721364,0.326021,0.030595,0.054353,0.7978
498,1636.86,271.61,60.24,60.61,0.852532,0.251488,0.031374,0.056123,0.7894
498,937.47,366.56,82.29,83.41,0.488264,0.339405,0.042858,0.077236,0.7448
498,1126.08,1065.72,65.27,28.55,0.586498,0.98678,0.033995,0.026439,0.7012
499,465.48,602.17,443.95,445.12,0.242438,0.55756,0.231225,0.412151,0.9329
499,1289.62,691.18,388.9,389.01,0.67168,0.63998,0.20255,0.360198,0.9298
499,1772.78,474.02,294.44,495.71,0.923324,0.438903,0.153352,0.458992,0.9164
499,314.06,137.24,474.86,274.48,0.163573,0.127073,0.247322,0.254145,0.9138
499,626.75,985.08,512.96,188.31,0.326434,0.91211,0.267167,0.174363,0.8703
499,522.95,75.94,145.05,143.31,0.272368,0.070315,0.075545,0.132695,0.858
499,879.92,646.73,64.99,65.51,0.458289,0.598826,0.033851,0.060659,0.8397
499,1736.87,1016.76,366.26,124.19,0.90462,0.941445,0.190759,0.114992,0.8334
499,1620.26,239.93,58.76,57.9,0.843887,0.222155,0.030604,0.05361,0.8262
499,105.33,193.44,60.03,58.63,0.054858,0.179108,0.031263,0.054288,0.8133
499,1370.7,331.84,59.6,59.0,0.713907,0.307259,0.031043,0.054629,0.8047
499,1208.32,63.07,64.67,63.85,0.629332,0.058397,0.033681,0.059118,0.7998
499,327.69,964.06,68.59,68.69,0.170672,0.892648,0.035724,0.063603,0.7622
499,1138.96,1061.27,65.48,37.46,0.593208,0.982656,0.034105,0.034687,0.7358
499,660.89,642.73,110.01,111.18,0.344213,0.595122,0.057295,0.102944,0.7094
500,1289.36,675.68,386.56,387.59,0.671543,0.625634,0.201332,0.358875,0.934
500,460.68,620.41,443.24,445.48,0.239936,0.574453,0.230852,0.412485,0.9323
500,289.81,152.02,487.37,303.02,0.150943,0.140758,0.253841,0.280572,0.9261
500,1768.52,432.4,302.96,492.16,0.921104,0.400371,0.157791,0.455705,0.9178
500,651.3,993.61,485.09,171.25,0.339221,0.920012,0.252651,0.158569,0.8701
500,1738.48,1000.54,363.04,157.13,0.905459,0.926422,0.189082,0.145494,0.866
500,496.35,90.59,144.13,148.93,0.258513,0.083882,0.07507,0.137903,0.8642
500,878.16,647.99,65.32,66.37,0.457375,0.59999,0.034023,0.061454,0.8395
500,1601.42,210.22,59.72,59.41,0.834074,0.194652,0.031103,0.055009,0.8147
500,1355.89,312.28,58.14,57.64,0.70619,0.289152,0.030282,0.053374,0.8088
500,1154.61,1057.22,67.55,45.56,0.601358,0.978909,0.035183,0.042182,0.7768
500,83.28,226.94,63.2,63.95,0.043375,0.210131,0.032917,0.059212,0.7752
500,338.06,989.67,68.6,70.08,0.176073,0.916363,0.035728,0.064888,0.7674
500,1181.57,49.8,64.91,65.62,0.615399,0.04611,0.033805,0.060763,0.7625
500,908.75,364.57,82.66,85.59,0.473307,0.337568,0.043051,0.079248,0.7419
501,1289.28,658.92,388.27,389.74,0.671498,0.610108,0.202226,0.360874,0.9322
501,456.25,638.63,437.5,444.52,0.23763,0.591322,0.227863,0.411592,0.9319
501,265.61,166.06,504.77,331.33,0.138341,0.153761,0.262901,0.306789,0.927
501,1765.22,393.74,309.56,488.4,0.919386,0.364578,0.161227,0.452223,0.917
501,1736.85,978.27,365.82,201.69,0.90461,0.905807,0.190529,0.186754,0.883
501,469.89,104.8,143.29,142.99,0.244737,0.097033,0.074629,0.1324,0.8738
501,662.46,1002.81,494.69,152.52,0.345032,0.928529,0.257651,0.141221,0.8486
501,874.26,650.08,64.96,64.63,0.455344,0.601922,0.033831,0.059841,0.8391
501,1582.33,182.88,61.21,61.59,0.824129,0.169331,0.03188,0.05703,0.8226
501,1169.6,1051.74,66.9,56.51,0.609168,0.973836,0.034844,0.052327,0.8037
501,1340.37,294.09,59.44,59.25,0.698108,0.27231,0.03096,0.054862,0.7958
501,62.42,260.87,62.71,61.16,0.032509,0.241545,0.032663,0.05663,0.7824
501,347.68,1011.87,68.34,70.23,0.181085,0.936917,0.035594,0.065024,0.7594
501,892.56,363.16,84.15,83.65,0.464874,0.336256,0.04383,0.077456,0.7457
501,1155.64,36.78,67.18,66.36,0.601895,0.034057,0.034988,0.061448,0.7158
502,245.86,173.89,482.14,347.79,0.128052,0.161013,0.251115,0.322026,0.9306
502,454.24,653.17,440.82,434.31,0.236583,0.60479,0.229594,0.402138,0.9301
502,1287.72,645.46,386.0,384.45,0.670689,0.597652,0.201041,0.355976,0.929
502,1760.47,357.81,319.06,483.38,0.916911,0.331308,0.166179,0.447576,0.9165
502,1741.9,959.85,356.21,237.68,0.907237,0.888746,0.185525,0.220075,0.882
502,446.78,122.36,141.12,146.31,0.2327,0.113298,0.0735,0.135473,0.8638
502,871.96,651.5,64.56,65.87,0.454148,0.60324,0.033623,0.060993,0.8436
502,678.94,1007.5,474.24,142.85,0.353617,0.932872,0.246997,0.13227,0.8401
502,1562.12,155.75,58.77,60.09,0.813603,0.144216,0.030609,0.055636,0.8281
502,1182.68,1047.95,65.65,64.1,0.615979,0.970325,0.03419,0.05935,0.824
502,44.95,291.88,59.54,62.95,0.023409,0.270256,0.03101,0.05829,0.8119
502,1324.33,277.61,59.74,60.3,0.689755,0.257046,0.031117,0.055832,0.8094
502,878.94,365.68,83.22,86.52,0.45778,0.338595,0.043342,0.080111,0.7862
503,451.9,674.08,436.67,441.08,0.235362,0.624145,0.227434,0.408411,0.9326
503,1283.84,632.29,380.65,380.75,0.668668,0.585452,0.198254,0.352548,0.9277
503,229.92,186.48,459.84,372.97,0.11975,0.172669,0.2395,0.345339,0.9213
503,1746.71,945.38,346.33,267.39,0.909743,0.875355,0.18038,0.24758,0.9144
503,1751.58,322.86,336.83,494.71,0.912283,0.298948,0.175433,0.458066,0.9053
503,868.91,652.63,61.95,62.66,0.45256,0.60429,0.032268,0.058015,0.8463
503,424.9,138.28,145.75,149.34,0.2213,0.128036,0.07591,0.13828,0.8299
503,705.95,1010.58,464.68,136.79,0.367684,0.935719,0.24202,0.126657,0.8298
503,1195.52,1039.16,63.43,62.93,0.622665,0.962181,0.033038,0.058268,0.8237
503,1307.77,261.76,57.83,59.2,0.68113,0.242367,0.030122,0.054816,0.8144
503,1540.36,131.17,58.89,59.0,0.802272,0.121455,0.030669,0.054633,0.8137
503,369.77,1051.02,68.09,57.96,0.19259,0.973167,0.035462,0.053666,0.7806
503,864.06,366.09,81.31,81.9,0.450031,0.338968,0.042349,0.07583,0.7713
503,30.43,325.31,59.04,62.7,0.015849,0.301213,0.030752,0.058051,0.7408
503,1103.8,26.25,62.69,52.45,0.574898,0.024309,0.032651,0.048568,0.7049
504,447.67,691.15,434.55,435.68,0.233161,0.639957,0.226329,0.403409,0.9329
504,1747.83,284.46,344.35,487.76,0.910326,0.26339,0.179348,0.451629,0.9293
504,1281.37,620.63,373.49,371.18,0.66738,0.574657,0.194525,0.343689,0.927
504,215.35,193.68,430.69,387.36,0.112159,0.179334,0.224318,0.358667,0.9249
504,1755.86,930.39,328.29,296.87,0.914509,0.861476,0.170983,0.274876,0.9201
504,1207.23,1030.0,60.26,60.21,0.628764,0.953699,0.031384,0.055748,0.8572
504,401.53,155.07,144.36,144.13,0.209128,0.14358,0.07519,0.133456,0.8521
504,866.24,655.44,63.62,63.27,0.451165,0.606887,0.033137,0.058587,0.8316
504,850.31,367.78,81.25,80.55,0.442872,0.340533,0.042319,0.074588,0.8306
504,1518.97,108.17,58.7,59.28,0.791128,0.100162,0.030575,0.054886,0.821
504,730.57,1020.34,439.11,117.17,0.380507,0.944755,0.228702,0.108489,0.7966
504,380.01,1061.5,68.73,37.0,0.197923,0.982869,0.035797,0.034263,0.7468
504,1078.34,22.84,69.28,45.66,0.561638,0.021146,0.036082,0.042275,0.7286
505,448.81,707.5,433.24,430.64,0.233755,0.655088,0.225648,0.398745,0.9314
505,202.47,206.86,404.94,413.72,0.105454,0.191535,0.210907,0.38307,0.9285
505,1276.81,606.84,362.58,359.01,0.665008,0.561889,0.188842,0.332414,0.9279
505,1737.91,256.89,362.84,487.3,0.90516,0.237862,0.188977,0.451204,0.9271
505,1759.92,918.89,320.16,319.36,0.916625,0.850822,0.16675,0.295703,0.9225
505,380.61,174.19,146.21,146.33,0.198232,0.161285,0.07615,0.135491,0.8513
505,1217.66,1020.51,58.17,57.92,0.6342,0.944917,0.030296,0.053628,0.8347
505,863.06,657.81,63.61,64.59,0.44951,0.609082,0.03313,0.059803,0.8167
505,1497.81,86.59,57.68,60.03,0.780109,0.080179,0.030043,0.05558,0.8165
505,837.25,369.4,80.87,79.35,0.436069,0.342037,0.042121,0.073473,0.8101
505,748.89,1022.36,428.26,113.35,0.390049,0.946631,0.223054,0.104952,0.7876
505,1052.17,19.42,65.14,38.25,0.548005,0.017979,0.033928,0.035416,0.7502
506,1731.8,230.78,376.06,461.56,0.901981,0.213684,0.195864,0.427368,0.9381
506,446.45,724.21,421.25,420.97,0.232527,0.670569,0.219401,0.389789,0.9333
506,1276.92,600.21,359.96,351.63,0.665062,0.555749,0.187479,0.325584,0.9299
506,191.13,218.37,381.22,436.75,0.099548,0.202198,0.19855,0.404396,0.9227
506,1769.0,904.24,302.0,351.53,0.921353,0.837257,0.157294,0.325486,0.9224
506,361.41,192.75,146.36,145.04,0.188237,0.178472,0.076229,0.134297,0.8507
506,858.94,659.94,61.9,62.16,0.447365,0.611059,0.032239,0.057557,0.8367
506,1228.24,1011.99,59.08,60.26,0.639706,0.93703,0.03077,0.055799,0.831
506,1476.8,66.37,58.06,58.23,0.769166,0.061451,0.030238,0.053912,0.8143
506,822.73,371.9,81.79,83.68,0.428507,0.344349,0.042598,0.077481,0.8141
506,756.01,1025.37,435.73,107.68,0.393755,0.949415,0.226943,0.0997,0.7575
506,1026.97,15.22,60.02,30.32,0.53488,0.014095,0.03126,0.028078,0.7469
507,444.02,742.01,421.66,424.91,0.231262,0.687042,0.219613,0.393432,0.9376
507,185.25,229.01,364.87,441.38,0.096482,0.212043,0.190037,0.408687,0.934
507,1272.42,586.54,360.64,356.57,0.662721,0.543091,0.187833,0.330161,0.9283
507,1773.48,897.31,293.03,365.37,0.923689,0.830845,0.152622,0.338309,0.9232
507,1724.2,216.02,391.58,432.04,0.898019,0.200016,0.203948,0.400032,0.9158
507,856.82,663.97,61.26,62.45,0.446263,0.614789,0.031909,0.05782,0.8488
507,1237.37,1003.83,59.39,58.81,0.644464,0.929471,0.030933,0.054458,0.8278
507,340.86,209.09,145.39,148.39,0.177529,0.193598,0.075727,0.137396,0.8126
507,810.65,374.31,81.09,81.42,0.422215,0.34658,0.042232,0.075392,0.7578
507,1001.7,14.75,61.23,29.51,0.521717,0.013661,0.031889,0.027322,0.7201
507,778.7,1029.0,400.97,100.37,0.405572,0.952775,0.208837,0.092931,0.7037
508,442.43,758.37,421.72,414.4,0.230431,0.702195,0.219648,0.383701,0.9361
508,1269.87,576.98,356.94,349.2,0.661392,0.534241,0.185909,0.32333,0.93
508,1719.89,199.45,400.21,398.83,0.895778,0.184677,0.208443,0.369288,0.9222
508,175.39,257.83,346.98,439.31,0.09135,0.238729,0.180719,0.406766,0.9209
508,1778.81,877.75,282.37,399.84,0.926466,0.81273,0.147069,0.370221,0.9188
508,322.0,226.58,139.06,140.59,0.167706,0.209797,0.072427,0.13018,0.8573
508,853.86,666.66,60.61,61.91,0.444718,0.617282,0.031568,0.057328,0.8523
508,1246.12,994.4,59.06,60.35,0.649023,0.920741,0.030759,0.05588,0.8394
508,800.91,379.13,81.39,81.83,0.41714,0.351047,0.042391,0.075766,0.8309
509,441.18,773.42,406.49,404.96,0.229781,0.716131,0.211715,0.374958,0.932
509,1262.91,567.72,348.36,343.68,0.657765,0.525666,0.181439,0.318219,0.9301
509,1712.36,187.65,415.28,375.3,0.891855,0.173751,0.21629,0.347503,0.928
509,159.36,280.48,318.34,431.12,0.083002,0.259701,0.165803,0.399182,0.9146
509,1786.89,870.76,266.21,418.47,0.930674,0.806263,0.138652,0.387474,0.9137
509,849.74,668.96,61.13,61.04,0.442573,0.619407,0.03184,0.056517,0.8615
509,1252.75,985.75,59.0,57.62,0.652473,0.912735,0.030728,0.053355,0.8503
509,304.33,246.97,140.48,139.82,0.158504,0.228679,0.073168,0.12946,0.8495
509,1411.38,21.49,58.54,42.97,0.735096,0.019895,0.03049,0.03979,0.806
509,789.1,384.18,79.92,78.56,0.410988,0.355727,0.041623,0.072737,0.8036
510,441.02,788.29,403.23,403.86,0.229697,0.729894,0.210015,0.373946,0.9348
510,1257.28,558.57,350.65,341.98,0.654832,0.517191,0.182628,0.31665,0.933
510,152.68,307.01,304.72,424.25,0.07952,0.28427,0.158707,0.39282,0.9302
510,1788.29,856.63,263.42,446.75,0.9314,0.793173,0.1372,0.413655,0.9297
510,1702.95,177.89,434.09,355.77,0.886955,0.16471,0.226091,0.32942,0.9297
510,286.87,262.7,139.07,138.6,0.149413,0.24324,0.072431,0.128329,0.8411
510,1260.39,978.39,58.6,60.17,0.656453,0.905913,0.030521,0.055714,0.8297
510,847.28,672.76,63.75,62.82,0.441294,0.622924,0.033206,0.058169,0.8294
510,778.01,388.22,74.87,77.69,0.405216,0.359466,0.038995,0.071935,0.7789
511,147.48,333.7,294.09,416.59,0.076813,0.30898,0.153172,0.385734,0.9374
511,1249.47,549.41,345.16,335.84,0.650766,0.508717,0.179773,0.31096,0.9362
511,1696.2,163.7,447.61,327.4,0.883435,0.151573,0.233129,0.303145,0.9353
511,439.34,806.88,401.03,401.12,0.228825,0.747113,0.208871,0.371407,0.9351
511,1791.51,837.87,256.99,476.44,0.933076,0.775801,0.133848,0.441152,0.9119
511,843.21,675.13,59.46,59.71,0.439173,0.62512,0.030969,0.055284,0.8443
511,273.33,285.26,140.76,138.8,0.142359,0.264132,0.073313,0.128519,0.8362
511,764.24,393.78,77.57,78.41,0.39804,0.364614,0.040403,0.072598,0.8023
512,1244.67,544.37,341.77,334.42,0.648264,0.504042,0.178004,0.309647,0.9407
512,1688.13,153.9,458.33,307.7,0.879234,0.142497,0.238714,0.284907,0.9381
512,439.08,820.45,399.66,392.73,0.228689,0.759673,0.208158,0.363642,0.9351
512,140.49,353.9,279.83,427.75,0.073172,0.327681,0.145744,0.396069,0.9269
512,1792.94,808.5,254.12,471.46,0.933823,0.748612,0.132353,0.436538,0.9163
512,1271.21,963.16,59.34,59.1,0.662086,0.89181,0.030904,0.054722,0.8501
512,840.02,679.59,60.14,61.14,0.437511,0.629251,0.031322,0.056613,0.8496
512,255.43,301.48,139.37,137.61,0.133037,0.279152,0.07259,0.127414,0.8372
512,753.28,399.07,76.67,75.84,0.392331,0.369512,0.039931,0.070224,0.823
513,1241.21,539.08,338.1,332.49,0.646466,0.499149,0.176095,0.30786,0.9374
513,437.18,832.01,391.34,388.57,0.227697,0.770376,0.203822,0.359789,0.9323
513,1673.25,142.4,459.41,284.4,0.871482,0.131849,0.239274,0.263332,0.9285
513,131.81,382.98,263.53,418.58,0.068653,0.354609,0.137258,0.38757,0.925
513,1792.7,787.64,254.6,480.96,0.933698,0.7293,0.132604,0.445337,0.9217
513,242.45,320.63,136.84,137.68,0.126276,0.296881,0.071269,0.127478,0.8599
513,836.19,682.48,59.2,59.53,0.435516,0.631923,0.030832,0.055118,0.8466
513,1275.45,955.28,58.82,58.41,0.664295,0.88452,0.030637,0.054085,0.8354
513,743.75,403.55,74.67,75.02,0.38737,0.373655,0.038889,0.069462,0.8192
514,438.87,845.6,388.88,384.41,0.228576,0.782964,0.202539,0.355937,0.9345
514,1235.6,532.02,338.72,331.95,0.643541,0.492612,0.176418,0.307361,0.9312
514,125.99,398.79,251.85,409.54,0.065618,0.369248,0.131173,0.379204,0.9275
514,1663.63,133.27,466.96,264.3,0.866475,0.123395,0.243207,0.244724,0.9161
514,1794.16,765.12,251.69,477.58,0.934457,0.708445,0.131086,0.442201,0.9074
514,226.7,336.33,135.93,138.9,0.118071,0.311419,0.070798,0.128611,0.8543
514,833.2,686.09,57.94,58.09,0.433956,0.635265,0.030178,0.053789,0.8539
514,1279.82,949.25,57.84,57.7,0.666573,0.878936,0.030124,0.053426,0.829
515,436.61,861.23,389.67,384.45,0.227401,0.797435,0.202951,0.355975,0.9343
515,1227.4,526.21,334.2,329.49,0.63927,0.487234,0.174063,0.305087,0.9271
515,122.27,420.14,244.51,427.94,0.063682,0.389019,0.127351,0.396238,0.9257
515,1794.72,745.79,250.57,466.34,0.934749,0.690542,0.130503,0.431793,0.9181
515,1645.39,124.11,451.95,247.08,0.856973,0.114917,0.235389,0.228782,0.913
515,215.86,352.88,136.88,138.76,0.112425,0.326742,0.071291,0.128482,0.8636
515,722.96,414.6,74.62,78.3,0.376543,0.383886,0.038866,0.072499,0.7846
515,505.9,21.26,76.5,42.42,0.263488,0.019685,0.039842,0.039278,0.7401
516,435.7,872.66,388.0,378.32,0.226927,0.808016,0.202084,0.350298,0.9313
516,1221.27,517.61,338.07,331.93,0.636079,0.479267,0.17608,0.30734,0.9272
516,1794.9,725.25,250.21,474.27,0.934842,0.671526,0.130316,0.439137,0.9156
516,116.06,444.84,232.12,422.16,0.060448,0.411885,0.120896,0.39089,0.9083
516,1623.97,116.13,445.95,232.26,0.845816,0.107527,0.232264,0.215053,0.908
516,202.57,370.53,135.87,137.71,0.105503,0.343082,0.070764,0.127511,0.864
516,712.95,420.6,74.79,75.98,0.371329,0.389442,0.038954,0.070355,0.8162
516,487.45,25.92,83.15,51.84,0.253879,0.023999,0.043308,0.047998,0.795
517,436.71,883.39,383.89,373.92,0.227452,0.817953,0.199943,0.346223,0.9321
517,1215.13,514.45,330.19,323.13,0.632879,0.476338,0.171972,0.299192,0.9285
517,108.07,462.45,215.5,421.45,0.056287,0.428193,0.11224,0.390232,0.9163
517,1794.71,706.72,250.58,471.44,0.934744,0.65437,0.130512,0.436517,0.9087
517,1614.48,108.99,445.23,217.99,0.840876,0.100921,0.231888,0.201842,0.9076
517,188.77,387.63,129.48,130.41,0.098317,0.358915,0.067436,0.120752,0.8627
517,701.38,424.21,73.39,76.03,0.3653,0.392783,0.038226,0.070395,0.8067
517,468.86,31.11,85.91,61.6,0.244199,0.028802,0.044746,0.057036,0.7981
517,788.95,15.43,57.86,30.87,0.410912,0.014291,0.030137,0.028582,0.7974
518,432.8,892.54,378.14,365.64,0.225417,0.826421,0.19695,0.338554,0.9322
518,1207.53,509.71,336.15,328.52,0.628923,0.471952,0.175077,0.304186,0.9306
518,104.36,475.21,207.92,421.33,0.054354,0.440013,0.108293,0.390118,0.9212
518,1794.03,690.01,251.95,474.98,0.934389,0.638903,0.131222,0.439796,0.9169
518,1604.91,100.76,452.73,201.51,0.835892,0.093292,0.235799,0.186584,0.8959
518,179.25,403.27,129.33,129.1,0.093361,0.373398,0.067362,0.119537,0.859
518,451.47,35.76,84.34,71.52,0.235141,0.033112,0.043928,0.066225,0.8349
518,693.56,431.63,74.19,74.98,0.36123,0.39966,0.038642,0.069429,0.8276
518,771.28,16.64,58.46,33.29,0.401708,0.01541,0.030449,0.03082,0.7735
519,1202.77,507.39,334.08,326.49,0.626441,0.469808,0.174001,0.302307,0.93
519,432.88,900.28,372.67,354.12,0.225459,0.833597,0.194097,0.327893,0.9294
519,1793.64,668.5,252.73,478.79,0.934185,0.618982,0.131629,0.443323,0.9197
519,96.35,501.68,192.41,409.53,0.050184,0.464518,0.100213,0.379194,0.9122
519,1584.24,93.0,433.02,185.99,0.825125,0.086109,0.225532,0.172217,0.8894
519,166.99,419.54,128.18,125.54,0.086974,0.388463,0.06676,0.116243,0.8566
519,434.45,39.83,81.98,78.67,0.226276,0.036877,0.042699,0.072845,0.8345
519,683.7,436.67,76.45,77.69,0.356094,0.404321,0.039817,0.071933,0.8206
519,754.74,19.82,58.85,39.17,0.393092,0.018353,0.030652,0.036267,0.8056
520,1194.81,502.34,334.97,328.84,0.622298,0.465126,0.174463,0.304483,0.9298
520,430.12,906.2,376.41,347.6,0.224022,0.839073,0.196048,0.321854,0.9292
520,91.56,510.63,182.96,411.64,0.047689,0.472806,0.095294,0.381153,0.9143
520,1790.55,657.6,258.91,481.91,0.932576,0.608887,0.134848,0.446215,0.9111
520,418.96,47.06,82.28,81.4,0.218206,0.043576,0.042856,0.075372,0.8685
520,158.8,432.02,132.45,132.59,0.082709,0.400023,0.068987,0.122772,0.8622
520,1573.72,86.42,451.25,172.84,0.819644,0.080021,0.235026,0.160041,0.8571
520,675.27,441.75,73.52,73.87,0.351701,0.409027,0.038294,0.0684,0.7811
520,738.84,21.41,60.91,41.9,0.38481,0.019821,0.031726,0.038801,0.756
521,1189.59,498.78,331.08,324.06,0.619577,0.461831,0.172437,0.300057,0.9334
521,428.69,914.12,372.94,331.76,0.223278,0.846408,0.19424,0.307183,0.9259
521,90.2,527.96,179.93,414.99,0.04698,0.488851,0.093712,0.384247,0.9203
521,1791.2,646.68,257.6,472.73,0.932917,0.598781,0.134166,0.437717,0.9101
521,149.95,445.23,129.96,129.36,0.078101,0.412251,0.067687,0.119779,0.8674
521,1557.07,81.33,445.21,162.66,0.810972,0.075306,0.231881,0.150613,0.8567
521,403.47,54.99,83.79,82.84,0.21014,0.05092,0.04364,0.076702,0.8337
521,667.35,446.8,73.63,76.27,0.347577,0.413702,0.038347,0.070623,0.8217
521,722.94,22.6,66.23,44.97,0.37653,0.020925,0.034492,0.041636,0.768
522,1183.15,497.57,330.99,326.02,0.616226,0.460715,0.172392,0.301872,0.9358
522,429.94,916.85,375.31,326.31,0.223929,0.848932,0.195476,0.302136,0.9162
522,1789.25,633.31,261.49,466.97,0.931903,0.586401,0.136193,0.432376,0.9145
522,87.28,541.17,174.4,438.44,0.045456,0.501082,0.090832,0.405959,0.887
522,139.33,458.9,128.48,130.23,0.072566,0.424912,0.066919,0.120579,0.8597
522,1537.55,74.79,444.38,149.35,0.800807,0.069247,0.231448,0.138288,0.851
522,387.39,64.47,83.79,84.58,0.201764,0.059693,0.043643,0.078318,0.8412
522,658.01,451.78,74.08,75.84,0.342711,0.418311,0.038582,0.070221,0.7911
522,709.39,22.69,62.77,45.38,0.369473,0.021007,0.032691,0.042015,0.7515
523,1176.19,495.98,325.64,322.18,0.612598,0.459241,0.169602,0.298313,0.9326
523,1787.91,616.32,264.18,479.24,0.931204,0.570666,0.137592,0.443739,0.9191
523,427.1,920.37,378.71,319.25,0.222446,0.852198,0.197245,0.295605,0.9169
523,82.74,558.68,165.31,418.31,0.043094,0.517299,0.086102,0.387327,0.8659
523,129.72,469.36,128.47,130.48,0.067564,0.434596,0.066911,0.120819,0.8582
523,373.71,71.16,80.73,81.67,0.194641,0.065893,0.042046,0.07562,0.8515
523,1530.75,71.81,449.65,143.39,0.797267,0.066488,0.234195,0.13277,0.8345
523,649.91,456.06,76.12,75.22,0.338497,0.422275,0.039645,0.069645,0.7983
523,693.85,25.3,63.56,50.22,0.36138,0.023427,0.033103,0.046504,0.716
524,1170.67,493.58,329.26,326.11,0.609723,0.457014,0.17149,0.301957,0.9298
524,1786.1,604.14,267.8,473.84,0.930261,0.559385,0.139477,0.43874,0.9246
524,422.7,927.15,372.67,305.7,0.220156,0.858472,0.1941,0.283056,0.9237
524,360.34,78.02,82.79,80.48,0.187676,0.072245,0.04312,0.074523,0.8621
524,120.85,481.59,126.52,126.84,0.062943,0.445917,0.065897,0.117448,0.8613
524,73.66,577.04,146.98,410.41,0.038362,0.534298,0.076551,0.380006,0.8582
524,1517.76,71.02,460.21,141.59,0.790502,0.06576,0.239692,0.131098,0.8241
524,639.57,460.38,75.76,75.41,0.333109,0.426278,0.039456,0.069821,0.8236
524,682.7,26.71,62.16,53.43,0.355575,0.024735,0.032374,0.04947,0.7369
525,419.6,932.64,380.7,293.08,0.218542,0.863556,0.198283,0.27137,0.9381
525,1163.95,490.47,328.51,323.74,0.606226,0.454135,0.171097,0.299755,0.9268
525,1783.75,595.93,272.51,479.41,0.929035,0.551787,0.141931,0.443895,0.9166
525,70.79,585.17,141.18,419.63,0.036869,0.541828,0.073533,0.388551,0.8542
525,110.68,493.01,128.45,128.62,0.057646,0.456487,0.0669,0.119088,0.8511
525,348.09,84.32,83.34,81.33,0.181299,0.078072,0.043407,0.075308,0.8403
525,635.07,465.85,78.19,79.32,0.330763,0.431343,0.040724,0.073447,0.8194
525,1508.54,68.91,445.57,137.59,0.7857,0.063808,0.232067,0.127402,0.807
526,416.63,935.72,379.95,286.83,0.216994,0.866407,0.197892,0.265583,0.9314
526,1158.14,490.81,338.87,330.67,0.6032,0.454452,0.176494,0.306179,0.9259
526,1780.54,586.49,278.92,479.72,0.927364,0.543051,0.145272,0.444186,0.9093
526,100.95,501.45,124.99,126.96,0.052577,0.464303,0.0651,0.11756,0.863
526,334.7,89.83,82.24,80.75,0.174323,0.083176,0.042831,0.074772,0.8516
526,625.27,467.75,76.97,77.6,0.325663,0.433104,0.040089,0.071848,0.8311
526,66.64,591.77,132.91,417.37,0.03471,0.547931,0.069225,0.386455,0.8189
526,1487.42,65.3,469.96,130.54,0.774697,0.060461,0.244769,0.120873,0.7924
527,412.64,936.69,379.52,285.07,0.214917,0.867309,0.197664,0.263955,0.935
527,1151.94,490.13,337.1,328.6,0.599969,0.453825,0.175574,0.304258,0.9289
527,1777.3,584.27,285.4,476.11,0.925677,0.540987,0.148647,0.440844,0.9138
527,94.58,512.16,126.07,124.73,0.049259,0.47422,0.065662,0.115488,0.8556
527,322.09,95.52,83.28,82.71,0.167756,0.088444,0.043373,0.076585,0.8398
527,619.31,472.42,71.31,72.36,0.322555,0.437429,0.037138,0.066998,0.8253
527,1473.96,62.48,460.19,124.84,0.767689,0.057855,0.239683,0.115594,0.7853
527,56.57,599.72,113.08,428.64,0.029463,0.555298,0.058897,0.396887,0.7495
528,410.51,940.65,374.05,277.7,0.213807,0.870973,0.19482,0.257129,0.9415
528,1146.19,488.95,339.89,330.89,0.596975,0.452734,0.177026,0.306378,0.9307
528,1776.2,576.73,287.6,474.12,0.925104,0.534013,0.149792,0.439,0.9176
528,312.01,101.1,82.44,82.71,0.162503,0.09361,0.042936,0.076586,0.851
528,85.17,517.47,125.35,122.7,0.044361,0.479139,0.065284,0.113615,0.8421
528,1283.93,900.63,57.83,56.16,0.668715,0.833915,0.030122,0.052004,0.8107
528,610.19,476.62,73.5,76.95,0.317806,0.441312,0.03828,0.071248,0.8049
528,1468.22,57.47,446.25,114.95,0.7647,0.053217,0.232421,0.106434,0.7675
528,51.4,623.45,102.8,391.14,0.026772,0.577264,0.053544,0.362166,0.7532
529,408.3,942.62,377.87,273.77,0.212657,0.872796,0.196805,0.253495,0.9406
529,1140.46,488.5,342.08,333.69,0.59399,0.452313,0.178168,0.308973,0.9286
529,1774.87,571.94,290.27,487.51,0.924409,0.52957,0.151182,0.451397,0.9164
529,301.4,105.63,84.8,82.7,0.15698,0.097801,0.044167,0.076572,0.8731
529,77.96,526.98,127.12,125.39,0.040603,0.487945,0.066208,0.116099,0.8402
529,604.07,480.08,74.18,76.18,0.314622,0.444517,0.038633,0.070538,0.8128
529,1457.74,54.39,457.32,108.78,0.759238,0.050361,0.238185,0.100723,0.7528
529,49.77,631.2,99.54,402.33,0.025922,0.584442,0.051844,0.37253,0.7307
530,402.06,944.05,385.96,269.66,0.209408,0.874124,0.201022,0.249686,0.9363
530,1132.96,487.86,339.88,332.0,0.590085,0.451718,0.177021,0.30741,0.933
530,1772.18,561.43,295.65,486.28,0.923009,0.51984,0.153982,0.45026,0.9186
530,70.12,532.95,134.48,131.26,0.036523,0.493471,0.070041,0.121537,0.8517
530,290.93,109.11,84.42,83.16,0.151527,0.10103,0.043968,0.077004,0.8386
530,595.18,483.41,78.09,78.69,0.30999,0.447603,0.040673,0.072862,0.7991
530,583.27,892.57,93.34,92.27,0.303787,0.826457,0.048615,0.085432,0.7279
530,1458.9,53.75,470.31,107.51,0.759844,0.049772,0.244954,0.099544,0.7215
530,45.74,652.62,91.48,391.73,0.023822,0.604273,0.047644,0.362714,0.7085
531,1128.21,488.97,338.83,331.11,0.587611,0.452745,0.176476,0.306585,0.9341
531,398.42,947.16,381.61,263.35,0.207513,0.876998,0.198753,0.243843,0.9332
531,1771.29,557.34,297.42,488.94,0.922546,0.516059,0.154908,0.452726,0.9095
531,64.59,538.88,129.18,130.97,0.033642,0.498967,0.067283,0.121268,0.8657
531,280.02,113.66,85.98,85.92,0.145846,0.105242,0.044779,0.079553,0.8296
531,588.81,485.31,76.92,76.7,0.306671,0.449362,0.040064,0.071016,0.8049
531,1443.47,52.05,458.78,104.05,0.751807,0.048194,0.238949,0.096339,0.74
532,1123.42,487.63,336.03,330.31,0.585115,0.451509,0.175017,0.305841,0.9388
532,395.09,947.18,384.84,263.9,0.205778,0.877021,0.200438,0.244355,0.9335
532,1768.01,553.59,303.97,496.45,0.92084,0.512579,0.15832,0.459679,0.9133
532,271.34,115.04,84.18,82.45,0.141323,0.106521,0.043845,0.076338,0.8512
532,579.93,487.62,75.85,74.29,0.302046,0.451501,0.039506,0.068784,0.8405
532,59.58,545.78,119.15,130.43,0.03103,0.50535,0.062059,0.120767,0.8333
532,1270.39,898.21,58.17,57.44,0.661663,0.831676,0.030299,0.053183,0.8179
532,592.64,41.26,60.79,60.83,0.308669,0.038202,0.031664,0.05632,0.789
532,573.23,899.25,96.52,94.27,0.298558,0.832643,0.05027,0.087291,0.716
532,1433.31,45.92,456.9,91.75,0.746517,0.042522,0.23797,0.084954,0.7144
533,390.2,947.59,390.64,263.09,0.203228,0.877397,0.203456,0.243606,0.9346
533,1116.31,487.82,344.47,337.63,0.581411,0.451684,0.179414,0.31262,0.9326
533,1765.25,552.47,309.5,498.69,0.919401,0.51155,0.161198,0.461755,0.9152
533,1265.61,899.09,58.52,58.11,0.65917,0.832494,0.030477,0.053802,0.8449
533,260.44,118.73,87.63,87.35,0.135647,0.109931,0.04564,0.080881,0.8416
533,55.66,548.02,111.33,138.1,0.028992,0.507423,0.057984,0.127874,0.8352
533,746.55,745.46,57.75,57.18,0.388826,0.690243,0.030078,0.052943,0.8311
533,573.75,490.96,78.05,78.93,0.298829,0.454589,0.040651,0.073084,0.8299
533,1422.24,46.17,432.13,92.24,0.740751,0.04275,0.225066,0.085405,0.7201
534,380.92,949.4,390.08,259.45,0.198396,0.879076,0.203165,0.240233,0.9348
534,1110.81,487.48,343.24,336.73,0.578547,0.451372,0.178771,0.311791,0.9284
534,1763.71,551.22,312.59,501.96,0.918597,0.510387,0.162805,0.464776,0.9157
534,252.65,120.22,87.42,87.4,0.131586,0.111315,0.04553,0.080928,0.8533
534,51.71,550.8,103.42,140.14,0.026933,0.510004,0.053865,0.129756,0.8404
534,565.27,491.82,81.32,81.49,0.294409,0.455388,0.042352,0.075458,0.8215
534,1424.24,47.14,453.69,94.19,0.741793,0.043646,0.236296,0.087215,0.7153
535,377.27,950.43,391.79,257.38,0.196497,0.880025,0.204059,0.238316,0.9377
535,1103.42,486.85,344.17,337.59,0.574696,0.450785,0.179255,0.31258,0.9252
535,1761.02,548.43,317.96,505.51,0.917197,0.507806,0.165606,0.468064,0.9187
535,242.17,121.31,86.37,85.9,0.126132,0.112323,0.044987,0.079533,0.8463
535,49.79,552.82,97.41,139.27,0.02593,0.511867,0.050732,0.128953,0.8387
535,560.32,493.3,79.2,80.32,0.291834,0.456756,0.041249,0.074369,0.8267
535,1257.84,900.41,58.73,56.84,0.655125,0.833711,0.030588,0.052634,0.802
535,1407.68,43.6,423.35,87.2,0.733169,0.040368,0.220493,0.080736,0.7288
536,372.04,952.95,388.28,252.34,0.19377,0.882362,0.20223,0.233646,0.9407
536,1100.33,485.03,347.12,337.68,0.573087,0.449104,0.180792,0.312667,0.9266
536,1758.77,550.13,322.46,509.65,0.916027,0.509378,0.167946,0.471901,0.9213
536,233.65,122.77,88.17,88.72,0.121691,0.11368,0.045923,0.08215,0.8436
536,727.69,749.94,58.71,57.28,0.379005,0.694391,0.030578,0.053039,0.8284
536,1253.0,900.8,59.23,57.45,0.652606,0.834073,0.030849,0.053198,0.8246
536,43.51,555.68,87.02,135.62,0.022661,0.514516,0.045323,0.125579,0.8204
536,549.22,494.49,77.45,78.87,0.286053,0.457861,0.040338,0.07303,0.7826
536,558.56,44.07,61.8,60.78,0.290915,0.040802,0.032188,0.056278,0.7663
536,548.57,910.71,99.01,98.98,0.285713,0.843246,0.051567,0.09165,0.7457
536,1404.8,42.39,443.72,84.78,0.731666,0.039251,0.231106,0.078501,0.7068
537,364.87,954.42,388.29,249.47,0.190034,0.883727,0.202232,0.230986,0.9421
537,1094.58,486.59,341.41,334.12,0.570092,0.450547,0.17782,0.309366,0.9275
537,1755.29,551.62,329.43,516.09,0.914212,0.510763,0.171576,0.477858,0.9197
537,226.5,122.8,88.2,84.95,0.117971,0.113699,0.045935,0.078654,0.8667
537,545.94,496.58,79.23,80.45,0.284346,0.459793,0.041263,0.074494,0.83
537,40.44,556.8,80.88,149.94,0.021063,0.515553,0.042127,0.138831,0.8049
537,1387.45,41.79,446.31,83.58,0.722631,0.038695,0.232452,0.077389,0.7364
538,359.09,956.87,393.89,244.51,0.187026,0.885994,0.205154,0.226396,0.9399
538,1086.95,485.97,351.2,341.83,0.566118,0.44997,0.182916,0.316509,0.9316
538,1752.8,550.28,334.4,513.46,0.912917,0.509519,0.174166,0.475421,0.9202
538,218.66,123.47,86.68,85.44,0.113886,0.114321,0.045147,0.079113,0.8484
538,1243.05,904.59,58.68,60.0,0.647422,0.837583,0.030563,0.055558,0.8328
538,538.14,496.61,83.16,82.73,0.280282,0.459828,0.043314,0.076604,0.8241
538,38.81,555.02,77.62,149.0,0.020213,0.513907,0.040425,0.137963,0.8019
538,536.31,914.84,98.33,97.42,0.279329,0.847077,0.051212,0.090202,0.74
538,1386.99,40.2,440.96,80.32,0.72239,0.037223,0.229666,0.074366,0.7173
539,350.51,958.41,389.28,241.51,0.18256,0.887421,0.202752,0.223623,0.9373
539,1080.79,486.3,347.75,339.47,0.562911,0.450274,0.181118,0.314327,0.9325
539,1750.06,548.82,339.88,523.75,0.91149,0.50817,0.17702,0.484955,0.9198
539,210.67,123.12,87.5,85.72,0.109723,0.114004,0.045574,0.079367,0.855
539,532.4,495.93,80.4,81.14,0.27729,0.459194,0.041873,0.075132,0.8337
539,1237.85,904.92,59.86,59.78,0.644716,0.837893,0.031175,0.055355,0.832
539,33.37,558.78,66.74,143.84,0.017381,0.517391,0.034763,0.133188,0.7564
539,1382.81,41.96,430.72,83.92,0.720215,0.03885,0.224333,0.0777,0.7403
539,529.42,914.06,98.72,98.07,0.275739,0.846352,0.051415,0.090806,0.718
540,1075.34,487.74,353.4,344.06,0.560072,0.451612,0.184063,0.318575,0.9366
540,1748.86,552.53,342.27,521.31,0.910866,0.511605,0.178268,0.482692,0.9212
540,343.37,958.88,394.14,240.35,0.17884,0.887848,0.20528,0.222546,0.9211
540,202.17,120.97,87.78,87.58,0.105298,0.112013,0.045718,0.081089,0.8383
540,1232.14,906.53,58.36,58.77,0.641739,0.839376,0.030397,0.054419,0.8364
540,523.62,496.75,79.33,79.4,0.272718,0.459955,0.041317,0.07352,0.8293
540,530.33,42.13,61.41,61.04,0.276213,0.039008,0.031987,0.056516,0.7235
541,1071.9,488.1,345.73,337.43,0.55828,0.451946,0.180068,0.312433,0.9364
541,335.76,958.03,393.43,241.92,0.174875,0.887066,0.204913,0.224002,0.93
541,1746.39,552.25,347.23,524.78,0.909577,0.511346,0.180847,0.485911,0.9225
541,1226.87,908.21,57.97,58.37,0.638995,0.840938,0.030193,0.054048,0.8484
541,195.57,119.12,88.61,89.51,0.101862,0.110298,0.046153,0.082879,0.841
541,516.88,496.44,79.01,80.4,0.269211,0.45967,0.041152,0.074448,0.8244
541,513.78,916.34,99.08,96.68,0.267593,0.848459,0.051605,0.089516,0.7302
541,1370.28,42.17,415.73,84.34,0.713688,0.039045,0.216527,0.078089,0.7138
542,1065.75,488.01,346.15,338.94,0.555076,0.451859,0.180285,0.313832,0.9418
542,326.91,957.24,400.67,243.49,0.170267,0.886334,0.208682,0.225453,0.9288
542,1745.84,555.14,348.31,520.53,0.909294,0.514015,0.181412,0.481975,0.927
542,1221.01,909.07,60.73,60.1,0.635941,0.841734,0.031628,0.055647,0.8447
542,688.72,755.54,57.65,58.21,0.358711,0.699576,0.030026,0.053901,0.8445
542,187.77,118.59,89.64,89.6,0.097796,0.109802,0.046689,0.082967,0.8341
542,510.54,495.98,82.61,82.78,0.265908,0.459244,0.043025,0.076651,0.8331
542,1362.44,41.82,406.71,83.65,0.709602,0.038725,0.211828,0.07745,0.7141
543,1058.73,488.98,350.19,341.63,0.551423,0.452763,0.182389,0.316323,0.9355
543,319.83,957.09,395.76,243.83,0.166576,0.886194,0.206125,0.22577,0.9322
543,1743.77,555.49,352.46,527.54,0.908214,0.514347,0.183573,0.488467,0.9257
543,181.04,115.01,89.01,88.27,0.094293,0.106489,0.04636,0.081731,0.8532
543,681.1,755.59,58.49,57.93,0.354738,0.699617,0.030463,0.053635,0.8422
543,502.5,494.75,80.53,82.92,0.261717,0.458098,0.04194,0.076778,0.8192
543,1356.74,41.1,420.11,82.19,0.706636,0.038053,0.21881,0.076106,0.7107
544,308.89,958.06,394.93,241.97,0.160881,0.887094,0.205691,0.224048,0.9351
544,1052.19,487.63,352.21,343.34,0.548017,0.451508,0.183442,0.317908,0.9297
544,1740.93,558.28,358.14,532.79,0.906734,0.516925,0.186533,0.493327,0.9249
544,173.26,113.61,88.95,87.68,0.090242,0.105196,0.046331,0.081186,0.8561
544,496.28,494.33,81.11,82.44,0.25848,0.457712,0.042247,0.076332,0.8561
544,1209.18,912.92,60.62,58.88,0.629782,0.845295,0.03157,0.05452,0.8445
544,674.32,756.26,59.51,59.93,0.35121,0.700236,0.030995,0.055488,0.841
544,489.93,918.42,98.36,98.81,0.255174,0.850387,0.05123,0.09149,0.7172
544,1359.7,39.7,420.27,79.39,0.708177,0.036755,0.218892,0.07351,0.7008
545,298.32,958.96,389.31,240.3,0.155373,0.887925,0.202765,0.222504,0.9387
545,1048.37,487.29,356.36,346.93,0.546028,0.451197,0.185607,0.32123,0.9287
545,1738.28,558.79,363.43,541.85,0.905356,0.517401,0.189287,0.50171,0.9197
545,667.02,756.14,59.62,58.84,0.347407,0.70013,0.031051,0.054481,0.8573
545,1202.75,912.94,59.19,58.14,0.626432,0.845312,0.030829,0.053833,0.8421
545,167.19,110.93,87.97,87.11,0.087077,0.102713,0.045819,0.080655,0.8365
545,487.57,493.28,78.35,79.9,0.253945,0.456745,0.040805,0.073985,0.8123
545,483.42,918.31,101.14,98.35,0.251782,0.850284,0.05268,0.091062,0.7482
545,1354.66,40.4,422.5,80.8,0.705553,0.037407,0.220055,0.074815,0.7085
546,292.16,958.22,391.95,241.83,0.152164,0.887237,0.20414,0.223921,0.9371
546,1042.19,486.18,356.76,346.28,0.542805,0.450164,0.185815,0.320631,0.9252
546,1736.57,560.98,366.66,538.05,0.904463,0.519426,0.190969,0.498197,0.922
546,660.32,756.04,59.7,59.85,0.343919,0.70004,0.031093,0.055414,0.844
546,482.88,492.78,82.49,82.7,0.251502,0.45628,0.042962,0.076577,0.8301
546,159.89,107.44,90.4,90.01,0.083277,0.099481,0.047083,0.083343,0.8293
546,1196.2,914.68,60.05,59.47,0.623018,0.846927,0.031275,0.055061,0.8229
546,1354.2,38.58,422.27,77.16,0.705311,0.035724,0.219932,0.071448,0.7025
547,1039.17,489.14,351.51,341.43,0.541236,0.452909,0.183077,0.316141,0.9258
547,284.21,959.08,384.01,240.16,0.148027,0.888041,0.200004,0.222373,0.9247
547,1734.51,562.03,370.79,542.73,0.903391,0.520399,0.19312,0.50253,0.922
547,1190.0,916.84,61.35,59.05,0.619792,0.848928,0.031951,0.054677,0.8523
547,151.66,104.29,92.4,91.01,0.078987,0.096568,0.048128,0.084272,0.849
547,474.35,490.75,83.02,81.89,0.247057,0.454395,0.043238,0.075827,0.8314
547,652.75,754.42,58.59,57.38,0.339976,0.698537,0.030515,0.053125,0.8293
547,467.27,915.4,97.44,97.04,0.243369,0.847589,0.050751,0.089851,0.7218
548,1032.85,488.18,357.12,347.34,0.537942,0.452022,0.186,0.321612,0.9286
548,276.79,957.88,388.29,242.21,0.14416,0.886924,0.202234,0.224268,0.928
548,1733.14,563.67,373.02,542.75,0.902677,0.521921,0.194283,0.502547,0.9152
548,468.8,488.41,83.4,83.32,0.244166,0.45223,0.043436,0.077147,0.8522
548,145.24,100.8,92.46,91.41,0.075648,0.09333,0.048154,0.084636,0.8422
548,646.39,753.75,58.06,56.5,0.336662,0.697916,0.03024,0.052318,0.8412
548,1183.79,918.61,59.42,61.02,0.616559,0.850561,0.030946,0.056501,0.8347
548,458.44,915.38,98.64,97.99,0.238772,0.847573,0.051374,0.090733,0.7182
548,1348.66,38.28,414.93,76.57,0.702429,0.035448,0.21611,0.070896,0.7138
549,268.24,954.55,402.8,248.93,0.139707,0.883843,0.20979,0.230487,0.9295
549,1026.98,489.01,354.86,346.53,0.534885,0.45279,0.184825,0.320862,0.9269
549,1730.54,566.29,377.89,541.72,0.901321,0.524343,0.196819,0.501589,0.9192
549,138.89,97.12,89.93,90.81,0.072338,0.089929,0.046841,0.08408,0.8455
549,1177.38,920.02,60.44,60.22,0.613221,0.851869,0.031479,0.055758,0.845
549,459.35,485.78,81.23,79.65,0.239244,0.449801,0.042306,0.073746,0.8392
549,639.17,754.22,58.7,58.72,0.332903,0.698352,0.030572,0.054368,0.8311
549,476.17,24.95,66.27,49.23,0.248005,0.023104,0.034517,0.045586,0.7617
549,450.73,915.95,103.38,102.11,0.234756,0.848104,0.053842,0.094542,0.73
550,1019.92,485.82,359.33,351.86,0.53121,0.449834,0.187151,0.325794,0.9335
550,258.59,954.58,396.54,248.89,0.134681,0.883866,0.20653,0.230453,0.9318
550,1728.79,567.23,381.82,552.45,0.90041,0.525211,0.198862,0.511526,0.9138
550,133.33,92.2,90.24,90.25,0.069443,0.085371,0.046998,0.083565,0.8435
550,1171.42,921.43,57.91,58.35,0.610113,0.853173,0.030163,0.05403,0.8353
550,453.92,484.66,81.73,82.27,0.236416,0.448758,0.042568,0.076176,0.8194
550,631.06,752.72,58.06,57.47,0.328677,0.696965,0.030241,0.053214,0.8184
550,471.1,23.58,65.93,47.16,0.245364,0.021833,0.034337,0.043666,0.7738
551,247.4,954.39,391.94,249.45,0.128854,0.883695,0.204133,0.230971,0.9384
551,1016.98,486.45,358.77,352.01,0.529678,0.450415,0.18686,0.325932,0.9355
551,1724.95,574.2,388.95,555.82,0.898411,0.531665,0.202577,0.514651,0.9073
551,126.98,88.21,91.91,90.49,0.066134,0.081679,0.047872,0.083788,0.8627
551,1164.82,922.92,59.68,59.87,0.606675,0.854559,0.031082,0.055439,0.8323
551,623.96,751.71,59.03,59.27,0.324977,0.696028,0.030746,0.054876,0.8304
551,446.47,482.46,83.11,83.25,0.232538,0.44672,0.043289,0.077081,0.8122
551,1889.54,928.14,60.8,120.52,0.984133,0.859388,0.031665,0.111588,0.7577
551,434.71,913.23,98.72,99.31,0.226414,0.845588,0.051415,0.091956,0.7484
551,466.39,22.25,69.08,44.5,0.242909,0.020601,0.035979,0.041203,0.7453
552,237.03,951.27,397.63,255.91,0.123456,0.880804,0.207096,0.236956,0.9405
552,1012.48,488.31,355.89,348.09,0.527334,0.452137,0.18536,0.322309,0.9375
552,1723.67,570.07,391.12,548.68,0.897744,0.527845,0.203708,0.508036,0.9117
552,120.58,84.08,90.42,89.69,0.062802,0.077855,0.047095,0.083045,0.8618
552,440.67,479.77,83.5,84.99,0.229516,0.444231,0.043491,0.07869,0.8392
552,1158.2,923.45,60.31,60.04,0.603229,0.855045,0.031413,0.055589,0.8282
552,616.53,750.83,58.72,58.2,0.321108,0.69521,0.030583,0.053891,0.8262
552,459.96,21.35,65.12,42.7,0.239563,0.019768,0.033917,0.039537,0.7892
552,1887.97,931.41,63.64,112.31,0.983318,0.862419,0.033147,0.103995,0.7863
552,426.44,912.8,102.14,98.89,0.222105,0.845182,0.053197,0.091569,0.7288
553,1007.05,486.89,355.65,346.13,0.524505,0.45082,0.185235,0.320487,0.9414
553,229.82,950.45,396.97,257.65,0.119697,0.880046,0.206754,0.238563,0.9354
553,1721.73,574.2,394.91,550.7,0.896736,0.531663,0.20568,0.509904,0.9103
553,113.95,79.64,87.53,86.71,0.059348,0.073739,0.045588,0.080283,0.8436
553,1151.82,924.41,59.14,59.2,0.599906,0.855933,0.0308,0.054815,0.8384
553,434.28,478.32,81.46,82.68,0.22619,0.442891,0.042426,0.076559,0.8379
553,609.28,749.62,58.5,58.01,0.317332,0.694092,0.030467,0.053711,0.8343
553,1885.6,934.12,67.33,114.86,0.982083,0.864928,0.035069,0.106348,0.7897
553,455.06,17.89,61.26,35.79,0.237008,0.016568,0.031907,0.033137,0.7784
553,1332.64,37.67,425.29,75.2,0.694084,0.034882,0.221504,0.069626,0.7073
554,1000.31,485.83,359.21,349.91,0.520996,0.449847,0.187086,0.323992,0.9406
554,219.72,950.3,394.51,257.38,0.114437,0.879908,0.205475,0.238311,0.9267
554,1718.43,580.17,402.02,570.17,0.895017,0.537193,0.209386,0.527939,0.9003
554,1145.89,925.34,63.18,62.61,0.596816,0.856795,0.032906,0.057974,0.8466
554,107.16,74.68,88.61,86.71,0.055815,0.069146,0.046154,0.080288,0.8261
554,1883.04,939.74,73.53,117.87,0.980748,0.870134,0.038295,0.109142,0.8164
554,427.56,475.94,76.92,81.37,0.222688,0.440688,0.040064,0.075345,0.813
554,449.86,17.15,60.61,34.3,0.234303,0.015879,0.03157,0.031759,0.7416
555,995.86,486.07,361.0,355.61,0.518675,0.450069,0.188019,0.329265,0.933
555,212.77,947.86,400.58,262.62,0.110817,0.877649,0.208636,0.24317,0.9307
555,1719.6,580.14,399.32,546.95,0.895625,0.537162,0.207978,0.506434,0.9176
555,99.74,72.42,87.28,87.63,0.051946,0.067059,0.045457,0.08114,0.8391
555,1138.94,925.15,59.92,58.85,0.593198,0.856624,0.031209,0.054495,0.838
555,420.6,472.23,82.11,82.63,0.219061,0.437253,0.042763,0.076505,0.8159
555,1882.21,942.34,75.59,113.69,0.980316,0.872535,0.039368,0.105269,0.8128
555,595.4,747.51,60.43,59.5,0.310104,0.692138,0.031473,0.055095,0.7927
555,400.17,910.15,102.92,100.53,0.208423,0.842735,0.053602,0.093083,0.7576
556,206.87,946.19,400.85,266.07,0.107746,0.876098,0.208776,0.24636,0.9332
556,988.78,482.61,366.62,357.08,0.51499,0.44686,0.190948,0.330632,0.9313
556,1714.7,583.22,409.55,563.78,0.893073,0.540019,0.213307,0.52202,0.8993
556,1133.53,925.59,62.53,61.79,0.590382,0.857027,0.03257,0.057216,0.8486
556,413.48,468.22,85.74,85.75,0.215356,0.43354,0.044655,0.0794,0.8434
556,94.02,68.39,89.37,88.97,0.04897,0.063328,0.046549,0.082379,0.841
556,588.4,745.55,58.01,57.09,0.306461,0.69032,0.030212,0.052865,0.8256
556,1878.82,946.7,81.96,121.02,0.978551,0.876574,0.042687,0.112059,0.8112
556,393.52,906.0,101.72,99.16,0.204961,0.838887,0.052977,0.091816,0.7472
557,198.9,945.02,391.09,268.55,0.103595,0.875019,0.203694,0.24866,0.9357
557,982.74,480.61,365.44,354.69,0.511844,0.445012,0.190331,0.328414,0.9235
557,1709.28,582.95,421.44,569.61,0.89025,0.539772,0.219501,0.52742,0.876
557,407.4,467.17,84.41,84.74,0.212185,0.432561,0.043963,0.078464,0.8453
557,1127.06,925.79,60.01,58.83,0.587013,0.857213,0.031253,0.054471,0.8329
557,86.28,60.61,90.19,89.52,0.044938,0.056118,0.046974,0.082887,0.8273
557,580.72,746.16,57.81,59.19,0.30246,0.690889,0.03011,0.054801,0.8193
557,1875.69,946.65,87.76,119.67,0.976919,0.876526,0.045707,0.110805,0.8149
557,774.12,105.89,58.05,56.23,0.403187,0.098046,0.030234,0.052066,0.7954
558,193.34,944.78,381.92,269.24,0.1007,0.874797,0.198919,0.249299,0.9386
558,977.47,481.88,359.31,347.8,0.509101,0.446184,0.187141,0.322038,0.9245
558,1710.35,584.21,418.05,560.01,0.890807,0.540939,0.217732,0.518528,0.8903
558,80.52,58.22,91.64,90.3,0.041936,0.053905,0.04773,0.083613,0.8425
558,1120.42,927.05,60.26,59.57,0.58355,0.858381,0.031387,0.055156,0.839
558,573.33,743.58,58.84,59.33,0.29861,0.688501,0.030648,0.054933,0.8359
558,398.19,465.84,82.26,83.49,0.207392,0.431338,0.042846,0.077303,0.8239
558,1874.54,951.61,90.15,122.82,0.976322,0.88112,0.046952,0.11372,0.8202
559,187.83,943.93,375.67,271.15,0.09783,0.874009,0.195659,0.251068,0.9409
559,972.71,483.75,363.74,351.15,0.506621,0.447914,0.189448,0.325143,0.9214
559,1708.42,586.46,422.01,558.48,0.889803,0.54302,0.219796,0.51711,0.8763
559,393.56,463.12,85.74,86.48,0.20498,0.428816,0.044655,0.080074,0.8418
559,1115.23,929.23,61.55,62.5,0.580851,0.860403,0.032056,0.057871,0.8417
559,566.09,741.5,58.04,58.5,0.29484,0.686576,0.030231,0.054171,0.8407
559,75.36,53.56,91.79,89.97,0.039251,0.049591,0.047808,0.083305,0.8301
559,1871.78,952.18,94.45,120.2,0.974883,0.88165,0.049192,0.111298,0.8151
559,765.43,99.57,58.17,57.62,0.398659,0.092192,0.030299,0.053352,0.7796
560,184.62,944.44,369.24,270.26,0.096157,0.874478,0.192315,0.250243,0.9378
560,968.51,478.93,360.38,355.75,0.504433,0.443451,0.1877,0.329401,0.922
560,1707.33,588.1,425.34,541.84,0.889235,0.54454,0.22153,0.501707,0.8771
560,1869.61,955.07,98.72,121.33,0.973755,0.884324,0.051415,0.11234,0.8392
560,68.13,49.93,90.4,88.93,0.035484,0.046227,0.047082,0.082344,0.8347
560,384.77,460.3,84.38,84.22,0.200399,0.426201,0.043946,0.077981,0.8342
560,559.01,740.46,59.93,60.49,0.291153,0.685612,0.031213,0.056007,0.8308
560,1108.46,928.76,61.13,60.44,0.577321,0.859964,0.03184,0.055967,0.8025
560,360.15,902.07,103.51,101.33,0.18758,0.835247,0.053913,0.093827,0.7881
561,963.0,476.41,365.29,359.67,0.501564,0.441121,0.190256,0.333031,0.9291
561,181.61,943.11,363.22,271.7,0.094589,0.873246,0.189178,0.251573,0.9243
561,1707.52,589.03,424.96,535.93,0.889335,0.545395,0.221331,0.496228,0.8599
561,378.51,456.98,85.96,86.04,0.197141,0.423126,0.044769,0.079665,0.8525
561,551.99,739.46,60.06,60.1,0.287495,0.684682,0.031283,0.055653,0.8491
561,1867.57,957.84,102.62,122.97,0.972691,0.886885,0.053448,0.113866,0.8402
561,60.56,46.01,90.81,88.19,0.03154,0.042601,0.047299,0.081661,0.8368
561,1103.23,927.83,62.39,61.77,0.574601,0.859105,0.032494,0.057195,0.8326
562,958.46,476.44,369.61,363.97,0.499199,0.441149,0.192507,0.337011,0.9325
562,177.16,944.02,354.33,270.47,0.092272,0.874089,0.184544,0.250436,0.9221
562,1704.47,588.8,431.06,543.16,0.887746,0.545181,0.224509,0.502922,0.8827
562,545.27,737.47,59.41,57.42,0.283994,0.682844,0.030945,0.053165,0.8395
562,1097.31,928.12,61.42,61.17,0.571515,0.859368,0.031991,0.056643,0.8329
562,53.89,42.92,90.17,85.4,0.028067,0.03974,0.046964,0.079076,0.8311
562,1866.54,958.92,104.73,121.27,0.972155,0.887891,0.054545,0.112283,0.8228
562,370.1,452.75,85.71,84.39,0.192763,0.419213,0.04464,0.078136,0.8173
563,951.86,476.95,364.14,355.73,0.495759,0.441623,0.189654,0.329379,0.9352
563,173.41,943.0,346.83,272.52,0.09032,0.873149,0.18064,0.252332,0.9263
563,1701.82,587.83,436.35,543.36,0.886366,0.544284,0.227268,0.503115,0.8752
563,538.49,736.48,61.25,62.68,0.280465,0.681929,0.031902,0.058035,0.8429
563,45.92,41.54,90.33,82.63,0.023918,0.038464,0.047046,0.076513,0.8324
563,1864.7,960.28,108.24,121.31,0.9712,0.889145,0.056375,0.11232,0.8141
563,1090.5,930.01,61.51,61.4,0.567971,0.861124,0.032038,0.056847,0.8107
563,364.77,451.71,84.7,84.78,0.189985,0.418248,0.044115,0.078501,0.807
563,337.87,896.94,104.91,101.71,0.175972,0.830501,0.054639,0.094175,0.7435
564,946.15,473.4,362.81,362.34,0.492787,0.438338,0.188962,0.335504,0.9363
564,170.26,940.29,340.51,278.2,0.088675,0.870637,0.177349,0.257594,0.9286
564,41.46,38.33,81.58,75.72,0.021592,0.035494,0.04249,0.070107,0.8639
564,1700.01,586.27,439.98,546.24,0.885423,0.542843,0.229154,0.505778,0.8614
564,1086.39,930.02,64.08,64.51,0.56583,0.861127,0.033376,0.059732,0.8404
564,357.72,450.5,84.21,85.14,0.186311,0.41713,0.043861,0.078836,0.8295
564,532.65,736.92,60.09,60.56,0.277421,0.68233,0.031295,0.056071,0.8252
564,1862.76,962.74,112.93,123.21,0.970185,0.891426,0.058819,0.114084,0.7835
565,941.41,477.01,372.38,360.67,0.490319,0.441676,0.193947,0.333953,0.943
565,163.25,942.18,326.51,274.22,0.085028,0.872393,0.170056,0.253907,0.9253
565,1698.97,580.9,442.07,551.22,0.884878,0.53787,0.230244,0.51039,0.8621
565,39.2,37.98,78.4,75.86,0.020416,0.035165,0.040831,0.070244,0.8434
565,351.48,447.16,85.91,84.49,0.183061,0.414034,0.044747,0.07823,0.8398
565,524.67,733.25,60.14,59.26,0.273267,0.678932,0.031321,0.054871,0.8388
565,1861.21,964.55,116.11,123.75,0.969378,0.893099,0.060474,0.114579,0.8211
565,1080.0,929.67,63.47,63.68,0.562498,0.860806,0.033059,0.058959,0.8079
565,733.83,84.24,57.93,57.55,0.382204,0.077996,0.030174,0.053284,0.7131
566,935.41,471.3,373.77,368.64,0.487193,0.436386,0.194671,0.341331,0.9271
566,160.99,942.34,321.72,273.95,0.083847,0.872534,0.167562,0.253656,0.9254
566,346.07,446.52,83.42,84.75,0.180245,0.413441,0.043445,0.078469,0.8547
566,517.46,732.77,63.51,63.51,0.26951,0.678493,0.03308,0.058805,0.8447
566,1858.45,964.22,120.91,124.37,0.967943,0.892797,0.062973,0.115156,0.8268
566,1697.08,584.22,445.84,554.9,0.883895,0.540944,0.232211,0.513797,0.826
566,1074.71,928.96,63.32,62.53,0.559746,0.860149,0.032979,0.0579,0.8097
566,34.13,34.98,68.26,69.49,0.017777,0.032392,0.035555,0.064345,0.8016
566,313.82,892.79,103.52,101.84,0.163449,0.826662,0.053915,0.094292,0.72
567,927.87,475.67,366.59,357.35,0.483267,0.440435,0.190931,0.330876,0.9229
567,158.32,941.41,314.51,275.86,0.08246,0.871675,0.163809,0.255424,0.9217
567,1696.07,582.6,447.85,554.08,0.883372,0.539446,0.233257,0.513037,0.8409
567,510.41,730.86,62.46,61.15,0.26584,0.676722,0.032533,0.056625,0.8354
567,337.97,444.43,82.01,84.75,0.176027,0.411506,0.042716,0.078473,0.8316
567,1069.74,929.1,63.94,63.63,0.557157,0.860279,0.033301,0.058915,0.8267
567,1855.68,964.08,125.3,123.02,0.966501,0.892669,0.065258,0.113904,0.8108
567,722.7,78.71,58.01,57.33,0.376407,0.072875,0.030213,0.053087,0.8023
567,33.54,34.23,66.68,68.45,0.017467,0.031691,0.034728,0.063383,0.788
567,308.74,890.19,106.2,105.36,0.1608,0.824245,0.055311,0.09756,0.7126
568,153.66,941.27,305.14,276.2,0.080031,0.871545,0.158925,0.255745,0.919
568,925.48,471.26,378.85,372.71,0.482018,0.436348,0.197316,0.345101,0.9106
568,1853.56,965.58,129.34,129.68,0.965398,0.894054,0.067363,0.120075,0.8269
568,1691.51,578.13,456.97,570.46,0.880997,0.535306,0.238006,0.528201,0.8253
568,1063.61,930.21,62.16,63.48,0.553966,0.861305,0.032373,0.058775,0.8147
568,503.94,730.22,61.61,60.04,0.262468,0.676128,0.03209,0.055597,0.8142
568,716.49,74.9,59.94,59.01,0.373171,0.069353,0.031217,0.054635,0.7798
568,330.31,440.13,86.81,89.08,0.172038,0.407527,0.045213,0.082484,0.7121
568,29.13,34.81,57.71,69.61,0.015174,0.032228,0.030056,0.064456,0.7062
569,152.2,938.82,304.4,282.36,0.079272,0.869279,0.158544,0.261442,0.9106
569,919.1,469.43,363.76,357.78,0.478697,0.434655,0.189457,0.331277,0.9054
569,322.95,438.19,86.91,87.01,0.168205,0.405732,0.045264,0.080569,0.8493
569,1689.92,583.84,460.16,564.84,0.880167,0.540593,0.239667,0.522998,0.8469
569,1850.89,964.06,130.7,126.78,0.964007,0.892645,0.068073,0.117393,0.843
569,497.7,728.5,62.76,63.86,0.259218,0.674536,0.032689,0.059129,0.8357
569,1058.89,929.56,63.08,62.42,0.551503,0.860708,0.032857,0.057795,0.8194
569,710.48,71.86,58.94,57.74,0.37004,0.066538,0.0307,0.053467,0.7885
570,913.19,460.41,365.75,359.52,0.475619,0.426305,0.190495,0.332887,0.9239
570,148.42,939.08,296.85,280.92,0.077303,0.869521,0.154607,0.260114,0.9141
570,1688.91,583.6,462.18,556.23,0.879641,0.540371,0.240717,0.515025,0.8573
570,1849.75,964.19,132.75,128.15,0.963411,0.892772,0.069142,0.118656,0.8515
570,315.38,436.73,90.22,89.92,0.16426,0.404382,0.046988,0.08326,0.8408
570,491.18,728.8,60.0,61.61,0.255821,0.674815,0.031252,0.057048,0.8315
570,1053.74,927.34,64.2,64.15,0.54882,0.858647,0.033437,0.0594,0.8284
570,705.52,69.03,58.91,57.95,0.36746,0.063918,0.030684,0.053657,0.7801
570,284.66,890.14,106.98,105.86,0.148262,0.824201,0.055718,0.09802,0.743
571,909.22,464.94,375.03,366.68,0.473553,0.430503,0.195326,0.339523,0.9231
571,146.16,935.27,291.49,289.08,0.076126,0.865988,0.151819,0.267671,0.922
571,1686.48,586.87,467.03,558.0,0.878377,0.543402,0.243247,0.516663,0.8715
571,484.62,727.42,61.81,62.65,0.252405,0.673541,0.032192,0.058013,0.84
571,1847.62,963.02,135.96,128.12,0.9623,0.891681,0.070815,0.118625,0.8152
571,1048.03,927.27,62.49,63.2,0.545849,0.85858,0.032547,0.05852,0.8095
571,307.0,435.37,84.85,86.48,0.159896,0.403123,0.044191,0.08007,0.796
571,278.36,888.68,107.55,106.7,0.144982,0.822851,0.056016,0.098797,0.7547
572,143.67,933.19,286.2,293.62,0.074828,0.864065,0.149065,0.27187,0.9307
572,902.7,460.85,372.5,365.3,0.470155,0.426716,0.194011,0.338237,0.9242
572,1683.49,581.49,473.02,574.37,0.876819,0.538417,0.246362,0.531821,0.861
572,1043.29,927.2,63.87,63.71,0.54338,0.858523,0.033267,0.058988,0.8378
572,477.24,725.46,60.27,60.67,0.248565,0.671723,0.031391,0.056175,0.8341
572,301.64,431.73,87.91,88.47,0.157106,0.399749,0.045789,0.081919,0.8296
572,1844.49,962.21,133.18,126.97,0.960673,0.890939,0.069364,0.117568,0.7875
573,898.16,458.66,372.79,363.77,0.46779,0.424689,0.194159,0.336821,0.9293
573,137.91,934.14,274.84,291.72,0.07183,0.864945,0.143144,0.270111,0.9292
573,1682.22,581.33,475.55,566.17,0.876159,0.538269,0.247683,0.524235,0.8838
573,293.95,431.1,86.54,86.46,0.153097,0.399164,0.045075,0.080058,0.8473
573,1038.69,926.23,64.4,63.11,0.540983,0.857622,0.033541,0.058434,0.8181
573,471.51,724.88,62.1,60.96,0.24558,0.671182,0.032342,0.056441,0.8118
573,1842.17,963.83,139.82,133.85,0.959462,0.892434,0.072822,0.123939,0.7524
574,136.63,934.33,272.47,291.33,0.071162,0.865125,0.141913,0.26975,0.9308
574,893.82,458.84,372.93,364.66,0.465531,0.424853,0.194234,0.337647,0.9249
574,1678.51,571.9,482.98,590.33,0.874223,0.529536,0.251554,0.546602,0.8749
574,286.12,429.16,90.08,90.74,0.149022,0.397367,0.046918,0.084015,0.8497
574,464.91,723.47,62.77,64.72,0.242143,0.66988,0.032694,0.059925,0.8375
574,1033.35,926.59,63.11,62.23,0.538204,0.857953,0.032868,0.057624,0.807
574,255.45,886.94,113.28,111.7,0.133048,0.821243,0.059002,0.103424,0.7727
574,1839.3,963.63,141.57,133.61,0.957971,0.892254,0.073736,0.123714,0.7179
574,681.56,57.24,58.62,57.81,0.354978,0.053001,0.03053,0.053526,0.7149
575,886.99,455.18,370.28,363.92,0.461975,0.421464,0.192856,0.336964,0.9348
575,132.17,935.27,263.66,289.47,0.068836,0.865988,0.137326,0.268024,0.9279
575,1677.75,580.8,484.5,563.82,0.873828,0.537776,0.252343,0.522058,0.8836
575,278.88,427.32,89.06,90.33,0.14525,0.395665,0.046385,0.083638,0.8297
575,457.72,723.41,63.8,63.97,0.238394,0.669821,0.033231,0.059234,0.8266
575,1027.82,925.65,64.25,63.32,0.535321,0.857082,0.033461,0.058627,0.8232
575,250.56,886.22,111.4,110.15,0.130502,0.820577,0.058019,0.101995,0.7741
575,1835.26,962.24,135.71,130.18,0.955866,0.890961,0.070681,0.120533,0.7657
576,884.91,456.28,375.53,367.03,0.460893,0.422483,0.195588,0.339839,0.9345
576,125.91,936.45,251.39,287.11,0.06558,0.867081,0.130933,0.265839,0.9265
576,1674.48,573.93,491.03,583.4,0.872128,0.531412,0.255745,0.540188,0.8724
576,450.51,721.18,63.05,63.16,0.234642,0.667757,0.032839,0.058478,0.842
576,271.46,426.21,89.0,89.88,0.141383,0.394641,0.046354,0.083223,0.832
576,1024.17,925.11,67.07,66.31,0.533421,0.856586,0.034935,0.0614,0.8241
576,241.96,886.72,110.82,107.38,0.126023,0.821036,0.05772,0.099428,0.8121
576,1835.65,962.42,136.9,131.29,0.956067,0.891129,0.071303,0.121563,0.7547
577,876.99,452.31,382.79,370.06,0.456765,0.418806,0.199372,0.34265,0.9256
577,122.13,939.43,244.25,280.01,0.063607,0.869846,0.127214,0.25927,0.9192
577,1676.1,578.22,487.81,561.61,0.872967,0.535389,0.254067,0.520005,0.8663
577,264.29,421.75,89.3,89.73,0.137653,0.390511,0.04651,0.083086,0.86
577,1019.15,925.37,63.85,64.02,0.530807,0.856822,0.033255,0.059277,0.8252
577,1831.39,963.59,136.03,130.51,0.95385,0.892212,0.07085,0.120839,0.8207
577,445.42,719.66,62.39,63.94,0.231988,0.666352,0.032494,0.0592,0.8163
577,663.54,48.26,59.92,58.77,0.345595,0.044684,0.031207,0.054418,0.8143
578,871.5,455.41,389.16,377.93,0.453905,0.421678,0.20269,0.349937,0.9255
578,117.03,939.98,234.06,278.91,0.060954,0.870353,0.121907,0.25825,0.9189
578,258.17,421.33,91.46,90.95,0.134466,0.390116,0.047636,0.084214,0.8655
578,1673.4,571.28,493.2,580.41,0.871561,0.528961,0.256877,0.537415,0.8593
578,1826.54,961.06,130.67,128.27,0.951322,0.889867,0.068059,0.118771,0.8481
578,1013.79,925.78,65.29,64.81,0.528016,0.857201,0.034003,0.060011,0.8166
578,439.24,718.23,62.01,62.01,0.228769,0.665026,0.032295,0.057417,0.8068
578,659.21,45.46,61.71,60.66,0.343336,0.042088,0.032141,0.056166,0.7912
579,865.72,448.82,376.45,364.61,0.450898,0.415571,0.196069,0.337601,0.9169
579,114.95,940.04,229.9,278.8,0.059871,0.87041,0.119742,0.258148,0.9167
579,1672.87,569.53,494.26,564.45,0.871286,0.527347,0.257428,0.522641,0.8616
579,1823.46,960.84,131.19,129.09,0.949721,0.889669,0.068328,0.119524,0.8523
579,252.67,419.84,89.9,89.61,0.131602,0.38874,0.046821,0.08297,0.8431
579,431.86,717.75,64.37,63.99,0.224926,0.664584,0.033524,0.059251,0.8419
579,1009.41,924.57,66.57,65.16,0.525734,0.85608,0.034674,0.060329,0.8065
579,651.25,41.82,61.53,60.37,0.339194,0.038719,0.032047,0.055898,0.7883
579,220.3,884.79,113.36,109.36,0.114737,0.819254,0.05904,0.101255,0.7363
580,864.07,450.11,385.46,372.92,0.450038,0.416764,0.200759,0.345299,0.9203
580,112.06,939.56,224.13,279.79,0.058367,0.869966,0.116734,0.259062,0.9154
580,1672.24,570.42,495.51,561.5,0.870961,0.528171,0.258078,0.519911,0.8624
580,425.2,715.88,62.94,63.05,0.221458,0.662851,0.03278,0.058378,0.8461
580,1822.34,960.32,133.55,131.75,0.949137,0.889181,0.069557,0.121988,0.8339
580,245.91,416.97,87.63,89.27,0.128078,0.386085,0.045639,0.082661,0.8045
580,1003.83,923.03,64.93,64.96,0.52283,0.854655,0.033818,0.060147,0.7875
580,213.0,882.07,108.93,105.07,0.110936,0.816735,0.056734,0.097288,0.7066
581,853.71,444.47,376.98,368.65,0.444639,0.411546,0.196345,0.341347,0.914
581,106.56,939.42,213.12,280.16,0.055501,0.869836,0.111002,0.259408,0.9121
581,1670.03,564.85,499.95,575.27,0.869805,0.523013,0.26039,0.532653,0.8774
581,238.25,413.73,92.38,92.06,0.124089,0.383087,0.048117,0.08524,0.8435
581,1820.44,959.32,132.51,131.42,0.948144,0.888261,0.069013,0.121688,0.8248
581,998.79,923.01,65.0,63.89,0.520201,0.85464,0.033854,0.059154,0.8185
581,419.02,714.1,63.67,62.42,0.218242,0.661199,0.033162,0.057793,0.8169
581,207.2,884.51,113.35,108.86,0.107916,0.818992,0.059037,0.100794,0.7292
582,854.9,443.96,383.39,372.92,0.445262,0.41107,0.19968,0.345292,0.9181
582,101.59,940.48,203.18,278.18,0.052911,0.870811,0.105822,0.25757,0.9175
582,1668.54,564.79,502.92,581.68,0.869032,0.522953,0.261937,0.538589,0.8858
582,230.68,411.88,91.66,91.02,0.120148,0.381372,0.047739,0.084281,0.8524
582,994.23,921.71,67.43,66.78,0.517826,0.853432,0.035121,0.061835,0.7926
582,1819.4,960.06,134.45,130.13,0.947605,0.888946,0.070025,0.120493,0.7919
582,412.61,713.96,64.48,63.13,0.214902,0.661078,0.033582,0.058456,0.7842
582,634.21,32.57,59.88,57.95,0.330317,0.030154,0.031189,0.053662,0.7754
582,199.78,881.35,111.52,107.9,0.104054,0.816064,0.058083,0.099909,0.7205
583,100.39,938.42,200.79,282.18,0.052288,0.868909,0.104576,0.26128,0.92
583,843.61,438.17,384.46,377.68,0.439378,0.405715,0.20024,0.3497,0.9197
583,1667.85,559.75,504.31,573.2,0.86867,0.51829,0.262661,0.530738,0.8753
583,223.14,409.86,93.89,95.11,0.116219,0.379499,0.0489,0.088062,0.8262
583,988.93,921.06,64.95,63.77,0.51507,0.852835,0.033826,0.059044,0.8228
583,407.07,712.67,68.29,67.06,0.212013,0.659879,0.03557,0.062095,0.8092
583,1817.05,959.06,133.67,129.89,0.946378,0.888023,0.069619,0.120271,0.7971
583,190.4,880.26,116.62,111.25,0.099166,0.815058,0.060742,0.103012,0.7688
583,629.08,30.34,59.17,57.02,0.327644,0.028094,0.030817,0.052795,0.7608
584,96.11,938.4,192.23,282.22,0.050059,0.868887,0.100118,0.261311,0.9183
584,840.8,435.11,390.29,372.44,0.437918,0.402884,0.203275,0.344856,0.9163
584,1667.92,562.62,504.16,562.4,0.868709,0.52094,0.262582,0.520745,0.8766
584,399.21,713.87,64.13,62.95,0.207921,0.660992,0.033402,0.058287,0.8288
584,1811.81,955.59,129.69,127.07,0.94365,0.884808,0.067546,0.117658,0.8245
584,216.25,406.72,89.03,91.11,0.112631,0.376591,0.046369,0.084363,0.8061
584,985.43,921.28,68.06,67.16,0.513244,0.853034,0.035447,0.062183,0.793
584,622.71,27.28,61.67,54.27,0.324327,0.02526,0.032118,0.050248,0.7564
584,186.39,879.39,114.59,108.3,0.097077,0.814249,0.059682,0.100278,0.7116
585,836.52,431.25,383.33,374.89,0.435685,0.399305,0.199651,0.347121,0.9343
585,95.14,936.58,190.28,285.84,0.049553,0.8672,0.099105,0.264665,0.9021
585,1665.81,555.37,508.38,572.35,0.867609,0.514228,0.264783,0.529951,0.8943
585,208.55,405.63,95.28,94.7,0.108622,0.375582,0.049624,0.087682,0.8512
585,391.84,709.16,67.26,67.98,0.204085,0.656626,0.035029,0.062948,0.8241
585,1808.86,957.09,133.74,130.44,0.942112,0.886193,0.069656,0.120774,0.82
585,980.16,918.79,69.99,69.59,0.510502,0.850732,0.036453,0.064435,0.8156
585,616.36,26.21,60.62,51.98,0.321021,0.024264,0.031575,0.04813,0.7749
586,831.17,434.63,393.38,382.55,0.432901,0.402433,0.204884,0.354209,0.9363
586,89.69,935.45,179.38,288.1,0.046714,0.866161,0.093428,0.266763,0.8963
586,1665.52,562.61,508.96,569.34,0.867458,0.520939,0.265085,0.527166,0.8574
586,201.74,402.98,90.56,91.34,0.105072,0.373127,0.047164,0.084574,0.8533
586,386.07,707.71,64.48,64.66,0.20108,0.655289,0.033582,0.059867,0.845
586,1807.12,957.51,136.36,134.33,0.94121,0.886581,0.071021,0.124375,0.8322
586,611.0,24.47,60.3,48.72,0.318227,0.022658,0.031406,0.04511,0.7869
586,974.8,916.95,68.74,66.74,0.507709,0.84903,0.0358,0.061792,0.7825
587,826.55,429.2,384.32,370.78,0.430495,0.39741,0.200165,0.343314,0.9368
587,1662.87,557.64,514.27,565.13,0.866076,0.516334,0.267849,0.523266,0.8912
587,86.71,938.51,173.42,282.07,0.045162,0.86899,0.090324,0.261179,0.8879
587,194.6,401.24,91.74,91.8,0.101356,0.371523,0.047779,0.084997,0.851
587,604.83,22.42,60.92,44.34,0.315018,0.020759,0.031727,0.041056,0.8206
587,1805.11,959.07,139.26,136.47,0.940162,0.888029,0.072532,0.126365,0.8148
587,379.97,705.73,64.35,63.26,0.197903,0.653455,0.033516,0.058575,0.8082
587,970.16,915.87,67.35,68.05,0.50529,0.848025,0.035077,0.063012,0.7839
587,163.03,879.71,114.34,110.42,0.084912,0.814542,0.059554,0.102237,0.7621
588,821.08,421.3,387.73,368.46,0.427647,0.390094,0.201941,0.341166,0.9369
588,83.25,935.49,166.5,288.11,0.043359,0.866198,0.086718,0.266773,0.8778
588,1656.53,545.71,526.94,593.29,0.862775,0.505282,0.274449,0.549347,0.8663
588,1804.13,956.77,140.19,137.43,0.939652,0.885897,0.073016,0.127247,0.842
588,966.28,916.49,69.34,68.63,0.503269,0.848601,0.036116,0.063547,0.8338
588,372.82,707.3,65.86,65.05,0.194177,0.654907,0.034302,0.060234,0.8252
588,598.35,20.05,60.76,39.77,0.31164,0.018567,0.031646,0.036828,0.7925
588,187.51,397.9,89.68,89.94,0.097662,0.368429,0.046708,0.083276,0.7836
589,817.23,421.92,386.09,368.52,0.425642,0.390663,0.201089,0.34122,0.9305
589,1658.96,553.53,522.09,565.96,0.86404,0.512531,0.271921,0.524033,0.8848
589,1800.28,954.71,138.44,134.84,0.937644,0.883991,0.072107,0.124855,0.8537
589,77.9,928.74,155.59,302.51,0.040572,0.859948,0.081038,0.280103,0.8486
589,959.76,914.99,69.17,70.07,0.499875,0.847211,0.036027,0.064877,0.833
589,179.48,395.08,91.74,91.67,0.09348,0.365818,0.047779,0.084881,0.8275
589,366.8,704.08,66.29,65.37,0.191042,0.651921,0.034525,0.060527,0.8275
589,592.31,18.1,61.86,36.2,0.308497,0.016758,0.032219,0.033516,0.7764
590,810.32,414.19,386.62,375.16,0.42204,0.383505,0.201364,0.347373,0.9292
590,173.13,391.17,92.12,91.73,0.090173,0.362199,0.047978,0.084939,0.8615
590,70.96,946.65,141.33,265.04,0.03696,0.876525,0.073608,0.245407,0.8605
590,1798.86,953.92,135.87,132.25,0.936906,0.883255,0.070766,0.122455,0.8536
590,1654.5,542.04,531.0,573.85,0.861718,0.501888,0.276564,0.531343,0.8527
590,360.31,702.76,66.13,63.92,0.18766,0.650708,0.034443,0.059183,0.819
590,955.67,915.26,67.61,66.92,0.497745,0.84746,0.035214,0.061963,0.809
591,803.56,413.99,394.8,387.34,0.418523,0.383322,0.205624,0.358646,0.9273
591,950.57,912.88,67.03,67.83,0.495088,0.845259,0.034912,0.062809,0.8575
591,68.18,934.79,135.79,288.67,0.035508,0.865549,0.070723,0.267283,0.8548
591,1654.55,541.37,530.9,580.64,0.861744,0.501272,0.276512,0.537633,0.8518
591,166.48,390.42,97.06,96.7,0.086708,0.361496,0.050553,0.089536,0.845
591,1796.37,953.7,136.72,133.01,0.935612,0.883053,0.07121,0.123161,0.8399
591,353.24,700.28,66.96,66.23,0.183981,0.648408,0.034877,0.061324,0.8266
591,132.25,873.05,119.16,117.6,0.068881,0.808384,0.062063,0.108885,0.7711
591,582.24,16.2,63.19,32.08,0.30325,0.015002,0.03291,0.029702,0.7284
592,799.92,412.81,397.78,391.55,0.416623,0.382235,0.207177,0.362546,0.9248
592,1653.94,550.06,532.12,567.13,0.861427,0.50931,0.277145,0.52512,0.8746
592,945.81,912.17,69.98,69.94,0.492612,0.844602,0.036449,0.064763,0.8447
592,1793.34,952.24,136.34,133.33,0.934033,0.881702,0.07101,0.123458,0.84
592,63.72,933.74,126.77,290.98,0.03319,0.864573,0.066026,0.269425,0.8354
592,160.4,388.05,97.11,96.98,0.08354,0.359309,0.05058,0.089798,0.8236
592,347.49,697.53,65.39,65.84,0.180986,0.645862,0.034056,0.060965,0.7876
593,795.1,410.37,398.13,387.92,0.414116,0.379968,0.20736,0.359188,0.93
593,339.48,697.36,67.7,68.08,0.176813,0.645702,0.035262,0.063033,0.8583
593,1791.61,952.67,136.88,135.05,0.933131,0.882098,0.071291,0.125047,0.8384
593,151.74,385.09,93.27,93.23,0.079029,0.356567,0.048577,0.086325,0.8317
593,1650.48,537.12,539.05,590.35,0.859623,0.497337,0.280755,0.546624,0.8237
593,58.45,930.91,115.99,296.39,0.030445,0.861951,0.06041,0.274434,0.7976
593,941.19,911.13,69.09,68.33,0.490205,0.843643,0.035982,0.063268,0.7775
594,788.2,410.2,391.06,382.78,0.410521,0.379814,0.203675,0.354424,0.9233
594,1649.72,537.8,540.56,577.79,0.859229,0.497963,0.281541,0.534989,0.8704
594,1790.27,951.92,135.72,133.28,0.932433,0.881409,0.070687,0.123412,0.8418
594,145.64,380.93,99.48,99.74,0.075852,0.352717,0.051815,0.092351,0.8355
594,937.02,912.1,68.48,69.43,0.488033,0.84454,0.035666,0.064284,0.821
594,332.26,695.29,64.81,64.96,0.173051,0.643787,0.033754,0.060148,0.8035
594,53.18,928.95,105.27,300.16,0.027697,0.860141,0.054827,0.277928,0.7712
595,786.07,408.78,392.5,386.06,0.409411,0.378496,0.204429,0.357463,0.9322
595,1648.1,537.0,543.81,576.53,0.858383,0.497225,0.283234,0.533827,0.8696
595,138.17,379.89,96.59,98.11,0.071962,0.351753,0.050307,0.090841,0.843
595,326.49,693.95,64.25,65.0,0.170048,0.642546,0.033463,0.060181,0.843
595,1787.76,949.77,133.48,132.03,0.931125,0.879415,0.06952,0.12225,0.8383
595,933.02,909.17,68.91,67.32,0.485947,0.841827,0.035889,0.062334,0.7959
595,52.67,926.97,104.2,303.95,0.027435,0.85831,0.054271,0.281432,0.7551
596,777.95,402.73,399.76,391.12,0.405185,0.372895,0.208208,0.362149,0.9369
596,1645.33,530.61,549.34,583.31,0.856942,0.491308,0.286116,0.540098,0.878
596,1784.85,948.27,133.46,132.3,0.92961,0.878029,0.069513,0.122504,0.8388
596,130.58,377.66,97.83,98.57,0.068012,0.349682,0.050956,0.091266,0.806
596,927.21,908.12,67.99,66.55,0.482921,0.840855,0.03541,0.061618,0.7798
596,320.01,692.78,65.75,66.26,0.166671,0.641466,0.034245,0.061352,0.7785
597,774.7,401.24,401.89,390.45,0.403491,0.371517,0.209319,0.361527,0.9321
597,1645.18,532.39,549.63,581.92,0.856866,0.492956,0.286268,0.538819,0.8756
597,1784.95,948.35,140.15,136.32,0.929659,0.878103,0.072994,0.126224,0.8487
597,121.82,375.01,93.87,93.87,0.063446,0.347229,0.048891,0.086914,0.8432
597,922.26,907.7,68.42,67.84,0.480342,0.84046,0.035635,0.062812,0.8113
597,313.1,690.01,69.79,67.59,0.163071,0.638898,0.03635,0.062583,0.8008
598,769.96,402.51,398.13,388.58,0.401023,0.372698,0.207358,0.359799,0.9262
598,117.03,370.26,96.01,95.86,0.060954,0.342834,0.050006,0.088759,0.8596
598,1642.65,528.6,554.7,587.17,0.855546,0.489441,0.288908,0.543672,0.8553
598,1783.17,948.64,141.05,134.86,0.928732,0.878374,0.073465,0.124868,0.8411
598,918.0,906.82,69.16,69.02,0.478126,0.839652,0.036018,0.063905,0.8335
598,309.48,690.83,64.19,63.86,0.161188,0.639658,0.03343,0.059126,0.7628
599,767.96,400.16,398.49,390.85,0.399979,0.370522,0.207545,0.361896,0.9246
599,1641.57,523.03,556.86,597.25,0.854984,0.484288,0.290033,0.553013,0.8526
599,1780.22,945.24,140.96,136.44,0.927196,0.875222,0.073418,0.126335,0.8321
599,107.2,369.14,95.48,95.43,0.055833,0.341794,0.049728,0.088365,0.8302
599,913.75,906.46,69.71,67.51,0.475913,0.839315,0.036308,0.062509,0.8154
599,300.21,687.37,65.27,64.3,0.156357,0.636454,0.033997,0.05954,0.7497
600,758.81,398.29,412.1,395.63,0.395215,0.368788,0.214637,0.366323,0.9342
600,1641.65,519.59,556.71,594.09,0.855024,0.481099,0.289952,0.55008,0.8687
600,1778.7,946.59,145.29,139.34,0.926408,0.876469,0.075672,0.129023,0.8392
600,101.27,367.61,97.01,98.83,0.052744,0.340378,0.050524,0.091509,0.827
600,909.39,903.24,71.71,71.01,0.473643,0.836332,0.03735,0.065748,0.8008
600,294.43,686.65,68.52,68.38,0.153348,0.635784,0.035686,0.063318,0.7961
600,67.32,864.89,121.34,115.54,0.035061,0.800823,0.0632,0.106978,0.726
601,756.9,398.53,410.02,391.78,0.394219,0.369009,0.21355,0.362762,0.9284
601,1775.5,944.78,144.94,139.74,0.924741,0.874794,0.075491,0.129393,0.8653
601,1637.53,521.59,564.94,601.9,0.852881,0.482949,0.294237,0.557318,0.8423
601,93.04,364.23,95.06,95.11,0.048459,0.337253,0.049511,0.088067,0.8347
601,905.66,903.76,71.39,71.07,0.471699,0.836815,0.03718,0.065807,0.8235
601,289.35,683.62,68.3,67.98,0.150705,0.632981,0.035573,0.062947,0.746
602,750.01,394.18,409.54,396.32,0.39063,0.364986,0.213301,0.366963,0.9273
602,87.28,360.51,94.28,95.33,0.045458,0.333808,0.049102,0.088264,0.853
602,1773.35,944.17,143.26,139.07,0.923621,0.874235,0.074615,0.128765,0.8477
602,280.18,681.4,67.98,68.07,0.14593,0.630925,0.035404,0.06303,0.8403
602,899.68,902.92,70.14,69.71,0.468586,0.836035,0.036533,0.064544,0.8312
602,1638.55,511.16,562.89,596.17,0.853413,0.473298,0.293174,0.552005,0.8206
602,56.21,862.84,112.42,118.44,0.029277,0.798928,0.058555,0.109663,0.7458
603,746.26,389.59,417.83,405.21,0.388677,0.360735,0.217618,0.375195,0.93
603,1772.6,943.04,143.77,139.99,0.92323,0.873181,0.074879,0.129618,0.8518
603,80.0,357.8,98.73,98.81,0.041668,0.331296,0.051419,0.09149,0.8509
603,274.08,680.58,69.4,68.84,0.142751,0.630167,0.036146,0.063744,0.8007
603,1636.22,510.95,567.57,605.33,0.852196,0.473099,0.295607,0.560487,0.7705
603,895.79,901.29,71.8,71.49,0.466559,0.83453,0.037398,0.066194,0.7566
603,50.44,860.09,100.87,125.96,0.02627,0.796378,0.052539,0.116629,0.7182
604,740.73,383.81,403.24,387.37,0.385795,0.355378,0.210021,0.358674,0.9223
604,1775.04,941.62,152.78,147.08,0.9245,0.871872,0.079573,0.136186,0.8559
604,72.42,357.23,95.42,96.37,0.037719,0.33077,0.0497,0.089233,0.8394
604,267.47,678.5,65.42,66.59,0.139306,0.628239,0.034075,0.061654,0.829
604,891.29,899.98,71.43,70.03,0.464213,0.833314,0.037205,0.064843,0.7996
604,1637.24,511.1,565.51,587.45,0.852732,0.473245,0.294537,0.543938,0.7877
604,519.08,833.96,57.97,56.84,0.270354,0.772188,0.030191,0.052627,0.7748
604,48.37,861.86,96.74,123.43,0.025193,0.798018,0.050386,0.114291,0.7709
604,727.67,1063.73,60.72,32.49,0.378993,0.984935,0.031624,0.030086,0.7013
605,734.14,381.33,401.18,396.61,0.382364,0.353084,0.208947,0.367236,0.9206
605,1770.35,944.18,146.48,143.31,0.922056,0.87424,0.07629,0.132694,0.8652
605,64.09,351.25,96.38,96.27,0.033381,0.325235,0.050196,0.089141,0.8078
605,887.18,898.61,71.84,73.59,0.462073,0.832048,0.037417,0.068142,0.8066
605,1633.04,510.2,573.92,601.21,0.850542,0.472404,0.298916,0.556674,0.8056
605,260.91,678.64,68.3,68.57,0.135893,0.628368,0.035573,0.063495,0.7935
605,44.55,858.02,89.1,120.13,0.023204,0.794465,0.046408,0.111228,0.7868
606,730.7,378.2,409.44,404.67,0.380572,0.350188,0.213249,0.374695,0.923
606,1769.29,940.8,148.94,147.71,0.921507,0.871115,0.077574,0.136771,0.8529
606,253.11,673.76,69.68,69.22,0.131828,0.623856,0.036293,0.064088,0.8265
606,1631.81,510.86,576.38,604.22,0.849901,0.473015,0.300197,0.559464,0.7995
606,42.38,858.7,84.75,124.56,0.022071,0.795097,0.044142,0.115334,0.7954
606,881.7,899.71,73.29,73.4,0.459219,0.833064,0.038173,0.067964,0.7748
606,58.99,348.83,98.22,98.98,0.030722,0.32299,0.051159,0.091645,0.7481
607,723.13,376.78,411.21,399.13,0.376628,0.348872,0.21417,0.369566,0.9178
607,1769.33,941.28,152.42,149.81,0.921526,0.871555,0.079385,0.138713,0.846
607,52.17,346.68,96.16,95.46,0.027171,0.320997,0.050085,0.088387,0.8435
607,1626.67,508.59,586.65,605.6,0.847225,0.470917,0.305549,0.560738,0.8318
607,501.76,830.23,60.05,59.53,0.261336,0.768729,0.031277,0.055125,0.7951
607,249.16,674.24,70.62,71.56,0.129771,0.624293,0.036782,0.066263,0.7903
607,37.64,852.84,75.28,126.5,0.019604,0.78967,0.039207,0.117133,0.7618
607,877.54,898.57,72.83,72.18,0.457051,0.832009,0.03793,0.066836,0.7199
608,718.94,372.4,415.72,404.93,0.37445,0.344815,0.21652,0.374933,0.9164
608,1770.51,939.12,156.16,151.42,0.922141,0.869558,0.081336,0.140201,0.8474
608,45.94,342.86,91.88,97.34,0.023928,0.317466,0.047856,0.090127,0.837
608,35.17,855.5,70.34,127.01,0.018317,0.792128,0.036634,0.117601,0.8115
608,240.24,670.83,73.55,72.34,0.125123,0.621139,0.03831,0.066984,0.7731
608,1623.05,500.7,593.89,627.36,0.845341,0.463615,0.309319,0.580885,0.7608
608,872.67,896.89,73.8,73.82,0.454515,0.830457,0.038435,0.06835,0.7384
609,715.94,370.98,413.71,405.24,0.372885,0.343495,0.215472,0.375224,0.925
609,40.08,342.95,79.94,91.74,0.020875,0.31755,0.041635,0.084946,0.8505
609,1764.58,936.81,147.89,148.36,0.919053,0.867414,0.077028,0.137375,0.828
609,234.59,671.21,68.15,67.67,0.122183,0.621494,0.035494,0.062653,0.8207
609,1623.68,498.4,592.64,629.16,0.845668,0.461481,0.308664,0.582559,0.7713
609,490.24,827.76,59.3,58.7,0.255332,0.766442,0.030885,0.054354,0.7556
609,31.87,855.25,63.74,135.2,0.016599,0.791901,0.033197,0.125188,0.7544
609,868.9,895.85,74.87,74.03,0.452554,0.829487,0.038994,0.06855,0.7534
610,712.48,364.87,413.59,410.43,0.371086,0.337843,0.215411,0.380028,0.9307
610,37.9,338.14,75.74,100.42,0.019741,0.313088,0.039449,0.092985,0.8447
610,1761.18,935.22,145.52,147.3,0.91728,0.865943,0.07579,0.136392,0.8269
610,1622.96,500.53,594.07,618.5,0.845293,0.463452,0.309414,0.572683,0.7856
610,864.53,896.13,74.47,73.83,0.450277,0.829754,0.038787,0.068358,0.7718
610,484.48,826.15,59.98,59.68,0.252331,0.76495,0.031238,0.055257,0.767
610,697.25,1062.58,65.57,34.78,0.363153,0.983872,0.034153,0.032204,0.7337
611,706.31,361.69,413.68,405.81,0.367869,0.334903,0.21546,0.375748,0.9277
611,34.76,334.79,69.52,107.19,0.018105,0.309992,0.036209,0.099251,0.8331
611,478.79,826.26,58.87,58.49,0.249369,0.765054,0.030662,0.054162,0.8185
611,220.2,666.48,69.77,69.92,0.114687,0.617109,0.036338,0.064738,0.8183
611,1758.91,934.6,144.77,147.73,0.916097,0.865366,0.075401,0.13679,0.8136
611,1618.81,495.18,602.38,636.31,0.84313,0.458502,0.313741,0.58918,0.7481
612,701.72,360.04,424.05,412.04,0.365478,0.333367,0.220858,0.38152,0.934
612,31.48,332.59,62.96,103.07,0.016396,0.307957,0.032792,0.095438,0.8171
612,1761.49,933.68,149.38,151.09,0.917442,0.864523,0.077801,0.139895,0.8023
612,214.43,663.43,71.61,69.77,0.11168,0.614288,0.037297,0.0646,0.7558
612,1618.03,494.54,603.94,623.75,0.842725,0.457903,0.314551,0.577549,0.752
612,472.97,824.95,60.34,58.97,0.246337,0.763843,0.031428,0.054606,0.7401
613,696.99,356.39,423.71,407.75,0.363014,0.329987,0.220683,0.377545,0.9271
613,1759.02,932.29,149.76,149.97,0.916158,0.863234,0.078002,0.138862,0.8066
613,1614.93,490.4,610.14,640.72,0.84111,0.454077,0.317781,0.593258,0.7759
613,467.28,823.78,59.4,58.7,0.243376,0.762757,0.030938,0.054356,0.7685
613,851.15,890.93,75.37,75.48,0.443307,0.824931,0.039253,0.069887,0.7451
613,207.25,664.68,67.77,67.74,0.107943,0.615442,0.035298,0.062722,0.7449
614,690.14,353.83,421.38,410.42,0.359447,0.32762,0.219471,0.380016,0.9184
614,1759.35,933.21,152.4,152.76,0.916327,0.864086,0.079373,0.141447,0.8279
614,1615.18,489.2,609.65,638.39,0.841238,0.452966,0.317524,0.591097,0.7538
614,460.79,820.11,59.64,59.37,0.239997,0.759357,0.03106,0.054974,0.7514
614,203.82,662.19,72.21,72.62,0.106157,0.613136,0.03761,0.067241,0.7448
614,847.23,890.73,75.17,74.06,0.441264,0.824746,0.039153,0.068578,0.7189
615,688.83,351.04,426.09,412.17,0.358768,0.325037,0.221924,0.381636,0.9233
615,1757.34,933.72,151.22,152.49,0.915283,0.864552,0.078762,0.141193,0.8486
615,843.55,888.75,77.69,76.04,0.439347,0.822912,0.040463,0.070404,0.7714
615,1614.96,487.64,608.75,631.23,0.841126,0.451517,0.317058,0.58447,0.7127
616,681.98,346.43,430.49,411.68,0.355196,0.320767,0.224215,0.381189,0.9246
616,1755.99,931.29,149.16,148.01,0.914576,0.862303,0.077689,0.137043,0.8314
616,450.01,819.52,58.94,58.55,0.23438,0.758812,0.030699,0.054216,0.7989
616,838.98,889.3,76.92,74.9,0.436968,0.823422,0.040063,0.06935,0.7713
616,189.55,657.22,75.57,73.53,0.098724,0.608538,0.039361,0.068082,0.7202
617,674.14,341.08,424.96,403.68,0.351113,0.315813,0.221333,0.373781,0.9226
617,1754.61,929.79,155.5,152.88,0.913858,0.860918,0.080991,0.141552,0.8473
617,834.41,888.63,76.13,75.37,0.434588,0.822809,0.039652,0.069786,0.7978
617,181.85,655.26,75.79,74.26,0.094715,0.606723,0.039475,0.068757,0.7057
618,669.33,342.8,426.52,410.04,0.348608,0.317405,0.222147,0.379665,0.9301
618,1751.71,929.41,152.53,151.6,0.912347,0.860561,0.079444,0.140372,0.8622
618,829.75,886.99,77.76,77.09,0.43216,0.821288,0.0405,0.071384,0.7751
618,174.59,653.43,73.96,73.49,0.090933,0.605025,0.038523,0.06805,0.7405
618,438.71,815.85,57.75,58.98,0.228492,0.755414,0.030077,0.054615,0.7178
619,668.83,339.86,425.69,410.56,0.348349,0.314681,0.221715,0.380153,0.9254
619,1750.71,928.86,154.41,152.27,0.911829,0.860052,0.08042,0.140995,0.8512
619,433.57,815.0,58.15,58.92,0.225816,0.754626,0.030284,0.054552,0.8164
619,824.24,886.1,78.87,78.92,0.429293,0.820464,0.041078,0.073072,0.767
620,662.82,341.63,429.84,422.78,0.345216,0.316319,0.223875,0.391463,0.9266
620,1750.56,928.98,156.68,154.61,0.911752,0.860163,0.081605,0.143154,0.8668
620,820.55,884.8,77.31,77.74,0.427369,0.819259,0.040264,0.071986,0.7802
620,161.09,650.73,77.0,76.36,0.083901,0.602527,0.040102,0.070703,0.7623
620,427.73,814.95,60.99,61.09,0.222778,0.754581,0.031765,0.056565,0.7557
621,658.0,337.02,427.7,422.33,0.342706,0.312059,0.222763,0.391046,0.9262
621,1749.29,927.6,156.53,153.76,0.91109,0.858889,0.081526,0.142372,0.8693
621,815.29,885.11,76.18,76.03,0.424629,0.819545,0.039676,0.070395,0.7718
621,154.79,649.62,77.03,76.74,0.080621,0.601498,0.040122,0.07106,0.7437
621,422.74,813.42,59.35,60.31,0.220179,0.753169,0.030914,0.055839,0.7351
622,654.41,332.52,426.72,421.56,0.340838,0.307889,0.222249,0.390335,0.9226
622,1749.08,925.8,157.56,155.94,0.91098,0.857225,0.08206,0.144391,0.8743
622,812.2,883.6,77.01,76.68,0.423021,0.818146,0.040111,0.071,0.8085
622,147.08,647.08,71.52,70.81,0.076605,0.599152,0.037248,0.065568,0.7885
623,648.91,331.52,434.79,422.64,0.337975,0.306966,0.226452,0.391337,0.923
623,1748.0,928.84,158.19,154.66,0.910417,0.860038,0.082389,0.143205,0.8611
623,143.72,647.55,73.45,72.9,0.074853,0.599584,0.038257,0.067496,0.7915
623,808.71,884.18,79.45,78.12,0.421203,0.818681,0.041381,0.072332,0.7869
624,644.05,326.46,431.64,418.16,0.335441,0.302276,0.224813,0.387187,0.9216
624,1745.67,923.15,153.47,150.36,0.909203,0.854772,0.079932,0.13922,0.8561
624,134.89,644.56,74.88,73.77,0.070256,0.596816,0.038999,0.068303,0.7961
624,803.0,882.74,78.58,78.16,0.418227,0.81735,0.040928,0.072366,0.7953
624,404.59,809.75,60.42,61.7,0.210725,0.749772,0.031467,0.057129,0.7003
625,641.06,326.53,435.41,425.71,0.333884,0.302341,0.226778,0.394174,0.9228
625,1744.88,923.75,153.86,148.41,0.908792,0.855323,0.080138,0.137417,0.8622
625,128.99,642.86,74.14,75.25,0.067181,0.595242,0.038613,0.069679,0.7965
625,872.37,104.37,58.14,56.56,0.454361,0.096639,0.030282,0.05237,0.7852
625,798.48,880.1,75.81,76.4,0.415874,0.814908,0.039483,0.070737,0.7049
626,633.74,320.91,435.18,424.99,0.330074,0.297141,0.226656,0.393507,0.9186
626,1744.25,921.0,151.82,147.2,0.908466,0.852779,0.079075,0.136299,0.8792
626,122.29,640.86,75.54,73.58,0.063694,0.593388,0.039346,0.068128,0.7869
626,795.01,879.34,77.26,78.7,0.414067,0.814203,0.040241,0.072873,0.7735
626,392.95,806.83,59.13,57.51,0.204659,0.747062,0.030798,0.053253,0.7159
627,629.84,318.69,434.09,430.54,0.328041,0.295079,0.226086,0.398645,0.9223
627,1744.99,922.4,151.27,146.42,0.908849,0.854074,0.078785,0.135574,0.8783
627,791.75,878.93,80.64,80.38,0.412372,0.813827,0.042002,0.074423,0.7694
627,115.17,639.48,77.66,76.48,0.059985,0.592107,0.04045,0.070813,0.7649
627,386.76,805.76,60.88,60.17,0.201439,0.746074,0.031711,0.055716,0.7302
628,625.14,312.93,436.44,429.03,0.325592,0.289749,0.227312,0.397248,0.9209
628,1745.32,922.8,158.93,152.63,0.909022,0.854445,0.082774,0.141321,0.8656
628,787.68,877.5,77.23,76.65,0.410252,0.812499,0.040223,0.070971,0.7294
628,109.85,637.25,77.56,77.51,0.057214,0.590044,0.040396,0.07177,0.7164
629,618.53,313.19,448.02,437.54,0.32215,0.289988,0.233342,0.405133,0.9128
629,1745.28,923.33,156.55,150.73,0.908998,0.854932,0.081538,0.139568,0.8678
629,783.06,876.96,76.36,75.85,0.407842,0.812,0.039768,0.070229,0.774
629,101.77,633.97,73.93,74.11,0.053007,0.587008,0.038505,0.068624,0.723
630,615.52,308.91,444.98,434.58,0.320585,0.286024,0.231761,0.402385,0.912
630,1743.89,922.77,155.07,149.49,0.908275,0.854416,0.080763,0.138416,0.8634
630,779.49,876.19,79.58,80.66,0.405986,0.811285,0.041448,0.074689,0.7668
631,612.4,306.66,439.12,434.48,0.318958,0.283946,0.228706,0.402298,0.9164
631,1743.66,920.54,158.36,153.82,0.908154,0.852355,0.082481,0.142423,0.8677
631,774.78,877.44,80.1,79.86,0.403532,0.812445,0.041717,0.073947,0.7738
631,366.06,802.84,62.31,62.09,0.190656,0.74337,0.032452,0.057492,0.7483
631,958.3,823.46,59.5,57.66,0.499115,0.762465,0.030988,0.05339,0.7439
631,87.2,630.96,75.4,75.02,0.045414,0.584218,0.039268,0.069461,0.728
632,607.45,304.8,441.04,439.53,0.316379,0.282218,0.229708,0.406969,0.9204
632,1745.59,918.81,160.83,155.36,0.909162,0.850752,0.083768,0.143854,0.8697
632,771.29,874.75,79.43,78.95,0.401715,0.809956,0.041371,0.073106,0.7612
632,358.53,801.3,61.43,61.35,0.186733,0.741942,0.031996,0.056804,0.7255
632,82.01,628.27,79.23,79.51,0.042711,0.581735,0.041265,0.073617,0.7195
633,602.95,301.98,447.74,442.54,0.314038,0.279612,0.233197,0.409757,0.9209
633,1745.56,918.37,164.29,159.04,0.909144,0.850343,0.085568,0.147256,0.8585
633,841.54,73.82,57.87,57.6,0.4383,0.06835,0.030138,0.053337,0.7969
633,766.63,873.86,78.5,76.66,0.399284,0.80913,0.040888,0.070986,0.7461
633,75.89,627.71,79.94,79.44,0.039528,0.581216,0.041637,0.073554,0.7408
633,353.39,800.0,64.74,63.62,0.184056,0.740738,0.033721,0.058906,0.7361
634,595.12,295.11,448.23,435.7,0.309961,0.273251,0.233451,0.403425,0.9105
634,1745.2,916.97,167.38,161.71,0.908959,0.849047,0.087177,0.149733,0.8485
634,835.79,71.17,57.63,58.22,0.435308,0.0659,0.030016,0.053912,0.8077
634,68.38,625.47,79.48,78.64,0.035615,0.579141,0.041398,0.072813,0.8073
634,348.81,799.41,64.97,64.31,0.181674,0.740194,0.033837,0.059547,0.7601
634,763.02,872.66,83.43,82.18,0.397408,0.808014,0.043451,0.076089,0.756
635,590.3,292.53,449.43,433.89,0.307448,0.270862,0.234079,0.401753,0.9237
635,1745.29,917.0,165.87,159.21,0.909005,0.849071,0.086391,0.147415,0.859
635,833.18,67.29,57.76,57.4,0.433948,0.062307,0.030084,0.053147,0.7836
635,758.77,872.74,82.01,80.75,0.395195,0.808092,0.042712,0.074767,0.7662
635,60.8,623.75,80.09,81.14,0.031666,0.577543,0.041713,0.075133,0.7373
636,586.52,287.61,455.06,438.35,0.305481,0.266301,0.237012,0.405879,0.9173
636,1744.68,916.76,165.67,157.48,0.90869,0.848856,0.086288,0.145817,0.8541
636,754.64,871.23,78.33,77.83,0.393039,0.806691,0.040798,0.072061,0.7684
636,830.12,64.33,58.54,60.56,0.432356,0.059565,0.030487,0.056074,0.764
636,53.97,623.0,77.7,76.59,0.028111,0.576854,0.040466,0.070915,0.7547
637,581.05,285.16,455.42,436.1,0.30263,0.264041,0.237199,0.403798,0.9184
637,1745.42,915.13,165.99,158.75,0.909075,0.847342,0.086455,0.146994,0.8368
637,330.8,796.73,66.96,66.61,0.172294,0.737716,0.034873,0.061678,0.7578
637,750.72,871.68,81.36,81.44,0.391,0.807116,0.042373,0.075404,0.7468
637,938.77,818.29,57.87,57.2,0.488941,0.757678,0.03014,0.052959,0.7057
638,578.34,283.44,453.02,443.33,0.301217,0.262445,0.235947,0.410493,0.9144
638,1745.31,913.84,166.53,160.44,0.909014,0.846145,0.086735,0.148552,0.8316
638,325.63,795.58,68.06,68.39,0.169597,0.736644,0.035448,0.063325,0.7725
638,747.12,870.06,80.73,80.61,0.389123,0.805614,0.042045,0.074643,0.761
638,821.17,55.6,60.6,61.37,0.427691,0.051484,0.031561,0.056822,0.7076
639,569.96,281.34,464.41,442.54,0.296855,0.260499,0.241882,0.409755,0.9023
639,1746.12,913.61,169.43,163.03,0.909437,0.845938,0.088244,0.150951,0.8298
639,743.08,870.8,80.09,80.05,0.387023,0.806295,0.041712,0.074123,0.749
639,319.65,795.89,68.21,68.44,0.166486,0.736933,0.035527,0.063372,0.7185
639,818.44,53.05,59.12,59.73,0.42627,0.049117,0.03079,0.05531,0.7157
640,566.98,279.4,460.38,448.84,0.295303,0.258708,0.239782,0.415589,0.9073
640,1746.53,912.63,171.67,166.31,0.909649,0.845023,0.08941,0.153995,0.8291
640,814.05,48.53,59.14,60.56,0.423982,0.044932,0.030802,0.056071,0.8234
640,737.53,869.46,84.54,83.26,0.384131,0.805058,0.044032,0.077088,0.7523
640,32.8,621.65,65.6,80.02,0.017084,0.575602,0.034168,0.074092,0.7084
641,562.51,268.33,454.85,428.37,0.292976,0.248458,0.236902,0.396641,0.9106
641,1746.6,912.75,173.05,169.46,0.909688,0.845137,0.090131,0.156907,0.8195
641,30.22,618.6,60.43,81.06,0.015738,0.572775,0.031476,0.075056,0.7736
641,811.42,43.32,58.92,58.67,0.422615,0.040111,0.030689,0.054325,0.736
641,736.33,870.88,82.77,82.69,0.383503,0.806373,0.043107,0.076565,0.7048
642,556.97,270.59,465.76,456.27,0.29009,0.250545,0.242584,0.422472,0.9208
642,1744.46,913.04,168.14,163.35,0.908571,0.845406,0.087575,0.151248,0.8084
642,806.02,40.33,59.08,59.55,0.419802,0.037345,0.03077,0.055138,0.7814
642,731.18,869.09,86.64,86.98,0.380823,0.804717,0.045122,0.080538,0.7471
643,553.49,263.29,466.28,447.03,0.288274,0.24379,0.242855,0.413921,0.9167
643,1744.0,911.95,169.13,164.08,0.908331,0.844402,0.08809,0.151929,0.8021
643,803.04,37.9,57.79,59.55,0.41825,0.035091,0.030098,0.05514,0.743
644,550.84,269.34,464.69,452.19,0.286896,0.249389,0.242026,0.418699,0.9213
644,1744.47,911.74,170.77,165.72,0.90858,0.844202,0.088941,0.153447,0.7924
644,801.14,34.32,57.86,58.66,0.417258,0.03178,0.030136,0.054319,0.7761
645,547.86,266.02,461.64,446.43,0.285346,0.246313,0.240439,0.413357,0.8983
645,1744.8,912.16,170.6,166.43,0.908748,0.844589,0.088854,0.154102,0.8112
645,719.26,864.44,83.13,77.69,0.374614,0.800409,0.043296,0.071937,0.7318
646,541.52,267.37,470.53,460.98,0.282042,0.247565,0.245068,0.426834,0.8981
646,1744.83,912.82,169.94,166.71,0.908768,0.845201,0.088509,0.154364,0.7941
646,791.0,28.35,60.62,55.1,0.411979,0.026254,0.031572,0.051023,0.7723
646,279.71,788.76,66.9,66.38,0.14568,0.730333,0.034844,0.061459,0.7505
646,715.76,865.12,84.88,84.2,0.372791,0.80104,0.044208,0.07796,0.74
647,539.7,268.5,474.68,466.87,0.281092,0.248615,0.247232,0.432285,0.8921
647,710.71,866.52,85.79,84.12,0.370162,0.802338,0.044682,0.077893,0.7898
647,1747.04,912.61,174.85,171.04,0.909915,0.845006,0.091067,0.158373,0.784
647,789.4,27.2,59.41,53.14,0.411145,0.025187,0.030943,0.049203,0.7523
648,534.85,259.97,483.82,471.06,0.278566,0.24071,0.25199,0.436168,0.8847
648,785.02,25.05,60.16,49.15,0.408864,0.023199,0.031334,0.045505,0.8049
648,1746.75,911.28,172.08,167.31,0.909765,0.843779,0.089624,0.15492,0.7881
648,707.68,868.49,87.56,86.65,0.368585,0.804158,0.045606,0.080233,0.7401
648,905.16,811.38,58.48,58.47,0.471435,0.751277,0.030457,0.054141,0.7174
649,528.23,256.38,478.94,462.38,0.275122,0.237389,0.249447,0.428126,0.8818
649,1747.13,911.75,172.67,167.02,0.909963,0.844213,0.089931,0.154648,0.7936
649,705.53,867.29,82.24,82.91,0.367464,0.803049,0.042834,0.076772,0.7813
649,781.56,21.47,61.94,42.94,0.407064,0.019878,0.032259,0.039756,0.7569
650,521.4,250.65,473.04,462.08,0.271562,0.232082,0.246373,0.427855,0.872
650,1748.27,914.25,174.08,167.79,0.910557,0.846525,0.090665,0.155364,0.7955
650,699.97,866.87,85.97,84.63,0.364567,0.802658,0.044775,0.078363,0.7575
650,779.68,20.75,58.41,41.12,0.406083,0.019213,0.030423,0.038077,0.7491
650,258.73,787.14,66.12,64.86,0.134755,0.728833,0.034438,0.060058,0.72
651,521.28,254.6,470.88,465.86,0.271499,0.235741,0.245247,0.431354,0.8914
651,1748.71,915.2,174.03,168.61,0.910788,0.84741,0.090639,0.156124,0.7963
651,696.39,865.1,85.83,85.11,0.362703,0.801022,0.044703,0.078804,0.7699
651,251.69,786.37,68.15,67.7,0.13109,0.728118,0.035496,0.062683,0.7478
651,776.16,20.6,64.72,40.6,0.40425,0.019078,0.03371,0.037596,0.7242
652,516.05,253.69,468.26,461.64,0.268776,0.234901,0.243884,0.427445,0.8975
652,1750.36,914.96,180.51,174.36,0.911645,0.847187,0.094017,0.161443,0.7947
652,772.77,16.96,59.52,33.58,0.402486,0.015702,0.030999,0.031096,0.7521
653,507.94,248.22,469.14,459.5,0.264553,0.229829,0.244342,0.42546,0.8979
653,1751.37,916.53,182.06,177.14,0.912172,0.848643,0.094823,0.164016,0.8011
653,689.27,864.52,87.99,86.3,0.358997,0.800482,0.045826,0.079911,0.7337
654,507.1,251.28,472.75,468.86,0.264117,0.232663,0.246225,0.434132,0.8821
654,1752.38,913.68,182.74,176.5,0.912697,0.846005,0.095176,0.163429,0.7885
654,685.23,864.73,86.52,85.88,0.356892,0.800677,0.045061,0.079522,0.7385
655,499.95,239.0,480.12,462.66,0.260392,0.221292,0.25006,0.428389,0.8755
655,682.07,865.46,89.19,86.79,0.355243,0.801351,0.046454,0.080358,0.7414
655,1753.27,913.24,180.55,174.54,0.913162,0.845593,0.094035,0.16161,0.7413
656,494.96,247.4,492.5,482.42,0.257792,0.229076,0.25651,0.446685,0.8964
656,1754.52,913.15,178.2,172.98,0.913814,0.845508,0.092811,0.160162,0.7412
657,486.89,237.58,490.42,468.2,0.253591,0.219984,0.255427,0.433523,0.891
657,1755.52,915.38,181.99,176.99,0.914335,0.847573,0.094785,0.163881,0.7407
658,483.61,234.95,490.06,461.28,0.251882,0.217551,0.255241,0.427112,0.8879
658,1756.79,915.0,186.04,178.73,0.914994,0.847225,0.096898,0.165491,0.7738
659,481.55,235.94,496.7,465.29,0.250808,0.218466,0.258697,0.430821,0.8707
659,1760.3,913.94,188.6,179.42,0.916821,0.846241,0.098231,0.166133,0.7604
660,473.91,234.72,502.85,464.84,0.246827,0.217332,0.2619,0.430406,0.8822
660,1761.16,914.09,190.32,181.61,0.917271,0.846377,0.099126,0.168157,0.7397
661,472.45,236.78,497.27,466.85,0.24607,0.219237,0.258996,0.432265,0.8748
661,1761.16,913.98,187.27,179.78,0.917269,0.846278,0.097536,0.166461,0.7728
662,467.38,234.96,509.29,466.81,0.243428,0.217557,0.265255,0.43223,0.8494
662,1762.73,917.57,187.97,182.56,0.918086,0.849605,0.0979,0.169038,0.7653
663,467.13,232.72,504.38,462.87,0.243296,0.215483,0.262697,0.428582,0.8487
663,1765.47,916.89,185.81,179.31,0.919517,0.848973,0.096777,0.166023,0.7849
663,652.66,868.12,93.81,91.87,0.339928,0.80381,0.048859,0.085063,0.7473
664,462.65,235.01,505.07,465.35,0.240961,0.217603,0.263058,0.430876,0.8598
664,1771.65,918.09,189.12,184.09,0.922736,0.850084,0.098502,0.170456,0.7242
664,647.04,867.6,93.33,89.92,0.336999,0.80333,0.048607,0.083259,0.7209
665,453.91,232.47,492.81,460.42,0.236409,0.21525,0.256671,0.426311,0.8152
665,1769.25,916.79,189.86,184.97,0.921485,0.848884,0.098884,0.171266,0.7313
666,454.17,223.37,492.53,443.2,0.236546,0.206821,0.256528,0.410367,0.8584
666,1770.7,916.81,190.65,186.97,0.922239,0.848894,0.099297,0.173121,0.7437
666,641.59,868.79,94.06,92.08,0.334161,0.804438,0.048991,0.085255,0.703
667,447.48,233.04,500.35,462.93,0.233063,0.215779,0.260599,0.428635,0.8301
667,1772.87,918.52,187.14,186.97,0.923367,0.850486,0.097467,0.173118,0.7488
667,639.57,867.69,95.16,93.59,0.333111,0.803413,0.049565,0.086654,0.702
668,447.4,228.95,509.33,457.9,0.233019,0.211991,0.265277,0.423981,0.8253
668,155.17,783.94,74.66,72.94,0.080819,0.725869,0.038885,0.067533,0.7033
669,440.63,227.22,506.38,454.44,0.229494,0.210389,0.263741,0.420777,0.7808
669,1778.91,921.35,192.46,187.4,0.926518,0.853099,0.100237,0.173518,0.7577
669,633.62,871.21,94.08,94.44,0.330009,0.806679,0.049001,0.087444,0.7421
670,437.85,234.3,518.22,468.59,0.228045,0.216941,0.269908,0.433882,0.823
670,1778.86,921.77,189.31,186.96,0.926488,0.853488,0.098598,0.173115,0.7744
671,1782.16,926.98,190.46,198.91,0.928207,0.858312,0.0992,0.184178,0.7881
671,434.42,230.43,511.4,460.86,0.226261,0.21336,0.266355,0.42672,0.7658
672,434.4,227.78,503.23,455.56,0.226251,0.210906,0.262098,0.421812,0.8161
672,1787.68,927.85,196.85,199.14,0.931083,0.859119,0.102524,0.184389,0.778
672,622.34,875.18,103.03,101.02,0.324138,0.810348,0.05366,0.093538,0.7075
673,414.89,223.18,541.9,446.37,0.216089,0.206651,0.28224,0.413302,0.7968
673,1788.5,929.5,200.19,201.63,0.931511,0.860647,0.104268,0.186695,0.7848
674,1790.79,933.56,202.58,210.76,0.932702,0.864406,0.105509,0.195148,0.7839
674,410.37,226.35,541.5,452.7,0.213736,0.209583,0.282029,0.419167,0.7708
675,1793.93,933.23,206.1,209.14,0.934337,0.8641,0.107341,0.19365,0.7821
675,612.8,876.56,96.16,96.0,0.319167,0.811632,0.050081,0.088893,0.7249
675,402.93,233.23,561.02,466.45,0.209858,0.21595,0.2922,0.431901,0.7106
676,1798.09,936.78,211.03,211.18,0.936507,0.867389,0.109911,0.195539,0.7692
676,609.4,876.39,96.45,99.75,0.317397,0.811476,0.050235,0.092365,0.7103
677,1806.0,935.98,218.15,215.36,0.940627,0.866646,0.11362,0.199408,0.8393
677,399.87,230.66,553.26,461.33,0.208267,0.213578,0.288156,0.427155,0.801
677,605.06,879.43,99.8,100.7,0.315136,0.81429,0.051978,0.093243,0.7442
678,1809.56,937.73,218.94,219.17,0.942482,0.86827,0.114029,0.202939,0.8306
678,392.51,224.6,546.98,449.19,0.204433,0.207959,0.284886,0.415918,0.7525
678,602.18,881.38,100.41,98.22,0.313633,0.81609,0.052298,0.090944,0.7306
679,1810.52,935.8,215.63,214.88,0.942981,0.86648,0.112309,0.198963,0.8718
679,324.56,526.13,57.75,57.35,0.169043,0.487157,0.030077,0.053101,0.7414
680,1812.07,940.78,215.18,214.58,0.943786,0.871089,0.112075,0.198681,0.8157
680,387.46,222.44,537.95,444.87,0.201802,0.205959,0.280181,0.411919,0.7595
680,321.59,526.08,60.93,60.47,0.167494,0.487107,0.031734,0.055992,0.7526
681,1813.74,939.27,212.52,213.38,0.944656,0.869697,0.110689,0.197572,0.8541
681,316.76,524.66,63.28,61.23,0.164978,0.485792,0.032958,0.056699,0.7694
681,80.88,792.16,84.76,85.08,0.042127,0.733479,0.044144,0.078774,0.7296
681,384.02,224.43,544.41,448.86,0.200013,0.207807,0.283549,0.415615,0.7103
682,1813.46,947.3,213.08,216.22,0.944509,0.877133,0.110982,0.200206,0.8589
682,590.49,883.98,101.26,101.1,0.307544,0.818502,0.052739,0.093611,0.7258
682,76.32,793.14,83.43,84.56,0.03975,0.734385,0.043453,0.078297,0.7173
683,1815.44,942.81,209.11,213.46,0.945544,0.872975,0.108912,0.197649,0.8374
683,372.67,224.75,549.73,449.5,0.1941,0.208104,0.286319,0.416208,0.8079
683,993.51,735.59,60.52,58.63,0.517454,0.681104,0.03152,0.05429,0.7056
684,1818.4,948.22,203.2,215.13,0.947082,0.877981,0.105835,0.199193,0.8733
684,992.88,735.91,61.2,59.77,0.517127,0.681396,0.031876,0.055339,0.7098
684,365.67,226.25,557.07,452.51,0.190455,0.209494,0.290141,0.418987,0.7083
685,1819.88,949.81,200.23,221.44,0.947857,0.87945,0.104287,0.205037,0.8451
685,368.55,225.85,552.38,451.7,0.191955,0.209122,0.287698,0.418244,0.7841
685,296.41,523.24,66.75,64.56,0.154379,0.48448,0.034768,0.059779,0.7084
685,580.91,886.66,101.34,98.8,0.302558,0.82098,0.052779,0.091479,0.7053
686,1821.8,949.31,196.4,219.17,0.948855,0.878991,0.10229,0.202934,0.8749
686,364.1,226.4,563.66,452.79,0.189635,0.209626,0.293571,0.419252,0.7776
686,990.97,738.11,58.97,59.32,0.516128,0.683434,0.030714,0.054929,0.7053
687,1823.74,950.91,192.53,217.98,0.949863,0.880474,0.100274,0.20183,0.8331
687,347.0,227.09,572.51,454.18,0.180727,0.21027,0.298183,0.42054,0.7714
687,290.32,522.16,64.64,63.92,0.151207,0.483482,0.033667,0.059184,0.7241
688,1825.64,954.64,188.72,218.16,0.950855,0.883927,0.098289,0.201999,0.8055
689,1826.17,952.75,187.66,216.64,0.95113,0.88218,0.09774,0.200597,0.8032
689,346.07,228.99,575.84,457.98,0.180246,0.212029,0.299915,0.424058,0.7741
690,1828.2,956.44,183.59,223.66,0.952189,0.885591,0.095622,0.207095,0.7662
691,1828.46,958.29,183.08,220.96,0.952323,0.887306,0.095354,0.204588,0.8165
691,342.01,222.31,561.19,444.61,0.178129,0.205839,0.292286,0.411679,0.7305
691,247.81,120.19,58.44,59.79,0.129065,0.11129,0.030438,0.055357,0.703
692,1831.19,961.36,177.61,223.79,0.953746,0.890149,0.092507,0.207209,0.8063
692,29.53,800.91,58.05,91.47,0.015378,0.741583,0.030236,0.084691,0.7433
692,245.13,116.2,57.89,58.78,0.127669,0.107595,0.030149,0.054427,0.7423
692,560.86,901.02,108.59,107.87,0.292116,0.834278,0.056555,0.099879,0.7106
692,266.51,521.21,65.91,64.83,0.138806,0.482601,0.034326,0.060026,0.7069
693,1833.64,963.18,172.72,222.22,0.955021,0.891832,0.089958,0.205763,0.8137
693,263.25,520.1,63.62,63.98,0.137108,0.481577,0.033136,0.059245,0.7314
694,1834.63,964.28,170.74,221.25,0.955536,0.892854,0.088929,0.204862,0.84
694,258.91,520.07,67.43,66.77,0.134848,0.481542,0.035121,0.061825,0.7138
694,987.53,743.75,58.11,59.41,0.514336,0.688656,0.030267,0.055012,0.7092
695,1835.98,965.4,168.03,221.94,0.956242,0.893892,0.087516,0.205497,0.8251
696,1837.87,968.34,164.27,215.76,0.957222,0.896616,0.085556,0.199778,0.7831
696,227.12,108.23,59.04,61.52,0.118293,0.100213,0.030751,0.056963,0.7418
697,1840.29,970.77,159.43,212.57,0.958482,0.898865,0.083035,0.196825,0.8023
697,549.86,910.95,108.3,106.43,0.286385,0.843468,0.056408,0.098549,0.701
698,1840.2,970.92,159.61,213.42,0.958436,0.898996,0.083128,0.197608,0.7462
699,214.49,101.56,57.98,59.72,0.111716,0.094033,0.030198,0.055296,0.7039
700,209.78,99.33,59.73,61.14,0.109261,0.091972,0.03111,0.056609,0.717
