frame,cx_px,cy_px,w_px,h_px,cx_norm,cy_norm,w_norm,h_norm,conf
1,1428.98,136.27,298.26,272.53,0.744259,0.126173,0.155344,0.252346,0.9577
1,962.55,678.85,264.65,265.86,0.501328,0.628564,0.13784,0.246166,0.9561
1,492.14,131.76,250.67,248.62,0.256324,0.121999,0.130557,0.230201,0.9534
1,1418.91,515.68,257.74,257.52,0.739013,0.477481,0.13424,0.238442,0.9532
1,1214.42,922.55,212.94,210.27,0.632511,0.854213,0.110909,0.194698,0.9479
1,1540.71,1014.28,236.77,131.44,0.802454,0.939147,0.123316,0.121707,0.9257
1,916.65,51.86,196.97,103.71,0.477423,0.048015,0.102588,0.09603,0.9125
1,349.91,706.66,59.13,59.58,0.182244,0.654319,0.030795,0.055164,0.9093
1,1247.86,696.83,85.06,86.85,0.649929,0.645217,0.044302,0.080417,0.9023
1,68.85,861.73,137.16,209.58,0.035857,0.797898,0.071439,0.194057,0.8776
1,1866.73,88.48,106.51,175.64,0.972254,0.081926,0.055474,0.162627,0.8641
1,947.34,1011.19,74.13,73.02,0.493408,0.936287,0.03861,0.067614,0.8477
1,714.19,388.14,58.76,60.23,0.371972,0.35939,0.030606,0.055765,0.8435
1,518.91,1051.66,212.62,56.68,0.270268,0.97376,0.110742,0.05248,0.7453
2,952.02,698.57,266.75,268.07,0.495843,0.646824,0.138935,0.248213,0.9567
2,482.48,154.12,249.94,248.03,0.251292,0.142707,0.130178,0.229657,0.9551
2,1420.98,148.94,294.65,291.05,0.740094,0.137907,0.153461,0.269487,0.9526
2,1414.11,538.82,261.43,259.86,0.736514,0.498906,0.136162,0.240607,0.9486
2,1205.29,944.6,210.42,208.98,0.627758,0.874626,0.109596,0.193502,0.945
2,903.99,61.5,207.04,123.0,0.470828,0.056944,0.107834,0.113888,0.9368
2,340.92,728.92,58.62,59.31,0.177565,0.674924,0.03053,0.05492,0.9356
2,1242.31,719.91,88.86,89.6,0.647034,0.666585,0.046282,0.08296,0.9134
2,63.12,884.89,126.23,207.69,0.032873,0.819345,0.065746,0.192307,0.9078
2,1529.96,1024.73,228.26,109.54,0.796853,0.948821,0.118888,0.101429,0.9032
2,1861.97,98.73,116.05,197.46,0.969778,0.091418,0.060444,0.182836,0.8879
2,937.48,1035.68,74.04,75.19,0.488273,0.958965,0.038562,0.069619,0.8705
3,944.06,723.53,265.65,266.22,0.4917,0.669932,0.138358,0.246505,0.958
3,1403.7,562.08,260.41,259.41,0.731092,0.520441,0.135632,0.240194,0.9546
3,475.64,176.89,248.47,246.93,0.247731,0.163787,0.129413,0.228635,0.9534
3,898.94,73.23,200.63,143.49,0.468196,0.067808,0.104495,0.132863,0.9515
3,1411.31,168.3,297.29,299.58,0.735059,0.155832,0.154837,0.27739,0.9508
3,1197.31,964.7,208.93,208.52,0.6236,0.893238,0.108815,0.193076,0.9471
3,331.82,752.03,59.87,60.57,0.172822,0.696325,0.031185,0.056079,0.9134
3,1233.34,742.29,88.12,89.13,0.642367,0.687304,0.045898,0.082526,0.9101
3,1858.4,109.83,123.19,210.98,0.967919,0.101696,0.064162,0.195354,0.9097
3,59.68,900.42,119.37,211.44,0.031085,0.833723,0.06217,0.195775,0.9051
3,667.18,258.91,58.5,57.64,0.347492,0.239727,0.030471,0.053371,0.9004
3,696.42,432.34,59.8,59.82,0.362717,0.400319,0.031143,0.055386,0.8667
3,929.07,1051.35,73.65,57.3,0.483892,0.97347,0.038358,0.053059,0.8417
3,1516.7,1036.04,248.26,87.31,0.789946,0.9593,0.129303,0.080839,0.8384
4,1402.83,192.2,294.72,297.74,0.730641,0.177961,0.153501,0.275684,0.9577
4,1188.52,982.45,213.05,194.61,0.61902,0.909676,0.110963,0.180199,0.9534
4,934.33,744.97,262.08,263.92,0.486631,0.689786,0.136498,0.244375,0.9527
4,1393.35,584.03,260.99,259.63,0.725702,0.540766,0.135932,0.240403,0.9527
4,466.97,200.23,249.2,248.97,0.243215,0.185398,0.129793,0.230527,0.9491
4,890.97,85.72,202.87,170.82,0.464048,0.079367,0.105662,0.158166,0.9462
4,322.99,774.33,58.93,58.6,0.168223,0.716969,0.030694,0.054262,0.9369
4,55.81,925.33,111.27,216.43,0.029068,0.856785,0.057952,0.200399,0.9162
4,1223.41,764.6,88.42,88.45,0.637194,0.707959,0.046051,0.081901,0.9134
4,1854.13,126.98,131.74,225.21,0.965693,0.117572,0.068614,0.208531,0.9133
4,686.69,454.36,59.68,57.92,0.35765,0.420703,0.031082,0.053631,0.8237
4,1511.17,1048.11,238.42,63.79,0.787067,0.970469,0.124177,0.059063,0.7725
4,917.38,1061.72,79.89,34.92,0.477805,0.983074,0.04161,0.032336,0.7427
5,1383.61,608.77,259.83,258.1,0.72063,0.563676,0.135328,0.238978,0.9587
5,1391.92,214.49,291.95,294.49,0.72496,0.198605,0.152058,0.272681,0.958
5,456.89,220.51,249.04,248.71,0.237965,0.204174,0.129711,0.230284,0.9561
5,1179.65,992.46,212.78,171.73,0.614399,0.918942,0.110824,0.159013,0.9527
5,924.43,768.39,259.68,262.88,0.481476,0.71147,0.135252,0.243406,0.9495
5,877.98,95.71,199.38,191.41,0.457283,0.088616,0.103845,0.177232,0.9407
5,314.13,796.95,59.36,60.06,0.163608,0.737917,0.030917,0.055612,0.9173
5,1214.11,787.99,88.0,88.37,0.632351,0.729619,0.045832,0.081823,0.9166
5,1850.3,153.13,139.4,222.06,0.963697,0.141786,0.072606,0.205607,0.9092
5,51.0,947.99,101.99,214.92,0.02656,0.87777,0.05312,0.199003,0.8966
5,678.48,478.04,60.07,61.1,0.353377,0.442627,0.031288,0.056571,0.8335
6,1386.05,237.86,295.23,296.59,0.721901,0.220239,0.153766,0.274621,0.9609
6,916.56,792.97,260.96,263.81,0.477377,0.734231,0.135914,0.244267,0.9587
6,1378.87,628.87,258.22,256.13,0.718163,0.582289,0.134492,0.237154,0.9544
6,448.96,245.18,249.47,249.58,0.233835,0.22702,0.129932,0.231091,0.9542
6,870.97,111.03,201.34,199.56,0.453629,0.102805,0.104863,0.184778,0.9448
6,1169.19,1004.98,210.45,150.05,0.608952,0.930534,0.109611,0.138933,0.9435
6,1843.51,170.71,152.97,226.55,0.960163,0.158069,0.079674,0.209766,0.9246
6,1206.82,810.28,89.15,88.8,0.628551,0.750262,0.046433,0.082221,0.9241
6,305.75,820.17,59.78,58.99,0.159246,0.759417,0.031133,0.054622,0.9241
6,46.81,965.26,93.63,210.78,0.024382,0.893758,0.048764,0.195165,0.8762
6,668.8,500.43,57.97,58.83,0.348332,0.463362,0.030191,0.054475,0.8454
7,438.66,266.78,251.01,250.91,0.228469,0.247016,0.130734,0.23232,0.9575
7,1375.62,258.14,299.32,298.36,0.716467,0.239023,0.155894,0.276261,0.9565
7,1369.05,652.59,261.21,260.62,0.713047,0.604246,0.136049,0.241316,0.956
7,908.37,812.6,261.76,264.13,0.47311,0.752406,0.136332,0.244567,0.955
7,862.35,133.71,202.58,202.17,0.449141,0.123804,0.10551,0.187193,0.9521
7,1840.53,197.61,158.93,224.49,0.958611,0.182976,0.082777,0.207861,0.9336
7,1162.14,1015.95,216.99,128.1,0.605281,0.940694,0.113015,0.118613,0.9254
7,296.65,842.44,60.67,61.42,0.154506,0.780038,0.031601,0.056869,0.9241
7,630.1,350.41,57.62,57.82,0.328178,0.324452,0.030013,0.053541,0.9051
7,1197.55,833.19,88.95,91.11,0.623725,0.771469,0.046328,0.084359,0.9048
7,41.76,985.85,82.72,188.3,0.021751,0.912822,0.043085,0.174355,0.8627
7,659.58,521.72,59.82,59.6,0.343534,0.483076,0.031157,0.055184,0.8474
7,775.07,37.31,236.46,74.62,0.403682,0.034544,0.123154,0.069089,0.8117
8,898.65,835.25,261.96,265.22,0.468049,0.773376,0.136438,0.245576,0.96
8,1368.18,283.06,297.84,297.61,0.712596,0.262095,0.155124,0.275561,0.9592
8,430.58,288.23,252.53,251.26,0.224261,0.266879,0.131525,0.232652,0.9545
8,1357.54,673.44,259.55,260.47,0.707053,0.623555,0.13518,0.241176,0.9534
8,853.0,157.11,204.1,204.23,0.44427,0.145474,0.106303,0.189105,0.9426
8,1835.28,217.37,169.44,224.91,0.955875,0.201268,0.088251,0.208253,0.939
8,287.69,864.5,60.63,60.37,0.149838,0.800459,0.031579,0.055901,0.9301
8,1151.69,1026.88,221.62,106.02,0.599836,0.950819,0.115429,0.098163,0.9072
8,1883.38,811.27,57.88,57.36,0.980928,0.751176,0.030148,0.053115,0.9069
8,651.01,545.55,59.38,58.88,0.339069,0.505143,0.030929,0.054517,0.9055
8,621.71,372.86,57.61,58.07,0.323807,0.345243,0.030007,0.053766,0.9036
8,1188.11,855.05,86.96,88.44,0.618805,0.79171,0.04529,0.081887,0.881
8,39.42,995.23,78.0,169.54,0.020531,0.921509,0.040625,0.156982,0.8659
8,768.15,50.04,235.01,100.08,0.40008,0.046331,0.122399,0.092662,0.8588
8,1244.33,30.27,208.77,59.96,0.64809,0.028029,0.108736,0.055522,0.7122
9,1360.2,306.21,294.78,297.66,0.708439,0.28353,0.153533,0.275609,0.9577
9,890.97,856.66,264.81,267.8,0.464047,0.793202,0.137923,0.247958,0.9566
9,420.87,310.52,251.31,252.28,0.219201,0.287516,0.130893,0.233589,0.9544
9,1350.23,696.41,259.36,255.97,0.703247,0.644823,0.135085,0.237011,0.9505
9,844.83,178.19,202.25,204.27,0.440013,0.164992,0.105339,0.189141,0.9452
9,1831.39,239.86,177.23,222.85,0.953847,0.222096,0.092307,0.206339,0.9305
9,278.92,887.04,60.15,61.29,0.145271,0.821338,0.031329,0.056747,0.9194
9,1179.3,877.72,88.57,89.09,0.614217,0.812707,0.046128,0.082487,0.915
9,1874.68,833.8,58.97,57.28,0.976398,0.772034,0.030714,0.053039,0.8952
9,1139.38,1037.96,210.01,84.07,0.593428,0.961076,0.109379,0.077847,0.887
9,757.18,60.47,234.36,120.42,0.394364,0.055988,0.122063,0.111502,0.8857
9,1240.13,40.34,208.77,80.29,0.645899,0.037351,0.108737,0.07434,0.8752
9,33.05,1004.36,65.49,150.49,0.017211,0.929967,0.034108,0.139345,0.8418
9,641.84,568.38,60.99,59.77,0.334289,0.526278,0.031766,0.055339,0.8322
9,1129.5,27.03,124.54,53.92,0.588281,0.025026,0.064865,0.049929,0.7968
9,1889.96,776.43,60.07,201.18,0.984356,0.718918,0.031287,0.186275,0.7917
10,413.88,333.92,249.51,249.0,0.215565,0.309187,0.129951,0.230557,0.9557
10,881.39,880.88,262.84,260.0,0.459059,0.815628,0.136894,0.240736,0.955
10,1341.06,718.52,261.51,260.46,0.698469,0.665295,0.136205,0.241166,0.9544
10,1351.27,325.39,298.19,299.11,0.703785,0.301291,0.155308,0.276952,0.9479
10,835.62,200.71,199.74,199.3,0.435218,0.185845,0.104033,0.184538,0.9475
10,1827.75,262.93,184.51,221.05,0.951952,0.243451,0.096096,0.204676,0.9436
10,270.15,909.43,60.98,60.61,0.140702,0.842066,0.031761,0.056118,0.9367
10,746.39,72.89,230.35,145.3,0.388744,0.067492,0.119976,0.134541,0.9216
10,1866.54,856.77,59.57,58.51,0.972156,0.793303,0.031024,0.054178,0.9211
10,1172.12,900.91,90.6,89.74,0.610478,0.83418,0.047187,0.083089,0.919
10,1889.27,451.78,61.45,66.41,0.983997,0.418317,0.032007,0.061493,0.9105
10,1231.47,52.55,197.15,105.11,0.641392,0.048661,0.102683,0.097322,0.9044
10,1119.11,38.62,120.43,76.51,0.582868,0.035757,0.062726,0.070846,0.9019
10,1884.07,800.25,71.03,232.07,0.981289,0.740969,0.036995,0.214881,0.8135
10,1671.26,35.89,303.09,71.77,0.87045,0.033229,0.157857,0.066458,0.7435
10,1135.18,1049.91,202.12,60.18,0.591239,0.972137,0.105269,0.055726,0.7209
11,1339.87,349.1,296.1,299.93,0.697848,0.323237,0.154219,0.27771,0.9608
11,873.94,903.51,261.52,267.35,0.455176,0.836585,0.136211,0.247547,0.9545
11,1333.26,742.09,261.15,259.56,0.694407,0.687117,0.136015,0.240331,0.9539
11,404.52,354.28,249.46,251.63,0.210686,0.328036,0.129926,0.232994,0.9503
11,1822.98,285.76,193.9,218.97,0.949471,0.264595,0.100989,0.20275,0.948
11,827.35,223.29,201.15,203.37,0.430909,0.20675,0.104766,0.188302,0.9424
11,1882.66,474.2,67.14,67.06,0.980554,0.439076,0.03497,0.06209,0.9419
11,734.77,81.68,228.76,163.3,0.382692,0.075631,0.119146,0.151201,0.9212
11,1114.59,50.36,131.51,100.72,0.580514,0.046631,0.068495,0.093263,0.9132
11,1857.49,878.81,58.28,57.41,0.967445,0.81371,0.030355,0.05316,0.913
11,1220.65,63.61,208.74,126.57,0.635756,0.058896,0.10872,0.117197,0.9089
11,261.04,932.11,59.21,60.48,0.13596,0.863063,0.030837,0.056,0.9058
11,1163.24,923.76,88.57,91.03,0.605853,0.855336,0.04613,0.084283,0.9033
11,1876.82,824.81,85.64,223.21,0.977509,0.763712,0.044602,0.206674,0.8357
11,625.54,612.87,58.92,58.21,0.325804,0.567472,0.030686,0.053902,0.8256
11,1665.36,47.7,293.54,95.22,0.867378,0.044168,0.152884,0.088164,0.8005
12,1333.32,372.04,296.68,300.97,0.69444,0.344485,0.154519,0.27868,0.9577
12,1323.29,763.0,260.69,261.22,0.689212,0.706478,0.135778,0.241869,0.9556
12,395.12,379.84,248.76,250.48,0.205792,0.351702,0.129563,0.231925,0.9534
12,865.25,924.22,262.16,265.94,0.450653,0.855759,0.13654,0.24624,0.9499
12,1818.52,308.18,202.96,220.97,0.947147,0.285355,0.105706,0.204602,0.9466
12,817.94,246.04,201.41,202.63,0.426012,0.227813,0.104901,0.187618,0.9406
12,728.67,93.97,237.55,187.89,0.379518,0.08701,0.123722,0.173968,0.9393
12,252.0,954.16,59.77,60.16,0.131248,0.883481,0.03113,0.055704,0.9272
12,1872.69,495.89,67.27,66.94,0.975361,0.459162,0.035036,0.061985,0.927
12,1210.63,73.68,207.15,146.91,0.630535,0.068225,0.107892,0.136028,0.9211
12,1104.22,63.09,124.93,123.51,0.575113,0.05842,0.065068,0.114362,0.9103
12,1848.44,901.33,58.55,57.53,0.962731,0.834561,0.030496,0.053265,0.9061
12,586.06,462.12,57.69,57.16,0.30524,0.42789,0.030047,0.052923,0.8921
12,1153.02,944.27,88.79,89.68,0.600533,0.874323,0.046246,0.083041,0.8917
12,615.58,634.86,58.03,57.48,0.320617,0.587834,0.030224,0.053219,0.8715
12,1657.51,58.69,316.47,117.31,0.863288,0.054339,0.16483,0.108616,0.8577
12,1872.85,843.86,93.7,223.8,0.975441,0.781352,0.048801,0.207222,0.8467
13,1315.55,786.85,260.75,258.61,0.685183,0.728565,0.135807,0.239455,0.959
13,1323.65,392.74,296.63,298.01,0.689401,0.363649,0.154497,0.275932,0.9589
13,386.52,399.81,248.69,249.83,0.20131,0.370195,0.129529,0.231326,0.9561
13,855.62,946.52,262.76,258.68,0.445634,0.876412,0.136853,0.239522,0.948
13,809.84,267.7,201.11,203.28,0.421792,0.247869,0.104746,0.188219,0.9454
13,1813.31,330.49,213.03,225.33,0.944435,0.30601,0.110951,0.208638,0.943
13,721.13,105.76,239.65,211.51,0.375591,0.097924,0.124818,0.195847,0.9399
13,1096.14,82.07,131.17,132.03,0.570905,0.075994,0.068316,0.122254,0.9363
13,1200.57,84.39,206.7,167.64,0.625295,0.078136,0.107655,0.155224,0.9246
13,1144.47,967.94,88.24,89.19,0.596077,0.896245,0.04596,0.082579,0.9203
13,577.33,484.98,57.94,56.47,0.30069,0.449056,0.030179,0.052283,0.9195
13,243.19,976.36,60.72,61.71,0.126661,0.904036,0.031625,0.05714,0.9145
13,1646.47,69.05,310.14,138.09,0.857538,0.063931,0.161531,0.127862,0.9143
13,1863.87,519.28,65.09,65.04,0.970766,0.480816,0.033901,0.060222,0.9132
13,1839.6,923.38,59.91,58.49,0.958127,0.854982,0.031205,0.054156,0.9124
13,1867.8,864.07,104.4,221.6,0.972811,0.800065,0.054377,0.205185,0.8893
13,607.71,657.18,61.06,61.83,0.316518,0.608502,0.0318,0.057252,0.8546
14,1314.07,416.25,300.12,298.43,0.684412,0.385418,0.156313,0.276321,0.9599
14,1085.28,103.26,131.24,127.04,0.56525,0.095615,0.068355,0.117626,0.956
14,800.38,289.03,201.71,200.41,0.416865,0.267624,0.105056,0.185564,0.9537
14,1307.22,806.52,263.03,260.56,0.680846,0.74678,0.136994,0.241263,0.9535
14,845.11,958.98,262.29,241.33,0.440161,0.887949,0.136609,0.223456,0.9532
14,377.97,422.24,250.13,252.18,0.196861,0.390958,0.130276,0.233499,0.9531
14,710.07,116.66,234.19,229.45,0.369829,0.108021,0.121977,0.212451,0.9455
14,1806.04,352.02,217.24,218.97,0.940646,0.325947,0.113148,0.20275,0.9367
14,1855.0,540.9,65.52,65.85,0.966143,0.500835,0.034124,0.060975,0.9328
14,234.7,998.66,57.93,58.54,0.122238,0.924685,0.03017,0.054205,0.9294
14,1192.45,96.28,204.37,192.56,0.621066,0.089148,0.106444,0.178295,0.9252
14,1637.25,80.91,303.63,161.81,0.852732,0.074914,0.15814,0.149828,0.9248
14,1830.12,945.67,58.62,56.89,0.953187,0.875619,0.030534,0.052676,0.8996
14,1134.73,989.22,87.36,88.8,0.591006,0.91594,0.0455,0.082218,0.8982
14,1863.92,886.72,112.17,220.98,0.97079,0.82104,0.05842,0.204611,0.8818
14,598.18,680.19,58.83,59.93,0.311551,0.629807,0.030642,0.055489,0.8682
15,1306.83,436.69,299.87,302.3,0.680639,0.404343,0.156183,0.279903,0.9596
15,1297.25,829.53,262.07,262.23,0.67565,0.76808,0.136495,0.242803,0.9516
15,368.4,443.55,251.58,251.74,0.191877,0.410697,0.131031,0.233092,0.9516
15,838.33,969.17,262.99,220.61,0.436632,0.897383,0.136973,0.204272,0.9498
15,1184.37,108.75,208.15,210.01,0.616861,0.100692,0.10841,0.194455,0.9458
15,792.24,311.08,204.04,204.08,0.412627,0.288033,0.106269,0.18896,0.9447
15,1625.06,90.8,290.43,181.59,0.846385,0.08407,0.151268,0.16814,0.9432
15,702.42,139.19,233.32,232.91,0.365842,0.128879,0.121518,0.215654,0.9412
15,1800.5,375.37,220.36,221.55,0.937762,0.347566,0.11477,0.205136,0.9387
15,1077.19,125.53,127.81,127.51,0.561038,0.116233,0.066569,0.118069,0.9362
15,1845.41,562.36,66.78,66.36,0.961149,0.520702,0.03478,0.061449,0.9259
15,225.74,1021.3,58.5,59.55,0.117573,0.945645,0.030469,0.055137,0.9161
15,560.17,528.42,59.1,57.9,0.291755,0.489279,0.030782,0.05361,0.9036
15,1860.53,907.41,118.94,223.6,0.969026,0.840196,0.061949,0.207039,0.8955
15,1126.19,1011.84,85.54,86.69,0.58656,0.936885,0.04455,0.080266,0.8865
15,588.56,701.1,59.94,59.01,0.306542,0.64917,0.031216,0.054639,0.8587
16,359.51,465.5,250.04,250.21,0.187247,0.431018,0.130229,0.231674,0.9573
16,830.38,979.48,264.29,199.34,0.432488,0.906925,0.137649,0.184578,0.9545
16,1289.42,852.91,259.14,260.16,0.671575,0.789733,0.134967,0.240887,0.9535
16,1617.15,103.2,301.37,206.26,0.842266,0.095553,0.156966,0.190979,0.9527
16,1298.63,460.33,296.31,298.57,0.67637,0.426235,0.154327,0.276457,0.9489
16,692.77,157.62,235.36,233.68,0.360816,0.145946,0.122583,0.216367,0.9488
16,1790.24,394.78,220.44,223.02,0.932418,0.365541,0.11481,0.206498,0.9482
16,783.91,334.03,203.43,202.13,0.408287,0.309287,0.105956,0.187161,0.9462
16,1175.32,130.9,205.6,206.74,0.612148,0.121201,0.107086,0.19143,0.9348
16,1069.2,148.07,129.06,129.17,0.556875,0.137103,0.067217,0.119601,0.9234
16,217.49,1043.76,60.36,61.52,0.113275,0.966443,0.031436,0.056963,0.9172
16,551.08,551.58,58.17,57.3,0.28702,0.510718,0.030294,0.053054,0.9086
16,1116.83,1033.59,87.32,88.25,0.581682,0.957029,0.045482,0.081713,0.9028
16,1837.73,585.1,64.44,65.67,0.95715,0.541758,0.03356,0.060807,0.9023
16,1855.76,928.53,128.49,231.55,0.96654,0.859749,0.06692,0.2144,0.8947
16,1812.53,989.72,58.18,57.16,0.944024,0.916405,0.030303,0.052922,0.8897
16,580.49,723.17,60.4,58.99,0.302339,0.669601,0.031458,0.054622,0.8398
17,1781.23,417.53,220.66,221.54,0.927722,0.386601,0.114926,0.205126,0.9589
17,351.76,488.07,247.5,248.21,0.18321,0.451917,0.128904,0.229824,0.9523
17,1287.97,481.43,296.65,297.63,0.670817,0.445772,0.154507,0.27558,0.9521
17,775.23,354.66,200.89,200.33,0.403763,0.32839,0.104629,0.185492,0.9518
17,1279.16,873.52,260.15,260.78,0.666228,0.808816,0.135496,0.241461,0.9509
17,820.12,991.63,268.16,173.94,0.427147,0.918173,0.139664,0.161058,0.9489
17,1059.31,170.56,129.21,129.5,0.551722,0.157929,0.067299,0.119908,0.9483
17,684.44,182.19,234.42,234.42,0.356477,0.168694,0.122092,0.217051,0.9476
17,1609.01,112.39,305.54,224.79,0.838024,0.104069,0.159134,0.208138,0.9467
17,1167.01,153.12,205.3,206.6,0.607817,0.14178,0.106925,0.191298,0.9437
17,1828.35,606.64,65.57,65.6,0.952267,0.5617,0.034149,0.060741,0.9204
17,1853.5,951.5,133.0,226.87,0.965365,0.881015,0.06927,0.210069,0.9179
17,541.4,573.02,58.89,58.26,0.28198,0.53057,0.030672,0.053945,0.9078
17,206.83,1057.06,61.03,45.89,0.107724,0.978755,0.031787,0.04249,0.9014
17,571.43,746.32,59.5,59.2,0.297619,0.69104,0.030989,0.054814,0.8785
17,1108.46,1045.41,88.96,69.17,0.577322,0.967975,0.046333,0.06405,0.8652
18,1280.24,502.59,294.59,297.89,0.666794,0.465359,0.153433,0.275821,0.9569
18,1270.62,894.4,260.32,256.89,0.661784,0.828149,0.135582,0.237861,0.9569
18,342.59,509.95,247.27,248.19,0.178432,0.472172,0.128785,0.229809,0.9526
18,1050.67,190.85,128.09,127.84,0.547222,0.176712,0.066715,0.118371,0.9473
18,674.92,203.72,232.57,233.1,0.351519,0.188628,0.121132,0.215832,0.9457
18,1599.28,124.39,302.11,247.27,0.832956,0.115177,0.157349,0.228953,0.9449
18,1158.86,174.16,204.97,207.64,0.603572,0.161262,0.106756,0.192257,0.9448
18,765.02,375.66,200.96,202.39,0.39845,0.347835,0.104665,0.187399,0.9442
18,1774.52,440.81,217.09,219.86,0.924227,0.408154,0.113066,0.20357,0.9433
18,1819.33,628.46,64.78,65.88,0.94757,0.581908,0.033742,0.061004,0.9419
18,812.17,1002.95,261.93,154.11,0.423007,0.928653,0.13642,0.142694,0.9328
18,1795.28,1033.33,58.04,56.46,0.935044,0.956791,0.03023,0.052281,0.9241
18,1846.83,966.93,146.33,224.21,0.961893,0.895309,0.076214,0.207602,0.9234
18,532.39,594.53,58.47,58.26,0.277284,0.550492,0.030453,0.053943,0.9226
18,561.74,766.98,59.8,60.93,0.292572,0.71017,0.031145,0.056414,0.827
18,195.75,1067.32,62.33,25.36,0.101952,0.988261,0.032465,0.023478,0.7457
18,1100.33,1055.35,92.64,47.89,0.573089,0.977179,0.048251,0.044342,0.7423
19,1272.33,523.36,295.32,298.52,0.66267,0.484597,0.153814,0.276406,0.9618
19,1589.38,134.57,300.09,269.14,0.827803,0.124601,0.156296,0.249201,0.9591
19,1262.92,915.46,261.31,260.74,0.657773,0.847651,0.136099,0.241429,0.9563
19,332.23,530.16,248.83,251.61,0.173036,0.490893,0.129601,0.232968,0.9527
19,1149.65,195.38,208.5,208.96,0.598777,0.18091,0.108594,0.193483,0.9521
19,666.42,224.46,235.0,234.78,0.347096,0.20783,0.122394,0.217393,0.9491
19,1763.37,460.62,219.37,220.14,0.918422,0.426499,0.114253,0.203836,0.944
19,756.12,397.54,200.41,203.01,0.393815,0.368094,0.104379,0.187968,0.9418
19,804.1,1012.88,259.38,134.24,0.418802,0.93785,0.135092,0.124301,0.9333
19,1810.7,649.39,67.22,67.27,0.943073,0.601284,0.035009,0.062287,0.9315
19,1042.29,213.91,126.76,129.1,0.542859,0.198067,0.066022,0.119533,0.9243
19,1841.5,976.88,157.0,205.27,0.959114,0.904522,0.081773,0.190063,0.9218
19,523.05,615.9,58.07,55.84,0.272423,0.570279,0.030246,0.0517,0.8851
19,1086.09,1065.8,116.91,28.04,0.565672,0.986853,0.060891,0.025967,0.7164
20,1260.98,545.9,298.21,299.63,0.65676,0.505463,0.155318,0.277434,0.9591
20,324.97,554.25,249.33,249.94,0.169253,0.513198,0.129857,0.231426,0.9562
20,1582.41,145.52,298.68,289.81,0.824173,0.134745,0.155563,0.268346,0.9527
20,1254.28,936.86,261.51,259.53,0.653273,0.867462,0.136205,0.240306,0.948
20,1754.31,482.71,219.6,221.35,0.913705,0.446956,0.114374,0.204958,0.9466
20,1140.36,216.67,204.89,205.76,0.593936,0.200616,0.106712,0.19052,0.9454
20,657.47,245.17,233.92,232.92,0.342433,0.227011,0.121834,0.215668,0.9442
20,748.22,419.93,201.05,204.15,0.389695,0.388826,0.104716,0.189027,0.9415
20,1032.67,235.0,128.08,129.38,0.537848,0.217597,0.066707,0.119795,0.9282
20,1800.44,671.56,64.6,64.73,0.937731,0.621818,0.033648,0.059933,0.9223
20,795.49,1024.94,252.93,110.13,0.414316,0.949015,0.131735,0.10197,0.9183
20,1836.59,987.05,166.7,185.91,0.956559,0.913933,0.086822,0.172135,0.9122
20,544.68,809.42,61.64,62.89,0.283685,0.749462,0.032103,0.058233,0.8909
20,1782.02,1064.32,67.54,30.84,0.928136,0.985485,0.035179,0.028553,0.7881
21,1573.38,160.53,299.58,302.09,0.819466,0.14864,0.156034,0.279711,0.9611
21,316.08,572.06,249.42,252.1,0.164624,0.529689,0.129905,0.233426,0.957
21,1251.79,565.42,297.24,298.32,0.651976,0.523537,0.154811,0.276224,0.9569
21,1023.7,256.39,131.09,127.03,0.533176,0.237398,0.068279,0.11762,0.9529
21,1243.26,953.45,259.49,252.89,0.647531,0.882828,0.135152,0.234156,0.949
21,648.8,267.23,231.99,233.5,0.337915,0.247431,0.120827,0.216204,0.9463
21,738.59,440.17,202.81,202.9,0.384682,0.407568,0.105632,0.187873,0.9461
21,1130.67,239.14,207.1,209.47,0.588889,0.221431,0.107866,0.193953,0.9453
21,1744.34,504.93,221.2,222.59,0.90851,0.467527,0.115206,0.206101,0.9443
21,1793.08,693.32,64.61,66.4,0.933896,0.641959,0.033653,0.061482,0.9317
21,1833.68,999.65,172.64,160.7,0.955042,0.9256,0.089917,0.148799,0.9137
21,536.54,831.66,57.73,58.25,0.279448,0.770059,0.030068,0.053935,0.8588
21,511.44,40.88,254.03,81.75,0.266377,0.037848,0.132306,0.075697,0.8245
21,785.57,1037.17,251.86,85.66,0.409152,0.960343,0.131175,0.079314,0.8198
22,1563.59,182.41,299.35,301.86,0.814371,0.168903,0.155912,0.279501,0.9601
22,1245.11,588.52,297.82,299.42,0.648494,0.544924,0.155112,0.277241,0.9589
22,305.93,594.93,251.84,249.38,0.159338,0.550865,0.131167,0.230904,0.9542
22,639.57,287.1,231.77,232.22,0.33311,0.265833,0.120713,0.215016,0.9516
22,1237.54,965.42,262.08,228.79,0.644551,0.893904,0.136501,0.211843,0.9504
22,1122.24,259.3,205.82,207.24,0.584499,0.24009,0.107198,0.191888,0.9437
22,1737.86,525.86,220.42,218.76,0.905138,0.486906,0.114804,0.202553,0.9395
22,730.08,460.49,204.01,204.52,0.38025,0.426377,0.106254,0.189375,0.9387
22,1015.36,277.5,126.87,129.69,0.528832,0.256943,0.06608,0.12008,0.9342
22,1782.57,713.94,66.83,65.5,0.928424,0.661051,0.034807,0.060652,0.9259
22,1829.13,1010.42,181.5,139.16,0.952672,0.935575,0.094532,0.12885,0.9143
22,496.84,679.82,58.74,58.36,0.258773,0.629464,0.030596,0.054035,0.8876
22,503.03,51.42,269.15,102.36,0.261994,0.047611,0.140183,0.094779,0.8735
22,525.77,851.64,60.73,60.87,0.273837,0.788554,0.031629,0.056358,0.818
22,770.08,1045.15,257.98,69.71,0.401083,0.967729,0.134364,0.064542,0.7785
22,711.4,20.2,60.47,40.39,0.37052,0.018701,0.031497,0.037402,0.7569
23,1555.15,202.39,302.78,303.31,0.809975,0.187401,0.157697,0.280846,0.9571
23,1236.03,609.98,298.08,299.73,0.643767,0.564799,0.15525,0.277526,0.9554
23,298.69,616.49,250.14,249.56,0.155566,0.57082,0.13028,0.231072,0.9511
23,631.5,308.75,234.59,233.34,0.328905,0.285883,0.122181,0.216055,0.946
23,1113.35,280.34,207.35,208.86,0.579871,0.259574,0.107994,0.193389,0.9454
23,1227.05,974.64,257.51,207.65,0.63909,0.902444,0.13412,0.192266,0.9447
23,721.59,483.34,200.19,202.16,0.375829,0.447534,0.104264,0.187182,0.9428
23,1728.84,545.82,221.86,220.62,0.900437,0.505386,0.115552,0.204277,0.934
23,1775.32,736.58,64.69,66.09,0.924647,0.682019,0.033695,0.061196,0.9255
23,1007.04,297.95,129.69,129.4,0.5245,0.27588,0.067548,0.119815,0.925
23,490.63,60.36,262.76,120.62,0.255537,0.055887,0.136852,0.111682,0.9031
23,1825.35,1020.43,189.0,119.13,0.950703,0.944845,0.09844,0.11031,0.9007
23,702.23,30.91,62.69,60.9,0.365747,0.028618,0.032651,0.056393,0.8807
23,518.26,873.72,61.27,60.63,0.269929,0.808996,0.031911,0.056138,0.8195
24,1546.83,223.71,302.38,303.15,0.805639,0.207139,0.15749,0.28069,0.9598
24,713.4,503.31,201.13,200.85,0.371562,0.466032,0.104754,0.185971,0.9536
24,1720.29,567.34,219.91,221.35,0.895986,0.525312,0.114537,0.204951,0.953
24,290.18,636.55,249.05,249.32,0.151134,0.589397,0.129713,0.230855,0.9522
24,621.89,329.53,233.92,236.52,0.323899,0.305122,0.121834,0.219002,0.95
24,1225.18,628.37,293.5,299.45,0.638114,0.581824,0.152863,0.277273,0.9498
24,995.81,318.15,129.48,126.97,0.518649,0.294583,0.06744,0.117561,0.9493
24,1105.57,300.51,207.64,209.81,0.575818,0.278248,0.108147,0.194269,0.9402
24,1765.81,756.06,66.32,66.71,0.919691,0.700052,0.03454,0.061766,0.94
24,1217.39,985.01,260.79,186.13,0.634056,0.912043,0.135826,0.172339,0.9396
24,482.81,72.05,260.87,144.1,0.251465,0.066715,0.135867,0.133429,0.9306
24,478.78,722.45,58.06,56.16,0.249364,0.668938,0.030241,0.052004,0.9068
24,694.04,51.25,61.4,61.78,0.361478,0.047451,0.031978,0.057205,0.9039
24,508.54,895.68,57.98,58.46,0.264867,0.829337,0.0302,0.05413,0.8668
24,1821.65,1030.54,196.67,98.07,0.948778,0.954204,0.102434,0.090803,0.8615
25,1218.76,651.42,296.31,301.1,0.634772,0.603169,0.15433,0.278798,0.9589
25,1537.23,244.38,300.53,301.91,0.800639,0.226276,0.156528,0.279545,0.9543
25,1711.35,588.09,216.2,219.03,0.891329,0.544528,0.112606,0.202804,0.9536
25,280.57,656.22,248.15,251.96,0.146132,0.60761,0.129246,0.233297,0.9521
25,988.4,339.56,127.12,127.01,0.514791,0.314412,0.066208,0.117599,0.9487
25,612.36,351.23,232.79,231.06,0.318939,0.325212,0.121245,0.213941,0.9483
25,1757.67,777.33,65.48,66.02,0.915451,0.719746,0.034105,0.061128,0.948
25,1097.69,321.83,205.96,208.89,0.571716,0.297987,0.10727,0.193414,0.947
25,1206.72,995.62,262.19,166.99,0.6285,0.921872,0.136559,0.154618,0.9434
25,704.22,524.81,201.95,204.3,0.366783,0.485936,0.105183,0.189163,0.9424
25,473.01,82.1,262.76,164.17,0.246362,0.076023,0.136853,0.152006,0.9386
25,684.99,72.56,61.28,62.43,0.356765,0.06719,0.031917,0.057803,0.8315
25,1816.84,1041.93,205.63,76.13,0.94627,0.964755,0.107097,0.070491,0.8197
25,500.83,916.11,63.82,62.25,0.26085,0.848249,0.033241,0.057634,0.7945
26,1209.25,670.98,295.1,299.11,0.629816,0.621275,0.153698,0.27695,0.9594
26,270.66,678.17,249.88,251.28,0.14097,0.62794,0.130148,0.232666,0.9539
26,464.88,91.78,261.65,183.13,0.242123,0.08498,0.136274,0.169567,0.9525
26,1528.23,264.44,298.37,302.06,0.795955,0.244855,0.155399,0.279688,0.9515
26,695.21,544.91,202.39,202.82,0.36209,0.504544,0.105412,0.187793,0.9445
26,1702.02,607.83,217.97,218.68,0.886468,0.562803,0.113524,0.202477,0.9432
26,1087.26,343.08,207.53,210.29,0.566283,0.317663,0.108087,0.194713,0.94
26,603.84,369.37,236.6,234.35,0.314502,0.342009,0.123229,0.216994,0.9387
26,1749.33,798.22,64.97,66.39,0.911108,0.73909,0.033841,0.061473,0.9287
26,1197.63,1005.64,256.39,148.72,0.623766,0.931148,0.133535,0.137703,0.9287
26,980.31,361.8,128.15,127.59,0.51058,0.335004,0.066747,0.118138,0.9209
26,676.24,93.08,61.31,61.63,0.352209,0.086188,0.031931,0.057062,0.9035
26,490.8,936.4,59.2,58.28,0.255624,0.867037,0.030834,0.05396,0.8124
27,1521.91,285.57,300.08,302.71,0.792663,0.264418,0.156292,0.280283,0.96
27,1199.95,689.94,299.78,300.94,0.624973,0.63883,0.156136,0.27865,0.9573
27,262.54,697.9,249.29,250.01,0.136738,0.646201,0.129838,0.231487,0.9534
27,1693.58,629.7,220.17,222.33,0.882071,0.583054,0.114673,0.205861,0.9516
27,686.77,564.04,200.15,198.86,0.357691,0.522258,0.104247,0.184129,0.9497
27,1077.71,362.71,206.02,207.81,0.561309,0.335843,0.107302,0.192418,0.9475
27,456.83,103.16,263.63,206.31,0.237931,0.095516,0.137308,0.191032,0.9467
27,594.59,391.44,233.91,236.25,0.309683,0.362446,0.121831,0.218746,0.9461
27,969.95,381.26,129.26,129.79,0.50518,0.353021,0.067321,0.120179,0.9436
27,1187.39,1016.83,264.61,126.34,0.618433,0.941508,0.137818,0.116984,0.9315
27,1738.63,818.48,65.66,65.31,0.905536,0.757849,0.034199,0.060471,0.9246
27,666.87,113.68,61.47,61.57,0.347328,0.105262,0.032013,0.057013,0.9201
27,452.42,784.28,58.08,57.5,0.235636,0.726184,0.030252,0.053245,0.8939
27,482.32,956.77,59.8,60.78,0.251208,0.885896,0.031147,0.056277,0.892
27,1739.5,27.95,200.95,54.91,0.90599,0.025884,0.104663,0.050845,0.8075
28,1511.38,305.3,301.1,302.24,0.787179,0.282686,0.156825,0.279849,0.9605
28,1191.98,712.51,299.53,300.62,0.620824,0.65973,0.156004,0.278347,0.96
28,254.01,716.6,249.67,248.89,0.132296,0.663517,0.130036,0.230452,0.9519
28,586.88,412.69,231.82,231.44,0.305669,0.38212,0.12074,0.214297,0.9505
28,961.45,401.14,129.55,127.95,0.500757,0.371422,0.067476,0.118473,0.9499
28,446.9,112.29,262.96,224.58,0.232763,0.103974,0.136957,0.207948,0.9473
28,677.4,584.78,201.5,203.93,0.352814,0.541467,0.104949,0.188822,0.9458
28,1686.7,649.63,221.08,221.32,0.878487,0.601506,0.115146,0.204927,0.9418
28,443.91,804.61,57.92,57.96,0.231203,0.745007,0.030166,0.053669,0.9287
28,1067.51,381.53,210.26,207.01,0.555993,0.353271,0.109509,0.191676,0.9258
28,1731.37,839.18,64.69,65.3,0.901754,0.777022,0.033691,0.060459,0.9249
28,1182.66,1027.91,265.14,104.19,0.615967,0.951765,0.138093,0.096471,0.8968
28,472.44,976.67,59.52,60.12,0.246064,0.904323,0.031,0.05567,0.8405
28,657.38,132.89,61.43,62.1,0.342384,0.123049,0.031996,0.057504,0.8388
28,1733.19,38.31,195.97,76.38,0.902703,0.035474,0.102068,0.070719,0.8276
29,1182.68,730.13,297.93,299.97,0.615979,0.676046,0.155173,0.277754,0.963
29,1502.39,325.91,302.29,301.99,0.782493,0.301767,0.157442,0.279616,0.9578
29,243.4,737.96,250.49,251.22,0.126769,0.683294,0.130465,0.232611,0.9512
29,437.01,121.22,263.21,242.44,0.22761,0.112239,0.137089,0.224478,0.9493
29,578.15,432.08,237.32,235.89,0.30112,0.40007,0.123606,0.218419,0.9451
29,1059.13,402.65,210.08,212.14,0.55163,0.372826,0.109419,0.196426,0.9428
29,1677.79,669.22,218.85,222.12,0.873847,0.61965,0.113987,0.205662,0.9378
29,668.5,605.57,201.71,203.74,0.348176,0.56071,0.105058,0.188651,0.9377
29,952.9,422.28,127.79,126.74,0.496303,0.390997,0.066557,0.11735,0.9278
29,1721.86,858.33,66.95,67.24,0.896805,0.794753,0.03487,0.062261,0.9186
29,648.88,153.14,62.02,62.16,0.337958,0.141796,0.032304,0.057558,0.885
29,1726.5,49.11,198.4,97.0,0.89922,0.045475,0.103335,0.089818,0.8809
29,434.23,824.74,58.04,58.04,0.226159,0.763645,0.030228,0.053738,0.8795
29,463.67,997.06,58.36,59.05,0.241494,0.9232,0.030395,0.054673,0.8441
29,1173.96,1037.9,267.78,84.19,0.611438,0.961021,0.139467,0.077958,0.8433
30,1493.07,344.98,302.25,303.65,0.777639,0.319426,0.157424,0.281155,0.9622
30,236.16,757.83,249.6,249.84,0.123002,0.701697,0.130001,0.231335,0.9567
30,566.73,450.76,236.94,239.02,0.29517,0.417371,0.123407,0.221314,0.9542
30,428.76,136.11,261.12,258.12,0.223313,0.126026,0.136002,0.239002,0.9534
30,1665.93,687.47,220.26,222.5,0.86767,0.636542,0.114716,0.206018,0.9494
30,660.1,623.81,200.74,200.84,0.343802,0.577606,0.10455,0.185959,0.9472
30,1713.01,878.49,65.0,64.97,0.892193,0.813412,0.033856,0.060156,0.9468
30,1175.07,749.82,294.74,298.66,0.612017,0.694281,0.153508,0.27654,0.9464
30,945.34,440.62,129.49,129.06,0.492363,0.407984,0.067442,0.119497,0.9419
30,640.18,173.27,61.43,61.55,0.333425,0.160437,0.031994,0.056988,0.9274
30,1052.19,421.84,205.85,210.02,0.548015,0.390595,0.107216,0.194459,0.9274
30,1714.77,59.6,209.14,116.1,0.89311,0.055186,0.108925,0.107503,0.915
30,425.78,843.85,58.3,57.27,0.221759,0.781344,0.030362,0.053029,0.9061
30,455.52,1016.28,60.6,61.66,0.237251,0.941002,0.031561,0.057093,0.8856
30,765.22,27.3,182.02,53.91,0.398552,0.025277,0.0948,0.049917,0.7981
30,1162.24,1047.19,250.16,65.63,0.605332,0.969616,0.130292,0.060768,0.7806
31,1484.61,363.76,303.4,303.4,0.773234,0.336817,0.158018,0.28093,0.9612
31,1164.51,770.96,296.6,298.82,0.606515,0.71385,0.154478,0.276681,0.9554
31,420.33,154.99,258.71,256.42,0.218921,0.143507,0.134745,0.237423,0.9538
31,934.46,461.15,130.86,127.36,0.486696,0.426989,0.068157,0.11793,0.9522
31,1658.42,706.96,219.16,220.37,0.86376,0.654594,0.114145,0.204044,0.951
31,227.84,777.92,250.25,250.27,0.118665,0.720295,0.130338,0.231728,0.951
31,1042.15,441.71,208.11,207.26,0.542787,0.408988,0.108392,0.19191,0.9503
31,559.0,469.85,231.36,230.58,0.291144,0.435048,0.120499,0.213496,0.9458
31,651.6,643.98,200.89,205.3,0.339376,0.596276,0.104632,0.190093,0.9419
31,1704.6,898.57,65.83,66.5,0.887811,0.83201,0.034284,0.061578,0.9348
31,1706.61,69.17,202.07,137.43,0.888857,0.064049,0.105245,0.127249,0.9324
31,416.94,864.13,57.75,57.78,0.217157,0.800121,0.030077,0.053503,0.9134
31,766.26,38.3,194.53,76.61,0.399092,0.035466,0.10132,0.070932,0.8854
31,446.95,1036.24,58.95,59.88,0.232786,0.95948,0.030705,0.055445,0.8211
31,630.63,192.3,61.59,63.52,0.328452,0.178051,0.032077,0.058816,0.8151
32,1155.56,790.81,295.64,297.7,0.601854,0.732234,0.15398,0.275652,0.9562
32,411.29,173.47,258.89,257.17,0.214212,0.160621,0.134838,0.238122,0.9544
32,217.39,797.78,249.02,250.51,0.113223,0.73869,0.1297,0.231955,0.9518
32,1474.88,383.7,301.2,303.87,0.768166,0.355279,0.156877,0.281365,0.9509
32,642.15,664.69,203.92,204.33,0.334454,0.615457,0.106208,0.189194,0.9446
32,1034.24,460.95,209.67,211.31,0.538665,0.426807,0.109205,0.195661,0.9437
32,549.98,489.86,237.31,237.55,0.28645,0.453574,0.123597,0.21995,0.9417
32,1695.41,79.92,201.03,157.82,0.883026,0.073998,0.104703,0.14613,0.9369
32,1650.18,728.08,217.58,221.54,0.859468,0.674152,0.113322,0.205132,0.9354
32,1695.52,917.98,65.69,66.5,0.883085,0.84998,0.034212,0.061572,0.9302
32,927.47,481.27,127.48,127.08,0.483056,0.44562,0.066397,0.117666,0.9297
32,757.59,48.23,194.03,96.47,0.394576,0.044662,0.10106,0.089323,0.9098
32,622.1,211.91,61.76,61.85,0.324012,0.196214,0.032168,0.05727,0.8696
33,210.01,815.17,250.39,249.38,0.109378,0.754791,0.13041,0.230904,0.9554
33,1149.08,807.88,297.43,299.13,0.598477,0.748035,0.15491,0.276969,0.9552
33,401.4,192.83,260.05,260.84,0.209063,0.178545,0.135442,0.241515,0.9524
33,1469.22,403.32,300.87,301.0,0.765217,0.373447,0.156702,0.278701,0.9515
33,633.99,681.87,202.16,201.9,0.330203,0.631362,0.105294,0.186944,0.947
33,918.86,498.86,131.8,129.56,0.478572,0.461907,0.068647,0.119967,0.9469
33,542.33,508.57,238.59,238.37,0.282465,0.470903,0.124266,0.220714,0.9446
33,1640.76,746.96,221.22,225.06,0.854562,0.69163,0.115219,0.208387,0.9444
33,1687.21,936.67,64.19,64.14,0.878754,0.86729,0.033435,0.059392,0.9439
33,1024.5,480.89,207.18,208.84,0.533593,0.445271,0.107904,0.193372,0.939
33,748.24,56.55,194.43,112.59,0.38971,0.052359,0.101266,0.104248,0.9307
33,1686.74,88.38,196.77,176.76,0.878511,0.081832,0.102486,0.163664,0.9303
33,398.37,901.99,57.81,57.59,0.207483,0.835172,0.03011,0.053321,0.9256
33,613.21,230.53,62.22,61.82,0.319381,0.213451,0.032408,0.057243,0.9053
33,1181.46,30.86,211.86,61.34,0.615343,0.028576,0.110343,0.056797,0.7865
34,1136.78,828.57,295.95,298.24,0.592075,0.76719,0.154143,0.276149,0.9619
34,1458.81,422.05,300.82,302.2,0.759795,0.390785,0.156679,0.279818,0.9564
34,739.82,67.47,197.14,134.06,0.385324,0.062474,0.102679,0.12413,0.9545
34,198.76,834.08,250.19,249.44,0.10352,0.772295,0.130308,0.230964,0.9529
34,392.28,211.59,257.18,256.5,0.204311,0.195916,0.133946,0.237498,0.9525
34,1015.06,499.34,209.51,209.12,0.528675,0.462356,0.109121,0.193631,0.9508
34,1633.09,765.01,217.98,223.25,0.850565,0.708341,0.113529,0.20671,0.9506
34,532.62,529.35,232.91,234.56,0.277406,0.490141,0.121307,0.217183,0.9476
34,907.69,518.67,130.09,127.1,0.472753,0.480248,0.067755,0.117684,0.9437
34,624.45,701.7,202.08,202.93,0.325232,0.649719,0.105249,0.187895,0.9392
34,1676.69,955.84,66.62,65.49,0.873276,0.885037,0.034696,0.060635,0.9294
34,1679.73,97.62,200.53,193.43,0.874859,0.090387,0.104441,0.179101,0.9216
34,603.94,250.09,63.1,63.39,0.314552,0.231563,0.032866,0.058692,0.8879
34,1170.55,40.26,195.95,79.62,0.609663,0.03728,0.102057,0.073721,0.8779
34,163.31,31.24,265.18,62.47,0.085057,0.028923,0.138114,0.057845,0.7097
35,1129.9,846.29,297.84,298.82,0.58849,0.783601,0.155125,0.276688,0.9594
35,1449.84,439.34,300.55,303.19,0.755126,0.4068,0.156538,0.280735,0.9566
35,730.67,75.16,195.18,149.08,0.380557,0.069596,0.101658,0.138039,0.9554
35,614.73,720.16,204.07,206.22,0.320171,0.666811,0.106285,0.190949,0.9545
35,190.16,854.28,249.85,250.85,0.099041,0.791,0.130132,0.23227,0.9538
35,384.04,229.31,257.26,256.28,0.20002,0.212329,0.13399,0.237296,0.9535
35,1008.33,518.63,209.21,209.43,0.525172,0.480209,0.108966,0.193915,0.949
35,523.52,547.31,236.92,235.53,0.272667,0.506769,0.123397,0.218087,0.9474
35,1623.49,783.58,218.88,219.68,0.845567,0.725534,0.114,0.203403,0.945
35,1668.3,975.44,65.5,66.47,0.868907,0.903182,0.034115,0.06155,0.9403
35,1670.5,113.89,201.54,201.8,0.870051,0.10545,0.104968,0.186854,0.9324
35,899.91,536.8,127.97,127.66,0.468705,0.497037,0.066653,0.118203,0.9264
35,1162.63,49.42,201.42,98.84,0.605539,0.045759,0.104907,0.091519,0.9066
35,381.28,940.77,58.36,57.69,0.198581,0.871081,0.030398,0.053416,0.9057
35,595.37,269.2,61.91,60.9,0.310088,0.249262,0.032246,0.056391,0.8917
35,158.47,41.45,258.63,82.91,0.082535,0.038383,0.134705,0.076765,0.8397
36,1440.99,459.16,300.71,301.75,0.750516,0.425146,0.156619,0.2794,0.9618
36,374.93,249.8,259.0,259.25,0.195274,0.231298,0.134895,0.240049,0.9584
36,181.61,870.97,250.43,249.31,0.094588,0.806453,0.13043,0.230845,0.9578
36,1122.71,864.26,296.18,297.68,0.584745,0.800236,0.154259,0.275633,0.9551
36,514.96,565.69,236.75,237.14,0.26821,0.523784,0.123305,0.219579,0.955
36,719.88,85.13,197.25,168.73,0.374938,0.078823,0.102737,0.156235,0.9536
36,890.86,555.19,127.5,126.15,0.463987,0.514062,0.066407,0.116805,0.9492
36,605.67,738.06,199.9,201.75,0.315455,0.683385,0.104114,0.186804,0.949
36,996.03,537.01,207.82,209.38,0.518766,0.497235,0.108239,0.193866,0.94
36,1614.61,801.75,222.98,221.8,0.840942,0.742359,0.116134,0.205374,0.9386
36,1154.93,58.38,197.88,116.25,0.601526,0.054052,0.103063,0.107634,0.934
36,1659.95,993.33,64.94,66.27,0.864557,0.91975,0.033825,0.061364,0.9339
36,1662.3,132.29,199.67,200.85,0.865781,0.122487,0.103995,0.185974,0.9271
36,586.17,287.37,61.36,61.62,0.305298,0.266085,0.031958,0.057055,0.905
36,143.24,51.51,268.87,102.56,0.074605,0.047691,0.140035,0.094966,0.8798
37,1432.34,478.95,304.33,302.14,0.746011,0.443468,0.158507,0.279762,0.9621
37,366.3,265.79,258.91,260.04,0.19078,0.246097,0.134849,0.240775,0.9575
37,173.59,888.4,250.81,249.81,0.090414,0.822593,0.130628,0.231302,0.9554
37,1606.84,821.21,222.83,222.72,0.836896,0.760378,0.116057,0.20622,0.9524
37,713.17,94.43,195.92,188.33,0.371445,0.087431,0.102043,0.174379,0.9472
37,1113.04,885.48,299.12,298.61,0.579708,0.819887,0.155791,0.276487,0.9471
37,989.87,554.96,207.47,207.49,0.515556,0.513851,0.108057,0.192121,0.9449
37,504.42,582.32,233.14,231.59,0.262717,0.539181,0.121426,0.214438,0.9448
37,1653.44,150.82,199.66,199.34,0.861164,0.139644,0.103988,0.184574,0.9434
37,598.73,757.06,200.6,200.24,0.31184,0.700979,0.104479,0.185403,0.9372
37,882.78,575.18,127.71,127.81,0.459783,0.532573,0.066515,0.118338,0.9332
37,1146.76,67.53,198.58,133.84,0.59727,0.062526,0.103429,0.123924,0.926
37,1650.4,1011.97,64.51,63.95,0.859582,0.937008,0.0336,0.059214,0.9104
37,138.86,59.58,270.84,119.16,0.072321,0.055169,0.141062,0.110337,0.9066
37,362.84,977.24,58.78,58.24,0.188979,0.904855,0.030614,0.053925,0.9036
37,577.52,305.5,60.95,62.06,0.300793,0.282872,0.031747,0.057466,0.9035
38,1424.36,495.4,305.14,304.87,0.741852,0.458702,0.158926,0.282286,0.961
38,589.32,774.19,202.9,201.44,0.306936,0.716841,0.10568,0.186518,0.954
38,356.8,284.9,259.46,258.66,0.185835,0.263794,0.135133,0.239505,0.9534
38,165.23,909.08,249.03,250.38,0.086056,0.841743,0.129704,0.231835,0.9519
38,1597.64,838.77,220.04,220.56,0.832102,0.776641,0.114606,0.204221,0.9499
38,981.14,572.42,206.26,208.07,0.511009,0.530018,0.107427,0.192659,0.9497
38,1102.97,902.09,297.34,302.49,0.574463,0.835264,0.154866,0.280081,0.9481
38,702.38,107.3,194.31,197.1,0.365824,0.099352,0.101203,0.182503,0.946
38,497.24,601.16,233.63,234.35,0.258979,0.556628,0.121683,0.216988,0.9455
38,1642.51,1030.2,64.68,65.54,0.855472,0.953889,0.033685,0.060685,0.9445
38,1642.79,167.18,200.19,203.82,0.855619,0.154793,0.104268,0.188718,0.9384
38,1136.33,75.67,195.08,150.07,0.591839,0.070066,0.101603,0.138957,0.938
38,872.51,592.89,128.09,127.27,0.454431,0.548971,0.066712,0.117847,0.935
38,353.78,995.38,57.82,56.76,0.184263,0.921651,0.030113,0.052553,0.9304
38,131.31,67.52,262.63,135.04,0.068392,0.062518,0.136784,0.125036,0.9167
38,568.14,323.64,62.09,61.45,0.295906,0.299668,0.032336,0.056902,0.8832
39,348.42,301.04,258.77,259.68,0.181471,0.278744,0.134778,0.240441,0.955
39,1095.39,919.05,292.84,296.81,0.570518,0.850973,0.152522,0.274826,0.9514
39,971.58,590.23,210.59,208.87,0.506033,0.546513,0.109685,0.193396,0.9502
39,155.05,925.34,248.27,248.4,0.080757,0.856797,0.129308,0.230003,0.9502
39,863.98,610.86,126.9,127.89,0.449989,0.565609,0.066096,0.118416,0.9483
39,1414.65,514.05,301.91,303.68,0.736798,0.475974,0.157244,0.281181,0.9477
39,1636.04,184.57,201.29,201.31,0.852104,0.170895,0.104837,0.186398,0.9462
39,1590.0,857.25,219.11,222.88,0.828125,0.793747,0.114121,0.206367,0.9458
39,693.43,125.94,191.88,193.19,0.36116,0.116611,0.09994,0.178879,0.9451
39,489.27,620.68,238.01,235.86,0.254826,0.574705,0.123964,0.218387,0.9422
39,581.82,790.43,205.26,206.15,0.30303,0.731877,0.106907,0.190878,0.94
39,1129.07,84.64,193.83,169.29,0.588055,0.078374,0.100952,0.156748,0.9388
39,128.62,78.44,255.78,156.88,0.066989,0.07263,0.133217,0.145261,0.9246
39,1633.09,1046.52,67.07,65.2,0.850568,0.969002,0.03493,0.060369,0.9084
39,559.44,342.08,62.89,62.94,0.291376,0.316744,0.032753,0.058274,0.8582
40,1404.83,530.55,299.19,300.88,0.731683,0.491247,0.155828,0.27859,0.9567
40,1086.34,932.08,298.15,293.54,0.565802,0.863036,0.155286,0.271801,0.9537
40,339.1,321.56,258.23,257.14,0.176613,0.297744,0.134494,0.238094,0.9535
40,146.86,942.28,250.82,250.63,0.07649,0.87248,0.130636,0.232063,0.9505
40,686.97,142.93,199.25,197.87,0.357798,0.132343,0.103774,0.183215,0.9501
40,572.0,809.25,201.09,205.0,0.297918,0.749308,0.104737,0.189819,0.9486
40,479.39,636.26,236.79,236.37,0.249682,0.589126,0.123328,0.218858,0.9474
40,1119.73,93.29,194.41,186.57,0.583194,0.086377,0.101256,0.172754,0.9449
40,123.72,86.16,247.44,172.32,0.064437,0.079777,0.128874,0.159555,0.9411
40,1579.98,873.8,220.71,223.8,0.822908,0.809077,0.114952,0.20722,0.9409
40,963.73,607.33,206.61,209.52,0.501943,0.562346,0.107608,0.194001,0.9375
40,1626.15,203.48,200.11,201.05,0.846951,0.188408,0.104223,0.186157,0.9306
40,854.67,627.03,127.77,127.97,0.445139,0.580587,0.066549,0.118489,0.9216
40,550.27,359.32,61.78,61.07,0.286598,0.332708,0.032177,0.056549,0.9105
40,1626.12,1057.26,68.26,45.3,0.846935,0.978941,0.035553,0.041946,0.8192
40,1804.56,14.35,78.85,28.69,0.939874,0.013284,0.041068,0.026569,0.7941
41,1397.57,548.57,301.56,302.86,0.727902,0.507932,0.157061,0.280428,0.9562
41,844.42,644.57,131.5,126.31,0.439803,0.596827,0.068488,0.116956,0.9555
41,1076.45,941.38,295.93,276.76,0.560654,0.871646,0.154132,0.256256,0.9555
41,329.7,337.09,260.4,258.59,0.171721,0.312122,0.135626,0.239431,0.9527
41,137.97,956.49,250.53,245.3,0.07186,0.885641,0.130485,0.227125,0.9524
41,677.7,159.95,195.58,196.68,0.352967,0.148104,0.101862,0.182115,0.9512
41,471.17,654.01,236.09,236.01,0.245401,0.605563,0.122961,0.218528,0.9487
41,562.46,826.44,199.5,204.81,0.29295,0.76522,0.103906,0.189635,0.9486
41,117.01,95.05,234.02,190.11,0.060944,0.088013,0.121887,0.176025,0.9456
41,1570.89,891.28,218.75,218.44,0.818174,0.825261,0.113933,0.202263,0.9419
41,1110.17,105.93,193.99,192.93,0.578212,0.098085,0.101038,0.17864,0.9409
41,952.77,625.26,209.93,208.25,0.496236,0.578941,0.109336,0.192824,0.928
41,1617.19,220.8,199.61,201.35,0.842286,0.204441,0.103965,0.186437,0.9216
41,541.39,376.54,62.05,62.71,0.281976,0.348651,0.032319,0.058069,0.8916
41,1797.24,23.9,81.87,47.8,0.936063,0.022131,0.042638,0.044262,0.817
42,1387.85,565.98,301.5,302.48,0.722836,0.524057,0.157033,0.280078,0.9576
42,1068.01,950.33,296.19,258.97,0.556255,0.879931,0.154268,0.239788,0.9533
42,321.87,353.46,259.09,256.32,0.167642,0.327282,0.134941,0.237337,0.9531
42,667.29,175.1,195.78,195.99,0.347548,0.162128,0.101966,0.18147,0.9528
42,947.27,641.49,210.54,212.15,0.493368,0.593975,0.109654,0.196438,0.9504
42,113.53,104.29,227.06,208.59,0.05913,0.096568,0.118261,0.193136,0.9494
42,552.89,843.64,203.0,202.71,0.287964,0.781152,0.105727,0.187692,0.9472
42,1100.92,123.88,191.8,193.35,0.573395,0.114705,0.099895,0.179023,0.9469
42,461.12,671.1,237.65,236.48,0.240166,0.621393,0.123774,0.218959,0.9458
42,127.57,965.36,252.77,228.52,0.066444,0.893855,0.131652,0.211594,0.9455
42,838.45,662.15,128.25,127.47,0.43669,0.613101,0.066797,0.118032,0.9391
42,1609.59,239.39,202.94,203.33,0.838328,0.22166,0.1057,0.188269,0.9373
42,1564.23,907.97,221.67,221.93,0.814701,0.840714,0.115453,0.205491,0.9355
42,532.32,393.4,62.24,63.39,0.277252,0.364263,0.032416,0.05869,0.8574
42,1786.41,32.2,80.39,61.4,0.930421,0.029817,0.041869,0.056848,0.8467
42,1890.61,110.97,58.79,159.07,0.984691,0.102754,0.030619,0.14729,0.8089
42,1289.71,19.09,87.29,38.18,0.671724,0.017676,0.045466,0.035352,0.7356
43,1379.4,582.93,301.23,299.76,0.718438,0.539746,0.156892,0.277553,0.9606
43,123.92,973.52,247.84,212.38,0.064542,0.90141,0.129084,0.196644,0.9599
43,452.48,687.35,238.03,238.72,0.235664,0.636439,0.123975,0.22104,0.9569
43,1062.0,956.92,296.05,243.5,0.553122,0.886033,0.154194,0.225467,0.9568
43,311.49,372.12,260.52,258.38,0.162235,0.344558,0.135689,0.239242,0.9566
43,829.21,678.07,127.99,127.6,0.43188,0.62784,0.066661,0.118151,0.9518
43,659.6,191.93,195.03,195.44,0.343542,0.177709,0.101577,0.180959,0.9504
43,544.55,859.77,202.09,202.64,0.283617,0.796083,0.105255,0.18763,0.9493
43,1092.44,141.0,195.59,194.67,0.568979,0.130555,0.101871,0.180253,0.9473
43,107.98,111.4,215.95,222.79,0.056237,0.103145,0.112475,0.20629,0.9443
43,1554.39,924.67,225.15,225.18,0.80958,0.856178,0.117266,0.208502,0.9403
43,935.74,659.03,206.9,208.99,0.487364,0.610214,0.107761,0.193507,0.9374
43,1600.25,255.35,200.58,202.27,0.833464,0.236438,0.104469,0.187284,0.9333
43,523.46,410.12,62.34,62.24,0.272637,0.379737,0.032467,0.057633,0.9196
43,1778.44,43.31,78.23,77.1,0.926268,0.040106,0.040742,0.071393,0.8841
43,1278.48,28.24,87.94,52.19,0.665875,0.026151,0.045804,0.048322,0.8526
43,1888.19,125.19,62.72,156.07,0.983435,0.115921,0.032667,0.144506,0.8493
43,1869.32,28.48,98.93,54.34,0.973605,0.026368,0.051526,0.050315,0.7868
43,307.91,1066.73,59.23,25.56,0.160371,0.987711,0.030847,0.023671,0.7385
44,1370.61,599.56,305.41,303.15,0.713861,0.555148,0.159066,0.280697,0.961
44,303.35,386.29,257.81,256.38,0.157995,0.357675,0.134278,0.237392,0.9559
44,118.23,982.27,236.47,194.76,0.06158,0.909507,0.12316,0.180332,0.9535
44,1082.88,156.07,195.92,194.95,0.564002,0.144506,0.10204,0.180508,0.9516
44,1546.67,941.45,220.34,222.24,0.805559,0.871712,0.114759,0.205773,0.9509
44,650.43,209.14,195.21,197.72,0.338766,0.193648,0.101672,0.183074,0.9493
44,927.58,674.36,207.26,208.59,0.483113,0.624405,0.107947,0.19314,0.9488
44,1050.6,967.95,298.1,224.1,0.547186,0.89625,0.155258,0.207499,0.9474
44,1592.06,271.53,201.01,199.01,0.829196,0.251414,0.104691,0.18427,0.9453
44,102.09,117.77,204.19,235.54,0.053174,0.109046,0.106348,0.218093,0.9447
44,442.66,703.47,233.81,233.9,0.230552,0.651362,0.121776,0.216577,0.9443
44,819.64,696.25,129.63,127.72,0.426894,0.644674,0.067515,0.118262,0.9405
44,536.44,877.24,201.36,201.07,0.279396,0.81226,0.104873,0.186173,0.9384
44,1269.86,34.77,83.39,68.29,0.661384,0.032197,0.04343,0.063234,0.9052
44,514.64,426.79,60.49,60.82,0.268042,0.395176,0.031507,0.056314,0.9008
44,1770.09,55.91,82.99,84.35,0.921921,0.051771,0.043223,0.078104,0.8642
44,1884.89,143.1,69.34,159.07,0.981712,0.132498,0.036113,0.14729,0.8638
45,1363.12,614.43,304.85,304.01,0.70996,0.568918,0.158776,0.281487,0.96
45,293.75,402.32,259.98,259.79,0.152993,0.372521,0.135407,0.240544,0.9544
45,1581.83,286.51,198.73,201.55,0.82387,0.265289,0.103505,0.186622,0.9484
45,641.57,225.67,194.96,197.46,0.334151,0.208952,0.101542,0.18283,0.9472
45,526.92,892.31,203.73,202.04,0.274439,0.826212,0.106109,0.187078,0.9463
45,1039.28,975.1,298.18,209.79,0.541291,0.902873,0.1553,0.194254,0.946
45,918.42,690.15,208.57,208.29,0.478346,0.639028,0.108632,0.19286,0.9459
45,434.31,720.31,232.37,232.75,0.226205,0.666956,0.121025,0.215512,0.9458
45,1535.14,956.57,218.72,219.76,0.79955,0.88571,0.113916,0.203483,0.9457
45,112.55,989.98,225.11,178.38,0.058622,0.916652,0.117245,0.165166,0.9451
45,99.83,127.64,199.66,254.97,0.051994,0.118187,0.103989,0.23608,0.9436
45,1077.05,173.17,195.04,193.89,0.560966,0.160346,0.101583,0.17953,0.9416
45,505.21,442.76,61.38,61.61,0.263128,0.409959,0.031968,0.057043,0.9324
45,810.67,712.15,127.27,128.66,0.422225,0.659395,0.066284,0.119133,0.9297
45,1761.97,74.06,79.91,79.42,0.917692,0.06857,0.04162,0.07354,0.9021
45,1263.56,44.4,83.33,82.27,0.658105,0.041114,0.043403,0.076173,0.8985
45,1877.53,157.49,84.6,154.25,0.97788,0.145825,0.044062,0.14282,0.8789
45,1567.78,22.32,60.7,44.38,0.816552,0.020671,0.031614,0.041097,0.8586
45,1854.81,43.41,103.14,86.81,0.966045,0.04019,0.05372,0.080381,0.8433
45,1780.68,27.69,85.98,54.51,0.927437,0.025635,0.044781,0.050473,0.7792
45,1774.4,18.82,73.97,37.64,0.924166,0.017424,0.038525,0.034847,0.7005
46,286.45,417.25,260.7,261.45,0.149191,0.386345,0.135784,0.242085,0.9556
46,801.13,729.01,127.62,128.71,0.417255,0.675009,0.066469,0.119175,0.9506
46,1352.3,630.39,303.26,303.05,0.704321,0.583698,0.157945,0.280605,0.9495
46,910.35,706.65,209.41,210.23,0.474139,0.654308,0.109068,0.194653,0.9469
46,1065.76,187.95,192.64,194.18,0.555084,0.174025,0.100334,0.179798,0.9457
46,1573.18,301.95,201.8,202.79,0.819365,0.279588,0.105102,0.187771,0.9449
46,631.31,242.8,193.89,194.34,0.328807,0.224819,0.100983,0.179946,0.9442
46,518.3,909.25,199.69,201.85,0.269945,0.841899,0.104006,0.186899,0.9393
46,425.05,736.32,238.7,236.16,0.221382,0.681782,0.124321,0.218665,0.9379
46,1033.04,984.54,294.31,190.81,0.53804,0.91161,0.153285,0.176678,0.9374
46,1528.26,970.1,220.18,214.31,0.795967,0.898245,0.114678,0.198436,0.9363
46,108.99,999.37,217.99,161.26,0.056768,0.925343,0.113536,0.149315,0.9305
46,97.72,136.66,195.45,266.95,0.050898,0.126534,0.101797,0.247171,0.921
46,1753.57,91.65,78.56,78.37,0.91332,0.084865,0.040918,0.07256,0.9109
46,1874.72,174.74,89.66,161.76,0.976415,0.161793,0.0467,0.149779,0.9059
46,1843.14,54.7,107.45,101.47,0.959969,0.050651,0.055965,0.093954,0.9
46,495.86,459.91,62.14,62.26,0.258261,0.425841,0.032362,0.057645,0.8977
46,1253.46,60.06,85.04,86.47,0.652845,0.05561,0.044294,0.080063,0.8772
46,1557.88,30.62,61.98,59.99,0.811397,0.028347,0.032283,0.055549,0.8761
46,1773.54,34.78,94.93,68.84,0.923717,0.0322,0.049443,0.063742,0.8686
46,1686.3,23.31,84.89,46.61,0.87828,0.02158,0.044212,0.04316,0.835
47,1345.4,646.25,302.27,304.97,0.700729,0.598384,0.15743,0.282377,0.957
47,276.72,434.57,259.41,261.95,0.144127,0.40238,0.13511,0.24255,0.9527
47,508.6,923.97,200.96,200.71,0.264898,0.855531,0.104667,0.185847,0.951
47,623.22,256.6,194.94,193.33,0.324595,0.237594,0.101531,0.179013,0.9507
47,416.34,751.68,235.75,238.45,0.216843,0.696004,0.122787,0.220786,0.9474
47,1057.16,204.25,194.36,192.76,0.550604,0.189124,0.101227,0.178477,0.945
47,901.02,724.21,209.56,209.33,0.46928,0.670567,0.109144,0.193829,0.9393
47,1023.95,992.31,295.65,175.39,0.533306,0.918803,0.153985,0.162395,0.9355
47,1565.48,317.5,200.8,200.77,0.815354,0.293981,0.104582,0.185901,0.935
47,792.23,744.12,129.21,128.93,0.412618,0.689004,0.067296,0.119378,0.9309
47,1519.64,977.87,219.65,204.27,0.791479,0.905432,0.114402,0.189136,0.9303
47,104.98,1006.78,209.96,145.47,0.054678,0.932203,0.109356,0.134695,0.9215
47,90.92,152.04,181.84,266.24,0.047354,0.140776,0.094708,0.246515,0.9213
47,1548.74,44.8,61.45,62.74,0.806636,0.041479,0.032007,0.058088,0.9188
47,1743.47,105.74,80.83,78.72,0.908056,0.097906,0.042098,0.072886,0.9028
47,487.17,474.98,62.77,62.51,0.253732,0.439793,0.032693,0.057877,0.9024
47,1244.9,74.23,84.47,84.95,0.648385,0.068729,0.043997,0.078659,0.8918
47,1868.64,186.67,102.71,164.65,0.973251,0.172847,0.053497,0.152458,0.887
47,1764.85,42.9,94.09,85.79,0.919195,0.039719,0.049006,0.079438,0.8807
47,1675.89,31.51,90.82,61.86,0.872861,0.029179,0.047303,0.057278,0.8614
47,1836.31,66.36,106.13,108.08,0.95641,0.061441,0.055276,0.100071,0.842
47,108.97,32.85,212.91,65.7,0.056755,0.030416,0.110888,0.060832,0.7905
48,1335.57,661.75,303.93,303.81,0.69561,0.612736,0.158299,0.281308,0.9547
48,612.95,272.36,196.23,196.6,0.319247,0.252182,0.102203,0.18204,0.9541
48,892.92,736.54,208.89,211.22,0.46506,0.681982,0.108795,0.195574,0.9539
48,266.22,450.47,257.57,255.95,0.138657,0.417105,0.134149,0.236993,0.9533
48,407.95,768.15,234.34,235.95,0.212472,0.711251,0.122052,0.21847,0.9506
48,783.75,758.98,130.53,127.6,0.408203,0.702757,0.067986,0.11815,0.945
48,85.91,162.86,171.83,273.21,0.044746,0.150793,0.089492,0.252975,0.9406
48,502.27,940.45,202.52,204.88,0.261597,0.870788,0.10548,0.189702,0.9404
48,1048.05,218.42,192.78,193.72,0.545861,0.202242,0.100406,0.179373,0.9403
48,1554.49,334.36,202.48,198.46,0.809629,0.309593,0.10546,0.183764,0.9322
48,1015.06,997.13,296.13,162.31,0.528676,0.923272,0.154233,0.15029,0.931
48,1236.78,90.04,84.43,86.51,0.644157,0.083373,0.043973,0.080101,0.9282
48,1510.99,986.01,218.84,187.98,0.786974,0.912972,0.113978,0.174057,0.9281
48,1756.95,55.33,92.27,95.58,0.915078,0.051234,0.048056,0.088497,0.9197
48,1864.24,205.18,111.52,166.64,0.970958,0.189982,0.058084,0.154293,0.9171
48,98.54,1014.38,196.91,131.25,0.051323,0.939237,0.102559,0.121527,0.9121
48,1540.13,60.69,62.58,62.52,0.802149,0.056197,0.032595,0.057888,0.9118
48,1826.89,82.22,107.43,105.07,0.951504,0.076128,0.055953,0.09729,0.9103
48,1732.5,121.26,80.23,79.96,0.902344,0.112281,0.041789,0.074034,0.9064
48,477.96,489.34,62.72,62.88,0.24894,0.453091,0.032668,0.058224,0.8925
48,1668.99,39.32,85.98,77.21,0.869266,0.03641,0.044783,0.071492,0.8732
48,100.93,44.02,201.85,88.04,0.052566,0.040761,0.105132,0.081521,0.8209
49,1328.14,676.41,303.41,303.86,0.691739,0.62631,0.158024,0.281353,0.9576
49,885.33,753.06,210.53,209.21,0.461107,0.697279,0.109652,0.193711,0.953
49,258.6,465.61,257.49,255.26,0.134689,0.431121,0.13411,0.23635,0.9528
49,1547.49,350.3,202.27,202.29,0.805985,0.324354,0.105348,0.187307,0.9518
49,490.95,954.23,201.62,202.44,0.255701,0.883542,0.10501,0.187441,0.9493
49,400.4,782.08,235.03,234.85,0.208539,0.724147,0.122409,0.217455,0.9483
49,1039.66,234.12,193.95,195.16,0.541488,0.216777,0.101013,0.180703,0.947
49,605.17,285.56,195.38,195.23,0.315194,0.264404,0.10176,0.180773,0.9459
49,775.29,774.42,130.25,128.22,0.403796,0.717059,0.067841,0.118725,0.9407
49,1503.59,992.83,223.35,172.67,0.783122,0.919284,0.116329,0.159876,0.9395
49,83.29,176.45,166.58,277.97,0.04338,0.163375,0.08676,0.25738,0.9379
49,1859.21,218.79,121.14,162.5,0.96834,0.202588,0.063096,0.150461,0.9196
49,1005.49,1005.48,295.0,149.05,0.523691,0.930997,0.153646,0.138007,0.9181
49,1747.3,68.66,93.3,94.19,0.91005,0.063572,0.048596,0.087217,0.9176
49,1660.91,50.36,86.31,86.03,0.865056,0.046628,0.044951,0.07966,0.9155
49,1226.95,104.15,82.85,83.57,0.639034,0.096434,0.043149,0.077381,0.9153
49,469.07,505.03,63.23,63.27,0.244308,0.46762,0.032934,0.058583,0.9079
49,1818.01,96.38,103.92,105.2,0.946878,0.08924,0.054126,0.097412,0.9068
49,1529.87,75.53,61.97,62.17,0.796805,0.069934,0.032277,0.057569,0.9041
49,96.39,1021.51,192.79,116.97,0.050206,0.945847,0.100411,0.108306,0.9033
49,1725.97,137.0,80.4,80.52,0.898945,0.126851,0.041873,0.074555,0.8939
49,95.27,53.9,190.54,107.72,0.049619,0.049907,0.099238,0.099745,0.854
49,723.29,23.79,164.8,46.76,0.376712,0.022027,0.085833,0.043297,0.7966
50,1318.75,691.18,304.14,303.9,0.686848,0.639979,0.158406,0.281385,0.9592
50,249.0,479.2,260.68,259.32,0.129689,0.443702,0.135772,0.240116,0.9541
50,1855.73,234.49,128.55,157.98,0.966524,0.217123,0.066952,0.146281,0.9483
50,390.02,798.24,233.59,235.72,0.203135,0.73911,0.121662,0.218258,0.9481
50,1031.59,247.61,195.86,194.77,0.537285,0.229269,0.102009,0.180346,0.9463
50,874.16,766.67,207.02,208.94,0.455289,0.709877,0.10782,0.193463,0.9452
50,765.27,788.95,127.66,129.3,0.398578,0.730505,0.06649,0.119724,0.9431
50,597.25,301.71,196.68,196.19,0.311065,0.279361,0.102436,0.181657,0.9419
50,1537.45,362.79,200.69,199.7,0.800756,0.335918,0.104527,0.184905,0.9415
50,482.85,969.19,198.78,200.27,0.251485,0.897396,0.103532,0.185434,0.9404
50,77.4,191.08,154.8,277.24,0.040312,0.17693,0.080624,0.256706,0.9401
50,1522.5,90.05,61.91,62.95,0.792966,0.083379,0.032247,0.058286,0.9316
50,1495.22,1002.36,221.5,155.27,0.778763,0.928114,0.115365,0.143772,0.9246
50,1808.64,111.77,105.8,105.87,0.941998,0.103488,0.055106,0.098026,0.9236
50,460.54,519.66,61.28,62.08,0.239866,0.481163,0.031915,0.057477,0.922
50,1716.04,150.43,80.54,81.22,0.893772,0.139286,0.04195,0.075207,0.9055
50,1737.77,85.1,95.05,94.55,0.905089,0.078798,0.049506,0.087542,0.9051
50,1218.85,119.8,84.19,86.06,0.634818,0.110923,0.043848,0.079684,0.9038
50,997.13,1015.46,303.81,129.08,0.519338,0.94024,0.158235,0.11952,0.8956
50,1650.69,64.47,87.4,86.13,0.859735,0.059695,0.045521,0.079749,0.8922
50,89.95,1029.4,179.91,101.19,0.046852,0.953151,0.093703,0.093698,0.853
50,87.32,58.95,174.64,114.68,0.045478,0.054586,0.090957,0.106187,0.8149
50,721.57,30.86,179.22,61.24,0.375818,0.028571,0.093341,0.056702,0.7795
51,1309.5,705.27,304.83,303.86,0.68203,0.653028,0.158765,0.28135,0.963
51,473.96,981.22,201.1,196.47,0.246852,0.908533,0.104742,0.18192,0.956
51,240.69,493.29,260.6,259.91,0.125362,0.456752,0.135728,0.240654,0.9557
51,587.44,315.86,196.39,197.28,0.305959,0.292467,0.102288,0.182671,0.9537
51,381.16,810.88,235.38,237.62,0.19852,0.750811,0.122592,0.220021,0.951
51,1022.29,262.21,194.34,193.41,0.532443,0.24279,0.101218,0.179082,0.9424
51,1530.29,377.25,200.57,201.34,0.797027,0.34931,0.104463,0.186427,0.9392
51,1486.34,1006.99,226.73,146.01,0.774137,0.932402,0.118089,0.135197,0.9386
51,755.57,802.88,129.04,127.16,0.393528,0.743409,0.067206,0.117742,0.9381
51,71.82,204.93,143.64,271.65,0.037405,0.189752,0.074811,0.251527,0.9363
51,864.72,780.64,207.07,209.75,0.450375,0.722813,0.107846,0.194218,0.9338
51,1851.87,249.22,135.36,156.32,0.964517,0.230762,0.070501,0.144743,0.9325
51,1708.18,165.72,77.92,78.16,0.889678,0.153449,0.040584,0.072373,0.9082
51,1729.03,98.37,93.68,94.38,0.900535,0.091086,0.048789,0.087387,0.9045
51,1209.45,132.48,84.44,85.62,0.629922,0.122665,0.043978,0.079281,0.9003
51,1641.59,77.84,86.83,87.94,0.854997,0.072071,0.045222,0.081428,0.8972
51,986.83,1021.46,294.6,117.08,0.513972,0.945796,0.153438,0.108407,0.8925
51,1513.3,104.51,61.16,61.77,0.788179,0.096769,0.031856,0.057197,0.8913
51,451.66,534.54,61.83,61.79,0.235241,0.494941,0.032204,0.057214,0.8886
51,712.26,37.78,180.35,75.36,0.370966,0.034978,0.093932,0.069776,0.869
51,1800.23,125.08,105.92,105.94,0.93762,0.115815,0.055168,0.098092,0.8686
51,88.93,1037.83,177.85,84.34,0.046317,0.960954,0.092628,0.078091,0.8179
51,90.31,65.52,180.62,130.98,0.047037,0.060663,0.094075,0.121278,0.7965
51,191.62,23.68,201.23,47.37,0.0998,0.02193,0.104805,0.04386,0.7237
52,1300.18,720.78,305.94,304.34,0.677178,0.667388,0.159344,0.2818,0.9584
52,577.99,327.56,195.41,196.31,0.301036,0.303294,0.101778,0.181769,0.9517
52,230.92,507.71,261.21,257.13,0.120272,0.470103,0.136048,0.23808,0.9514
52,858.65,795.2,208.61,210.5,0.447215,0.736296,0.108653,0.194906,0.95
52,465.5,986.89,201.6,186.21,0.242449,0.913789,0.104998,0.172421,0.9495
52,1846.69,264.25,146.63,159.28,0.961815,0.244675,0.076369,0.147482,0.9472
52,371.9,822.5,238.58,237.13,0.193696,0.761577,0.124258,0.219562,0.9468
52,746.9,816.35,128.68,126.95,0.389011,0.755883,0.067022,0.11755,0.9443
52,1013.3,276.66,192.48,194.2,0.527759,0.25617,0.100251,0.179816,0.9415
52,1520.67,391.43,200.36,201.76,0.792015,0.362436,0.104353,0.186819,0.9379
52,1790.57,140.19,105.47,104.72,0.93259,0.129804,0.054931,0.096964,0.9305
52,1505.3,119.08,62.59,62.02,0.78401,0.11026,0.032597,0.057427,0.9284
52,67.55,221.58,135.11,268.52,0.035184,0.205168,0.070368,0.248628,0.9282
52,1719.66,111.43,93.06,93.16,0.895658,0.103179,0.048467,0.086256,0.9251
52,442.0,547.64,62.36,63.0,0.230208,0.507072,0.032478,0.058331,0.925
52,1634.21,93.29,87.02,86.75,0.851152,0.086384,0.045321,0.080322,0.9227
52,1477.96,1015.77,223.28,128.45,0.769773,0.940532,0.116289,0.118936,0.9208
52,698.3,45.92,165.36,89.36,0.3637,0.042521,0.086125,0.082742,0.9077
52,1200.7,147.99,83.79,84.56,0.625365,0.13703,0.043643,0.078294,0.893
52,1699.6,178.59,83.9,82.95,0.885209,0.165364,0.043695,0.076804,0.8854
52,979.27,1030.62,287.17,98.75,0.510036,0.954282,0.149566,0.091437,0.8393
52,78.49,73.41,156.9,146.82,0.04088,0.067971,0.081717,0.135941,0.788
52,83.06,1043.58,165.9,72.84,0.043262,0.96628,0.086406,0.06744,0.7539
52,187.07,33.62,234.65,67.2,0.097435,0.031126,0.122212,0.062225,0.7062
53,739.53,830.12,130.22,128.51,0.38517,0.768628,0.067824,0.11899,0.957
53,1290.73,731.88,303.91,303.84,0.672253,0.677667,0.158287,0.281335,0.9535
53,570.14,341.34,196.65,196.57,0.296948,0.316058,0.10242,0.182008,0.9523
53,221.7,519.49,257.84,256.02,0.115466,0.481009,0.134289,0.237053,0.9523
53,1003.87,290.57,192.98,194.61,0.522849,0.269043,0.100512,0.180197,0.95
53,362.55,836.61,236.24,235.64,0.188828,0.774639,0.123041,0.218185,0.9486
53,455.59,994.23,201.13,171.54,0.237287,0.920582,0.104754,0.158837,0.9483
53,1512.45,405.53,201.08,205.16,0.787732,0.375487,0.104729,0.189961,0.9385
53,847.21,809.77,208.51,209.47,0.441254,0.749789,0.108599,0.193957,0.9384
53,1843.67,276.71,151.6,159.16,0.960242,0.25621,0.078961,0.147371,0.9341
53,1495.89,133.05,62.33,62.2,0.779109,0.123194,0.032464,0.057592,0.9267
53,62.72,235.3,125.44,278.82,0.032667,0.217871,0.065334,0.258164,0.9242
53,1712.5,126.23,94.97,96.41,0.891929,0.116882,0.049463,0.08927,0.9239
53,1781.34,153.4,106.3,107.37,0.927781,0.142033,0.055367,0.099421,0.9143
53,1688.88,192.64,80.24,81.58,0.879624,0.17837,0.041792,0.075533,0.9027
53,1468.4,1020.91,225.46,116.85,0.764793,0.945291,0.117427,0.108196,0.9008
53,1625.2,107.25,86.61,87.56,0.846459,0.099307,0.045108,0.081074,0.9002
53,432.52,561.45,62.67,62.13,0.22527,0.519857,0.032642,0.057528,0.9
53,1191.65,161.19,84.83,87.11,0.620653,0.14925,0.044182,0.08066,0.8886
53,689.73,51.78,172.98,102.18,0.359233,0.047944,0.090092,0.094609,0.8852
53,965.67,1038.38,285.01,83.24,0.502954,0.961465,0.148445,0.07707,0.7966
53,187.16,41.44,222.67,82.87,0.097477,0.038367,0.115974,0.076733,0.7666
53,791.25,14.96,104.01,29.91,0.412108,0.013848,0.054171,0.027696,0.7309
53,75.0,81.75,149.81,163.2,0.03906,0.075695,0.078026,0.151107,0.7121
53,1718.07,11.18,58.13,22.37,0.89483,0.010355,0.030276,0.02071,0.7018
54,1837.75,291.05,160.19,162.54,0.957164,0.269495,0.083431,0.150502,0.9602
54,996.81,303.88,198.8,197.15,0.519171,0.28137,0.103543,0.182543,0.9525
54,1282.94,746.05,304.05,304.67,0.6682,0.69079,0.158357,0.282101,0.9524
54,212.58,532.91,259.76,258.28,0.11072,0.493431,0.135293,0.239146,0.9504
54,353.15,853.9,235.15,239.04,0.183933,0.790649,0.122473,0.221333,0.9468
54,560.73,355.9,196.39,196.61,0.292048,0.32954,0.102289,0.182048,0.9461
54,445.43,1001.94,199.96,156.13,0.231993,0.927719,0.104145,0.144562,0.9408
54,839.79,821.56,209.28,207.84,0.437391,0.760705,0.109001,0.192444,0.94
54,1702.94,139.99,96.29,94.83,0.886947,0.129617,0.050149,0.08781,0.9366
54,731.02,845.92,129.16,127.94,0.380739,0.783263,0.06727,0.11846,0.9319
54,1486.11,146.39,62.27,62.83,0.774017,0.135548,0.032431,0.058172,0.931
54,1503.14,418.98,199.43,201.82,0.782883,0.387942,0.103868,0.186872,0.9282
54,1183.33,174.18,85.48,84.8,0.616318,0.161276,0.044522,0.078515,0.9275
54,58.95,252.43,117.9,276.11,0.030703,0.233728,0.061406,0.255658,0.9206
54,1772.59,166.41,105.94,104.69,0.923225,0.154084,0.055177,0.096935,0.9129
54,1458.84,1030.46,222.9,99.09,0.759811,0.954127,0.116094,0.091746,0.8846
54,1680.51,205.65,81.78,82.29,0.875267,0.19042,0.042593,0.076199,0.8792
54,1616.4,119.78,86.45,86.34,0.841875,0.110907,0.045025,0.07994,0.8782
54,684.9,58.52,169.48,114.15,0.35672,0.054188,0.08827,0.105695,0.8773
54,424.29,574.87,60.63,61.23,0.220982,0.532283,0.031581,0.056693,0.874
54,776.87,20.78,86.83,41.57,0.40462,0.019244,0.045226,0.038489,0.8402
54,172.18,47.65,229.76,95.31,0.089678,0.044123,0.119668,0.088247,0.7989
54,1575.37,35.55,239.47,71.1,0.820504,0.032918,0.124725,0.065837,0.7623
54,1623.42,17.19,62.74,33.87,0.845532,0.015919,0.032677,0.031361,0.7616
54,948.64,1043.93,282.56,72.14,0.494086,0.966604,0.147165,0.066792,0.7038
55,1275.21,758.48,300.8,302.94,0.66417,0.702296,0.156666,0.280502,0.9611
55,205.05,548.4,257.73,259.49,0.106795,0.507782,0.134233,0.240269,0.9564
55,552.05,370.62,195.34,197.51,0.287528,0.343169,0.101738,0.182884,0.9517
55,344.52,865.88,236.34,236.21,0.17944,0.801741,0.123091,0.218715,0.9479
55,986.51,315.53,197.67,195.76,0.51381,0.292159,0.102953,0.181255,0.9474
55,721.0,857.22,128.73,127.58,0.375523,0.793723,0.067045,0.118132,0.9471
55,832.1,835.74,210.22,211.78,0.433386,0.773833,0.109488,0.196093,0.9423
55,438.4,1007.17,204.25,145.66,0.228332,0.932567,0.10638,0.134867,0.9368
55,1828.07,302.72,161.7,160.01,0.952121,0.280293,0.084219,0.148161,0.9326
55,1693.31,152.3,90.72,92.79,0.881931,0.141019,0.047248,0.085917,0.9324
55,1492.23,430.94,201.86,200.38,0.777204,0.399014,0.105134,0.185541,0.9307
55,1477.91,159.66,61.27,61.73,0.769747,0.147838,0.031909,0.057159,0.9292
55,675.8,66.02,173.93,129.2,0.35198,0.061125,0.090591,0.119628,0.9155
55,55.18,262.11,110.36,275.19,0.028739,0.242694,0.057479,0.254802,0.9105
55,1174.77,189.76,83.17,84.32,0.611858,0.175706,0.043316,0.078073,0.9066
55,1608.02,134.42,85.31,86.82,0.83751,0.124465,0.044434,0.080389,0.9032
55,415.78,588.74,62.18,62.71,0.216551,0.545128,0.032386,0.058069,0.8984
55,1762.25,179.2,106.54,106.66,0.91784,0.165922,0.055487,0.098761,0.8977
55,1671.75,221.5,81.49,80.32,0.870701,0.205094,0.042443,0.074374,0.8975
55,1451.42,1035.79,225.17,88.43,0.755947,0.959061,0.117274,0.081878,0.8913
55,1612.13,24.55,58.76,49.11,0.839649,0.022734,0.030605,0.045468,0.8592
55,172.75,53.09,216.94,105.69,0.089973,0.049159,0.112991,0.097866,0.8546
55,769.94,27.74,92.63,55.47,0.40101,0.025682,0.048244,0.051364,0.8489
55,1567.1,42.41,271.32,84.69,0.816199,0.039266,0.141311,0.078413,0.7912
56,1264.05,773.22,302.44,302.85,0.658358,0.715942,0.157519,0.280413,0.9571
56,195.86,560.78,260.0,258.08,0.102011,0.519237,0.135419,0.238962,0.9561
56,1821.42,318.55,161.88,159.73,0.948656,0.294955,0.084313,0.147898,0.9521
56,336.0,874.4,237.3,234.98,0.175002,0.809625,0.123594,0.217574,0.9493
56,976.25,329.49,193.68,194.47,0.508464,0.305084,0.100877,0.180066,0.9492
56,542.72,380.04,197.53,196.89,0.282669,0.351887,0.102882,0.182308,0.9442
56,819.98,849.52,209.99,213.15,0.427072,0.786595,0.109372,0.197365,0.9419
56,1485.11,445.98,201.46,201.95,0.773497,0.412945,0.104929,0.186992,0.939
56,712.11,870.27,128.82,127.94,0.370889,0.805808,0.067095,0.118466,0.9355
56,428.18,1013.45,205.16,133.1,0.223012,0.938378,0.106852,0.123244,0.9299
56,665.32,72.57,170.8,141.23,0.346521,0.067192,0.08896,0.130771,0.9258
56,1469.11,172.69,62.42,62.11,0.765161,0.159894,0.032509,0.057512,0.9166
56,1755.03,193.33,104.4,103.43,0.914077,0.179006,0.054375,0.095768,0.9158
56,1684.57,166.11,93.75,95.07,0.877381,0.153806,0.048828,0.088029,0.9105
56,1599.45,148.39,87.23,88.19,0.833046,0.137394,0.045432,0.081661,0.9093
56,51.45,275.39,102.9,271.14,0.026798,0.254992,0.053595,0.251056,0.9026
56,1163.82,200.5,84.46,86.81,0.606159,0.185649,0.043989,0.080382,0.9014
56,760.81,34.71,91.13,69.43,0.396258,0.032142,0.047461,0.064285,0.8944
56,406.07,600.66,61.72,61.37,0.211492,0.556168,0.032147,0.056821,0.8932
56,1663.61,232.03,78.83,79.08,0.866462,0.214842,0.041057,0.073225,0.8883
56,151.71,60.8,242.66,121.5,0.079013,0.056296,0.126387,0.1125,0.8766
56,1602.77,33.89,61.9,60.63,0.834778,0.031375,0.032239,0.056142,0.8728
56,1443.49,1044.33,226.54,71.33,0.751818,0.966975,0.11799,0.06605,0.8058
56,1568.52,49.77,285.09,98.82,0.816939,0.046082,0.148484,0.0915,0.7448
57,1253.63,783.82,302.24,304.03,0.652932,0.725756,0.157415,0.281512,0.9593
57,185.11,571.94,259.23,257.41,0.096412,0.529576,0.135016,0.238343,0.9592
57,703.43,882.31,127.26,127.6,0.366369,0.816952,0.066281,0.11815,0.9525
57,1813.02,330.58,163.09,160.48,0.94428,0.306093,0.084945,0.148589,0.9507
57,969.49,341.22,196.1,195.19,0.504944,0.315949,0.102138,0.180735,0.9496
57,534.98,392.93,196.72,196.74,0.278636,0.363828,0.10246,0.182165,0.9488
57,813.4,860.47,208.34,208.58,0.423648,0.796732,0.108513,0.193129,0.9475
57,325.27,889.15,234.15,233.64,0.16941,0.823289,0.121956,0.216334,0.9425
57,1460.61,185.48,63.2,63.27,0.760737,0.171743,0.032916,0.058585,0.9388
57,1477.14,458.77,201.05,200.07,0.769345,0.424783,0.104716,0.185246,0.9353
57,657.18,77.39,171.78,154.78,0.342282,0.071657,0.089469,0.143314,0.9273
57,1745.79,205.68,105.63,104.03,0.909264,0.190446,0.055018,0.096321,0.9221
57,396.46,613.32,62.99,62.63,0.206491,0.567892,0.032806,0.057989,0.921
57,753.53,40.49,86.12,80.71,0.392463,0.037494,0.044857,0.074736,0.919
57,1589.88,160.49,86.76,86.19,0.82806,0.148605,0.045186,0.07981,0.9139
57,1654.84,244.73,81.12,80.37,0.861898,0.226597,0.04225,0.074413,0.8986
57,420.23,1020.5,206.28,119.01,0.218872,0.944904,0.107435,0.110193,0.8973
57,1155.4,212.42,85.91,84.47,0.601771,0.196682,0.044743,0.078213,0.8947
57,142.5,66.88,236.43,133.43,0.074219,0.061929,0.123142,0.123548,0.8837
57,46.48,291.46,92.96,269.43,0.024209,0.269871,0.048419,0.249477,0.8831
57,1559.5,58.24,282.21,116.19,0.81224,0.053927,0.146987,0.107585,0.8831
57,1677.16,178.59,93.01,93.31,0.873521,0.165364,0.048441,0.086403,0.8776
57,1594.85,45.93,59.21,59.09,0.83065,0.042524,0.030839,0.054714,0.859
57,1432.81,1048.5,212.07,63.0,0.746253,0.970835,0.110453,0.05833,0.7513
58,1249.27,795.22,306.18,305.95,0.650659,0.736317,0.159467,0.283285,0.9582
58,177.98,583.53,262.34,260.3,0.092699,0.540308,0.136633,0.241019,0.9554
58,524.27,406.66,195.87,197.51,0.273056,0.376536,0.102015,0.182879,0.9532
58,1468.6,470.87,200.96,201.12,0.764898,0.435989,0.104669,0.186221,0.9517
58,960.02,352.08,196.43,193.59,0.500012,0.325999,0.102306,0.179246,0.9441
58,316.86,899.7,232.71,233.49,0.165032,0.833052,0.121204,0.216192,0.9403
58,1802.63,340.98,163.06,161.41,0.938871,0.315726,0.084927,0.149458,0.9391
58,694.01,895.55,129.59,129.23,0.361462,0.82921,0.067496,0.11966,0.935
58,804.69,873.22,208.54,211.32,0.41911,0.808535,0.108613,0.195669,0.9338
58,649.63,82.96,173.18,163.55,0.338349,0.076816,0.0902,0.151432,0.9311
58,1147.06,224.64,87.17,86.96,0.597428,0.207999,0.045402,0.080515,0.9224
58,1645.6,257.38,79.31,79.28,0.857081,0.238314,0.041309,0.073409,0.9175
58,1549.85,64.63,286.64,129.27,0.807216,0.059846,0.149294,0.119693,0.9145
58,1736.57,217.11,107.45,106.62,0.904466,0.201025,0.055965,0.09872,0.9081
58,1450.94,196.09,62.3,62.25,0.7557,0.181565,0.032447,0.057637,0.9062
58,412.28,1025.78,206.2,108.44,0.214727,0.949798,0.107394,0.100404,0.9047
58,136.04,72.64,223.48,144.67,0.070856,0.067261,0.116398,0.133956,0.8987
58,1666.88,189.77,93.09,92.12,0.868165,0.17571,0.048483,0.0853,0.8975
58,1585.27,57.64,58.12,57.05,0.825659,0.053374,0.030269,0.052822,0.8889
58,744.07,50.39,90.18,89.27,0.387537,0.046656,0.046971,0.082658,0.8887
58,1579.94,170.7,84.52,86.08,0.822886,0.158057,0.044021,0.079701,0.8886
58,387.15,624.48,60.95,61.27,0.201641,0.578221,0.031744,0.05673,0.8765
58,41.93,299.46,83.86,274.28,0.021838,0.277273,0.043676,0.253964,0.8661
58,41.04,121.77,82.08,243.54,0.021375,0.112748,0.04275,0.225497,0.7111
59,1793.79,353.87,164.23,161.35,0.934267,0.327656,0.085534,0.149395,0.9553
59,169.85,595.54,263.09,259.46,0.088464,0.551427,0.137027,0.240245,0.9527
59,516.1,416.11,195.14,195.61,0.268801,0.385286,0.101633,0.181118,0.9513
59,796.62,884.24,209.98,212.25,0.414908,0.818739,0.109362,0.196531,0.9507
59,1238.6,809.35,305.45,305.35,0.645103,0.749395,0.15909,0.282732,0.9468
59,951.42,363.65,194.64,196.2,0.49553,0.336716,0.101375,0.181669,0.9466
59,685.18,906.33,130.13,127.43,0.356866,0.839197,0.067776,0.117994,0.9445
59,1458.41,480.26,201.0,202.79,0.75959,0.444688,0.104689,0.187764,0.9388
59,308.85,913.12,235.86,236.95,0.16086,0.845485,0.122844,0.2194,0.9348
59,641.46,97.5,168.82,170.26,0.334096,0.090276,0.087927,0.157645,0.9261
59,1441.44,208.89,61.76,62.45,0.750752,0.193418,0.032165,0.057826,0.9232
59,1659.06,201.25,92.32,94.44,0.864094,0.186339,0.048083,0.087446,0.9205
59,1571.91,183.39,85.84,86.31,0.818702,0.169801,0.04471,0.079913,0.919
59,1728.3,230.49,105.68,105.96,0.900156,0.213415,0.05504,0.098114,0.9186
59,1538.37,70.27,296.07,140.53,0.801234,0.065062,0.154204,0.130124,0.9174
59,398.75,1030.93,204.49,98.14,0.207683,0.954566,0.106506,0.090869,0.9101
59,1636.86,268.16,82.52,82.71,0.852532,0.248293,0.042977,0.076582,0.8992
59,1139.43,236.92,83.97,84.45,0.593453,0.219367,0.043732,0.078195,0.8967
59,735.35,60.24,88.78,89.31,0.382993,0.055781,0.046239,0.082694,0.8937
59,1576.86,69.4,59.42,59.02,0.821284,0.06426,0.03095,0.054652,0.8926
59,124.89,78.59,229.17,157.19,0.065048,0.072773,0.119358,0.145545,0.8899
59,378.69,637.56,62.27,61.23,0.197233,0.59033,0.032431,0.056695,0.8713
59,36.13,309.08,72.24,260.97,0.01882,0.286184,0.037625,0.241635,0.8504
59,985.4,1060.15,75.35,39.58,0.513227,0.981619,0.039244,0.036645,0.7314
59,47.62,119.88,95.25,239.76,0.024804,0.110999,0.049609,0.221998,0.7263
60,159.9,607.23,259.72,258.67,0.08328,0.562249,0.135269,0.239514,0.9526
60,507.12,429.12,195.04,195.53,0.264127,0.397336,0.101585,0.181047,0.952
60,677.96,917.91,131.15,128.31,0.353106,0.849915,0.06831,0.118805,0.9512
60,940.52,376.36,193.7,193.06,0.489853,0.348478,0.100888,0.178757,0.9508
60,1230.81,819.22,301.63,303.38,0.641049,0.758534,0.157098,0.280903,0.9502
60,1783.93,364.99,161.86,162.52,0.929132,0.337955,0.0843,0.150477,0.9489
60,786.46,897.24,209.52,209.07,0.409615,0.830775,0.109128,0.193581,0.9483
60,299.83,925.69,236.82,237.14,0.156161,0.857118,0.123344,0.219578,0.9417
60,1449.91,493.4,200.58,200.1,0.755162,0.45685,0.104468,0.185273,0.9382
60,1433.42,219.33,61.85,62.47,0.746575,0.203087,0.032214,0.057839,0.9375
60,628.3,104.18,176.86,174.03,0.327241,0.096463,0.092116,0.161143,0.9299
60,1532.44,74.82,295.27,149.58,0.798144,0.069277,0.153789,0.1385,0.9228
60,369.96,648.45,63.1,63.89,0.192689,0.600419,0.032865,0.059154,0.9198
60,1566.6,80.86,58.71,59.31,0.815937,0.074875,0.030581,0.054918,0.9172
60,724.7,70.9,91.61,91.97,0.377449,0.065644,0.047711,0.085156,0.9117
60,1717.47,239.23,107.02,108.2,0.894516,0.221513,0.055737,0.100189,0.9104
60,1562.84,194.9,84.14,86.33,0.813979,0.180465,0.043823,0.079937,0.9082
60,117.15,82.94,225.21,165.87,0.061018,0.076798,0.117297,0.153588,0.9054
60,1648.69,213.84,94.17,95.69,0.858691,0.197997,0.049048,0.088601,0.8956
60,390.77,1036.75,197.73,86.5,0.203526,0.959953,0.102983,0.080094,0.8913
60,1627.41,280.74,80.55,82.02,0.847607,0.259948,0.041954,0.075947,0.8827
60,1128.1,248.79,85.39,85.65,0.587553,0.230357,0.044473,0.079309,0.8742
60,31.49,327.39,62.98,279.07,0.016402,0.303137,0.032804,0.258401,0.8056
60,45.7,125.53,91.31,251.07,0.023804,0.116234,0.04756,0.232469,0.7636
60,85.14,98.42,169.57,196.13,0.044346,0.091132,0.088318,0.181605,0.7007
61,1776.74,375.76,160.5,159.37,0.925388,0.347924,0.083594,0.147568,0.9628
61,1222.08,831.54,302.45,302.49,0.636502,0.769941,0.157526,0.28008,0.9581
61,497.33,440.1,196.36,197.6,0.259025,0.407499,0.102273,0.182965,0.9539
61,932.46,385.58,197.01,193.23,0.485657,0.357018,0.102611,0.17892,0.9503
61,290.68,935.76,235.05,235.08,0.151398,0.866441,0.122422,0.217665,0.9477
61,151.3,618.37,258.97,258.24,0.078803,0.572567,0.134881,0.23911,0.9473
61,776.34,906.6,210.25,209.33,0.404343,0.839443,0.109507,0.193823,0.9443
61,619.51,114.15,171.98,169.1,0.322664,0.105692,0.089571,0.156578,0.9377
61,1442.1,503.72,201.54,197.41,0.751092,0.466406,0.104968,0.182788,0.9329
61,667.17,929.42,128.79,127.87,0.347485,0.860573,0.067077,0.118397,0.9298
61,1642.2,225.99,96.68,96.26,0.855314,0.209252,0.050352,0.089128,0.9271
61,1710.34,252.75,106.26,107.03,0.890801,0.234025,0.055345,0.0991,0.924
61,1527.14,80.63,297.36,161.26,0.795384,0.074657,0.154876,0.149315,0.9232
61,360.44,659.33,62.79,62.28,0.187729,0.61049,0.032703,0.05767,0.9136
61,1424.36,230.59,62.86,63.13,0.741856,0.213508,0.03274,0.058458,0.9116
61,715.85,83.62,90.67,89.89,0.37284,0.077428,0.047226,0.083229,0.9079
61,110.45,87.65,214.62,175.31,0.057527,0.081162,0.111783,0.162324,0.9077
61,1120.68,258.88,84.74,84.48,0.583687,0.239702,0.044137,0.078219,0.9056
61,1553.94,205.74,88.46,87.57,0.809346,0.190498,0.046071,0.081086,0.8995
61,1618.3,292.07,78.18,79.15,0.842865,0.270435,0.04072,0.073289,0.8847
61,1559.03,91.2,59.26,57.33,0.811992,0.08444,0.030865,0.05308,0.8608
61,380.38,1043.33,201.5,73.34,0.198116,0.966046,0.104948,0.067909,0.8007
61,46.22,118.32,91.9,228.0,0.024074,0.109554,0.047866,0.211107,0.7381
62,1212.08,841.83,304.06,304.23,0.63129,0.779474,0.158362,0.281697,0.9572
62,771.29,917.47,210.81,210.56,0.401713,0.849509,0.109799,0.194962,0.9555
62,488.02,448.98,196.73,198.13,0.254178,0.415725,0.102466,0.18345,0.9529
62,657.77,939.89,129.37,128.38,0.342587,0.870266,0.067382,0.118873,0.9525
62,142.19,630.02,259.13,258.02,0.074057,0.583351,0.134966,0.23891,0.9508
62,1766.22,387.73,161.22,160.94,0.919906,0.359009,0.083968,0.149019,0.945
62,923.36,397.29,194.45,195.15,0.480917,0.367858,0.101278,0.180696,0.9424
62,610.98,123.82,176.48,171.32,0.318217,0.114648,0.091915,0.158633,0.9416
62,282.04,946.28,236.41,235.26,0.146893,0.876182,0.123129,0.217831,0.9413
62,1430.85,514.44,200.31,201.14,0.745232,0.476332,0.104327,0.186238,0.9399
62,1632.32,235.4,90.03,92.03,0.850166,0.217964,0.046889,0.085214,0.9377
62,1415.11,241.77,62.4,62.92,0.737038,0.22386,0.032501,0.058263,0.9352
62,1517.98,87.4,296.01,174.8,0.790612,0.080924,0.154173,0.161849,0.9309
62,707.99,91.8,89.99,91.21,0.368746,0.085,0.046869,0.084455,0.9262
62,1610.89,303.73,77.04,77.25,0.839003,0.281229,0.040123,0.071526,0.9192
62,1701.61,263.18,105.77,105.38,0.886253,0.243687,0.055088,0.097573,0.9152
62,107.34,95.35,209.39,190.7,0.055906,0.088287,0.109057,0.176574,0.9121
62,1111.9,269.11,85.6,85.96,0.579115,0.249176,0.044584,0.07959,0.9057
62,1544.96,217.32,85.13,84.7,0.804668,0.201226,0.044338,0.078427,0.8992
62,351.08,670.09,63.34,63.49,0.182856,0.620458,0.032992,0.058787,0.8885
62,1549.78,102.72,58.71,58.61,0.807178,0.095109,0.030578,0.054269,0.8726
62,31.25,192.24,62.36,134.83,0.016277,0.178003,0.032479,0.124844,0.7856
62,368.95,1049.77,204.23,60.47,0.192164,0.972006,0.10637,0.055988,0.734
63,1202.83,850.75,302.93,304.61,0.626474,0.787733,0.157775,0.282042,0.9603
63,1424.22,525.9,199.5,200.59,0.741781,0.486947,0.103908,0.185735,0.9537
63,650.17,949.65,130.49,128.74,0.338632,0.879306,0.067963,0.119201,0.9522
63,130.88,639.42,259.44,258.44,0.068168,0.592057,0.135125,0.2393,0.951
63,480.69,459.63,194.53,195.29,0.250358,0.425587,0.101316,0.180821,0.9508
63,914.19,408.77,193.02,194.9,0.476143,0.378488,0.100533,0.180467,0.9498
63,1760.56,398.08,161.54,160.9,0.916958,0.36859,0.084137,0.148981,0.9473
63,760.31,928.92,211.71,211.72,0.395996,0.860112,0.110265,0.196038,0.9445
63,271.98,954.73,238.85,235.62,0.141655,0.884008,0.124402,0.218169,0.9384
63,601.42,135.79,173.54,170.72,0.313242,0.125728,0.090384,0.158072,0.9373
63,1508.39,89.5,290.32,179.01,0.785619,0.082874,0.151206,0.165749,0.9354
63,1406.83,252.62,62.28,62.59,0.732724,0.233906,0.032438,0.057954,0.9343
63,343.11,680.27,62.66,62.7,0.178705,0.629884,0.032637,0.058058,0.9237
63,1691.85,272.87,106.91,107.68,0.881169,0.252657,0.055685,0.099702,0.9216
63,1623.02,246.53,94.44,96.35,0.845323,0.228273,0.049189,0.089211,0.9215
63,101.11,100.66,199.54,201.33,0.052663,0.093208,0.103927,0.186415,0.9089
63,697.93,103.07,89.15,91.3,0.363508,0.095434,0.04643,0.084541,0.9078
63,1536.38,227.06,86.1,86.91,0.8002,0.210238,0.044843,0.080472,0.9054
63,1601.15,313.85,80.96,80.03,0.833931,0.290599,0.042168,0.074103,0.9047
63,1539.95,111.48,58.38,58.48,0.802055,0.103223,0.030409,0.054146,0.9032
63,1102.07,279.71,85.65,87.18,0.573997,0.258987,0.044612,0.080726,0.8837
63,571.41,23.46,148.22,46.75,0.297612,0.021726,0.077197,0.043288,0.7945
63,30.47,193.99,60.31,194.2,0.01587,0.179618,0.031413,0.179815,0.7459
64,1748.37,405.8,160.25,159.96,0.910612,0.375742,0.083462,0.148113,0.9589
64,1194.56,860.74,304.62,303.96,0.622166,0.796983,0.158655,0.281446,0.9577
64,126.98,646.5,253.97,259.53,0.066137,0.598609,0.132274,0.240303,0.9529
64,907.38,416.32,196.71,194.4,0.472596,0.385485,0.102453,0.18,0.9483
64,1497.76,96.28,288.24,192.55,0.780082,0.089146,0.150127,0.178291,0.9479
64,471.06,469.29,195.6,196.01,0.245345,0.434532,0.101874,0.181491,0.9458
64,261.91,962.01,235.35,228.0,0.136412,0.890753,0.12258,0.211114,0.9342
64,1414.15,535.22,200.65,197.78,0.736538,0.495577,0.104506,0.183132,0.9335
64,594.69,144.87,171.32,169.22,0.309733,0.134138,0.089227,0.156686,0.9322
64,1613.16,255.75,96.75,95.93,0.84019,0.236805,0.050388,0.088828,0.9313
64,750.98,937.88,210.19,208.7,0.391136,0.868411,0.109476,0.193241,0.9305
64,641.09,961.84,129.48,127.86,0.333899,0.890593,0.06744,0.118391,0.9263
64,1396.3,262.71,62.69,62.57,0.727238,0.243253,0.03265,0.057934,0.9219
64,95.88,104.7,191.76,209.41,0.049938,0.096948,0.099876,0.193896,0.9199
64,687.81,112.94,91.3,90.91,0.358234,0.10457,0.047553,0.084175,0.9191
64,1093.68,288.88,85.46,85.41,0.569624,0.267477,0.044511,0.079085,0.9135
64,1683.68,283.48,108.29,108.18,0.876919,0.262479,0.056403,0.100164,0.9123
64,333.47,689.99,62.44,62.09,0.17368,0.638875,0.032522,0.057493,0.8997
64,1526.52,236.39,87.06,86.27,0.795061,0.218883,0.045343,0.079877,0.896
64,1532.82,122.51,60.83,59.79,0.798345,0.113437,0.031683,0.055366,0.8894
64,1592.4,322.89,79.47,79.42,0.829377,0.298973,0.041389,0.073537,0.8797
64,559.95,26.52,147.19,52.65,0.291641,0.024552,0.076661,0.04875,0.7946
64,351.04,13.62,79.46,26.9,0.182834,0.012612,0.041385,0.024907,0.7287
65,743.32,946.15,211.28,210.83,0.387146,0.876069,0.110041,0.19521,0.9566
65,460.54,478.91,196.83,199.2,0.239867,0.443436,0.102514,0.184446,0.9562
65,1186.21,872.48,305.83,305.65,0.617817,0.807851,0.159286,0.283011,0.955
65,1488.24,101.55,289.3,203.09,0.775123,0.094025,0.150678,0.18805,0.9526
65,121.82,660.07,243.64,256.34,0.063449,0.611172,0.126898,0.23735,0.9512
65,1405.74,543.73,200.32,199.85,0.732154,0.50345,0.104332,0.185048,0.9501
65,631.29,969.96,128.28,127.68,0.328794,0.898112,0.066815,0.118227,0.9493
65,1738.43,416.59,162.96,161.86,0.905435,0.385733,0.084877,0.149867,0.944
65,897.59,426.09,194.2,195.1,0.467494,0.394525,0.101147,0.180652,0.9434
65,583.77,152.93,174.43,170.61,0.304048,0.141601,0.090851,0.157968,0.9385
65,1605.24,264.96,91.12,93.84,0.836063,0.245331,0.04746,0.086888,0.9363
65,252.22,968.77,234.51,221.42,0.131365,0.89701,0.12214,0.205018,0.9322
65,1387.94,271.48,61.48,62.35,0.722888,0.251371,0.03202,0.057728,0.9295
65,680.41,121.02,91.31,91.84,0.35438,0.112054,0.047556,0.085037,0.9253
65,91.55,110.03,183.11,220.05,0.047685,0.101876,0.095369,0.203752,0.9238
65,1084.98,298.81,85.38,86.72,0.565093,0.276676,0.044471,0.080294,0.9191
65,323.14,699.83,62.36,62.93,0.168302,0.647995,0.032478,0.058268,0.9185
65,1674.17,293.11,106.35,106.17,0.871961,0.271398,0.05539,0.09831,0.9168
65,1583.09,332.24,81.62,79.92,0.824529,0.307626,0.042508,0.073997,0.9134
65,1517.22,246.85,84.37,83.62,0.790217,0.228564,0.043944,0.077421,0.8951
65,1523.56,131.11,59.77,58.46,0.793523,0.121402,0.03113,0.054132,0.8807
65,553.57,32.37,151.43,64.74,0.28832,0.02997,0.078869,0.05994,0.8364
65,345.54,19.57,92.83,38.92,0.179968,0.018123,0.048348,0.036038,0.7728
66,734.95,955.67,210.12,210.11,0.382788,0.884877,0.109437,0.194548,0.9546
66,1395.88,552.08,199.21,202.78,0.727019,0.511188,0.103757,0.187755,0.9502
66,1178.37,880.96,303.39,303.6,0.613732,0.815706,0.158015,0.28111,0.9483
66,888.63,436.72,197.7,197.1,0.46283,0.404371,0.10297,0.182501,0.9471
66,117.74,668.48,235.47,256.75,0.061321,0.618967,0.122643,0.237736,0.9467
66,622.84,978.16,132.65,128.34,0.324395,0.905703,0.06909,0.118833,0.9466
66,452.41,489.27,194.51,195.49,0.23563,0.453031,0.101308,0.181011,0.9456
66,1480.08,106.62,289.41,212.32,0.770873,0.098718,0.150736,0.196592,0.9421
66,244.48,972.52,239.28,213.38,0.127333,0.90048,0.124626,0.197571,0.9402
66,1733.37,425.48,162.92,162.63,0.902797,0.39396,0.084856,0.15058,0.9376
66,1665.96,301.78,106.51,106.57,0.867686,0.279422,0.055472,0.098673,0.9348
66,574.17,162.18,175.6,175.14,0.299046,0.150165,0.09146,0.16217,0.9326
66,1379.75,281.25,63.51,63.39,0.718619,0.260413,0.033078,0.058699,0.9256
66,1508.67,254.6,86.24,86.98,0.785764,0.235743,0.044916,0.080533,0.9218
66,315.18,708.66,62.42,62.54,0.164156,0.656165,0.03251,0.057908,0.9158
66,1595.16,275.02,93.21,96.51,0.830813,0.254646,0.048548,0.089366,0.9103
66,86.6,115.69,173.2,223.71,0.045104,0.107119,0.090208,0.207138,0.9052
66,670.31,131.6,89.53,90.52,0.349121,0.121852,0.046628,0.083819,0.9018
66,1074.52,307.47,84.97,87.73,0.559645,0.284699,0.044258,0.081227,0.8911
66,1513.82,140.27,59.19,58.83,0.788446,0.12988,0.03083,0.054471,0.8805
66,1573.7,341.35,77.69,77.77,0.819636,0.316068,0.040466,0.072008,0.8797
66,543.25,36.34,150.26,71.09,0.282945,0.033652,0.078261,0.065827,0.8699
66,335.99,23.77,100.81,47.1,0.174994,0.022008,0.052507,0.043611,0.833
66,1882.99,64.87,73.34,128.4,0.980726,0.060062,0.038197,0.118887,0.7626
66,1104.04,34.16,243.04,68.31,0.57502,0.031627,0.126584,0.063253,0.7591
67,1723.88,435.19,159.8,159.7,0.897853,0.402949,0.083229,0.147874,0.9554
67,112.87,677.71,225.74,256.26,0.058786,0.627513,0.117571,0.237278,0.9526
67,444.85,497.4,197.92,197.27,0.231694,0.460557,0.103083,0.182655,0.9519
67,1168.18,888.69,303.4,303.78,0.608428,0.822864,0.158019,0.281274,0.9508
67,234.35,976.96,235.18,204.86,0.122058,0.904589,0.122488,0.189688,0.9452
67,879.57,444.32,192.92,194.47,0.458111,0.411405,0.100479,0.180066,0.9446
67,724.39,963.87,208.83,210.36,0.377285,0.892471,0.108765,0.194775,0.9432
67,1469.61,109.54,291.19,218.24,0.765422,0.101422,0.15166,0.20207,0.9401
67,1370.8,290.25,63.07,63.22,0.71396,0.268755,0.032849,0.058533,0.9387
67,566.21,171.11,173.92,170.86,0.294899,0.158435,0.090584,0.158201,0.935
67,1388.1,561.4,200.31,199.95,0.722968,0.519818,0.10433,0.18514,0.935
67,1499.85,263.75,87.91,87.06,0.781171,0.24421,0.045788,0.080613,0.9239
67,81.22,122.81,162.39,224.3,0.042304,0.11371,0.084578,0.207689,0.9237
67,1588.65,283.57,96.56,94.91,0.827424,0.262569,0.050291,0.087881,0.9209
67,613.4,987.1,127.99,127.31,0.319481,0.913982,0.066661,0.11788,0.9163
67,1658.3,310.88,105.35,105.67,0.863699,0.287852,0.054871,0.097843,0.9129
67,660.14,140.13,90.42,90.17,0.343823,0.129749,0.047093,0.083495,0.9118
67,1068.05,316.98,83.57,84.07,0.556277,0.293498,0.043525,0.077843,0.9076
67,1565.29,349.14,80.19,80.48,0.815257,0.32328,0.041766,0.074519,0.894
67,527.87,39.3,139.35,78.61,0.27493,0.036393,0.072579,0.072786,0.8836
67,1505.76,149.49,58.56,58.89,0.784248,0.138415,0.0305,0.054529,0.8745
67,326.02,28.55,97.2,56.94,0.169803,0.026432,0.050627,0.052723,0.8442
67,307.33,718.39,61.99,62.54,0.160066,0.665178,0.032286,0.057903,0.8138
67,1876.67,77.21,85.9,152.89,0.977432,0.071486,0.044742,0.141564,0.7962
67,1089.71,36.87,230.69,73.75,0.56756,0.034142,0.120151,0.068285,0.7882
68,1713.95,443.61,161.29,160.88,0.892684,0.410749,0.084003,0.148959,0.9606
68,434.44,505.16,198.58,198.18,0.226271,0.467738,0.103427,0.183501,0.9557
68,107.32,685.02,214.63,252.81,0.055894,0.634279,0.111787,0.234086,0.9556
68,716.38,971.05,208.71,207.26,0.373113,0.899125,0.108703,0.19191,0.9543
68,869.98,452.02,194.74,196.0,0.453116,0.418541,0.101427,0.181481,0.954
68,1159.8,898.64,303.31,305.77,0.604063,0.83207,0.157973,0.283125,0.9501
68,225.64,981.97,233.76,193.67,0.11752,0.909229,0.121751,0.179321,0.9441
68,1462.37,114.11,290.35,227.23,0.76165,0.105661,0.151223,0.210403,0.9432
68,558.19,181.69,172.21,170.12,0.290724,0.168227,0.089694,0.157514,0.9401
68,1578.23,291.76,94.9,96.02,0.821994,0.270149,0.049426,0.088908,0.9345
68,1379.33,570.6,202.0,199.29,0.7184,0.528333,0.105208,0.184528,0.9318
68,603.63,995.56,128.73,126.99,0.314391,0.921817,0.067044,0.117585,0.9261
68,1058.14,325.77,86.37,86.29,0.551115,0.301637,0.044985,0.079895,0.9206
68,78.16,132.72,155.6,230.29,0.04071,0.122886,0.081042,0.213228,0.9194
68,1496.23,155.99,58.8,57.94,0.779285,0.144434,0.030626,0.053645,0.9188
68,1556.64,359.57,82.09,79.28,0.810752,0.332934,0.042755,0.073404,0.9173
68,1362.0,298.1,63.08,61.87,0.709373,0.276022,0.032855,0.057291,0.9167
68,654.17,148.7,91.74,92.2,0.340712,0.137682,0.047781,0.085373,0.9139
68,1648.7,318.59,107.87,105.53,0.8587,0.294989,0.056183,0.097714,0.9061
68,523.08,43.84,142.84,87.69,0.272439,0.040597,0.074394,0.081193,0.9028
68,297.01,726.25,61.43,61.09,0.154695,0.672454,0.031993,0.056565,0.8825
68,320.3,33.98,102.42,67.56,0.166824,0.031464,0.053341,0.062555,0.8789
68,1490.45,273.05,85.05,85.41,0.776277,0.252824,0.044295,0.079087,0.8741
68,1082.29,43.93,224.83,87.86,0.563693,0.040675,0.1171,0.081351,0.8447
68,919.42,23.0,84.29,45.08,0.478863,0.021295,0.043902,0.041741,0.7866
68,1873.44,89.54,93.07,178.05,0.975749,0.082904,0.048474,0.16486,0.7431
69,1150.02,905.84,306.79,307.51,0.598969,0.838737,0.159784,0.284728,0.9551
69,707.1,976.68,212.48,206.63,0.36828,0.904336,0.110668,0.191329,0.9525
69,105.35,691.9,210.71,258.04,0.054872,0.64065,0.109744,0.238926,0.9524
69,594.24,1003.3,127.17,126.72,0.309498,0.928981,0.066235,0.117334,0.9503
69,1454.78,117.91,290.02,234.35,0.757696,0.109173,0.15105,0.216987,0.9477
69,426.15,513.77,194.78,196.8,0.221951,0.475711,0.101446,0.182226,0.9469
69,861.85,460.72,194.82,193.93,0.448882,0.426593,0.101469,0.179564,0.9452
69,217.2,984.98,233.99,187.06,0.113126,0.912018,0.121871,0.173207,0.9417
69,1705.53,449.83,162.98,161.06,0.888297,0.416513,0.084887,0.149131,0.9408
69,1050.8,332.44,84.03,85.24,0.547294,0.307817,0.043768,0.078927,0.9391
69,547.84,189.04,179.53,174.5,0.285335,0.175039,0.093504,0.161574,0.9378
69,1352.09,305.73,63.13,63.57,0.704213,0.283087,0.032881,0.058859,0.9317
69,1570.12,298.86,92.36,93.15,0.81777,0.276724,0.048106,0.086249,0.9307
69,1369.9,578.79,201.86,198.89,0.713491,0.535919,0.105136,0.184156,0.9281
69,1639.83,327.51,105.69,106.55,0.854078,0.30325,0.055046,0.098655,0.9238
69,643.45,156.12,89.44,89.05,0.335129,0.144553,0.046583,0.082452,0.9215
69,287.18,734.35,62.33,62.35,0.149571,0.679954,0.032465,0.057732,0.9198
69,73.31,142.29,146.55,225.03,0.038184,0.131747,0.076328,0.208362,0.9167
69,1481.77,281.28,87.66,87.61,0.771755,0.260445,0.045658,0.081121,0.9091
69,309.82,37.34,99.0,72.82,0.161367,0.034577,0.051561,0.067423,0.9036
69,1547.72,368.42,78.65,78.43,0.806103,0.341129,0.040966,0.072618,0.8934
69,513.86,48.03,138.16,96.06,0.267637,0.044474,0.071958,0.088948,0.8885
69,1489.12,166.36,59.87,59.6,0.775585,0.15404,0.031181,0.055187,0.8775
69,1075.04,47.29,235.52,94.57,0.559919,0.043785,0.122664,0.087569,0.869
69,908.43,27.4,79.07,54.81,0.473143,0.025374,0.041184,0.050747,0.864
69,1868.93,91.94,102.1,183.15,0.973401,0.085132,0.053178,0.169586,0.8037
70,1141.46,911.72,303.97,303.27,0.594508,0.844186,0.158318,0.280808,0.9597
70,417.17,521.48,194.69,193.65,0.217279,0.482855,0.1014,0.179302,0.9533
70,1361.67,586.34,199.02,199.72,0.709203,0.542908,0.103655,0.184928,0.9533
70,852.82,469.91,197.08,196.36,0.444178,0.435103,0.102648,0.181814,0.9492
70,1697.13,458.3,161.32,161.38,0.883923,0.424348,0.084021,0.149423,0.9488
70,1444.75,120.45,291.27,240.86,0.752475,0.111524,0.151704,0.223015,0.9485
70,99.89,700.29,199.78,256.86,0.052027,0.648416,0.104054,0.237832,0.9478
70,587.51,1011.62,129.82,129.19,0.305994,0.936689,0.067617,0.119621,0.9434
70,207.84,991.09,234.1,175.68,0.108252,0.917674,0.121926,0.16267,0.938
70,697.37,983.0,211.1,194.0,0.363214,0.910183,0.109945,0.179634,0.9374
70,537.63,196.08,173.13,172.48,0.280015,0.181558,0.090173,0.159704,0.9365
70,1343.13,314.46,61.43,61.8,0.699546,0.291169,0.031994,0.057221,0.9255
70,67.82,138.31,135.07,244.13,0.035323,0.128065,0.070347,0.226048,0.9253
70,279.08,742.57,61.24,61.31,0.145354,0.68756,0.031896,0.056768,0.9251
70,1064.2,52.24,236.36,103.65,0.554271,0.04837,0.123106,0.095974,0.9178
70,1479.48,172.51,60.81,59.76,0.770562,0.159728,0.031671,0.055334,0.9178
70,504.67,53.69,140.21,106.16,0.26285,0.049713,0.073028,0.098294,0.9165
70,1630.09,334.84,106.98,107.41,0.849007,0.31004,0.05572,0.099456,0.9162
70,634.98,163.32,89.32,91.03,0.33072,0.151226,0.046522,0.084288,0.9132
70,1537.45,374.07,81.55,80.91,0.800753,0.346358,0.042473,0.074921,0.9062
70,1561.23,307.64,95.4,95.52,0.81314,0.284852,0.04969,0.088442,0.9055
70,301.91,40.44,105.37,79.87,0.157244,0.037445,0.054878,0.073952,0.9037
70,1472.74,288.54,84.03,84.49,0.76705,0.267164,0.043766,0.078234,0.8984
70,1039.93,341.47,85.23,85.73,0.541631,0.316173,0.044389,0.079381,0.8729
70,1863.64,91.94,112.58,182.62,0.970644,0.085133,0.058634,0.169093,0.8678
70,898.89,29.87,76.26,59.73,0.468171,0.027655,0.039719,0.05531,0.8519
71,1132.22,918.75,304.85,304.88,0.5897,0.85069,0.158777,0.282298,0.9564
71,1687.4,464.96,161.91,160.91,0.878855,0.430521,0.084327,0.148992,0.9559
71,408.21,529.01,197.33,199.13,0.212608,0.489825,0.102778,0.184376,0.9541
71,1436.29,125.63,288.69,250.93,0.74807,0.11632,0.150361,0.232338,0.9511
71,94.81,705.42,189.62,254.17,0.049379,0.653169,0.098759,0.235341,0.9485
71,843.94,473.85,197.4,193.89,0.439552,0.43875,0.102812,0.179527,0.946
71,527.99,203.15,174.32,171.81,0.274995,0.188101,0.090791,0.15908,0.9431
71,688.26,986.11,209.86,187.79,0.35847,0.913062,0.1093,0.173875,0.9345
71,198.42,994.27,235.51,171.46,0.103345,0.920619,0.122662,0.158761,0.9322
71,1352.25,593.7,199.08,199.21,0.704298,0.549726,0.103687,0.184456,0.9309
71,1552.59,315.24,96.39,95.58,0.808639,0.291889,0.050202,0.088498,0.9273
71,496.04,55.77,142.27,110.04,0.258356,0.051638,0.074097,0.101885,0.9264
71,1620.69,342.53,107.78,108.69,0.844109,0.317157,0.056137,0.100636,0.9217
71,576.9,1016.65,127.84,123.16,0.300467,0.941338,0.066585,0.114034,0.9214
71,1030.25,347.88,86.72,85.9,0.536587,0.322108,0.045168,0.079537,0.9095
71,1334.56,320.36,63.49,64.0,0.695084,0.296626,0.033067,0.059263,0.9086
71,625.1,172.33,90.25,91.74,0.325574,0.159569,0.047007,0.084946,0.9064
71,1464.58,295.5,88.9,87.86,0.762803,0.273609,0.046301,0.081354,0.9054
71,1055.07,53.94,231.86,107.15,0.549515,0.049946,0.120762,0.099217,0.9019
71,292.14,43.45,99.03,85.72,0.152159,0.04023,0.051576,0.079372,0.9019
71,1470.62,179.33,59.39,58.2,0.765946,0.166049,0.030933,0.053888,0.8851
71,269.58,749.56,63.3,62.56,0.140404,0.694033,0.032971,0.057927,0.884
71,61.18,150.03,122.04,225.65,0.031866,0.138917,0.063562,0.208931,0.8832
71,1528.09,380.89,80.21,77.85,0.795882,0.352678,0.041775,0.07208,0.8774
71,1859.48,96.75,121.04,192.72,0.96848,0.08958,0.063041,0.178446,0.8729
71,890.14,33.74,78.47,67.43,0.463617,0.031239,0.040871,0.062435,0.8716
72,1677.93,472.79,162.2,160.35,0.873923,0.437772,0.084478,0.148469,0.9557
72,398.7,533.52,196.74,197.29,0.207658,0.494003,0.102467,0.182673,0.9532
72,1124.62,925.61,303.68,300.84,0.585741,0.857047,0.158164,0.278556,0.9507
72,680.99,987.93,210.34,182.32,0.354683,0.914754,0.109553,0.168813,0.9499
72,91.01,713.2,182.01,257.69,0.0474,0.660371,0.094799,0.238606,0.9478
72,1428.02,128.77,292.59,255.94,0.743763,0.119229,0.152388,0.236984,0.9471
72,835.02,481.27,192.65,194.87,0.434908,0.445622,0.10034,0.180434,0.9437
72,1344.09,599.32,200.77,202.21,0.700049,0.554925,0.104568,0.187228,0.9425
72,522.66,211.71,173.11,168.86,0.272218,0.196025,0.090162,0.156356,0.9417
72,617.54,177.69,89.42,91.09,0.321635,0.164525,0.046572,0.084341,0.9338
72,1326.43,328.19,62.25,62.76,0.690847,0.303882,0.03242,0.058109,0.9337
72,189.86,997.82,233.22,164.37,0.098886,0.923903,0.121469,0.152194,0.9303
72,1612.52,349.17,106.32,105.67,0.839854,0.323305,0.055373,0.097844,0.9298
72,1541.89,320.28,95.58,95.54,0.803068,0.296553,0.049782,0.088459,0.929
72,488.72,59.88,143.68,117.56,0.254541,0.055445,0.074832,0.108853,0.925
72,568.77,1020.65,127.63,118.69,0.296232,0.94505,0.066474,0.109901,0.9246
72,1461.99,186.71,59.82,59.98,0.761452,0.172877,0.031157,0.055534,0.9202
72,1044.3,57.04,239.73,114.08,0.543906,0.052818,0.124858,0.10563,0.9155
72,260.25,755.96,61.4,62.06,0.135548,0.699962,0.031981,0.057462,0.9133
72,59.95,159.48,119.69,221.92,0.031223,0.147664,0.062338,0.205479,0.9048
72,1022.04,354.31,85.68,86.16,0.53231,0.328067,0.044623,0.07978,0.9046
72,282.36,47.52,98.41,93.85,0.14706,0.044001,0.051255,0.086897,0.9013
72,1455.6,302.61,88.44,87.51,0.758127,0.280191,0.046065,0.081032,0.8964
72,1521.32,389.74,80.06,79.11,0.792354,0.360872,0.0417,0.073254,0.8856
72,1855.52,102.35,128.95,204.7,0.966418,0.094768,0.067164,0.189535,0.879
72,881.43,38.14,75.86,70.45,0.459079,0.035314,0.039512,0.065234,0.8392
73,1672.75,480.38,164.2,161.04,0.871223,0.444797,0.085521,0.149114,0.9522
73,1417.96,132.01,292.04,262.94,0.73852,0.122233,0.152102,0.243461,0.95
73,1113.46,929.57,303.44,298.39,0.579927,0.860711,0.158042,0.276287,0.9498
73,389.98,542.33,195.84,196.21,0.203115,0.502158,0.102,0.181678,0.9497
73,823.29,489.48,193.63,194.92,0.428794,0.453227,0.10085,0.180479,0.9487
73,1334.94,605.71,201.92,202.35,0.695283,0.560846,0.105168,0.187363,0.9431
73,671.7,990.04,210.21,177.33,0.349845,0.916705,0.109483,0.164194,0.9422
73,85.83,720.65,171.65,261.42,0.044701,0.667268,0.089402,0.242056,0.9401
73,511.08,215.72,173.78,172.55,0.266186,0.199742,0.090511,0.159765,0.9359
73,1601.98,354.97,106.2,106.4,0.834365,0.328675,0.055314,0.098515,0.9323
73,605.98,183.91,89.78,90.36,0.315613,0.170291,0.046758,0.083663,0.9286
73,560.4,1023.69,132.51,112.63,0.291873,0.947857,0.069014,0.104286,0.9285
73,180.36,1001.38,233.08,157.13,0.093937,0.927205,0.121397,0.14549,0.9255
73,479.0,63.21,144.54,123.83,0.249477,0.058527,0.07528,0.114657,0.9213
73,1532.68,326.95,94.99,95.57,0.798273,0.302735,0.049473,0.088488,0.9189
73,1038.23,59.04,243.47,117.5,0.540744,0.054662,0.126807,0.1088,0.9141
73,1316.92,334.27,63.15,63.91,0.685896,0.309513,0.032889,0.059172,0.9126
73,1512.81,395.78,80.46,80.12,0.787921,0.366464,0.041905,0.074186,0.9102
73,54.82,165.76,109.34,228.71,0.028554,0.153479,0.056945,0.211772,0.9091
73,250.52,762.69,61.98,61.54,0.130482,0.706195,0.032281,0.056981,0.9071
73,1445.77,308.61,86.66,86.6,0.753003,0.285753,0.045136,0.080186,0.9042
73,273.09,51.67,102.66,98.91,0.142236,0.047846,0.05347,0.091581,0.9023
73,1451.95,192.01,58.3,57.46,0.756222,0.177785,0.030367,0.053205,0.9007
73,1012.1,361.34,85.86,87.86,0.527137,0.334579,0.044719,0.08135,0.8975
73,1851.67,106.59,136.66,213.19,0.964413,0.098698,0.071174,0.197395,0.8844
73,871.85,44.11,75.73,75.29,0.454087,0.040843,0.039442,0.069712,0.8646
73,60.66,33.2,121.33,66.41,0.031595,0.030744,0.063191,0.061488,0.7059
74,816.98,495.77,198.84,196.06,0.425511,0.459044,0.103564,0.181534,0.9534
74,1105.88,933.77,302.19,291.06,0.575978,0.8646,0.15739,0.269495,0.9517
74,381.14,547.73,196.83,196.54,0.198511,0.507157,0.102518,0.181982,0.9513
74,1408.83,135.28,288.91,270.55,0.733765,0.125256,0.150473,0.250513,0.9474
74,1662.63,485.79,163.44,163.61,0.865951,0.449805,0.085127,0.151493,0.9441
74,80.6,727.6,161.2,260.33,0.04198,0.673702,0.083959,0.241046,0.9428
74,1327.46,613.68,200.97,202.0,0.691385,0.568224,0.104673,0.187038,0.9415
74,1307.65,340.11,62.29,63.05,0.681069,0.314913,0.032442,0.058378,0.9364
74,500.0,221.98,173.95,171.38,0.260415,0.205536,0.090597,0.15869,0.9343
74,469.32,66.74,142.11,130.19,0.24444,0.061793,0.074015,0.12055,0.933
74,662.17,995.38,208.29,169.23,0.344879,0.921652,0.108485,0.156697,0.9298
74,1437.07,313.64,85.29,86.57,0.748476,0.290408,0.04442,0.080156,0.9282
74,169.64,1003.67,233.32,152.65,0.088352,0.929328,0.121521,0.141343,0.9257
74,551.39,1027.43,128.65,105.15,0.287181,0.951321,0.067004,0.097357,0.9229
74,1027.75,63.4,234.36,126.27,0.535289,0.058708,0.122065,0.116919,0.92
74,598.38,189.82,91.23,91.41,0.311655,0.175762,0.047517,0.08464,0.9112
74,1443.55,199.05,58.04,58.46,0.75185,0.184308,0.030228,0.054132,0.9031
74,1593.72,360.64,108.29,106.94,0.83006,0.333922,0.0564,0.099022,0.9024
74,1003.94,366.96,85.22,84.75,0.522888,0.339776,0.044386,0.078471,0.9013
74,262.73,56.06,102.89,101.4,0.136837,0.051904,0.053591,0.093892,0.8982
74,1525.32,334.62,96.38,96.62,0.794439,0.309836,0.050196,0.08946,0.8943
74,1503.53,401.16,81.89,82.25,0.783086,0.371445,0.042651,0.076154,0.8935
74,48.78,180.54,96.89,233.3,0.025405,0.167169,0.050461,0.216015,0.8928
74,862.9,48.26,75.63,79.44,0.449425,0.044682,0.03939,0.073552,0.8871
74,242.34,768.55,61.94,62.4,0.12622,0.711618,0.032261,0.057778,0.8864
74,1846.64,107.42,146.73,212.3,0.96179,0.099463,0.076421,0.196572,0.8861
75,1096.48,937.15,300.44,285.36,0.571084,0.867733,0.15648,0.264224,0.9554
75,1400.07,137.99,293.37,275.57,0.729204,0.127771,0.152797,0.255154,0.9529
75,808.78,500.58,199.22,193.69,0.421239,0.463496,0.103758,0.179339,0.9487
75,370.94,553.18,194.75,197.34,0.193199,0.512201,0.10143,0.182724,0.9486
75,492.13,226.69,177.54,178.68,0.256316,0.209895,0.092467,0.165442,0.9448
75,1651.48,489.71,161.74,163.21,0.860145,0.453436,0.084238,0.151123,0.942
75,1317.29,618.36,200.83,201.88,0.686088,0.572558,0.104597,0.186927,0.9415
75,76.03,736.21,152.06,256.88,0.039599,0.681675,0.079198,0.237848,0.9405
75,653.73,997.42,210.51,163.28,0.340486,0.923535,0.109641,0.151182,0.9339
75,1434.9,204.12,60.05,59.54,0.747343,0.189001,0.031276,0.055131,0.9305
75,459.72,69.58,144.62,135.78,0.239437,0.064422,0.075324,0.125719,0.9293
75,1298.08,345.97,61.89,62.4,0.676085,0.320345,0.032233,0.057782,0.9277
75,994.92,373.07,84.54,85.54,0.518188,0.345437,0.04403,0.079201,0.9206
75,162.59,1007.13,237.59,145.74,0.084683,0.932529,0.123743,0.134942,0.9195
75,253.34,62.83,98.2,98.64,0.131948,0.058174,0.051148,0.091333,0.9194
75,1494.29,407.06,81.69,80.02,0.778275,0.376908,0.042545,0.074094,0.9178
75,1018.3,66.12,229.58,131.62,0.530366,0.061218,0.119573,0.121867,0.9178
75,1516.1,339.21,92.7,93.62,0.789634,0.314081,0.04828,0.086688,0.9074
75,1584.79,366.45,108.31,108.29,0.825409,0.339306,0.056412,0.100266,0.9056
75,542.1,1030.71,127.84,98.57,0.282344,0.954365,0.066585,0.091271,0.9048
75,44.09,183.33,87.12,217.72,0.022962,0.169753,0.045376,0.201589,0.9034
75,588.58,196.1,90.69,91.21,0.306553,0.181578,0.047236,0.084454,0.9016
75,1427.94,321.43,85.34,84.55,0.74372,0.297623,0.044448,0.078284,0.8962
75,232.79,774.54,62.89,62.92,0.121245,0.71717,0.032755,0.058263,0.8948
75,1841.65,111.24,156.46,220.27,0.959193,0.103003,0.081487,0.20395,0.8939
75,853.51,53.55,76.22,75.88,0.444537,0.049586,0.039697,0.070259,0.8836
75,56.71,47.08,112.16,94.15,0.029535,0.04359,0.058419,0.087179,0.7194
76,1642.48,497.54,164.21,160.4,0.855458,0.460685,0.085528,0.148519,0.958
76,1087.92,939.96,303.16,279.97,0.566626,0.870336,0.157898,0.25923,0.9546
76,1390.81,138.8,287.33,273.64,0.724381,0.128516,0.149652,0.253368,0.9525
76,798.51,505.87,194.85,195.93,0.415889,0.468398,0.101486,0.181415,0.9521
76,362.26,557.08,196.51,196.35,0.188679,0.515813,0.10235,0.181808,0.9501
76,1011.6,68.83,233.38,134.58,0.526877,0.063735,0.121552,0.124608,0.9402
76,452.08,72.46,145.74,137.17,0.235458,0.067096,0.075905,0.127012,0.9353
76,72.6,740.91,145.21,255.75,0.037814,0.686027,0.075628,0.236802,0.9348
76,1889.07,1005.78,59.88,60.59,0.983893,0.93128,0.031188,0.056101,0.9339
76,483.75,235.58,172.45,169.5,0.251951,0.21813,0.089815,0.156945,0.9335
76,1308.49,624.72,201.49,196.36,0.681503,0.578443,0.104942,0.181819,0.9292
76,643.56,1001.11,204.49,157.77,0.335189,0.926956,0.106507,0.146087,0.928
76,579.19,202.07,89.4,91.69,0.301661,0.187103,0.04656,0.084901,0.9238
76,1576.93,372.47,105.24,106.65,0.82132,0.344877,0.054814,0.098748,0.9218
76,243.67,68.93,98.53,99.09,0.126912,0.063823,0.05132,0.091747,0.9205
76,1507.17,346.08,94.64,95.69,0.784986,0.320446,0.049291,0.088605,0.919
76,153.06,1009.41,235.99,140.57,0.079718,0.934638,0.122912,0.130154,0.9164
76,1289.85,351.05,63.28,63.8,0.671799,0.32505,0.032959,0.059076,0.9148
76,1420.87,327.87,87.61,88.27,0.740039,0.303582,0.045629,0.081732,0.9101
76,530.74,1032.69,128.73,94.03,0.276428,0.956193,0.067047,0.087069,0.9079
76,985.01,377.5,86.11,87.84,0.513027,0.349537,0.044851,0.081335,0.9047
76,845.59,59.94,78.3,78.64,0.440414,0.055503,0.04078,0.072812,0.9015
76,223.66,779.77,63.27,63.15,0.116489,0.722005,0.032953,0.058473,0.901
76,1835.9,116.13,167.37,231.27,0.956198,0.107528,0.087171,0.214139,0.8978
76,1889.17,802.46,60.99,95.3,0.983941,0.743023,0.031764,0.08824,0.8974
76,1483.84,412.31,81.03,83.67,0.772835,0.38177,0.042204,0.077476,0.8773
76,1425.99,210.25,58.45,58.76,0.742703,0.194674,0.030441,0.054404,0.8747
76,39.86,191.19,79.41,232.04,0.020761,0.177025,0.04136,0.214852,0.8732
76,47.8,40.84,94.74,81.69,0.024898,0.037817,0.049342,0.075634,0.7812
77,1636.08,502.07,160.76,162.26,0.852127,0.464882,0.083731,0.150243,0.9561
77,1078.84,941.55,305.53,276.68,0.561894,0.871803,0.159131,0.256185,0.9534
77,1383.48,143.92,290.46,280.16,0.72056,0.133259,0.15128,0.259412,0.9533
77,790.57,510.8,197.45,195.84,0.411755,0.47296,0.10284,0.181337,0.9479
77,353.91,562.16,198.8,196.46,0.184326,0.520515,0.103541,0.181904,0.9471
77,1881.08,1011.61,60.45,60.44,0.979727,0.936675,0.031483,0.055965,0.9392
77,634.68,1003.56,208.4,152.88,0.330562,0.929222,0.108541,0.141556,0.9392
77,1000.47,72.36,233.91,143.27,0.521078,0.067003,0.121826,0.132654,0.9366
77,1280.7,355.45,62.83,63.67,0.667029,0.329118,0.032725,0.058954,0.9352
77,1298.99,631.17,199.96,200.22,0.676559,0.58442,0.104148,0.185384,0.9351
77,440.29,75.06,144.47,141.15,0.229316,0.069499,0.075247,0.13069,0.9342
77,67.35,742.83,134.71,256.76,0.035081,0.687809,0.070161,0.237745,0.9311
77,476.55,237.61,174.43,171.57,0.248201,0.220013,0.090849,0.158861,0.9258
77,1568.07,376.51,105.89,106.21,0.816703,0.348623,0.055149,0.098346,0.9254
77,1496.63,350.05,96.63,94.43,0.779497,0.324119,0.050328,0.087436,0.9246
77,235.02,73.88,98.76,100.43,0.122406,0.068406,0.051438,0.092994,0.924
77,976.17,382.77,85.4,86.23,0.508423,0.354414,0.04448,0.079843,0.9236
77,1417.42,214.44,59.1,57.82,0.738237,0.198558,0.03078,0.053534,0.9194
77,835.93,65.77,77.39,80.77,0.435382,0.060902,0.040305,0.074785,0.9191
77,569.34,206.29,90.03,90.43,0.296532,0.191007,0.046888,0.083735,0.9122
77,142.36,1012.44,233.53,135.13,0.074144,0.937442,0.121632,0.125116,0.9093
77,1833.14,116.73,173.3,229.95,0.954759,0.108085,0.090261,0.212916,0.9038
77,215.28,784.34,60.77,61.79,0.112124,0.726241,0.031652,0.057211,0.8987
77,521.08,1036.4,126.07,87.14,0.271398,0.959625,0.065661,0.080681,0.8974
77,1886.0,805.26,68.0,101.12,0.982293,0.745615,0.035415,0.093634,0.8938
77,1410.05,331.1,88.68,87.55,0.734399,0.30657,0.046185,0.081067,0.8893
77,1477.31,417.19,82.3,81.79,0.76943,0.386283,0.042863,0.075736,0.8783
77,36.11,194.82,72.22,230.2,0.018807,0.180386,0.037613,0.21315,0.8344
77,47.41,52.84,94.11,105.69,0.024694,0.04893,0.049017,0.097859,0.7381
78,343.66,567.69,197.33,197.28,0.178989,0.525637,0.102777,0.182668,0.9574
78,1070.49,943.82,305.99,271.62,0.557545,0.873906,0.159371,0.251499,0.9562
78,780.62,514.34,196.76,197.6,0.406575,0.476245,0.10248,0.182964,0.9554
78,1290.16,633.0,202.14,200.96,0.671956,0.586108,0.105283,0.186069,0.9515
78,1372.96,148.06,291.99,284.89,0.715084,0.137089,0.152076,0.263789,0.9501
78,1626.33,507.54,163.61,162.44,0.847044,0.469944,0.085214,0.150408,0.9453
78,463.95,243.09,175.02,170.51,0.241639,0.22508,0.091156,0.157877,0.9427
78,627.7,1005.44,209.1,148.8,0.326927,0.930962,0.108904,0.137779,0.9406
78,992.68,74.41,235.2,147.73,0.517022,0.068899,0.122502,0.136785,0.9352
78,432.26,82.02,140.46,139.97,0.225137,0.075946,0.073155,0.129598,0.9344
78,1468.4,422.61,80.68,80.51,0.764791,0.391301,0.042019,0.074549,0.9317
78,63.12,748.38,126.25,250.88,0.032878,0.692949,0.065755,0.232299,0.9279
78,968.33,387.41,86.22,85.83,0.504341,0.358713,0.044905,0.079473,0.9247
78,1489.29,354.64,92.87,94.26,0.775671,0.328373,0.048368,0.087282,0.9221
78,1871.61,1016.03,59.83,60.69,0.974798,0.940773,0.031164,0.056193,0.9214
78,561.81,209.85,91.66,92.17,0.292611,0.194303,0.047738,0.085342,0.9192
78,226.52,78.08,100.73,102.79,0.117977,0.072293,0.052463,0.095178,0.9183
78,1828.55,117.46,182.68,231.81,0.952371,0.108758,0.095147,0.214639,0.9141
78,134.34,1015.05,236.47,129.89,0.069971,0.939865,0.123161,0.120271,0.9134
78,205.5,789.41,61.67,62.44,0.107029,0.730939,0.03212,0.05781,0.913
78,1559.19,381.04,106.46,105.41,0.81208,0.352818,0.05545,0.097604,0.9128
78,1271.14,360.67,62.04,62.56,0.66205,0.333951,0.032311,0.057925,0.9126
78,1408.32,218.12,58.22,58.24,0.733498,0.201966,0.030325,0.053929,0.9118
78,1881.01,811.45,77.98,98.23,0.979692,0.751347,0.040615,0.09095,0.899
78,512.63,1038.24,122.56,82.77,0.266993,0.961332,0.063835,0.076639,0.8935
78,1400.97,335.03,86.2,84.89,0.729673,0.310217,0.044894,0.078597,0.8907
78,825.94,68.61,76.86,76.06,0.430178,0.063528,0.040029,0.070426,0.8899
78,32.17,201.49,64.34,227.61,0.016756,0.186564,0.033511,0.21075,0.8142
79,1060.93,945.38,306.09,267.84,0.55257,0.875348,0.159422,0.248002,0.9564
79,334.8,571.93,196.26,197.67,0.174374,0.529562,0.102217,0.183025,0.951
79,1364.53,150.04,291.61,287.58,0.710692,0.138924,0.151879,0.266281,0.9502
79,771.75,519.71,195.75,195.19,0.401954,0.48121,0.101954,0.180735,0.947
79,1281.67,637.21,198.68,199.84,0.667538,0.590005,0.10348,0.185036,0.9418
79,985.16,76.27,235.9,149.21,0.513102,0.07062,0.122867,0.138157,0.9384
79,422.0,83.2,140.98,144.1,0.219792,0.077036,0.073428,0.133423,0.9366
79,457.96,246.11,177.47,172.14,0.238523,0.227877,0.092432,0.159387,0.9352
79,1617.95,510.42,162.05,162.67,0.842684,0.472612,0.084399,0.150624,0.9349
79,1479.28,356.88,93.42,93.44,0.770459,0.330442,0.048658,0.086516,0.932
79,551.99,214.06,89.99,90.59,0.287494,0.198203,0.046871,0.083878,0.9306
79,959.68,390.37,85.2,86.15,0.499835,0.361453,0.044377,0.079773,0.9284
79,1863.49,1019.68,59.14,60.0,0.970568,0.944148,0.030802,0.055559,0.9275
79,616.34,1005.73,211.42,148.54,0.321011,0.931232,0.110116,0.137535,0.9275
79,58.12,750.22,116.24,252.64,0.03027,0.694644,0.060539,0.233925,0.923
79,1262.48,365.31,62.88,63.32,0.657543,0.338251,0.032748,0.058625,0.921
79,1823.97,118.31,191.75,236.62,0.949985,0.109547,0.099872,0.219094,0.9197
79,1550.17,385.0,108.17,108.01,0.807381,0.356482,0.056337,0.100007,0.9189
79,215.85,81.31,98.24,99.6,0.112421,0.07529,0.051169,0.092226,0.916
79,196.33,793.7,62.57,62.55,0.102256,0.734911,0.032587,0.057916,0.9153
79,124.14,1016.34,230.92,127.32,0.064658,0.941055,0.120268,0.11789,0.9114
79,1391.19,338.92,88.24,87.52,0.724581,0.313819,0.045957,0.081037,0.9106
79,817.25,73.37,76.39,77.47,0.425651,0.067938,0.039788,0.07173,0.9034
79,1399.63,222.58,59.77,59.54,0.728976,0.20609,0.031128,0.055132,0.893
79,503.88,1039.86,131.9,80.28,0.262437,0.962833,0.068699,0.074333,0.8913
79,1458.68,427.06,79.3,79.48,0.759731,0.395428,0.041303,0.07359,0.8912
79,1876.84,814.57,86.31,95.88,0.977523,0.754228,0.044953,0.088774,0.8831
80,762.06,522.97,195.28,195.39,0.396904,0.48423,0.101707,0.180919,0.9527
80,1050.89,947.46,301.46,264.7,0.54734,0.877281,0.157011,0.245095,0.9523
80,1609.12,513.53,161.19,161.74,0.838085,0.475488,0.083954,0.149762,0.951
80,326.66,575.64,195.62,195.29,0.170133,0.533002,0.101885,0.180826,0.9505
80,1354.99,149.99,290.69,286.98,0.705724,0.138875,0.151399,0.265724,0.9421
80,1273.44,642.13,199.85,203.82,0.663249,0.594563,0.104086,0.188726,0.9412
80,446.82,251.85,178.11,173.53,0.232717,0.233191,0.092765,0.16068,0.9366
80,208.54,84.74,101.46,100.59,0.108616,0.078465,0.052842,0.09314,0.9347
80,1254.55,368.11,62.28,62.07,0.653413,0.340847,0.032437,0.057473,0.9336
80,1540.48,389.46,106.65,107.62,0.802335,0.360614,0.055548,0.099651,0.9336
80,411.93,85.89,144.51,143.72,0.214549,0.07953,0.075265,0.133071,0.9318
80,606.77,1010.1,213.58,139.8,0.316026,0.935276,0.111239,0.129448,0.9314
80,975.41,78.7,240.33,151.75,0.508024,0.072872,0.125172,0.140511,0.9311
80,1820.64,120.68,197.78,240.87,0.948249,0.111737,0.103011,0.223029,0.9257
80,1855.13,1023.59,60.83,61.14,0.966215,0.947764,0.031684,0.056614,0.9239
80,116.52,1018.73,227.61,121.9,0.060686,0.943272,0.118545,0.112871,0.9233
80,1383.35,342.91,86.46,88.01,0.720496,0.317505,0.045029,0.081489,0.9179
80,54.03,754.63,108.06,258.84,0.028141,0.698727,0.056281,0.239664,0.9171
80,187.29,796.62,62.52,63.48,0.097544,0.737613,0.032564,0.058779,0.9156
80,808.17,76.44,77.46,79.3,0.420922,0.070774,0.040344,0.073422,0.911
80,1869.1,817.76,95.85,99.31,0.973487,0.75719,0.049924,0.09195,0.9103
80,543.5,219.44,88.02,90.05,0.28307,0.203187,0.045846,0.083382,0.9054
80,496.31,1041.51,128.86,76.99,0.258496,0.964357,0.067115,0.071286,0.8998
80,1471.67,362.33,95.97,95.7,0.766497,0.335494,0.049987,0.08861,0.8922
80,948.88,395.6,85.63,85.53,0.494209,0.366299,0.044598,0.079191,0.8909
80,1391.1,226.32,60.99,58.64,0.724531,0.209557,0.031766,0.054294,0.8874
80,1448.63,430.24,81.59,80.3,0.754494,0.398373,0.042494,0.074353,0.8859
80,38.31,68.9,75.65,136.8,0.019955,0.063799,0.039401,0.126665,0.721
80,1883.31,804.61,72.81,159.03,0.98089,0.745013,0.037924,0.147249,0.7075
81,1043.09,950.4,302.12,259.13,0.543276,0.880002,0.157354,0.239931,0.9552
81,317.23,580.33,197.38,198.0,0.165225,0.537341,0.102803,0.183332,0.9523
81,1346.95,154.28,288.7,287.11,0.701535,0.142848,0.150366,0.265838,0.9464
81,754.38,526.01,198.1,196.05,0.392907,0.48705,0.103177,0.181529,0.946
81,1600.23,517.23,165.54,163.76,0.833455,0.478916,0.086218,0.151627,0.9453
81,434.99,253.49,179.1,177.2,0.226559,0.234715,0.093279,0.164077,0.9423
81,404.68,89.85,141.33,146.79,0.210773,0.083191,0.073612,0.135915,0.9364
81,1263.72,646.19,198.78,202.1,0.658187,0.598328,0.103533,0.187127,0.9316
81,1244.07,371.24,62.86,63.09,0.647951,0.343738,0.032741,0.058416,0.9316
81,963.21,79.18,237.02,157.98,0.50167,0.073319,0.123447,0.14628,0.9301
81,1814.38,121.78,210.16,242.83,0.944991,0.112758,0.109457,0.224845,0.9212
81,799.03,80.89,76.96,75.45,0.416159,0.074897,0.040084,0.06986,0.9146
81,1374.51,346.38,87.08,86.18,0.71589,0.320726,0.045356,0.079797,0.9114
81,600.32,1010.47,207.19,139.06,0.312668,0.935619,0.10791,0.128762,0.911
81,199.85,86.93,100.77,101.54,0.104087,0.080491,0.052487,0.094015,0.9078
81,178.26,800.31,62.59,62.42,0.092845,0.741032,0.032597,0.057796,0.9069
81,1382.06,229.24,58.34,58.31,0.719825,0.21226,0.030385,0.053989,0.9061
81,535.12,221.22,91.35,90.26,0.278707,0.204837,0.047579,0.08357,0.9035
81,1844.68,1026.38,60.43,59.89,0.96077,0.950354,0.031475,0.055451,0.9033
81,1461.89,365.33,95.97,96.33,0.761403,0.338264,0.049985,0.089197,0.9013
81,111.03,1019.84,222.05,120.32,0.057826,0.944298,0.115651,0.111404,0.8979
81,49.03,756.49,98.06,255.1,0.025536,0.70045,0.051072,0.236205,0.8965
81,941.06,398.57,86.11,87.1,0.490133,0.369042,0.044848,0.080644,0.8963
81,1440.7,432.99,84.59,82.18,0.750367,0.400919,0.044055,0.076097,0.895
81,1531.83,392.69,106.37,106.36,0.797827,0.363599,0.055401,0.098481,0.8863
81,1862.91,818.73,97.66,100.22,0.970265,0.758084,0.050865,0.0928,0.8839
81,486.68,1044.04,130.37,71.91,0.253478,0.966707,0.0679,0.066587,0.8783
81,1880.25,809.13,79.34,162.56,0.979297,0.749199,0.041325,0.150516,0.7939
82,1035.42,950.78,302.73,258.43,0.539283,0.880355,0.15767,0.23929,0.9591
82,746.73,528.63,198.74,195.32,0.388924,0.489472,0.103509,0.180855,0.9549
82,1337.74,156.82,292.19,291.96,0.696738,0.145206,0.152184,0.270331,0.9516
82,308.45,580.65,195.24,196.75,0.160653,0.537641,0.101689,0.182176,0.9511
82,1589.5,517.31,160.73,163.32,0.827866,0.478989,0.083712,0.151226,0.9455
82,427.47,256.31,175.66,178.71,0.222639,0.237323,0.091489,0.165468,0.9394
82,394.07,93.02,141.53,142.55,0.205246,0.086129,0.073712,0.131986,0.9372
82,956.07,79.87,230.53,157.79,0.497953,0.073955,0.12007,0.146101,0.9348
82,1254.17,648.49,200.85,202.87,0.653214,0.600456,0.104611,0.187843,0.9313
82,1809.04,124.1,221.59,241.11,0.94221,0.114903,0.115411,0.223251,0.931
82,1837.18,1030.01,59.93,59.59,0.956863,0.953714,0.031213,0.055174,0.9282
82,1372.66,232.16,59.65,59.57,0.714928,0.21496,0.031065,0.055155,0.9256
82,1235.94,373.93,63.58,63.37,0.643717,0.346233,0.033116,0.058672,0.9247
82,189.57,91.05,98.96,98.26,0.098733,0.08431,0.051541,0.090983,0.9219
82,789.79,82.41,77.34,76.7,0.411349,0.07631,0.04028,0.071016,0.918
82,591.35,1011.87,212.34,136.27,0.307996,0.936914,0.110595,0.126172,0.9178
82,1453.7,367.97,92.93,93.65,0.757135,0.340715,0.048403,0.086711,0.9166
82,1521.86,394.48,109.34,110.15,0.792634,0.365256,0.056948,0.101993,0.9119
82,1430.97,435.93,80.89,80.34,0.745299,0.403639,0.042131,0.074386,0.9076
82,932.06,400.69,83.22,84.88,0.48545,0.371012,0.043342,0.078594,0.9073
82,1364.43,349.27,85.89,87.41,0.71064,0.323399,0.044733,0.080939,0.9046
82,46.13,763.45,91.67,261.41,0.024028,0.706902,0.047746,0.242049,0.8971
82,167.88,804.26,63.15,62.86,0.087438,0.744682,0.032891,0.058201,0.8957
82,525.02,224.85,91.05,91.13,0.273449,0.208199,0.047422,0.084378,0.8945
82,106.46,1022.39,208.7,115.21,0.055447,0.94666,0.108696,0.10668,0.8937
82,476.05,1044.42,130.82,71.16,0.247942,0.967056,0.068134,0.065888,0.8802
82,1851.24,823.13,93.81,96.89,0.964186,0.762159,0.048862,0.089714,0.8655
82,1877.21,818.13,85.59,162.65,0.977712,0.757524,0.044576,0.150606,0.8412
83,1025.79,951.52,303.89,256.96,0.534266,0.881038,0.158276,0.237925,0.9587
83,1329.78,160.01,292.79,291.05,0.692591,0.148158,0.152493,0.269493,0.9552
83,1247.17,650.73,202.0,204.2,0.64957,0.602532,0.105209,0.18907,0.954
83,736.35,531.74,196.19,198.4,0.383516,0.492353,0.102184,0.183702,0.9525
83,299.5,583.16,196.92,195.6,0.155989,0.539965,0.102561,0.181115,0.9514
83,1582.16,523.24,163.46,160.74,0.82404,0.484479,0.085135,0.148829,0.9484
83,947.93,81.52,231.91,160.14,0.493715,0.075481,0.120786,0.148274,0.9468
83,387.11,95.0,146.71,144.27,0.20162,0.087965,0.076413,0.133585,0.9395
83,1804.57,128.27,230.87,252.66,0.939878,0.118767,0.120244,0.233941,0.9329
83,420.87,257.79,172.89,172.29,0.219202,0.238696,0.090047,0.159532,0.9319
83,1421.1,438.05,78.8,78.36,0.740154,0.405598,0.04104,0.072557,0.9263
83,1444.63,372.03,93.9,94.94,0.752412,0.344473,0.048906,0.087904,0.9254
83,1515.87,398.06,105.94,107.1,0.789514,0.368573,0.055176,0.099169,0.9248
83,180.44,92.54,100.48,98.9,0.093981,0.085688,0.052331,0.091574,0.9221
83,1226.52,377.03,63.4,63.99,0.638815,0.349099,0.03302,0.059254,0.9185
83,581.77,1014.2,212.63,131.6,0.303006,0.939076,0.110744,0.121848,0.9145
83,515.09,226.56,91.56,92.6,0.268275,0.209774,0.047689,0.08574,0.9117
83,1363.49,234.43,59.35,59.68,0.710153,0.217066,0.03091,0.05526,0.9094
83,159.23,806.21,62.55,62.26,0.082932,0.746494,0.032576,0.057647,0.9052
83,1355.21,351.8,85.73,85.22,0.705839,0.325739,0.044649,0.078903,0.8995
83,923.04,402.45,86.96,88.62,0.48075,0.372638,0.045293,0.082055,0.8974
83,101.93,1024.26,202.16,111.47,0.053086,0.948391,0.105293,0.103217,0.8945
83,780.34,83.35,75.99,76.15,0.406429,0.07718,0.039579,0.070509,0.8941
83,1841.98,826.6,91.97,93.15,0.959367,0.765372,0.047902,0.086254,0.8892
83,1828.19,1032.26,58.68,59.09,0.952184,0.955792,0.030562,0.054718,0.8872
83,39.34,761.02,77.63,260.64,0.020489,0.704646,0.040433,0.241336,0.8814
83,467.81,1045.29,126.67,69.43,0.24365,0.967859,0.065975,0.064283,0.8724
83,1874.45,819.62,91.09,168.19,0.976278,0.758909,0.047445,0.155729,0.8388
84,1319.94,163.09,290.31,292.05,0.68747,0.15101,0.151205,0.270415,0.9588
84,1015.59,953.7,305.08,251.13,0.528952,0.88306,0.158894,0.232529,0.9561
84,1573.81,524.22,161.78,161.3,0.819693,0.485391,0.084263,0.149351,0.9536
84,289.54,585.36,196.84,197.54,0.1508,0.542002,0.102521,0.182905,0.9486
84,729.08,532.93,194.64,195.52,0.379731,0.493452,0.101374,0.181039,0.947
84,1801.81,126.99,236.39,252.84,0.938441,0.117579,0.123119,0.234115,0.9418
84,374.52,95.6,140.84,141.69,0.195062,0.08852,0.073352,0.131192,0.9389
84,408.73,257.49,177.04,176.25,0.212881,0.238418,0.092207,0.163192,0.9387
84,935.04,81.81,229.65,161.6,0.486998,0.075747,0.119607,0.14963,0.9323
84,1236.11,652.97,197.63,199.39,0.643807,0.604598,0.102933,0.184624,0.9286
84,1217.95,378.58,64.5,65.39,0.63435,0.350536,0.033593,0.060547,0.9215
84,1435.72,372.52,98.01,95.93,0.747772,0.344922,0.051048,0.088825,0.92
84,506.91,228.68,90.75,90.59,0.264017,0.211742,0.047266,0.083884,0.9179
84,1347.34,353.06,86.88,87.12,0.70174,0.326908,0.045248,0.080669,0.9146
84,570.52,1014.73,210.08,130.0,0.297148,0.939568,0.109416,0.120373,0.9126
84,170.88,93.59,97.35,98.19,0.089,0.086655,0.050705,0.090921,0.9117
84,914.71,404.58,84.73,85.66,0.476411,0.37461,0.044132,0.079317,0.9099
84,1506.23,399.62,106.47,106.63,0.784493,0.370015,0.055453,0.098727,0.9093
84,1833.87,829.8,91.21,93.96,0.955141,0.768334,0.047505,0.086997,0.886
84,97.4,1025.01,193.62,109.95,0.05073,0.949082,0.100842,0.101805,0.8838
84,1412.09,439.36,81.06,79.03,0.735462,0.406812,0.042219,0.073172,0.8802
84,770.1,85.75,77.03,77.09,0.401096,0.079401,0.040122,0.071381,0.8777
84,1868.13,818.64,103.74,169.57,0.972985,0.757998,0.054029,0.157008,0.8683
84,458.39,1046.63,134.26,66.74,0.238743,0.969101,0.069928,0.061798,0.8678
84,34.8,767.27,68.94,253.06,0.018123,0.710437,0.035904,0.234314,0.8441
84,150.55,807.51,61.39,62.46,0.078413,0.747696,0.031977,0.057837,0.8397
84,1819.65,1034.46,58.61,58.71,0.947733,0.957833,0.030529,0.054359,0.7647
85,1007.68,953.98,303.74,250.34,0.524831,0.883317,0.158198,0.231793,0.9596
85,1310.97,163.89,292.6,291.74,0.682797,0.151752,0.152394,0.270134,0.9541
85,1563.95,525.21,163.64,161.45,0.814556,0.48631,0.085229,0.149487,0.9504
85,719.41,533.32,196.58,195.41,0.374695,0.493814,0.102383,0.180939,0.9489
85,280.3,587.86,194.9,197.95,0.145992,0.544314,0.101511,0.183287,0.9484
85,1797.74,127.85,244.52,253.46,0.936323,0.118376,0.127354,0.234686,0.944
85,400.37,262.72,174.64,172.98,0.208524,0.243259,0.090959,0.160168,0.9419
85,1208.93,380.01,63.35,64.59,0.629653,0.35186,0.032995,0.059808,0.9367
85,1228.15,654.33,200.27,201.01,0.639661,0.605865,0.104307,0.186119,0.9333
85,1497.13,401.65,109.24,108.24,0.779756,0.371902,0.056896,0.100218,0.9283
85,928.17,82.98,230.85,162.04,0.483424,0.076838,0.120235,0.150042,0.9273
85,364.17,96.55,143.08,143.29,0.189671,0.089399,0.074522,0.13268,0.9264
85,161.62,95.79,98.03,98.91,0.084179,0.088694,0.051055,0.091583,0.9222
85,1426.36,372.55,95.88,93.77,0.742895,0.344952,0.049939,0.086822,0.9212
85,496.93,229.85,90.47,91.53,0.258817,0.212826,0.047119,0.084752,0.9196
85,1825.68,830.45,94.4,93.54,0.950874,0.768938,0.049166,0.086613,0.9178
85,1345.69,237.57,59.7,58.05,0.700881,0.219971,0.031095,0.053748,0.9123
85,905.73,407.77,84.97,86.6,0.471735,0.377567,0.044257,0.080186,0.9106
85,562.86,1016.47,208.69,127.07,0.293158,0.941173,0.108691,0.117655,0.9101
85,1810.49,1036.45,59.72,60.18,0.942965,0.959678,0.031105,0.055726,0.908
85,140.82,809.26,63.75,63.16,0.073345,0.749312,0.033204,0.058479,0.8974
85,762.85,87.87,77.59,76.03,0.39732,0.081358,0.040413,0.070398,0.8958
85,1338.37,356.83,85.7,86.79,0.69707,0.3304,0.044633,0.080363,0.891
85,94.55,1025.4,188.2,109.16,0.049244,0.949444,0.09802,0.101071,0.8758
85,449.33,1047.72,126.3,64.57,0.234024,0.970109,0.065782,0.059782,0.8747
85,1404.04,441.37,80.67,80.89,0.73127,0.408672,0.042015,0.074902,0.872
85,1865.04,818.97,109.91,178.5,0.971377,0.758302,0.057246,0.165274,0.8639
85,32.36,775.49,64.51,251.57,0.016854,0.71805,0.033598,0.232933,0.8599
85,61.02,12.61,83.24,23.75,0.031782,0.011676,0.043356,0.021989,0.7028
86,1554.79,527.59,162.58,160.89,0.809785,0.488508,0.084678,0.148976,0.9566
86,999.56,955.42,303.39,247.82,0.520602,0.884649,0.158014,0.22946,0.9556
86,709.34,536.19,196.57,196.88,0.36945,0.496471,0.102379,0.182294,0.9525
86,271.5,587.36,198.05,197.58,0.141407,0.543854,0.103152,0.182942,0.9503
86,1302.23,163.69,290.84,289.01,0.678244,0.151564,0.151477,0.267602,0.9474
86,359.77,98.35,147.03,143.63,0.187379,0.091063,0.076579,0.132988,0.9467
86,1220.13,655.41,199.25,198.73,0.635482,0.606858,0.103779,0.184008,0.946
86,1792.96,129.77,254.07,254.37,0.933835,0.120153,0.13233,0.235531,0.9457
86,920.96,83.19,230.69,164.26,0.479666,0.077031,0.120149,0.152093,0.9445
86,393.19,264.47,169.67,168.9,0.204784,0.244881,0.088367,0.156392,0.932
86,1487.03,402.82,105.61,107.53,0.774497,0.372985,0.055004,0.099565,0.9268
86,1199.72,381.07,62.65,63.31,0.624854,0.352841,0.03263,0.058617,0.9222
86,1417.51,376.67,93.9,95.62,0.738284,0.348769,0.048904,0.088542,0.921
86,1815.61,829.66,92.38,91.24,0.945628,0.768201,0.048113,0.084483,0.9202
86,1801.96,1037.21,60.25,61.46,0.938521,0.96038,0.031381,0.056907,0.9189
86,487.22,231.98,88.98,90.76,0.253758,0.214798,0.046346,0.084035,0.9168
86,152.88,96.93,99.38,99.72,0.079627,0.089746,0.051759,0.092335,0.9159
86,553.04,1016.15,211.85,127.7,0.288043,0.940879,0.110338,0.118243,0.9154
86,131.13,810.88,63.81,63.09,0.068295,0.750818,0.033235,0.058418,0.9114
86,1331.27,357.84,87.86,88.0,0.693372,0.331336,0.045762,0.08148,0.9086
86,895.13,407.76,86.53,88.02,0.466215,0.37756,0.045067,0.081501,0.9067
86,1854.04,818.62,131.91,176.61,0.965648,0.757984,0.068705,0.163524,0.893
86,1337.36,239.56,58.82,58.62,0.696542,0.221816,0.030633,0.054282,0.8865
86,1394.66,442.87,80.96,83.36,0.726387,0.410064,0.042166,0.077184,0.8809
86,754.03,89.51,77.34,76.73,0.392727,0.082879,0.040281,0.071048,0.8734
86,89.2,1024.67,177.93,110.55,0.046459,0.948765,0.092674,0.102361,0.8688
86,438.88,1048.52,123.5,62.95,0.228584,0.970855,0.064323,0.05829,0.8553
86,55.68,12.39,59.02,24.51,0.029,0.011473,0.030742,0.02269,0.7526
87,1546.85,527.07,161.41,162.55,0.805653,0.488029,0.084065,0.150506,0.9616
87,1789.02,129.25,261.96,255.31,0.93178,0.119676,0.13644,0.236398,0.9548
87,263.27,589.95,198.2,196.98,0.13712,0.546249,0.103227,0.182386,0.9519
87,989.51,954.72,303.08,250.57,0.515369,0.883996,0.157856,0.232007,0.9515
87,701.12,536.26,198.0,196.9,0.365167,0.496534,0.103123,0.182313,0.9504
87,1294.08,164.89,290.67,292.28,0.674001,0.152676,0.15139,0.270629,0.9447
87,1209.62,657.43,199.23,201.94,0.63001,0.608733,0.103766,0.186983,0.9406
87,1190.22,381.42,63.68,63.75,0.619907,0.353163,0.033165,0.059029,0.9395
87,909.21,82.97,226.8,163.29,0.473549,0.07682,0.118123,0.151197,0.9394
87,347.4,98.52,140.59,139.03,0.180938,0.091218,0.073221,0.128736,0.9387
87,1808.25,832.58,94.41,94.7,0.941795,0.770909,0.049173,0.087685,0.9317
87,381.96,263.0,174.07,172.23,0.198938,0.243517,0.090663,0.159475,0.9296
87,1793.11,1039.14,60.14,60.7,0.933911,0.962165,0.031325,0.056204,0.9296
87,1408.83,375.86,96.82,96.1,0.733768,0.348017,0.05043,0.088984,0.9255
87,743.06,90.02,75.67,78.42,0.387011,0.083352,0.039412,0.072614,0.9246
87,478.11,231.93,91.28,92.57,0.249015,0.214747,0.047544,0.085712,0.918
87,1478.46,403.23,107.62,107.93,0.770034,0.373357,0.056052,0.099936,0.9174
87,885.41,408.29,85.13,85.19,0.461152,0.378046,0.044336,0.078878,0.9115
87,142.12,98.77,97.94,98.84,0.074021,0.091453,0.05101,0.091522,0.9083
87,1320.2,357.1,88.13,87.08,0.687606,0.330647,0.0459,0.080634,0.9081
87,1852.74,818.39,134.51,176.65,0.96497,0.757764,0.07006,0.163561,0.9008
87,546.36,1016.72,210.77,126.51,0.28456,0.941407,0.109779,0.117136,0.8983
87,1329.26,239.35,59.9,58.85,0.692323,0.221619,0.031197,0.05449,0.8931
87,122.43,811.37,62.15,62.47,0.063763,0.751267,0.032369,0.057843,0.8922
87,430.71,1048.45,133.27,63.1,0.224329,0.970785,0.069409,0.058429,0.8701
87,1386.26,442.58,79.56,81.8,0.722011,0.409794,0.04144,0.075736,0.8637
87,85.07,1025.92,169.96,107.67,0.044305,0.949923,0.088519,0.099696,0.8532
88,1536.27,527.1,163.24,161.18,0.800139,0.488054,0.085019,0.149243,0.9607
88,980.06,953.97,302.29,251.91,0.510448,0.883309,0.157442,0.233253,0.9561
88,692.28,535.83,198.4,196.5,0.360565,0.496138,0.103332,0.181942,0.955
88,1284.33,165.06,290.6,292.41,0.668922,0.152832,0.151357,0.270751,0.9523
88,252.88,590.48,197.2,197.42,0.13171,0.546745,0.102709,0.182797,0.9513
88,372.76,264.81,175.01,172.19,0.194147,0.245197,0.091152,0.159439,0.9447
88,1783.21,130.28,273.58,255.7,0.928754,0.12063,0.142492,0.236758,0.9425
88,900.75,84.05,231.62,167.33,0.469139,0.077827,0.120635,0.154934,0.9419
88,337.92,99.47,142.38,144.23,0.175997,0.0921,0.074156,0.133546,0.935
88,1398.67,376.82,97.11,96.13,0.728472,0.348912,0.05058,0.089011,0.931
88,1201.07,655.54,202.45,206.31,0.625556,0.606986,0.105443,0.191031,0.9303
88,1181.23,382.35,62.52,62.99,0.615223,0.354025,0.032563,0.058325,0.9225
88,1799.24,832.09,92.37,93.53,0.937102,0.770452,0.048107,0.086598,0.9206
88,469.46,232.24,90.38,91.98,0.244509,0.215038,0.047075,0.085169,0.9199
88,1783.76,1039.07,59.75,60.34,0.929044,0.962101,0.031121,0.055866,0.9197
88,133.62,97.82,97.12,97.76,0.069596,0.090578,0.050583,0.090522,0.9179
88,537.11,1018.04,211.12,123.92,0.279743,0.94263,0.109961,0.114739,0.9112
88,1469.76,403.71,106.77,106.37,0.765499,0.373802,0.055607,0.098489,0.9084
88,734.81,90.42,77.21,74.57,0.382714,0.083718,0.040212,0.069048,0.9069
88,876.67,409.28,86.69,84.93,0.456597,0.378965,0.045152,0.078635,0.9047
88,1849.36,822.35,141.29,169.83,0.963206,0.761436,0.073588,0.157251,0.8978
88,114.25,811.11,63.23,62.76,0.059504,0.751026,0.032934,0.058115,0.8924
88,1311.07,358.27,87.31,87.5,0.68285,0.331727,0.045473,0.081014,0.8873
88,81.73,1026.07,163.33,107.66,0.042566,0.950067,0.085069,0.099681,0.8726
88,1319.59,239.9,58.48,57.44,0.687284,0.222126,0.030457,0.053181,0.8721
88,1377.78,443.97,82.38,82.65,0.717593,0.411079,0.042905,0.076529,0.8664
88,421.37,1048.46,126.37,63.08,0.219466,0.970798,0.065817,0.058405,0.8609
89,1528.72,528.19,163.77,162.34,0.796211,0.489064,0.085299,0.150317,0.9599
89,972.13,954.57,304.29,250.86,0.506319,0.88386,0.158482,0.23228,0.9581
89,1274.96,163.95,290.15,290.3,0.664039,0.151805,0.151122,0.268796,0.9569
89,682.4,535.56,197.45,196.51,0.355417,0.495886,0.102839,0.181956,0.9498
89,331.14,98.78,147.01,144.54,0.172468,0.091459,0.076566,0.133832,0.9462
89,244.28,588.58,197.61,197.34,0.127227,0.544984,0.102921,0.182724,0.9461
89,1778.41,129.53,283.18,256.69,0.926256,0.119939,0.147488,0.237675,0.9421
89,1192.12,655.83,201.76,202.79,0.620896,0.60725,0.105082,0.187767,0.9349
89,1462.08,404.21,106.44,107.67,0.761501,0.374271,0.055439,0.099693,0.9317
89,364.92,266.49,173.01,170.09,0.19006,0.246748,0.090111,0.157491,0.9296
89,1390.45,377.11,95.58,95.86,0.724192,0.349172,0.049783,0.088757,0.9295
89,123.71,97.33,100.59,100.8,0.064433,0.090122,0.052388,0.093337,0.9285
89,1775.98,1039.74,60.53,61.5,0.924991,0.962722,0.031526,0.056948,0.9284
89,892.73,83.4,230.94,166.02,0.464963,0.077226,0.120279,0.153718,0.9282
89,103.83,811.77,63.46,63.25,0.054079,0.751639,0.033053,0.058561,0.9225
89,458.21,232.55,88.84,91.68,0.238653,0.215326,0.04627,0.08489,0.9223
89,1171.57,382.69,64.71,63.71,0.610193,0.354342,0.033704,0.05899,0.9218
89,527.77,1017.98,212.97,124.03,0.274878,0.942578,0.110922,0.114845,0.921
89,1792.06,831.32,94.16,92.69,0.933366,0.769738,0.049044,0.085828,0.9208
89,868.4,407.81,82.43,84.58,0.452293,0.377602,0.042935,0.078317,0.9205
89,726.09,90.59,76.11,78.24,0.378174,0.08388,0.03964,0.072444,0.9097
89,1844.35,820.75,150.95,172.84,0.960598,0.75995,0.078621,0.160037,0.9084
89,1302.95,358.55,87.59,87.43,0.678617,0.331992,0.04562,0.080957,0.9067
89,1311.14,240.68,58.89,58.69,0.682888,0.222851,0.030672,0.054347,0.8904
89,1368.89,444.07,80.7,80.57,0.712961,0.411173,0.042032,0.074604,0.8756
89,75.55,1026.37,151.0,106.99,0.039347,0.950338,0.078647,0.099067,0.8644
89,411.91,1048.82,130.67,62.37,0.214538,0.971126,0.068058,0.057748,0.8464
90,1521.05,528.35,164.3,163.84,0.792215,0.489213,0.085575,0.151701,0.9586
90,962.0,954.52,302.4,250.87,0.501041,0.883819,0.157501,0.232283,0.958
90,1265.9,163.7,290.28,289.54,0.659325,0.151572,0.151186,0.268093,0.9552
90,235.43,588.64,199.32,197.53,0.122621,0.545037,0.103815,0.1829,0.9545
90,673.81,536.96,195.89,197.5,0.350945,0.497183,0.102025,0.182873,0.9518
90,880.47,83.35,227.68,163.06,0.458579,0.077175,0.118585,0.150979,0.9484
90,1162.84,381.02,61.82,63.32,0.605648,0.352793,0.032195,0.05863,0.9439
90,318.66,97.67,142.75,139.79,0.16597,0.090431,0.074348,0.129432,0.9424
90,1775.85,129.68,288.29,258.49,0.924923,0.120071,0.150154,0.239346,0.9412
90,354.14,263.3,175.61,172.82,0.18445,0.243794,0.091462,0.160023,0.9315
90,1183.41,657.4,200.06,201.01,0.616357,0.608701,0.104195,0.18612,0.928
90,1766.84,1039.15,60.16,60.75,0.920231,0.962175,0.031335,0.056252,0.927
90,1781.21,832.48,95.0,94.9,0.927715,0.770817,0.049478,0.087875,0.9252
90,1382.48,374.89,95.14,96.56,0.720041,0.347119,0.049552,0.089403,0.9243
90,1837.54,819.63,162.71,174.4,0.957054,0.758917,0.084743,0.161485,0.9199
90,1452.37,402.74,106.87,108.23,0.756442,0.372904,0.055663,0.100216,0.9193
90,114.27,97.64,98.6,98.9,0.059514,0.090411,0.051355,0.091571,0.9135
90,449.49,231.79,91.56,91.96,0.234111,0.214624,0.047687,0.085152,0.9134
90,517.91,1017.68,213.02,124.65,0.269747,0.942292,0.110949,0.115416,0.9106
90,1293.05,356.85,86.89,86.49,0.673463,0.330412,0.045255,0.08008,0.9046
90,95.34,810.78,61.93,61.54,0.049655,0.750721,0.032255,0.056979,0.8997
90,859.13,408.79,86.03,86.8,0.447463,0.378505,0.044809,0.080373,0.8976
90,716.49,89.87,76.64,77.43,0.37317,0.083212,0.039914,0.071696,0.8955
90,1301.97,240.16,61.13,59.75,0.678108,0.222368,0.03184,0.055324,0.8908
90,68.48,1027.0,136.82,105.47,0.035664,0.950927,0.071262,0.097661,0.8673
90,1359.45,443.02,81.68,82.17,0.708049,0.410202,0.042542,0.076087,0.8629
90,402.68,1048.43,131.7,63.14,0.209729,0.970769,0.068592,0.058461,0.8523
91,1258.27,165.34,290.89,292.79,0.655351,0.153092,0.151508,0.271106,0.958
91,1512.48,526.44,161.86,162.14,0.787749,0.487441,0.084301,0.15013,0.9576
91,953.2,955.27,303.32,247.52,0.496458,0.88451,0.157978,0.229187,0.9549
91,226.13,590.16,196.88,197.63,0.117777,0.546446,0.102541,0.182988,0.9528
91,664.58,534.25,198.22,195.25,0.346135,0.49468,0.103242,0.180783,0.9496
91,1770.67,129.79,298.66,257.29,0.922224,0.120177,0.155553,0.238232,0.9469
91,343.92,262.08,177.23,174.42,0.179127,0.24267,0.092306,0.1615,0.9426
91,310.14,97.58,143.97,143.18,0.161531,0.090348,0.074983,0.132571,0.9351
91,873.46,81.69,231.04,163.15,0.454925,0.075643,0.120331,0.151063,0.9344
91,1757.73,1037.68,61.36,62.39,0.915486,0.960813,0.031957,0.057767,0.9286
91,1173.47,655.22,198.02,199.6,0.61118,0.606687,0.103134,0.184818,0.9282
91,1373.14,375.44,97.81,97.15,0.715175,0.347629,0.050943,0.089955,0.9255
91,1834.51,819.84,166.24,171.68,0.955474,0.759115,0.086581,0.158964,0.9181
91,1441.73,402.77,107.5,108.66,0.750903,0.372937,0.055992,0.100613,0.9132
91,442.24,231.19,91.31,92.14,0.230334,0.214066,0.047557,0.085315,0.9117
91,1154.72,380.87,63.12,63.61,0.601418,0.352657,0.032877,0.058894,0.9111
91,106.31,95.81,97.34,98.75,0.05537,0.088708,0.050698,0.091436,0.9097
91,706.95,87.49,75.8,76.29,0.368203,0.081005,0.039481,0.070643,0.9092
91,509.3,1016.51,212.82,126.98,0.265262,0.941212,0.110843,0.117576,0.9058
91,849.92,407.83,87.99,87.19,0.442667,0.377624,0.04583,0.08073,0.9025
91,1773.17,832.0,93.03,93.0,0.923527,0.770372,0.048452,0.086109,0.8992
91,1293.31,238.2,58.87,58.31,0.673599,0.22056,0.030664,0.05399,0.8992
91,1284.63,355.7,89.71,88.47,0.669079,0.329356,0.046726,0.081916,0.8971
91,85.78,811.12,63.69,63.21,0.044679,0.751037,0.03317,0.058525,0.8867
91,66.34,1026.07,132.29,107.05,0.03455,0.950064,0.068899,0.09912,0.8837
91,395.49,1048.68,127.74,62.65,0.205985,0.970996,0.066532,0.058007,0.8763
91,1349.79,442.17,80.32,79.34,0.703014,0.409418,0.041833,0.073459,0.8674
91,1884.17,458.15,71.19,203.32,0.981338,0.424211,0.037078,0.188264,0.8218
92,945.89,954.35,304.65,249.77,0.492653,0.883657,0.158674,0.231266,0.958
92,1249.43,162.78,296.47,291.73,0.650745,0.150726,0.154411,0.270121,0.9523
92,656.35,533.59,198.65,194.26,0.341847,0.494068,0.103462,0.179867,0.9519
92,1503.69,524.1,162.29,160.05,0.783174,0.485278,0.084524,0.148199,0.9508
92,1164.48,654.28,197.83,199.75,0.606501,0.605812,0.103036,0.184955,0.9498
92,215.9,586.67,197.25,197.71,0.112449,0.543212,0.102733,0.183063,0.9466
92,1764.1,128.97,304.61,252.36,0.918802,0.119414,0.15865,0.233665,0.9431
92,866.09,80.98,229.12,160.84,0.451088,0.074985,0.119333,0.148923,0.9423
92,302.78,95.53,146.1,147.01,0.157698,0.088455,0.076095,0.136123,0.9409
92,96.01,94.93,99.32,99.64,0.050004,0.087897,0.05173,0.092257,0.9319
92,1145.61,380.2,63.72,63.73,0.59667,0.352039,0.033187,0.059006,0.9288
92,1433.91,401.12,108.42,109.2,0.74683,0.371406,0.056469,0.101115,0.9268
92,337.58,263.29,172.8,170.58,0.175823,0.243789,0.090002,0.157941,0.9264
92,1364.53,373.75,96.34,95.29,0.710692,0.346069,0.05018,0.088229,0.9216
92,843.01,405.94,84.59,84.02,0.439069,0.375868,0.044055,0.077798,0.9215
92,431.42,228.85,90.17,91.57,0.224699,0.211899,0.046964,0.084787,0.9163
92,1831.97,820.41,171.44,170.53,0.954153,0.759641,0.089294,0.1579,0.9159
92,499.44,1016.13,215.73,127.74,0.260125,0.940861,0.11236,0.118277,0.9156
92,1765.85,830.27,95.2,94.93,0.919714,0.768768,0.049582,0.087897,0.914
92,1284.45,237.34,60.91,59.38,0.668983,0.219759,0.031723,0.054977,0.9136
92,1274.62,354.06,89.47,88.81,0.663863,0.327837,0.046599,0.082232,0.9133
92,76.03,810.13,62.82,62.47,0.039601,0.750122,0.03272,0.057845,0.9088
92,698.11,85.97,75.48,75.56,0.363601,0.079606,0.03931,0.069964,0.8769
92,1748.47,1037.23,60.1,60.8,0.91066,0.960401,0.0313,0.056294,0.8719
92,1341.79,440.67,86.6,84.53,0.698851,0.408026,0.045103,0.078273,0.8679
92,62.42,1026.55,124.3,105.87,0.032509,0.950512,0.064741,0.098029,0.8661
92,383.37,1048.17,131.34,63.65,0.199673,0.970531,0.068409,0.058939,0.8531
92,1878.74,459.62,81.9,209.11,0.978509,0.42557,0.042659,0.193622,0.8433
93,936.73,953.96,306.32,251.08,0.487881,0.883298,0.159539,0.232485,0.9562
93,1493.32,525.5,163.36,160.97,0.777769,0.486576,0.085081,0.149043,0.9534
93,646.67,534.27,196.99,198.45,0.336808,0.494697,0.102599,0.183749,0.9523
93,208.16,585.19,197.28,195.85,0.108414,0.54184,0.10275,0.181343,0.9507
93,1758.66,128.63,310.16,252.68,0.915968,0.119106,0.161542,0.233962,0.9494
93,856.82,81.43,231.67,158.74,0.446263,0.075398,0.120664,0.146983,0.947
93,1157.41,652.87,202.25,201.7,0.602818,0.604513,0.10534,0.186762,0.9408
93,1240.3,160.87,292.48,292.91,0.645991,0.14895,0.152331,0.271215,0.9397
93,292.04,95.81,145.43,141.69,0.152105,0.088713,0.075743,0.131198,0.9349
93,1426.65,399.37,106.97,106.95,0.743049,0.369786,0.055715,0.099026,0.9248
93,1820.42,817.26,175.39,174.77,0.948135,0.756719,0.091348,0.161822,0.9247
93,325.84,258.16,179.01,173.14,0.169706,0.239038,0.093236,0.160315,0.9219
93,85.57,93.04,99.86,98.35,0.044566,0.086144,0.052012,0.091068,0.9217
93,1353.9,372.28,93.92,94.71,0.705156,0.344701,0.048918,0.087691,0.9204
93,1135.75,377.56,63.66,63.93,0.591534,0.349589,0.033157,0.059197,0.92
93,422.86,226.5,90.9,91.33,0.220237,0.209721,0.047341,0.084568,0.9158
93,1755.81,827.66,93.36,92.56,0.914483,0.766351,0.048627,0.085701,0.9123
93,490.65,1015.12,212.96,129.75,0.255546,0.939929,0.110916,0.120143,0.91
93,1274.62,234.96,58.44,59.06,0.663866,0.217553,0.030439,0.054688,0.9073
93,1266.57,352.74,87.41,86.43,0.659674,0.326613,0.045526,0.08003,0.9025
93,1332.2,439.23,82.53,81.39,0.693852,0.406692,0.042985,0.075359,0.9009
93,688.52,82.55,76.43,77.2,0.358604,0.076435,0.039809,0.071482,0.898
93,832.99,403.81,87.13,88.59,0.433847,0.373897,0.045378,0.082031,0.8968
93,1740.02,1034.84,59.85,60.51,0.906262,0.958183,0.031172,0.056031,0.8811
93,56.56,1024.13,112.58,110.79,0.029458,0.948269,0.058637,0.102579,0.8632
93,375.89,1047.35,125.74,65.3,0.195776,0.969767,0.065487,0.060466,0.8594
93,67.81,808.43,62.62,62.0,0.035315,0.748547,0.032613,0.057406,0.8581
93,1876.67,455.72,85.91,189.57,0.977432,0.421961,0.044743,0.175524,0.8327
94,926.21,951.95,304.98,256.04,0.4824,0.881434,0.158842,0.237073,0.955
94,638.79,530.95,197.61,197.57,0.332701,0.491617,0.102922,0.182935,0.9513
94,1750.06,125.09,310.57,248.57,0.911492,0.11582,0.161757,0.230161,0.9497
94,198.28,583.59,202.4,199.42,0.10327,0.540362,0.105415,0.184649,0.9495
94,315.8,255.63,180.02,178.41,0.164479,0.236693,0.09376,0.165198,0.9491
94,1229.42,157.96,290.69,291.72,0.640321,0.146257,0.151402,0.270111,0.9466
94,1484.62,520.79,160.14,161.53,0.773241,0.482214,0.083406,0.149563,0.9422
94,1149.1,649.17,202.13,204.92,0.598491,0.601084,0.105277,0.189739,0.938
94,284.48,92.63,143.03,145.65,0.148168,0.085769,0.074494,0.134865,0.9335
94,845.52,80.12,234.98,160.07,0.440373,0.074189,0.122385,0.148211,0.9298
94,1811.84,813.75,174.05,175.43,0.943668,0.753476,0.090653,0.162433,0.9233
94,1267.08,232.72,59.7,59.17,0.659938,0.215477,0.031093,0.054791,0.9207
94,1747.1,826.18,91.85,95.56,0.909946,0.764978,0.04784,0.088483,0.9175
94,481.79,1013.83,209.75,132.34,0.250931,0.938731,0.109245,0.122538,0.9131
94,824.34,402.04,86.87,85.88,0.429345,0.372259,0.045242,0.079521,0.9113
94,415.19,225.54,90.91,91.23,0.216245,0.208837,0.047349,0.084472,0.9098
94,1416.5,397.06,107.19,107.43,0.737759,0.367648,0.055826,0.099474,0.9089
94,78.59,91.09,97.39,97.11,0.040932,0.084345,0.050725,0.089916,0.9067
94,1731.7,1033.27,60.02,60.67,0.901928,0.95673,0.031262,0.056178,0.9057
94,1345.83,369.25,96.82,96.12,0.700954,0.341894,0.05043,0.088995,0.9039
94,1126.61,374.9,62.49,62.97,0.586777,0.347127,0.032547,0.058306,0.9039
94,1323.66,436.63,81.49,79.92,0.689404,0.404286,0.042443,0.074003,0.9024
94,1257.74,349.47,88.07,87.95,0.655075,0.323583,0.04587,0.081439,0.8955
94,57.77,805.99,63.01,62.75,0.030088,0.746287,0.032815,0.058098,0.8922
94,679.24,82.31,76.93,77.31,0.353768,0.076216,0.040067,0.071582,0.874
94,367.3,1045.84,134.59,68.33,0.191303,0.968367,0.070097,0.063267,0.8736
94,52.56,1027.79,104.55,104.11,0.027375,0.95166,0.054453,0.096397,0.8549
94,1872.83,452.98,94.1,193.9,0.975431,0.41943,0.049009,0.179536,0.8465
95,917.99,950.9,302.64,258.13,0.478118,0.880466,0.157625,0.239011,0.9573
95,628.76,527.9,199.09,195.84,0.327478,0.488795,0.103692,0.181334,0.9524
95,189.42,581.04,195.37,196.47,0.098655,0.538004,0.101756,0.181918,0.9515
95,1221.43,156.12,291.69,290.62,0.63616,0.144557,0.151923,0.269093,0.9499
95,1742.45,125.04,314.7,247.29,0.907528,0.115775,0.163904,0.228969,0.9472
95,1475.83,517.62,163.54,163.6,0.768663,0.479282,0.085179,0.151481,0.9458
95,1138.78,646.53,201.01,202.3,0.593114,0.598634,0.104692,0.187319,0.9422
95,274.07,90.45,140.73,142.41,0.142742,0.083752,0.073298,0.131863,0.9408
95,306.3,253.75,176.42,179.31,0.159531,0.234957,0.091885,0.166032,0.9356
95,1118.12,373.07,62.04,62.6,0.582353,0.345431,0.032313,0.057964,0.9329
95,1804.15,812.26,173.97,174.81,0.939663,0.752096,0.090611,0.161863,0.9306
95,1314.18,434.41,82.19,81.22,0.684469,0.402229,0.04281,0.075203,0.9278
95,1256.46,229.9,57.94,57.98,0.654405,0.212866,0.030179,0.053686,0.9259
95,839.53,79.5,233.46,158.92,0.437256,0.073612,0.121593,0.147149,0.9259
95,1335.54,365.59,92.9,95.58,0.695592,0.338509,0.048387,0.088504,0.9179
95,471.39,1012.27,210.61,135.46,0.245518,0.937286,0.109691,0.125427,0.9167
95,1246.91,348.09,86.44,86.49,0.649434,0.322302,0.045019,0.080083,0.9132
95,70.67,89.29,100.85,99.67,0.036807,0.082672,0.052529,0.092291,0.9108
95,815.16,401.83,84.52,86.97,0.424561,0.372069,0.044023,0.080523,0.9075
95,670.82,82.45,78.48,79.83,0.349388,0.07634,0.040876,0.073919,0.9063
95,1737.67,823.68,94.41,95.64,0.905036,0.762662,0.049173,0.088557,0.9044
95,1406.09,392.98,107.57,109.17,0.73234,0.363872,0.056026,0.101087,0.9013
95,1722.28,1030.8,59.61,60.42,0.897019,0.954446,0.031048,0.055948,0.9011
95,1868.54,449.87,102.91,199.38,0.973201,0.416544,0.053599,0.184613,0.8972
95,404.61,222.96,90.29,90.58,0.210733,0.206448,0.047024,0.083874,0.8948
95,48.34,804.36,64.22,63.09,0.025179,0.744776,0.033449,0.058412,0.8912
95,357.9,1045.16,133.23,69.62,0.186408,0.967737,0.069392,0.064462,0.8659
95,48.35,1024.41,95.88,111.02,0.025184,0.948528,0.049939,0.102798,0.8361
96,909.92,950.17,304.61,259.66,0.473914,0.879787,0.15865,0.240427,0.9574
96,1214.5,152.43,290.04,289.39,0.632552,0.141135,0.151061,0.267956,0.9533
96,618.22,526.06,195.48,197.88,0.321988,0.487088,0.101814,0.183218,0.9524
96,179.93,578.36,195.69,197.34,0.093713,0.535514,0.10192,0.182726,0.9443
96,1470.36,515.3,164.79,164.43,0.765812,0.477129,0.085829,0.152246,0.939
96,831.35,78.17,234.54,153.45,0.432992,0.072377,0.122154,0.142083,0.9388
96,1128.89,644.84,202.16,203.27,0.587962,0.59707,0.105292,0.188217,0.9387
96,298.48,252.47,178.6,179.23,0.155459,0.233767,0.093018,0.165955,0.9383
96,1732.55,121.69,314.39,243.32,0.90237,0.112676,0.163743,0.225297,0.9372
96,1795.36,810.15,175.55,173.1,0.935081,0.75014,0.09143,0.160274,0.9334
96,60.09,86.48,101.5,100.37,0.031297,0.08007,0.052864,0.092936,0.9301
96,267.26,87.84,147.45,145.41,0.139199,0.081333,0.076797,0.134635,0.9282
96,1326.98,364.28,94.37,96.76,0.691134,0.3373,0.049151,0.089589,0.9255
96,1713.48,1028.49,59.08,59.55,0.892439,0.952305,0.030772,0.055139,0.9252
96,1397.89,391.25,107.47,107.76,0.728065,0.362271,0.055973,0.099773,0.9239
96,395.85,219.39,90.68,92.37,0.206174,0.203143,0.04723,0.08553,0.9191
96,1109.53,370.38,64.38,64.28,0.577878,0.34294,0.033529,0.059521,0.9173
96,660.52,76.53,76.88,78.77,0.344023,0.070857,0.040044,0.072932,0.917
96,462.95,1012.02,214.72,135.96,0.241119,0.937056,0.111831,0.125888,0.917
96,1239.61,344.52,87.3,87.55,0.645628,0.318997,0.045467,0.081065,0.9152
96,1248.89,228.13,58.77,58.75,0.650464,0.211236,0.030608,0.0544,0.8979
96,39.45,800.68,62.93,62.34,0.020545,0.741372,0.032773,0.05772,0.8978
96,1728.98,819.6,92.9,94.45,0.90051,0.758884,0.048388,0.087453,0.8965
96,1863.01,446.21,113.98,202.16,0.970317,0.413159,0.059366,0.187182,0.8959
96,804.68,396.68,85.77,88.2,0.419103,0.367299,0.04467,0.081666,0.8916
96,1304.96,431.29,79.14,79.44,0.679665,0.399338,0.041219,0.073559,0.8848
96,349.09,1043.44,128.4,73.13,0.181819,0.966145,0.066875,0.06771,0.8795
96,44.31,1022.32,87.79,115.23,0.023079,0.946593,0.045723,0.106698,0.8043
97,1204.5,150.29,293.07,287.96,0.627343,0.139153,0.152641,0.266633,0.9582
97,1460.92,513.06,163.0,163.05,0.760897,0.475058,0.084898,0.150972,0.9563
97,898.98,947.03,305.28,265.94,0.468216,0.876881,0.159,0.246237,0.9559
97,1122.07,643.12,200.97,203.12,0.58441,0.595485,0.104669,0.188075,0.9551
97,611.07,522.83,197.59,197.49,0.318268,0.484098,0.102912,0.182864,0.9522
97,171.49,574.66,198.02,198.14,0.089319,0.532091,0.103137,0.183459,0.9496
97,1725.43,122.2,313.52,240.02,0.898659,0.113148,0.16329,0.222237,0.9466
97,821.32,75.74,241.4,151.34,0.427769,0.070134,0.125729,0.140132,0.9396
97,289.02,248.9,177.75,173.69,0.15053,0.230461,0.09258,0.160821,0.9387
97,1099.92,366.71,64.66,64.93,0.572875,0.339545,0.033676,0.060124,0.9361
97,1787.16,806.5,175.18,173.72,0.930811,0.746759,0.091239,0.160853,0.9352
97,254.96,82.17,141.11,143.42,0.132791,0.07608,0.073495,0.132792,0.9336
97,453.99,1009.5,213.18,141.0,0.236452,0.934722,0.11103,0.130556,0.9271
97,1389.19,386.74,107.25,107.68,0.723534,0.358089,0.05586,0.0997,0.9269
97,1229.06,340.94,87.8,87.87,0.640135,0.315689,0.045729,0.081364,0.9236
97,31.31,798.17,60.08,63.76,0.016308,0.739048,0.031291,0.059033,0.9209
97,1704.27,1023.58,59.55,59.72,0.887639,0.947757,0.031018,0.0553,0.9164
97,1721.24,818.73,94.52,98.06,0.896478,0.758088,0.049227,0.090794,0.9141
97,1859.83,442.83,120.35,200.85,0.968659,0.410029,0.062681,0.185969,0.9141
97,386.28,214.97,90.58,90.63,0.20119,0.199044,0.047178,0.083915,0.9055
97,1239.61,224.27,59.06,59.2,0.645631,0.207661,0.030763,0.054817,0.9054
97,50.82,82.07,98.67,101.07,0.02647,0.075987,0.051391,0.093588,0.9043
97,340.43,1042.31,130.26,75.38,0.177309,0.9651,0.067843,0.069801,0.897
97,796.97,393.25,84.94,85.93,0.415089,0.364122,0.044239,0.079566,0.8958
97,1297.26,428.72,81.14,82.77,0.675654,0.396963,0.042261,0.076643,0.8921
97,1319.66,360.85,97.06,95.24,0.687322,0.334117,0.050551,0.08819,0.8893
97,650.97,72.98,76.03,76.66,0.339046,0.067576,0.039597,0.070978,0.8713
97,38.95,1024.54,77.13,110.87,0.020287,0.948647,0.040171,0.102654,0.7585
98,889.73,945.17,307.68,267.43,0.463399,0.875162,0.160249,0.247617,0.9542
98,160.71,571.01,198.64,200.18,0.083704,0.528714,0.103459,0.185353,0.9533
98,601.89,518.12,199.68,199.59,0.313485,0.47974,0.103998,0.184802,0.9519
98,1194.41,148.59,292.15,285.99,0.622089,0.137586,0.152164,0.264802,0.95
98,1112.34,638.11,202.3,200.35,0.579345,0.590841,0.105363,0.185506,0.9489
98,1449.69,509.66,164.35,163.89,0.755046,0.471906,0.085598,0.151752,0.9469
98,279.53,243.8,179.07,173.32,0.145591,0.225737,0.093267,0.160482,0.9467
98,1715.37,122.83,316.27,233.68,0.893422,0.113735,0.164723,0.216369,0.9456
98,246.48,80.69,141.1,142.88,0.128373,0.074714,0.073489,0.132296,0.9429
98,1779.6,802.21,175.26,171.56,0.926873,0.74279,0.09128,0.158848,0.9348
98,810.95,74.01,235.34,147.74,0.42237,0.068526,0.122571,0.1368,0.9318
98,377.01,211.12,90.86,91.31,0.19636,0.195484,0.047321,0.084547,0.9282
98,1309.33,356.66,94.29,95.47,0.681945,0.33024,0.049108,0.088394,0.9279
98,1288.39,423.72,82.9,82.79,0.671037,0.392333,0.043179,0.076659,0.9259
98,444.79,1007.3,209.33,145.14,0.231663,0.932682,0.109025,0.134385,0.9241
98,1381.48,384.47,108.26,105.47,0.719519,0.355988,0.056387,0.097662,0.921
98,788.09,390.11,87.54,88.82,0.410463,0.361209,0.045593,0.082245,0.9192
98,1090.4,362.7,62.78,63.33,0.567915,0.335835,0.0327,0.058643,0.9166
98,1695.03,1020.49,60.79,61.01,0.882831,0.9449,0.03166,0.056488,0.9149
98,1711.94,813.63,93.95,95.39,0.891637,0.753361,0.048931,0.088322,0.9126
98,1854.84,439.96,130.31,202.46,0.966065,0.407369,0.067871,0.187462,0.9057
98,45.36,78.43,89.17,98.13,0.023626,0.072618,0.046444,0.090859,0.9019
98,642.39,68.27,76.68,75.98,0.334579,0.063212,0.039939,0.070354,0.8995
98,1229.84,219.32,58.86,58.55,0.640543,0.203073,0.030658,0.054216,0.899
98,331.61,1040.47,130.82,78.49,0.172712,0.963397,0.068136,0.072676,0.8903
98,1221.08,337.0,87.23,86.08,0.63598,0.312035,0.045435,0.079705,0.8843
98,31.19,1022.47,61.97,114.2,0.016247,0.946727,0.032278,0.105742,0.7653
99,880.67,943.34,306.64,271.74,0.458685,0.873466,0.15971,0.251607,0.9531
99,152.33,565.89,196.65,197.51,0.07934,0.523968,0.102423,0.182881,0.9513
99,1185.11,144.29,293.25,282.3,0.617245,0.133602,0.152733,0.261389,0.9471
99,1101.87,632.54,201.14,204.38,0.573889,0.585687,0.104763,0.189236,0.9462
99,592.71,512.88,196.28,198.25,0.308703,0.474891,0.102232,0.183565,0.9457
99,1707.71,118.48,315.14,233.18,0.889432,0.109706,0.164133,0.215908,0.9431
99,1438.42,505.35,164.29,163.48,0.749177,0.46792,0.085566,0.151371,0.9379
99,1221.92,215.26,60.05,60.12,0.636417,0.199319,0.031277,0.055663,0.9375
99,1770.47,799.37,173.22,172.7,0.92212,0.740153,0.090218,0.159911,0.937
99,1081.12,357.93,62.73,63.48,0.563085,0.331415,0.032672,0.058778,0.9345
99,1300.15,351.97,94.69,96.64,0.67716,0.325899,0.049318,0.089484,0.9328
99,435.07,1004.6,212.02,150.8,0.226598,0.930187,0.110426,0.139627,0.93
99,803.55,71.47,230.68,141.77,0.418515,0.066178,0.120148,0.131272,0.9292
99,271.31,239.21,172.09,173.16,0.141305,0.221495,0.08963,0.160335,0.9282
99,367.31,207.38,90.89,93.35,0.191307,0.19202,0.047337,0.086432,0.9272
99,240.2,76.53,148.42,140.71,0.125106,0.070865,0.0773,0.130284,0.9221
99,1371.33,381.33,107.0,106.04,0.714237,0.353081,0.05573,0.098185,0.9189
99,41.86,75.3,82.31,104.22,0.021802,0.069718,0.04287,0.096501,0.9185
99,1704.0,809.78,95.57,95.54,0.887502,0.749797,0.049778,0.088461,0.9158
99,1850.22,435.31,139.55,208.06,0.963659,0.403062,0.072683,0.192653,0.9157
99,1211.82,334.03,87.88,87.03,0.631159,0.30929,0.045768,0.080585,0.9123
99,633.61,64.55,76.7,77.09,0.330005,0.059767,0.039946,0.071376,0.905
99,1686.69,1017.53,59.29,59.72,0.878485,0.942161,0.03088,0.055298,0.8991
99,320.1,1038.91,130.71,82.17,0.166721,0.961957,0.068077,0.076087,0.8976
99,1279.28,419.85,84.61,83.23,0.666292,0.388746,0.044067,0.077065,0.8966
99,777.27,385.85,88.6,88.42,0.404828,0.357271,0.046146,0.08187,0.8936
99,29.29,1017.69,58.19,122.96,0.015258,0.942304,0.030306,0.113852,0.7393
100,1432.14,501.04,164.21,165.06,0.745908,0.463927,0.085525,0.152831,0.9583
100,1177.42,141.79,293.12,278.8,0.613238,0.131291,0.152669,0.258147,0.952
100,581.93,509.96,196.37,196.21,0.303087,0.472181,0.102277,0.181676,0.9506
100,873.59,942.39,308.48,274.28,0.454997,0.872581,0.160664,0.253962,0.9505
100,1697.19,115.74,314.07,229.8,0.883951,0.107167,0.163577,0.212778,0.9457
100,143.12,561.83,199.4,197.25,0.074543,0.520212,0.103852,0.182639,0.9454
100,1073.23,353.12,62.59,63.34,0.558975,0.326961,0.032601,0.058646,0.9393
100,226.79,72.52,140.91,135.87,0.118118,0.067146,0.073389,0.125803,0.9382
100,1093.53,629.73,202.29,201.19,0.569547,0.583079,0.105358,0.186291,0.9373
100,1693.86,806.1,94.74,94.77,0.882216,0.746388,0.049345,0.087747,0.935
100,260.16,234.26,177.55,172.9,0.1355,0.216911,0.092472,0.160094,0.9347
100,791.49,68.8,233.89,136.75,0.412235,0.063708,0.12182,0.126624,0.9346
100,1291.97,347.35,96.15,97.85,0.672901,0.32162,0.05008,0.090604,0.9335
100,1760.49,793.23,179.02,177.4,0.916922,0.734472,0.093238,0.164255,0.9329
100,426.05,1004.16,210.88,151.68,0.221902,0.92978,0.109835,0.14044,0.9305
100,1362.22,374.14,106.61,108.18,0.709487,0.346423,0.055525,0.100165,0.9259
100,1677.64,1013.45,60.18,60.88,0.87377,0.938376,0.031346,0.056368,0.9227
100,1845.65,429.46,148.7,209.85,0.961276,0.397648,0.077448,0.194308,0.9225
100,767.46,380.71,85.67,87.47,0.399716,0.352507,0.044619,0.080993,0.92
100,357.35,203.51,92.69,92.71,0.186118,0.188437,0.048277,0.085839,0.9102
100,1202.06,327.87,88.02,87.05,0.626071,0.303585,0.045845,0.080605,0.9021
100,623.16,60.09,76.04,79.14,0.324561,0.055638,0.039603,0.073281,0.8935
100,1213.33,211.12,60.19,58.54,0.631944,0.195482,0.031347,0.054199,0.8865
100,36.14,66.42,72.26,111.57,0.018822,0.061504,0.037634,0.103309,0.8807
100,310.57,1036.99,133.14,86.03,0.161754,0.960173,0.069343,0.079655,0.8793
100,1270.06,414.94,84.56,83.02,0.661487,0.384207,0.044042,0.076869,0.8687
101,133.06,558.45,196.18,198.4,0.069301,0.517083,0.102179,0.183701,0.9532
101,863.14,939.82,305.3,279.12,0.449551,0.870205,0.15901,0.258442,0.9529
101,574.79,503.87,199.86,196.61,0.299372,0.466549,0.104096,0.182046,0.9524
101,1167.97,139.15,291.67,276.79,0.60832,0.128839,0.151912,0.256289,0.9515
101,1424.38,494.24,161.47,162.21,0.741864,0.457629,0.084097,0.150191,0.9508
101,1690.69,112.96,314.82,222.74,0.880569,0.104596,0.163967,0.20624,0.9452
101,252.49,227.03,178.61,180.54,0.131505,0.210212,0.093027,0.167167,0.9435
101,1086.3,623.36,202.33,199.87,0.56578,0.577182,0.105378,0.185068,0.9419
101,1669.38,1007.18,61.2,61.49,0.869469,0.932575,0.031874,0.056938,0.9376
101,1752.4,788.96,175.03,171.81,0.912706,0.730522,0.091159,0.15908,0.9343
101,417.77,1002.01,210.55,155.97,0.217586,0.92779,0.109662,0.144421,0.9276
101,1839.82,422.73,160.37,207.2,0.958238,0.391418,0.083524,0.191853,0.925
101,781.69,66.35,237.82,132.17,0.407129,0.061435,0.123863,0.122377,0.9223
101,219.39,71.04,145.71,137.6,0.114266,0.065779,0.075892,0.127403,0.9214
101,1685.22,800.66,92.6,93.8,0.87772,0.741355,0.04823,0.086855,0.9181
101,348.72,197.03,91.2,92.61,0.181624,0.18244,0.047502,0.085753,0.915
101,303.27,1033.31,125.98,93.38,0.157951,0.956768,0.065614,0.086464,0.9114
101,1282.51,342.94,97.93,97.33,0.667976,0.317541,0.051006,0.090125,0.9113
101,759.42,375.67,88.49,88.44,0.395532,0.347845,0.046087,0.081889,0.9096
101,1353.05,370.01,108.04,108.14,0.704715,0.342606,0.056272,0.100134,0.9091
101,1193.86,323.06,90.16,89.08,0.621804,0.299125,0.046957,0.082482,0.9027
101,1260.15,409.99,80.87,82.83,0.656328,0.379618,0.04212,0.076692,0.9019
101,1063.48,348.08,63.51,64.59,0.553898,0.322298,0.033079,0.05981,0.9011
101,31.26,62.9,62.53,106.33,0.016283,0.058239,0.032565,0.098452,0.865
101,615.51,53.8,75.68,77.53,0.320576,0.049812,0.039415,0.071785,0.8543
102,565.71,499.12,200.71,197.95,0.294641,0.462147,0.104535,0.18329,0.9567
102,854.97,936.67,303.65,285.64,0.445294,0.867291,0.158149,0.264483,0.9552
102,1159.02,136.05,291.55,270.87,0.603656,0.125973,0.151847,0.250807,0.9537
102,124.74,550.57,196.86,197.54,0.064971,0.509791,0.102532,0.182909,0.9517
102,1682.21,108.7,314.76,217.4,0.876153,0.100648,0.16394,0.201295,0.9492
102,1413.57,487.78,162.19,162.89,0.736232,0.451651,0.084475,0.150828,0.9445
102,1076.46,617.33,201.02,206.3,0.560659,0.571602,0.104696,0.191022,0.9394
102,241.47,225.55,178.31,175.38,0.125763,0.208839,0.092872,0.162385,0.9365
102,1744.09,784.43,176.25,176.94,0.908379,0.726324,0.091795,0.163835,0.9334
102,407.66,998.89,212.24,162.22,0.212322,0.924897,0.110541,0.150206,0.9293
102,1194.2,200.05,60.14,59.58,0.62198,0.185229,0.031325,0.055167,0.928
102,1836.53,418.54,166.2,212.58,0.956525,0.387539,0.086563,0.196832,0.9273
102,1055.14,342.62,63.31,62.86,0.54955,0.31724,0.032972,0.058199,0.9261
102,1274.22,336.18,96.22,97.15,0.663656,0.311274,0.050117,0.089957,0.9227
102,776.08,63.52,233.33,126.76,0.404207,0.058816,0.121524,0.117368,0.9226
102,294.07,1030.8,133.53,97.23,0.153162,0.954448,0.069549,0.090028,0.9173
102,212.98,67.87,144.07,134.98,0.110925,0.062841,0.075038,0.124978,0.9148
102,1184.26,317.96,87.65,88.17,0.616804,0.294403,0.045653,0.081642,0.9145
102,340.13,192.47,90.62,93.03,0.177151,0.17821,0.047197,0.086136,0.9134
102,1677.08,795.26,94.89,95.75,0.873477,0.736355,0.049422,0.088659,0.9089
102,1341.64,361.78,109.58,110.08,0.698768,0.334979,0.057072,0.101931,0.9082
102,751.35,370.4,84.78,85.74,0.391327,0.342965,0.044155,0.079393,0.9021
102,1250.65,404.94,81.32,81.45,0.651382,0.374945,0.042355,0.075414,0.901
102,606.75,51.27,78.68,75.12,0.316014,0.047468,0.040981,0.069555,0.893
102,1660.47,1002.6,60.59,59.88,0.864827,0.928332,0.031558,0.055447,0.8878
103,1149.35,132.72,290.25,263.82,0.598618,0.122889,0.151172,0.244278,0.9576
103,845.6,933.19,307.44,293.02,0.440417,0.864065,0.160123,0.271316,0.9573
103,555.23,493.32,196.92,197.94,0.289181,0.456777,0.102564,0.183275,0.9508
103,1670.95,105.95,310.29,211.91,0.870287,0.098106,0.161607,0.196211,0.9497
103,1405.61,481.96,163.81,165.65,0.732091,0.446261,0.085316,0.153379,0.9479
103,115.8,546.91,196.07,195.21,0.060313,0.506402,0.102119,0.180749,0.9473
103,1066.68,613.08,202.86,205.89,0.55556,0.567669,0.105657,0.190639,0.939
103,1833.47,412.66,173.03,207.22,0.954933,0.382096,0.090118,0.191874,0.9377
103,1335.11,357.77,109.21,108.07,0.695372,0.331264,0.056878,0.100066,0.9357
103,398.15,996.48,209.55,167.04,0.207372,0.922668,0.109139,0.154665,0.9347
103,1045.09,337.05,63.7,63.83,0.54432,0.312083,0.033178,0.059104,0.9307
103,233.93,217.89,176.79,174.47,0.121841,0.20175,0.09208,0.161544,0.9291
103,1734.15,779.19,175.38,177.83,0.903204,0.721469,0.091342,0.164657,0.9272
103,199.32,62.68,144.37,123.34,0.103815,0.058038,0.075195,0.114203,0.9241
103,285.45,1028.69,132.38,102.62,0.14867,0.95249,0.068946,0.095019,0.9225
103,1650.98,996.89,58.95,59.89,0.859888,0.923048,0.030702,0.05545,0.9208
103,329.25,185.69,91.15,91.82,0.171482,0.171933,0.047473,0.085015,0.9174
103,766.63,60.91,236.68,121.34,0.399284,0.056395,0.123271,0.112356,0.9164
103,1666.94,789.32,93.32,94.64,0.868198,0.730856,0.048602,0.087634,0.9018
103,1174.96,311.41,86.43,87.69,0.611958,0.288341,0.045015,0.081192,0.9011
103,1264.13,331.42,96.36,97.52,0.658404,0.306866,0.05019,0.090293,0.901
103,1186.9,194.95,60.67,60.58,0.618179,0.180514,0.031598,0.056089,0.8971
103,741.03,364.16,86.89,87.2,0.385956,0.337181,0.045256,0.080744,0.8952
103,596.61,45.07,75.04,76.91,0.310732,0.041734,0.039085,0.071209,0.8913
103,1241.9,399.83,80.49,80.0,0.646822,0.370215,0.041921,0.074074,0.8905
104,836.25,930.81,308.14,297.1,0.435547,0.861857,0.160492,0.275095,0.957
104,546.93,486.46,199.35,199.24,0.284862,0.45043,0.103826,0.18448,0.9566
104,1139.35,129.81,290.9,258.88,0.59341,0.120195,0.151512,0.239702,0.9553
104,105.26,539.76,198.9,200.03,0.054825,0.499779,0.103591,0.185214,0.948
104,1397.78,477.15,164.74,164.14,0.72801,0.441803,0.085801,0.151981,0.9468
104,1828.91,408.4,182.17,206.81,0.952559,0.378145,0.094881,0.191489,0.945
104,1662.9,103.08,308.74,206.17,0.866094,0.095449,0.1608,0.190898,0.9446
104,389.69,991.57,214.61,176.86,0.202961,0.918122,0.111774,0.163756,0.9403
104,224.92,213.15,174.63,169.37,0.117144,0.197357,0.090951,0.156826,0.9398
104,1642.66,991.0,60.4,60.76,0.855554,0.917588,0.03146,0.056261,0.9387
104,1725.37,772.15,177.51,175.85,0.898629,0.714954,0.092455,0.162823,0.9378
104,1056.97,606.59,201.12,204.44,0.550506,0.561661,0.10475,0.1893,0.9324
104,1327.05,352.34,107.77,106.73,0.69117,0.326245,0.056129,0.098826,0.9282
104,273.71,1025.0,130.05,110.0,0.142558,0.949076,0.067734,0.101848,0.9277
104,192.13,59.74,140.41,118.3,0.100066,0.055315,0.073131,0.109539,0.9258
104,733.03,358.28,86.6,86.05,0.381787,0.331737,0.045106,0.079672,0.9243
104,321.85,179.03,93.26,93.96,0.167632,0.16577,0.048573,0.086999,0.9227
104,1177.27,187.88,60.09,59.24,0.613162,0.173961,0.031298,0.054853,0.9156
104,755.68,58.22,244.06,116.18,0.393581,0.053908,0.127115,0.107571,0.9111
104,1035.78,330.1,62.76,63.63,0.539467,0.305648,0.032688,0.058917,0.9082
104,1233.26,393.12,80.64,80.18,0.642325,0.364002,0.042002,0.074239,0.9071
104,1660.46,783.63,96.53,98.95,0.864822,0.725582,0.050278,0.091622,0.9025
104,1254.49,322.91,96.41,93.03,0.65338,0.298994,0.050212,0.086135,0.9012
104,1166.4,305.49,88.64,87.3,0.607499,0.28286,0.046168,0.080834,0.8743
104,588.1,38.03,75.12,71.76,0.306303,0.035214,0.039125,0.066445,0.8546
105,1386.86,471.9,163.53,164.22,0.722324,0.436944,0.085171,0.152056,0.9624
105,828.5,926.28,307.16,303.01,0.43151,0.857669,0.159977,0.280562,0.9544
105,97.97,532.72,195.95,198.66,0.051028,0.493255,0.102056,0.183949,0.9517
105,382.46,988.44,215.8,180.18,0.199197,0.915218,0.112395,0.166838,0.9511
105,537.93,480.2,197.02,197.98,0.280173,0.444627,0.102613,0.183312,0.9487
105,1131.08,126.51,293.43,252.05,0.589106,0.117138,0.152827,0.233376,0.9468
105,1717.51,768.71,173.79,172.56,0.894534,0.711765,0.090516,0.159776,0.9445
105,1654.23,99.31,311.98,198.63,0.861577,0.091958,0.162487,0.183915,0.9395
105,1027.71,323.6,63.38,63.72,0.535265,0.299632,0.033009,0.059,0.9378
105,1246.28,317.9,95.3,95.65,0.649106,0.294356,0.049634,0.088569,0.9364
105,1824.46,400.54,191.09,208.81,0.950237,0.370874,0.099526,0.193341,0.9344
105,182.16,56.25,143.54,110.55,0.094877,0.052084,0.074762,0.102364,0.929
105,1047.54,598.26,198.27,202.36,0.545594,0.553944,0.103265,0.187372,0.9269
105,310.95,173.51,90.99,93.47,0.161951,0.160658,0.04739,0.086546,0.9255
105,1632.57,984.85,60.24,61.09,0.850298,0.911898,0.031376,0.056567,0.9243
105,265.51,1021.53,133.82,116.94,0.138287,0.945862,0.069696,0.108276,0.9196
105,217.49,205.99,174.92,171.89,0.113275,0.19073,0.091104,0.159161,0.9151
105,1317.27,344.66,110.03,107.72,0.686078,0.31913,0.057305,0.099743,0.912
105,724.07,351.85,85.51,87.32,0.377122,0.325786,0.044535,0.080851,0.9079
105,1649.8,777.82,94.09,96.41,0.859273,0.720206,0.049005,0.089268,0.8981
105,746.75,54.47,231.76,108.27,0.388932,0.050432,0.12071,0.100254,0.895
105,1157.39,299.13,90.13,89.74,0.602806,0.27697,0.046941,0.083095,0.8873
105,1168.07,181.63,59.6,57.83,0.608372,0.16818,0.031043,0.053543,0.8868
105,1225.93,385.03,83.79,83.57,0.638505,0.356513,0.043642,0.077381,0.8713
105,576.76,33.99,75.83,66.08,0.300395,0.031471,0.039495,0.06119,0.828
106,1041.34,593.16,199.93,200.58,0.542367,0.549225,0.104131,0.185725,0.9542
106,819.57,921.48,306.86,307.99,0.426861,0.853222,0.159825,0.285172,0.9527
106,528.33,473.94,196.68,198.27,0.27517,0.438829,0.102439,0.183587,0.9515
106,1376.84,465.35,162.45,162.85,0.717104,0.430877,0.084611,0.150789,0.9492
106,93.55,526.35,187.1,196.15,0.048724,0.48736,0.097448,0.181623,0.9485
106,370.32,985.24,214.11,188.41,0.192877,0.912262,0.111518,0.17445,0.9465
106,1123.47,123.82,294.0,244.72,0.585142,0.114651,0.153123,0.226595,0.9454
106,203.04,197.95,178.42,175.63,0.105752,0.183286,0.092925,0.162619,0.9451
106,1625.16,977.5,61.74,62.07,0.846435,0.90509,0.032158,0.057468,0.9436
106,1819.38,395.78,200.38,205.45,0.947591,0.36646,0.104366,0.190228,0.9357
106,257.75,1018.6,129.76,122.46,0.134246,0.943149,0.067583,0.113391,0.9334
106,1707.8,761.02,177.51,173.77,0.88948,0.704648,0.092452,0.160899,0.9325
106,1646.63,95.74,314.28,191.49,0.857619,0.088652,0.163689,0.177304,0.9318
106,1308.68,337.3,107.89,108.08,0.681603,0.312312,0.056192,0.100075,0.9256
106,1237.87,311.25,93.99,94.84,0.644724,0.288192,0.048951,0.087818,0.9186
106,1642.43,768.9,97.02,95.45,0.855431,0.711948,0.050533,0.088376,0.9183
106,171.45,52.15,140.56,104.31,0.089296,0.048291,0.073206,0.096582,0.9157
106,302.4,165.54,92.11,92.08,0.157501,0.153273,0.047974,0.085264,0.9142
106,1160.18,174.82,60.23,60.6,0.604261,0.161869,0.031369,0.056115,0.9055
106,713.47,344.4,87.39,88.4,0.3716,0.31889,0.045516,0.081852,0.9012
106,1215.39,378.24,80.74,81.29,0.633015,0.350226,0.042053,0.075268,0.901
106,1148.32,291.13,86.68,87.66,0.598082,0.269563,0.045148,0.081169,0.9001
106,737.69,51.13,227.51,101.56,0.384215,0.047342,0.118496,0.094036,0.8978
106,1018.01,316.6,63.83,64.33,0.530214,0.293151,0.033245,0.059568,0.8947
106,569.35,30.45,77.6,60.54,0.296538,0.028192,0.040416,0.056053,0.8505
107,1370.53,457.53,165.75,164.94,0.713816,0.423638,0.086328,0.152718,0.9544
107,518.98,466.28,198.69,199.16,0.270304,0.431739,0.103483,0.184409,0.9522
107,810.17,915.07,306.28,304.88,0.421962,0.847291,0.159519,0.282292,0.9498
107,1033.33,586.03,198.77,203.9,0.538194,0.542622,0.103523,0.188792,0.9445
107,1113.54,119.24,293.93,238.27,0.57997,0.110406,0.153087,0.220621,0.9439
107,194.87,192.44,180.7,177.28,0.101493,0.178185,0.094115,0.164148,0.9377
107,89.18,520.0,178.36,197.76,0.046448,0.481484,0.092897,0.18311,0.9362
107,363.15,982.35,210.26,195.31,0.189139,0.909579,0.10951,0.180842,0.9362
107,1616.28,970.6,60.7,59.93,0.841813,0.8987,0.031614,0.05549,0.9355
107,1811.7,386.63,210.72,211.76,0.943593,0.357989,0.109752,0.196076,0.9342
107,1700.23,752.0,172.78,177.79,0.885539,0.696296,0.08999,0.164618,0.9331
107,1639.78,92.84,310.7,185.67,0.854051,0.085961,0.161823,0.171921,0.9326
107,1008.09,309.43,63.26,63.7,0.525045,0.286513,0.032946,0.058984,0.932
107,248.04,1013.24,133.19,129.31,0.129187,0.938186,0.069372,0.119732,0.9318
107,1138.28,283.33,87.3,88.36,0.592855,0.262343,0.045471,0.081813,0.9302
107,1297.07,329.33,108.81,107.41,0.675559,0.304937,0.056673,0.099453,0.9157
107,293.14,158.44,90.0,89.83,0.15268,0.146706,0.046874,0.083176,0.9108
107,1632.09,763.46,94.03,95.47,0.850046,0.706904,0.048973,0.088395,0.9094
107,1149.78,166.79,60.05,60.2,0.598841,0.154436,0.031276,0.055745,0.9058
107,1227.8,303.59,95.99,96.38,0.639481,0.281101,0.049995,0.089243,0.9045
107,1205.77,371.21,80.66,82.18,0.628005,0.343715,0.04201,0.07609,0.9019
107,703.94,336.29,86.87,85.7,0.366638,0.31138,0.045247,0.079349,0.8928
107,162.69,49.47,146.28,98.94,0.084736,0.045807,0.076189,0.091613,0.8887
107,725.64,47.08,220.27,94.17,0.377937,0.043595,0.114722,0.08719,0.8484
107,558.55,29.75,79.94,56.9,0.290912,0.027548,0.041635,0.052687,0.8453
108,801.47,908.49,305.49,311.39,0.417431,0.841197,0.159109,0.288328,0.9563
108,353.64,978.55,213.4,202.9,0.184188,0.906067,0.111145,0.187867,0.9549
108,1361.24,448.11,165.29,164.18,0.708979,0.414915,0.086091,0.152016,0.9497
108,510.33,458.84,197.81,198.31,0.265795,0.424856,0.103025,0.183624,0.9476
108,1103.41,115.86,292.9,230.79,0.574691,0.107278,0.15255,0.213698,0.945
108,237.62,1006.66,132.04,129.83,0.123762,0.932092,0.06877,0.120211,0.9419
108,999.2,301.92,63.35,63.97,0.520417,0.279552,0.032994,0.059234,0.9418
108,83.79,511.88,167.02,201.03,0.04364,0.473963,0.086991,0.186143,0.9416
108,1691.67,743.72,175.29,173.22,0.881076,0.688632,0.091296,0.160386,0.9366
108,186.8,182.19,179.95,175.26,0.097293,0.168692,0.093726,0.162275,0.9361
108,284.03,150.87,90.24,91.02,0.147934,0.139695,0.047002,0.084281,0.9316
108,1625.82,87.44,319.1,174.89,0.846781,0.080965,0.166198,0.161931,0.9288
108,1803.99,378.84,208.03,204.29,0.93958,0.350781,0.108347,0.189158,0.9287
108,1021.34,576.89,199.38,200.1,0.531947,0.534154,0.103846,0.185279,0.9272
108,1606.55,961.82,60.26,60.65,0.836746,0.890573,0.031388,0.056153,0.9219
108,1220.42,296.63,94.85,96.08,0.635634,0.274658,0.049404,0.088965,0.9215
108,696.5,329.88,87.9,89.73,0.362761,0.305446,0.045783,0.08308,0.9194
108,1290.65,323.1,106.49,106.28,0.672216,0.299166,0.055465,0.098407,0.9189
108,1197.15,362.69,83.35,81.52,0.623514,0.33582,0.04341,0.075485,0.9068
108,1140.9,159.42,59.75,59.1,0.594218,0.147608,0.031117,0.054725,0.9059
108,1623.61,754.91,94.64,96.03,0.845632,0.698986,0.04929,0.088921,0.9035
108,1127.79,276.01,84.79,85.95,0.587389,0.255562,0.044159,0.079579,0.8903
108,155.02,44.29,144.05,88.58,0.08074,0.041009,0.075025,0.082019,0.8891
108,719.88,43.76,219.45,87.52,0.374937,0.040518,0.114296,0.081036,0.8325
108,551.83,23.39,87.32,46.14,0.287414,0.021654,0.04548,0.042721,0.8266
109,1351.85,440.69,167.97,165.22,0.704089,0.408044,0.087485,0.152977,0.956
109,345.02,972.8,215.77,212.54,0.179699,0.90074,0.112378,0.196795,0.9526
109,1095.23,108.87,289.41,217.04,0.570432,0.100807,0.150737,0.200959,0.9526
109,790.58,900.35,307.51,308.28,0.411758,0.833653,0.160162,0.285446,0.9517
109,500.73,448.7,196.37,196.99,0.260795,0.415466,0.102279,0.182399,0.9456
109,1598.09,954.47,61.04,61.79,0.832338,0.88377,0.031791,0.057215,0.9418
109,228.09,999.7,129.52,130.64,0.118795,0.925649,0.067457,0.120967,0.9416
109,1794.94,370.0,211.73,207.61,0.934863,0.342596,0.110278,0.192228,0.9378
109,79.56,501.95,159.12,199.95,0.041438,0.464773,0.082876,0.185137,0.9357
109,1683.18,736.24,173.17,173.79,0.876654,0.681701,0.09019,0.160912,0.9354
109,1012.17,569.4,200.48,200.3,0.527172,0.527226,0.104417,0.185461,0.9307
109,1282.04,315.47,107.45,108.28,0.667728,0.292105,0.055966,0.100257,0.9306
109,1210.25,288.14,96.15,96.84,0.630337,0.266792,0.050079,0.089668,0.9273
109,1616.3,746.7,94.51,95.71,0.841823,0.691386,0.049221,0.088621,0.9247
109,272.4,141.43,91.81,91.94,0.141877,0.130955,0.047818,0.085134,0.9213
109,1616.78,83.01,317.88,166.03,0.842074,0.076865,0.165564,0.15373,0.9168
109,177.09,175.11,175.06,170.85,0.092235,0.162143,0.091175,0.158196,0.9137
109,990.85,292.68,64.01,63.35,0.516066,0.271003,0.033339,0.058658,0.9125
109,1122.86,268.93,88.0,87.75,0.584821,0.249005,0.045832,0.081251,0.9116
109,685.44,320.71,88.02,90.49,0.357002,0.296957,0.045842,0.083789,0.9011
109,1132.44,151.58,60.04,59.12,0.589813,0.140356,0.031269,0.054742,0.8937
109,140.53,39.76,145.1,79.51,0.073192,0.03681,0.075574,0.073621,0.8928
109,1187.25,355.02,81.18,81.9,0.61836,0.328726,0.042279,0.075837,0.8927
109,709.02,36.66,232.66,73.32,0.369283,0.033946,0.121176,0.067892,0.8006
109,540.43,17.81,76.67,35.17,0.281473,0.016491,0.039932,0.032564,0.7117
110,780.96,891.71,305.39,308.23,0.406749,0.825658,0.159056,0.285397,0.9538
110,493.28,441.35,197.42,197.91,0.256918,0.408656,0.102825,0.183253,0.9531
110,1086.44,106.42,293.42,212.85,0.565855,0.09854,0.152822,0.19708,0.951
110,1342.88,430.67,165.64,166.77,0.699415,0.398768,0.086273,0.154419,0.946
110,166.22,165.21,177.67,176.72,0.086573,0.152969,0.092539,0.163629,0.9452
110,1673.47,727.81,174.71,177.55,0.8716,0.673899,0.090992,0.164402,0.9396
110,75.68,495.26,151.36,197.55,0.039417,0.458578,0.078834,0.18292,0.9386
110,1003.83,562.53,203.21,202.7,0.52283,0.520858,0.105838,0.187681,0.9368
110,1788.57,362.95,207.73,212.79,0.931549,0.336061,0.10819,0.197027,0.9365
110,333.72,966.15,212.69,215.17,0.173815,0.894585,0.110775,0.199236,0.9295
110,220.39,991.48,132.02,129.66,0.114787,0.91804,0.068762,0.120052,0.9269
110,981.75,284.49,63.37,64.37,0.511329,0.263416,0.033007,0.059606,0.9237
110,1589.11,946.0,61.56,62.23,0.827662,0.87593,0.032063,0.057623,0.9217
110,1272.01,306.53,108.77,108.21,0.662508,0.283825,0.056652,0.100197,0.9177
110,1606.81,737.69,94.36,93.6,0.836881,0.683045,0.049145,0.086664,0.9172
110,1602.46,79.29,315.63,158.43,0.834617,0.073414,0.164392,0.14669,0.9152
110,1176.27,344.73,81.82,82.12,0.612642,0.319197,0.042614,0.076033,0.9115
110,265.45,132.87,92.29,92.57,0.138253,0.123026,0.04807,0.085711,0.9008
110,1111.54,258.76,87.16,86.42,0.578926,0.239589,0.045395,0.080019,0.9006
110,1122.9,141.9,60.1,59.22,0.584845,0.131386,0.031302,0.054831,0.8987
110,1200.89,279.56,95.04,96.26,0.625463,0.25885,0.049502,0.089125,0.8941
110,678.74,312.09,87.08,89.98,0.353511,0.288968,0.045356,0.083317,0.8866
110,133.58,37.48,147.55,74.82,0.069574,0.034704,0.07685,0.069282,0.8821
110,703.63,33.72,226.09,66.74,0.366475,0.03122,0.117757,0.061795,0.7711
111,771.82,881.65,307.48,307.76,0.401989,0.816338,0.160146,0.284966,0.96
111,1076.83,101.99,292.26,203.98,0.560847,0.094437,0.15222,0.188874,0.9545
111,482.73,431.66,200.47,199.24,0.25142,0.399684,0.104413,0.184481,0.9519
111,1333.15,422.4,165.97,165.67,0.694349,0.391113,0.086444,0.153396,0.9483
111,995.01,553.41,202.53,206.6,0.518232,0.512414,0.105482,0.191297,0.9462
111,1777.79,352.97,204.06,203.91,0.925934,0.326826,0.106283,0.188804,0.9455
111,1579.69,936.71,61.33,60.89,0.822756,0.867321,0.031945,0.056383,0.945
111,158.61,155.41,180.36,174.55,0.082609,0.143902,0.093939,0.161624,0.9409
111,325.06,957.98,212.45,210.63,0.169301,0.887015,0.11065,0.19503,0.9375
111,1664.58,718.04,175.61,176.16,0.866968,0.664854,0.091465,0.163112,0.937
111,70.07,485.79,139.31,199.24,0.036497,0.449807,0.072556,0.184478,0.9325
111,210.26,981.46,131.98,130.83,0.109509,0.90876,0.068741,0.121137,0.929
111,255.42,123.05,90.23,91.63,0.133029,0.113936,0.046993,0.084841,0.9273
111,1263.22,296.7,107.89,104.08,0.657927,0.274725,0.056194,0.096374,0.9272
111,1599.14,75.22,322.04,150.22,0.832883,0.06965,0.167729,0.139097,0.9166
111,668.16,301.59,87.98,90.02,0.347998,0.279249,0.045821,0.08335,0.9159
111,1597.87,728.81,95.74,97.46,0.832223,0.674823,0.049862,0.090245,0.9131
111,1102.62,249.44,87.5,87.13,0.57428,0.230963,0.045575,0.08068,0.9047
111,1191.93,269.13,95.47,95.55,0.620799,0.249191,0.049722,0.088468,0.9038
111,972.59,274.75,64.31,64.57,0.506555,0.254398,0.033493,0.059791,0.9019
111,1169.19,336.1,81.52,83.35,0.608953,0.3112,0.042461,0.077178,0.8979
111,1114.86,134.15,60.27,59.41,0.580659,0.124209,0.031393,0.05501,0.8894
111,123.07,32.68,156.0,65.31,0.064097,0.030259,0.081252,0.060472,0.8184
111,1875.44,1021.7,88.59,115.58,0.97679,0.946021,0.046143,0.107016,0.7168
111,695.47,28.86,224.02,57.72,0.362226,0.026722,0.116678,0.053445,0.7057
112,1323.9,413.52,164.16,162.62,0.689532,0.382892,0.085501,0.150573,0.9608
112,200.62,972.46,130.89,129.26,0.104491,0.900422,0.068173,0.11969,0.9591
112,764.51,873.09,308.74,309.22,0.398183,0.808414,0.160803,0.286312,0.9556
112,318.22,947.93,213.85,213.69,0.165738,0.877715,0.111381,0.197857,0.9553
112,985.58,540.22,198.9,202.46,0.513322,0.500206,0.103592,0.187462,0.948
112,1068.84,95.93,289.08,191.87,0.556687,0.088827,0.150564,0.177654,0.9469
112,473.68,421.75,196.83,199.04,0.24671,0.390509,0.102517,0.1843,0.9456
112,1656.29,709.5,173.09,173.81,0.86265,0.656947,0.090149,0.160937,0.9404
112,1769.72,342.78,208.25,209.08,0.921728,0.317385,0.108461,0.19359,0.9394
112,65.19,476.7,129.82,198.76,0.033955,0.441386,0.067615,0.184035,0.9349
112,1182.4,258.55,96.15,96.11,0.615833,0.2394,0.050078,0.08899,0.9343
112,962.74,264.86,63.37,63.14,0.501427,0.245241,0.033004,0.05846,0.9255
112,148.96,147.38,174.82,172.47,0.077585,0.136461,0.09105,0.159693,0.9254
112,1254.05,287.05,107.74,104.92,0.653151,0.265786,0.056113,0.097152,0.9232
112,245.15,113.87,89.98,90.8,0.127685,0.105432,0.046865,0.08407,0.9215
112,1104.09,123.86,61.1,58.55,0.575049,0.114688,0.031823,0.05421,0.9118
112,1581.16,68.52,308.79,136.99,0.823522,0.063443,0.160828,0.126847,0.9116
112,1589.11,720.55,95.6,96.31,0.827662,0.66718,0.04979,0.089178,0.9082
112,1094.41,241.06,88.85,88.46,0.570007,0.223201,0.046275,0.081903,0.9078
112,1571.04,927.79,60.12,60.79,0.81825,0.859067,0.031314,0.056285,0.9044
112,659.7,293.48,88.88,89.54,0.343591,0.271739,0.04629,0.082911,0.9018
112,1161.03,327.07,84.5,82.95,0.604703,0.302846,0.04401,0.076807,0.8925
112,114.02,27.51,158.5,54.58,0.059385,0.025473,0.082551,0.050533,0.7918
112,1869.45,1013.5,101.09,133.01,0.973674,0.938424,0.052652,0.123153,0.7917
113,977.44,533.57,201.07,199.75,0.509084,0.494045,0.104724,0.18495,0.9548
113,464.62,414.31,196.81,198.51,0.241989,0.383622,0.102506,0.183805,0.9514
113,1314.72,403.52,164.49,163.4,0.684749,0.373633,0.085672,0.151292,0.9503
113,755.05,863.1,309.15,308.24,0.393253,0.79917,0.161014,0.285404,0.9499
113,139.64,136.26,175.05,176.49,0.072727,0.126167,0.09117,0.163419,0.9461
113,1562.61,917.84,61.87,62.78,0.813858,0.849851,0.032222,0.058126,0.9427
113,61.9,468.83,122.73,195.76,0.03224,0.434103,0.063923,0.181258,0.9415
113,953.71,255.88,62.83,63.43,0.496723,0.236928,0.032723,0.058732,0.9406
113,1764.27,336.23,207.34,207.44,0.918888,0.311326,0.107991,0.192072,0.938
113,1646.4,699.62,175.95,175.59,0.8575,0.647799,0.091641,0.162579,0.9367
113,1061.18,93.15,293.31,186.29,0.552696,0.086246,0.152764,0.172493,0.9325
113,306.47,939.67,214.04,214.89,0.159619,0.870062,0.111478,0.198971,0.9313
113,191.99,964.65,132.96,131.37,0.099993,0.893191,0.069252,0.121636,0.93
113,1173.44,250.39,95.41,96.35,0.611166,0.231846,0.049692,0.089217,0.9263
113,1579.84,707.86,95.63,94.59,0.822833,0.655422,0.049809,0.08758,0.9251
113,1245.17,276.96,107.91,108.0,0.648524,0.256443,0.056205,0.100001,0.9221
113,237.32,104.32,90.76,91.87,0.123603,0.096595,0.047272,0.085067,0.9181
113,1096.92,114.3,59.92,59.13,0.57131,0.105832,0.031209,0.054754,0.904
113,1150.43,317.36,81.53,80.88,0.599183,0.293854,0.042462,0.074888,0.9032
113,1084.01,230.01,86.72,87.05,0.56459,0.212972,0.045167,0.080606,0.8963
113,651.44,283.8,87.75,89.11,0.339291,0.26278,0.045705,0.082513,0.8905
113,1578.69,64.09,307.77,128.04,0.822233,0.059341,0.160296,0.118555,0.8825
113,1864.19,1005.65,111.62,148.7,0.970931,0.93116,0.058138,0.137681,0.8391
113,107.53,24.05,153.65,47.36,0.056006,0.022267,0.080027,0.043855,0.7372
114,1306.61,392.5,165.41,165.08,0.680526,0.363426,0.086151,0.152854,0.9558
114,747.85,853.79,307.13,307.75,0.389504,0.79055,0.159964,0.28495,0.9524
114,455.28,403.09,201.5,199.79,0.237123,0.373234,0.104949,0.184992,0.9503
114,1553.85,907.77,60.71,61.35,0.809299,0.840531,0.03162,0.05681,0.949
114,129.83,126.77,180.9,176.61,0.067622,0.117376,0.094218,0.163524,0.9426
114,1749.92,323.42,208.34,207.98,0.911415,0.299461,0.10851,0.192576,0.9414
114,1637.11,688.86,176.08,178.4,0.852662,0.637831,0.091708,0.165187,0.9368
114,969.59,522.69,203.01,207.36,0.504992,0.483976,0.105733,0.192,0.9354
114,297.55,929.87,213.84,216.15,0.154976,0.860988,0.111374,0.200134,0.9309
114,1236.07,266.64,108.72,106.8,0.643786,0.246888,0.056624,0.09889,0.9309
114,182.42,954.78,131.78,132.23,0.09501,0.884058,0.068634,0.122436,0.9308
114,227.0,93.16,90.24,91.77,0.118228,0.086255,0.047001,0.084972,0.9294
114,57.08,457.94,113.51,198.31,0.029731,0.424015,0.05912,0.183621,0.9285
114,1054.93,88.31,307.42,176.62,0.549445,0.081768,0.160112,0.163536,0.9227
114,639.56,270.96,87.84,89.18,0.333104,0.25089,0.045749,0.082576,0.9171
114,1087.18,103.22,59.5,59.1,0.56624,0.095574,0.030987,0.054718,0.9128
114,1570.76,700.32,94.58,98.09,0.818102,0.64844,0.049258,0.090828,0.9125
114,944.79,244.89,63.93,64.54,0.49208,0.226749,0.033295,0.059762,0.9094
114,1075.08,219.49,89.04,88.18,0.559938,0.203233,0.046377,0.081646,0.8956
114,1163.73,238.5,95.29,94.69,0.606107,0.220829,0.049632,0.087675,0.8947
114,1142.13,306.44,82.45,82.74,0.594859,0.283738,0.042944,0.076614,0.8895
114,1568.53,59.67,300.61,119.09,0.816944,0.055254,0.15657,0.110268,0.8494
114,1858.13,1000.8,123.74,158.39,0.967776,0.926669,0.064446,0.146662,0.8319
115,290.99,919.15,215.39,214.87,0.151559,0.851067,0.112183,0.198956,0.9612
115,1296.15,383.39,167.57,166.92,0.675076,0.354994,0.087277,0.15456,0.9574
115,738.57,842.95,303.29,305.67,0.38467,0.780513,0.157966,0.283028,0.9543
115,172.21,942.43,131.29,129.79,0.089692,0.872622,0.068378,0.120178,0.9541
115,445.86,391.72,197.02,199.02,0.232221,0.362702,0.102614,0.184279,0.9465
115,1630.23,679.52,176.75,173.62,0.849077,0.629189,0.092056,0.160763,0.9454
115,1157.58,229.12,95.76,95.6,0.602907,0.212146,0.049873,0.088517,0.942
115,1741.49,312.5,211.73,207.05,0.907028,0.289355,0.110277,0.191717,0.9396
115,935.62,234.49,63.9,63.62,0.487302,0.217119,0.033284,0.058908,0.9357
115,958.09,512.18,200.62,200.51,0.499005,0.474241,0.104488,0.185655,0.9312
115,1042.2,80.81,295.68,161.63,0.542814,0.074827,0.153999,0.149654,0.9245
115,122.32,115.61,171.87,171.57,0.063709,0.107045,0.089514,0.158862,0.9244
115,1226.18,254.5,110.0,108.19,0.638638,0.235648,0.057292,0.100178,0.9239
115,217.44,84.19,90.09,91.85,0.113249,0.077952,0.046924,0.085049,0.9222
115,50.43,447.72,100.0,198.53,0.026266,0.414557,0.052086,0.183828,0.9081
115,1078.48,93.41,59.36,58.02,0.561706,0.086495,0.030917,0.053725,0.904
115,1065.23,209.01,89.66,89.36,0.554808,0.193526,0.046697,0.082739,0.9032
115,632.59,262.73,85.63,87.15,0.329473,0.243273,0.044601,0.080694,0.9013
115,1561.88,689.45,94.97,95.54,0.813479,0.638378,0.049464,0.088462,0.9004
115,1545.03,897.48,59.89,60.93,0.804703,0.830996,0.031192,0.05642,0.8691
115,1852.58,993.22,134.83,173.55,0.964887,0.919651,0.070226,0.160698,0.8588
115,1133.9,295.0,82.53,82.47,0.590572,0.273144,0.042984,0.076365,0.8578
115,1555.19,52.79,284.8,105.11,0.809995,0.048877,0.148336,0.097328,0.8527
115,1886.1,429.99,67.62,139.17,0.982346,0.398141,0.035217,0.128859,0.8241
116,436.88,382.65,198.18,198.94,0.227542,0.354302,0.103218,0.184202,0.9546
116,728.67,832.66,310.1,310.83,0.379515,0.770985,0.16151,0.28781,0.9542
116,1287.98,371.73,165.55,164.73,0.670821,0.344199,0.086223,0.15253,0.9437
116,1537.06,887.01,60.86,61.94,0.800553,0.821301,0.031698,0.057356,0.9382
116,279.27,909.05,213.34,215.77,0.145455,0.841712,0.111115,0.199789,0.9371
116,108.83,103.6,180.73,178.07,0.056681,0.09593,0.094132,0.164876,0.9361
116,1732.87,301.6,207.32,205.75,0.902539,0.279257,0.107982,0.190507,0.9359
116,949.98,501.2,202.07,201.88,0.494782,0.464072,0.105243,0.18693,0.9302
116,1069.7,81.84,58.62,59.18,0.557136,0.075781,0.030533,0.054796,0.9298
116,163.84,932.85,131.68,130.98,0.085334,0.863749,0.068585,0.121277,0.9297
116,1621.57,670.16,174.77,172.85,0.844568,0.62052,0.091023,0.160048,0.9259
116,1217.59,244.16,108.19,108.47,0.634162,0.226075,0.056348,0.100432,0.9253
116,926.8,224.21,63.71,62.33,0.482706,0.207599,0.033185,0.057717,0.9218
116,1555.42,679.83,97.27,97.57,0.810117,0.629474,0.050659,0.090344,0.9214
116,1033.97,75.58,300.26,151.05,0.538527,0.069977,0.156385,0.139864,0.9194
116,1147.97,218.62,94.53,95.59,0.597903,0.20243,0.049235,0.088511,0.9171
116,46.6,439.28,92.8,191.63,0.024272,0.406742,0.048334,0.177439,0.9154
116,1124.33,285.82,81.01,81.34,0.585588,0.264649,0.042195,0.075317,0.9103
116,209.56,72.91,90.45,90.37,0.109143,0.06751,0.047109,0.083671,0.9001
116,1057.38,196.97,88.31,89.27,0.550717,0.182384,0.045997,0.082654,0.8991
116,1881.1,419.86,77.55,148.33,0.979741,0.388763,0.040393,0.137341,0.8938
116,622.85,251.6,87.73,88.39,0.324403,0.232967,0.045692,0.081845,0.8835
116,1849.33,987.3,141.34,185.31,0.963192,0.914171,0.073616,0.171581,0.8811
116,1553.68,49.02,294.02,97.86,0.809207,0.045387,0.153133,0.090613,0.8116
117,718.14,820.62,308.78,307.98,0.37403,0.759834,0.160821,0.285166,0.9613
117,1282.42,359.82,165.45,164.89,0.667928,0.333167,0.086174,0.152675,0.9561
117,427.19,370.78,200.46,198.83,0.222493,0.343316,0.104408,0.184106,0.951
117,154.01,920.16,132.69,131.45,0.080212,0.851997,0.069108,0.121716,0.9426
117,940.44,491.12,202.07,205.13,0.48981,0.454741,0.105243,0.18994,0.9381
117,1526.54,876.17,60.29,61.19,0.795072,0.811264,0.031399,0.056655,0.9355
117,1724.51,292.06,207.62,205.72,0.898184,0.270431,0.108133,0.190485,0.9351
117,1611.62,658.0,175.49,177.28,0.839384,0.609263,0.091399,0.164148,0.9338
117,1208.81,233.41,108.07,107.58,0.629587,0.21612,0.056285,0.099614,0.9334
117,270.61,897.48,210.61,211.78,0.140942,0.831001,0.109694,0.196094,0.9324
117,104.21,95.4,176.17,171.36,0.054275,0.088336,0.091755,0.158666,0.9273
117,1544.28,668.06,95.22,97.79,0.804312,0.618571,0.049595,0.090549,0.9271
117,1020.93,70.54,297.56,140.87,0.531732,0.065313,0.154978,0.130436,0.9268
117,612.76,240.11,87.02,87.66,0.319148,0.222321,0.045323,0.08117,0.9258
117,917.37,210.58,63.43,64.33,0.477798,0.194984,0.033035,0.059566,0.9121
117,1876.75,405.49,86.51,136.17,0.977473,0.375458,0.045055,0.126088,0.9107
117,40.73,423.91,81.24,193.65,0.021216,0.392507,0.042312,0.179302,0.9073
117,199.05,59.69,90.6,93.29,0.103672,0.055265,0.047189,0.086378,0.9064
117,1059.93,70.69,60.95,59.42,0.552046,0.065458,0.031744,0.055017,0.9032
117,1137.37,205.1,96.39,93.05,0.592378,0.18991,0.050204,0.086154,0.8962
117,1114.28,273.46,82.36,81.19,0.580355,0.253206,0.042897,0.075172,0.8927
117,1890.97,754.51,58.05,109.27,0.984882,0.69862,0.030236,0.101172,0.8797
117,1047.97,186.56,88.89,87.54,0.545816,0.172745,0.046295,0.081056,0.8795
117,1842.62,983.47,154.76,193.06,0.959698,0.910621,0.080604,0.178758,0.8687
117,1536.72,41.94,289.36,83.83,0.800373,0.038835,0.150708,0.077623,0.7592
118,710.0,811.6,309.39,310.61,0.369792,0.751484,0.161143,0.2876,0.9594
118,1269.63,346.58,163.55,163.25,0.661264,0.320906,0.085183,0.151157,0.9576
118,262.4,887.27,216.06,215.03,0.136667,0.821543,0.112532,0.199099,0.956
118,418.95,358.64,197.73,197.96,0.218202,0.332074,0.102985,0.183298,0.9491
118,143.74,909.84,131.52,129.71,0.074863,0.842443,0.068501,0.120103,0.9463
118,1714.42,277.56,209.06,208.35,0.892927,0.257001,0.108885,0.192916,0.9428
118,1603.52,646.0,176.12,175.46,0.835169,0.598147,0.091728,0.16246,0.9416
118,908.67,199.93,64.1,65.36,0.473267,0.185119,0.033386,0.060519,0.9331
118,1517.18,864.52,62.23,61.84,0.790198,0.800483,0.03241,0.057255,0.9298
118,929.41,476.92,200.47,204.59,0.484068,0.441588,0.104413,0.189431,0.9293
118,1890.64,247.47,57.85,60.66,0.984706,0.229135,0.030132,0.056162,0.9234
118,1199.61,222.21,108.51,107.52,0.624798,0.205749,0.056518,0.099557,0.9231
118,1127.87,194.94,96.98,96.68,0.587435,0.1805,0.050509,0.089515,0.9169
118,1012.96,64.01,287.08,128.02,0.527583,0.059269,0.149521,0.118538,0.9149
118,604.57,228.47,85.45,88.62,0.314878,0.211547,0.044505,0.082053,0.9099
118,1535.17,656.49,94.03,95.11,0.799566,0.607863,0.048977,0.088063,0.9086
118,187.72,49.36,91.58,92.3,0.097769,0.045707,0.047698,0.085461,0.9057
118,1872.6,395.66,94.15,139.43,0.975313,0.366352,0.049037,0.129106,0.9004
118,1037.27,175.32,86.15,85.55,0.540243,0.162335,0.044868,0.079217,0.8968
118,95.44,84.46,180.24,168.93,0.049707,0.078206,0.093875,0.156413,0.8966
118,1050.28,58.35,59.52,57.9,0.547019,0.05403,0.030998,0.053611,0.8957
118,1837.92,978.3,163.5,203.39,0.957251,0.905838,0.085155,0.188324,0.8905
118,1886.55,740.12,66.21,117.47,0.982578,0.685298,0.034485,0.108769,0.8859
118,1106.09,262.24,83.49,81.1,0.576088,0.242816,0.043485,0.075089,0.8687
118,37.37,410.86,73.96,200.83,0.019465,0.380426,0.038523,0.185954,0.8625
118,1535.75,37.18,300.8,74.28,0.799868,0.034427,0.156667,0.068777,0.7141
118,446.4,1062.72,73.49,32.11,0.232501,0.983998,0.038274,0.029733,0.7008
119,701.85,796.57,309.86,309.52,0.365548,0.737564,0.161386,0.286596,0.9575
119,408.98,348.56,195.75,199.03,0.21301,0.322741,0.101953,0.184289,0.951
119,920.88,464.3,200.32,204.26,0.479624,0.429907,0.104334,0.189126,0.9498
119,251.09,875.79,214.13,217.86,0.130774,0.810912,0.111524,0.201722,0.9479
119,1262.03,334.46,166.93,166.0,0.657309,0.309681,0.086945,0.1537,0.942
119,1709.13,266.14,204.97,209.3,0.890173,0.246427,0.106755,0.193794,0.9368
119,1508.77,852.42,60.54,60.04,0.785819,0.789277,0.031533,0.055595,0.9351
119,1884.04,236.3,61.07,59.63,0.98127,0.218798,0.031808,0.05521,0.932
119,1119.5,182.34,96.1,96.31,0.583074,0.168837,0.050053,0.089178,0.9312
119,1592.87,633.59,176.91,177.32,0.829618,0.586656,0.092139,0.16419,0.9279
119,136.21,898.75,133.97,130.89,0.070943,0.832178,0.069777,0.121191,0.9271
119,1041.86,47.6,61.65,61.2,0.542634,0.044075,0.032112,0.056669,0.9235
119,1190.87,209.41,107.51,107.35,0.620246,0.193896,0.055993,0.099402,0.9211
119,1880.86,729.86,77.86,116.25,0.979617,0.6758,0.040552,0.107639,0.921
119,899.04,187.87,62.88,62.6,0.46825,0.17395,0.03275,0.057964,0.9113
119,1029.46,162.3,88.53,88.44,0.536178,0.150275,0.046112,0.081889,0.9108
119,1869.56,384.17,100.87,141.48,0.973731,0.355709,0.052537,0.131003,0.9094
119,1526.94,644.02,96.27,97.58,0.795284,0.596311,0.050139,0.090348,0.9094
119,1095.53,250.65,79.1,78.62,0.570587,0.232081,0.041198,0.072795,0.9057
119,1833.37,969.13,173.25,221.55,0.954882,0.897343,0.090236,0.20514,0.8963
119,1003.03,59.02,292.57,118.03,0.522412,0.054645,0.152381,0.109291,0.8865
119,86.15,79.08,172.3,157.83,0.04487,0.073227,0.08974,0.146136,0.8857
119,180.84,41.64,90.46,83.27,0.094186,0.038552,0.047115,0.077103,0.8794
119,593.65,216.57,88.06,87.53,0.30919,0.200528,0.045864,0.081043,0.875
119,32.32,397.67,64.35,195.53,0.016832,0.36821,0.033513,0.181048,0.8472
120,1252.68,323.32,166.93,166.48,0.652436,0.299368,0.086944,0.154149,0.9566
120,125.7,884.89,135.19,132.17,0.065469,0.819341,0.070412,0.122379,0.9536
120,691.09,786.62,307.61,313.69,0.359944,0.728356,0.160215,0.29045,0.9536
120,400.07,334.66,199.4,198.14,0.208369,0.309866,0.103852,0.183458,0.9528
120,241.17,862.14,211.34,212.91,0.125612,0.798276,0.11007,0.197135,0.9472
120,913.33,453.96,202.07,203.54,0.475691,0.420337,0.105243,0.188462,0.9383
120,1585.59,621.72,174.86,175.48,0.825829,0.575671,0.091073,0.16248,0.9381
120,1180.59,197.19,107.94,108.34,0.614893,0.18258,0.056219,0.100312,0.9355
120,1697.07,253.45,208.96,208.34,0.883893,0.234672,0.108832,0.192909,0.9347
120,889.34,174.65,63.85,63.74,0.463201,0.161709,0.033258,0.059023,0.9285
120,1517.56,631.46,95.82,96.35,0.790395,0.584682,0.049905,0.089213,0.9271
120,1110.45,170.98,97.9,96.63,0.578357,0.158317,0.050988,0.089469,0.9269
120,1864.22,371.02,111.55,136.6,0.97095,0.343535,0.058099,0.126481,0.9199
120,585.72,204.35,86.8,86.0,0.305061,0.189218,0.04521,0.07963,0.9189
120,82.92,71.63,157.22,142.35,0.043188,0.066328,0.081887,0.131805,0.9149
120,1829.79,964.61,180.42,230.78,0.953017,0.893157,0.093967,0.213687,0.9045
120,1500.38,839.73,59.84,60.3,0.781447,0.77753,0.031167,0.055837,0.9027
120,1020.44,149.72,89.51,88.78,0.531481,0.138634,0.046618,0.082206,0.8974
120,1875.02,223.21,59.78,59.62,0.976575,0.206676,0.031133,0.055201,0.8961
120,1878.37,715.3,83.27,116.03,0.978315,0.662313,0.043369,0.107432,0.8925
120,1032.13,33.42,59.42,57.78,0.537566,0.030946,0.030947,0.0535,0.8757
120,1086.58,236.61,81.9,81.35,0.565928,0.219085,0.042655,0.075322,0.8745
120,993.93,52.78,291.11,105.31,0.517671,0.048872,0.151618,0.097512,0.8412
120,169.45,34.89,92.37,69.77,0.088257,0.032303,0.04811,0.064606,0.8354
120,1881.04,1063.88,68.37,32.24,0.979709,0.985075,0.03561,0.029849,0.7577
120,870.81,1050.68,238.05,58.65,0.453546,0.972848,0.123986,0.054304,0.7413
121,684.36,774.9,306.88,311.1,0.356435,0.717499,0.159833,0.288053,0.9512
121,904.69,441.61,200.77,199.16,0.471194,0.408899,0.104565,0.184411,0.9486
121,1242.43,308.98,166.47,164.91,0.647097,0.286088,0.086703,0.152692,0.9478
121,1859.7,359.52,120.6,137.96,0.968595,0.332887,0.06281,0.127744,0.9467
121,390.45,320.79,199.4,197.01,0.203361,0.297032,0.103857,0.182417,0.9464
121,232.55,850.58,217.44,217.34,0.121122,0.787573,0.113248,0.201243,0.9406
121,117.27,872.45,132.3,131.05,0.06108,0.807826,0.068907,0.121343,0.9344
121,880.9,162.56,64.81,64.0,0.458803,0.150521,0.033755,0.059262,0.9333
121,1826.61,958.79,186.77,242.41,0.951362,0.887772,0.097276,0.224457,0.9315
121,1574.68,609.32,176.42,174.86,0.820144,0.564186,0.091887,0.161904,0.9304
121,1688.07,240.86,207.58,206.77,0.879206,0.223021,0.108114,0.191452,0.9297
121,1492.0,828.05,60.18,60.91,0.777081,0.766717,0.031344,0.056394,0.9287
121,1508.53,619.3,94.22,96.73,0.785694,0.573423,0.049072,0.089563,0.9261
121,1873.29,702.88,93.41,118.81,0.975674,0.650814,0.048652,0.110011,0.9179
121,1172.06,183.64,107.86,107.21,0.610447,0.170037,0.056177,0.099266,0.9164
121,576.33,191.93,86.83,87.32,0.300173,0.177713,0.045225,0.080854,0.9145
121,1866.1,210.05,59.78,60.36,0.971929,0.194487,0.031133,0.05589,0.9124
121,1102.02,155.55,96.51,96.55,0.573969,0.144031,0.050265,0.089398,0.9104
121,1010.08,136.31,88.54,89.2,0.526082,0.126215,0.046117,0.082591,0.9093
121,1077.73,224.82,81.17,80.67,0.561318,0.208168,0.042274,0.074696,0.9073
121,1024.02,25.21,61.05,50.41,0.533346,0.023347,0.031795,0.046673,0.8884
121,75.05,66.6,146.42,133.2,0.039089,0.061667,0.076258,0.123334,0.8792
121,162.72,28.51,92.27,55.88,0.08475,0.026398,0.048056,0.051736,0.8675
121,983.32,46.12,291.97,92.18,0.512146,0.042702,0.15207,0.085356,0.8262
121,1874.66,1058.05,81.56,43.25,0.976384,0.979675,0.042477,0.040045,0.8005
121,862.46,1044.1,233.23,70.45,0.449197,0.966762,0.121476,0.065232,0.7937
122,674.6,759.06,305.3,307.89,0.351356,0.702829,0.159009,0.285083,0.9603
122,109.22,859.86,136.11,132.09,0.056883,0.796163,0.070891,0.122306,0.951
122,382.61,309.6,200.1,199.27,0.199278,0.286665,0.104218,0.184513,0.9484
122,1234.13,297.49,165.02,165.85,0.642778,0.275457,0.085948,0.153564,0.9414
122,1568.87,595.07,173.34,173.13,0.817121,0.550987,0.090281,0.160308,0.9412
122,1822.97,951.82,194.06,256.36,0.949464,0.881317,0.101073,0.237366,0.9408
122,893.41,427.11,201.79,203.1,0.465315,0.395475,0.1051,0.188053,0.9381
122,1680.03,228.7,211.3,208.83,0.875013,0.211757,0.11005,0.193359,0.9332
122,223.19,837.18,215.05,215.93,0.116246,0.775168,0.112007,0.199939,0.9323
122,1091.66,141.95,95.48,95.6,0.568575,0.131439,0.049731,0.088519,0.9314
122,1854.98,345.52,130.04,139.3,0.966135,0.319926,0.067729,0.128982,0.9302
122,1162.19,170.21,108.33,107.54,0.605309,0.157599,0.056424,0.09957,0.9292
122,1482.31,814.69,59.61,60.19,0.772037,0.754347,0.031048,0.055734,0.9284
122,870.94,149.05,64.34,64.16,0.453616,0.138008,0.033508,0.059408,0.926
122,1002.12,123.14,88.34,87.86,0.521937,0.114017,0.046012,0.081349,0.9213
122,1856.72,196.52,60.06,60.68,0.967041,0.181967,0.031283,0.056189,0.917
122,578.19,45.7,57.68,57.44,0.301139,0.042315,0.030044,0.053184,0.9162
122,1868.74,690.11,102.53,121.57,0.973301,0.63899,0.053399,0.112561,0.9128
122,1499.93,605.4,94.05,96.45,0.781213,0.560556,0.048983,0.089303,0.9058
122,1069.27,209.13,84.33,84.21,0.556912,0.193638,0.043921,0.077976,0.903
122,566.49,178.71,87.76,87.69,0.295049,0.165475,0.045711,0.081196,0.8843
122,147.62,20.96,83.94,41.66,0.076884,0.019405,0.043718,0.038573,0.8634
122,72.76,60.66,143.1,118.91,0.037897,0.056169,0.07453,0.110097,0.8595
122,854.09,1039.02,231.19,81.96,0.444837,0.962053,0.120409,0.075893,0.8547
122,1866.49,1051.44,92.15,57.12,0.972128,0.973558,0.047993,0.052885,0.8435
122,1014.9,18.07,62.17,36.01,0.528596,0.016729,0.032379,0.033343,0.8374
122,960.68,35.15,258.61,70.3,0.500355,0.032548,0.134692,0.065096,0.7448
123,664.24,746.5,310.07,310.88,0.345957,0.691203,0.161496,0.287852,0.9569
123,1225.65,284.05,164.72,164.05,0.638359,0.263013,0.085792,0.1519,0.9512
123,372.63,294.68,197.73,197.22,0.194078,0.27285,0.102983,0.182608,0.95
123,1815.95,945.87,208.11,266.35,0.945806,0.875809,0.108388,0.246624,0.9452
123,1851.45,332.53,134.54,139.64,0.964297,0.307896,0.070073,0.129294,0.9403
123,213.63,823.54,211.51,212.16,0.111263,0.762536,0.110163,0.196444,0.9391
123,1671.12,214.82,209.22,209.17,0.870374,0.198905,0.108968,0.193672,0.939
123,1473.24,801.81,61.34,60.97,0.767313,0.742413,0.031948,0.056454,0.9386
123,886.99,415.35,201.33,202.59,0.461975,0.384579,0.104861,0.187584,0.9375
123,97.27,846.83,134.79,132.79,0.050661,0.784104,0.070205,0.122955,0.9351
123,1492.15,591.48,97.82,97.36,0.777162,0.547668,0.050949,0.09015,0.9334
123,1560.36,581.22,176.93,176.61,0.812687,0.538165,0.092152,0.163524,0.9329
123,862.51,135.19,62.94,63.67,0.449226,0.125173,0.032779,0.058952,0.9187
123,1864.55,675.91,110.23,120.99,0.971118,0.625838,0.057411,0.112026,0.9182
123,1082.84,129.78,96.41,97.87,0.563979,0.120163,0.050215,0.090617,0.9162
123,846.19,1031.99,228.22,96.03,0.440726,0.955542,0.118863,0.088916,0.9133
123,1154.94,157.27,107.73,107.3,0.601529,0.145619,0.056108,0.099353,0.9132
123,991.61,108.99,87.66,86.34,0.516462,0.100915,0.045656,0.079942,0.9017
123,1058.54,196.48,82.96,83.26,0.551321,0.181928,0.043206,0.077096,0.9004
123,1849.18,183.32,61.07,60.8,0.963117,0.169744,0.031806,0.056294,0.887
123,65.24,53.22,129.26,105.13,0.033977,0.049277,0.067324,0.09734,0.8862
123,558.88,164.33,87.45,89.02,0.291085,0.152161,0.045547,0.082426,0.8823
123,1856.32,1045.85,97.78,66.7,0.966832,0.968376,0.05093,0.061761,0.7848
123,321.87,1045.94,293.86,68.12,0.167643,0.968462,0.153053,0.063077,0.7359
123,140.55,13.28,92.72,26.56,0.073202,0.012296,0.048289,0.024593,0.7222
124,653.67,732.37,309.74,311.17,0.340455,0.678122,0.161324,0.288124,0.9592
124,362.67,282.31,201.19,199.28,0.18889,0.2614,0.104784,0.184523,0.9506
124,1218.64,269.94,166.04,165.04,0.634708,0.249949,0.086477,0.152817,0.9486
124,87.56,833.09,131.24,130.89,0.045606,0.771376,0.068355,0.121192,0.9435
124,1813.44,937.9,213.12,281.95,0.9445,0.868424,0.111001,0.261067,0.9416
124,1463.76,786.68,60.8,61.46,0.762376,0.728412,0.031664,0.056904,0.941
124,1663.19,200.75,209.39,209.29,0.866243,0.185884,0.109057,0.193789,0.9389
124,1859.77,663.65,119.02,123.55,0.96863,0.614493,0.06199,0.114398,0.9341
124,203.55,808.96,213.97,215.7,0.106016,0.749038,0.111442,0.199727,0.9324
124,1843.24,316.81,135.89,140.58,0.96002,0.293347,0.070774,0.130168,0.9322
124,1145.46,142.98,108.53,106.84,0.596591,0.132388,0.056527,0.09893,0.9293
124,1550.51,568.82,174.43,178.53,0.807555,0.526689,0.090851,0.165306,0.9286
124,878.52,401.57,202.2,205.26,0.457561,0.371829,0.105312,0.190055,0.9271
124,548.58,151.36,88.41,89.89,0.285718,0.140147,0.046048,0.083229,0.9225
124,1483.36,580.62,96.16,97.94,0.772585,0.537609,0.050084,0.090683,0.9203
124,1840.06,168.69,60.06,60.56,0.958362,0.156198,0.031284,0.056073,0.916
124,836.96,1023.76,221.69,112.48,0.435918,0.947925,0.115462,0.10415,0.915
124,852.62,121.22,64.55,64.67,0.444071,0.112241,0.033622,0.059878,0.9032
124,1074.34,115.33,94.08,95.3,0.559553,0.106789,0.049002,0.088239,0.9017
124,1051.35,182.4,83.14,82.94,0.547576,0.16889,0.043303,0.076798,0.8952
124,982.45,94.54,87.21,86.49,0.511695,0.087539,0.04542,0.080081,0.8792
124,57.81,44.23,113.58,88.46,0.030112,0.040955,0.059154,0.08191,0.8582
124,1850.33,1038.8,90.36,81.45,0.963715,0.961848,0.04706,0.075415,0.7985
124,318.52,1037.47,294.7,85.05,0.165897,0.960624,0.153489,0.078753,0.7581
125,1207.16,254.89,166.31,163.56,0.62873,0.236013,0.086621,0.151445,0.9599
125,197.66,795.06,216.57,215.48,0.102946,0.73617,0.112797,0.19952,0.959
125,645.2,720.37,309.93,308.1,0.336042,0.667008,0.161424,0.285275,0.9575
125,1834.87,304.04,139.03,140.31,0.955662,0.281517,0.072413,0.12992,0.9547
125,353.52,267.16,200.51,200.39,0.184123,0.247372,0.104433,0.185546,0.9511
125,78.4,818.35,130.75,132.16,0.040836,0.757729,0.068101,0.122367,0.9465
125,867.12,385.97,199.05,201.52,0.451626,0.357381,0.103674,0.186595,0.945
125,1808.86,930.55,222.29,292.96,0.942112,0.861617,0.115775,0.271258,0.9419
125,1541.5,555.29,177.85,178.02,0.802862,0.514161,0.092632,0.16483,0.9365
125,1652.4,185.14,210.7,207.88,0.860623,0.171422,0.109737,0.192485,0.9357
125,1853.52,649.8,123.41,123.41,0.965377,0.601667,0.064274,0.114269,0.9239
125,538.31,134.92,87.95,89.76,0.280371,0.124928,0.04581,0.083108,0.9162
125,829.82,1017.73,228.17,124.54,0.432198,0.942342,0.11884,0.115315,0.9138
125,1830.54,154.48,60.61,60.08,0.953408,0.143035,0.031569,0.055627,0.9137
125,1064.55,100.33,96.33,97.2,0.554454,0.092899,0.050171,0.090002,0.9129
125,1134.33,127.96,109.43,110.08,0.590799,0.118477,0.056993,0.10193,0.9109
125,843.76,106.19,63.16,62.77,0.43946,0.098324,0.032893,0.058117,0.9092
125,1455.08,774.15,61.02,61.33,0.757853,0.716808,0.031783,0.056788,0.9048
125,972.42,79.91,88.41,89.0,0.50647,0.07399,0.046049,0.082403,0.9031
125,1473.85,565.09,96.99,98.17,0.767631,0.523234,0.050517,0.090894,0.8945
125,1840.52,1029.87,89.65,90.37,0.958602,0.953582,0.046692,0.083672,0.892
125,1040.51,168.44,83.53,80.7,0.541933,0.155964,0.043505,0.074719,0.8811
125,56.84,38.58,112.29,76.78,0.029603,0.035726,0.058485,0.071096,0.848
125,314.01,1032.19,288.37,95.63,0.163548,0.955728,0.150194,0.088545,0.8313
126,638.49,705.2,307.52,311.36,0.332548,0.652961,0.160168,0.288297,0.9518
126,344.7,253.92,198.8,198.77,0.179531,0.235109,0.103541,0.184046,0.9505
126,1804.0,918.58,231.82,297.54,0.939583,0.850539,0.120737,0.275496,0.9485
126,1645.69,171.35,205.77,204.12,0.85713,0.158656,0.107174,0.189,0.9457
126,1827.36,289.37,139.88,139.73,0.951751,0.267934,0.072855,0.129377,0.9446
126,1198.35,239.56,165.14,167.36,0.624141,0.221816,0.086009,0.154963,0.9418
126,1843.79,634.51,121.62,122.16,0.96031,0.587508,0.063346,0.113111,0.9381
126,833.89,91.72,63.19,64.51,0.434317,0.084926,0.032912,0.059735,0.9374
126,186.39,781.7,216.09,213.95,0.097079,0.723798,0.112548,0.1981,0.9367
126,857.63,370.14,202.12,204.37,0.446682,0.342722,0.105271,0.189236,0.9346
126,818.87,1011.07,228.28,137.85,0.426494,0.936179,0.118895,0.127642,0.9325
126,1532.73,540.19,176.75,176.15,0.798298,0.500179,0.092055,0.163098,0.9317
126,70.86,805.22,131.06,130.68,0.036907,0.745571,0.068261,0.121002,0.9241
126,1126.78,113.76,111.03,106.65,0.586864,0.105333,0.05783,0.098748,0.9239
126,1446.6,758.85,60.15,60.43,0.753437,0.702635,0.031326,0.055955,0.9148
126,964.34,65.8,86.39,87.58,0.502262,0.060922,0.044993,0.081091,0.9146
126,1821.88,139.97,59.56,60.56,0.948898,0.129601,0.03102,0.056073,0.9137
126,1831.42,1016.3,92.96,93.02,0.953864,0.941015,0.048415,0.08613,0.9072
126,1055.41,87.74,97.05,97.37,0.549693,0.081244,0.050549,0.09016,0.9069
126,1465.06,550.52,95.65,95.99,0.763052,0.50974,0.049817,0.088876,0.906
126,528.69,121.46,88.4,89.85,0.275359,0.112464,0.046044,0.083194,0.906
126,1032.77,152.74,83.54,83.21,0.537903,0.141429,0.04351,0.077043,0.905
126,304.67,1024.61,299.48,110.62,0.158684,0.948716,0.155979,0.102424,0.8785
126,55.78,29.7,109.49,59.0,0.029051,0.027498,0.057026,0.054626,0.7466
127,334.38,238.11,201.86,199.73,0.174158,0.220476,0.105134,0.184936,0.9577
127,1800.07,904.83,239.86,302.31,0.937537,0.837809,0.124926,0.27992,0.9551
127,627.16,690.35,308.91,309.45,0.326644,0.639212,0.160889,0.286527,0.952
127,176.99,767.92,215.57,214.41,0.092184,0.711036,0.112276,0.198525,0.9496
127,1190.3,225.26,165.79,163.52,0.619947,0.20857,0.086349,0.151404,0.9458
127,1524.16,525.58,175.72,176.28,0.793835,0.486651,0.09152,0.163219,0.9441
127,1817.45,274.09,139.4,140.53,0.946591,0.253791,0.072603,0.13012,0.9414
127,1833.53,620.24,120.62,121.16,0.954961,0.574296,0.062824,0.112181,0.938
127,849.81,357.53,201.96,204.65,0.442611,0.331046,0.105186,0.189488,0.9373
127,1455.43,536.2,97.31,96.57,0.758036,0.496484,0.050682,0.089413,0.9345
127,808.95,1003.85,227.49,151.87,0.421327,0.929494,0.118485,0.140621,0.9308
127,1636.65,156.58,207.86,207.1,0.852421,0.144983,0.108261,0.191756,0.9305
127,1437.01,744.43,61.09,62.08,0.748444,0.689285,0.031817,0.057483,0.9301
127,64.5,789.17,128.32,132.38,0.033593,0.730712,0.066832,0.12257,0.927
127,1813.17,124.56,61.09,61.46,0.94436,0.115337,0.031816,0.056911,0.9196
127,1822.35,1002.5,91.32,93.69,0.949141,0.928238,0.047562,0.086751,0.9161
127,292.55,1014.95,303.6,130.11,0.15237,0.939764,0.158123,0.120472,0.9141
127,1047.23,71.96,99.14,98.09,0.545433,0.066625,0.051633,0.090823,0.9123
127,1117.85,98.94,107.63,106.82,0.582212,0.091611,0.056056,0.098903,0.9098
127,519.01,107.53,89.58,88.09,0.270316,0.099565,0.046656,0.081568,0.9034
127,954.92,50.33,89.4,88.57,0.497352,0.0466,0.046564,0.082009,0.9025
127,1022.39,139.88,80.72,79.77,0.532496,0.129522,0.042044,0.073859,0.8882
127,825.19,76.78,64.08,64.14,0.429787,0.071096,0.033378,0.059388,0.8875
127,1481.95,1055.69,214.35,47.66,0.771846,0.977489,0.11164,0.044132,0.7076
128,1796.27,889.01,247.46,299.48,0.935558,0.82316,0.128884,0.277295,0.9615
128,1807.74,259.98,139.17,142.05,0.941529,0.240726,0.072487,0.131529,0.958
128,619.47,675.4,308.53,311.48,0.322642,0.625366,0.16069,0.288408,0.9547
128,796.57,995.72,226.35,165.79,0.41488,0.921962,0.117893,0.153509,0.9509
128,326.16,222.64,200.8,199.01,0.169874,0.206148,0.104586,0.184273,0.9495
128,1826.65,605.32,122.11,123.36,0.951382,0.560479,0.063599,0.114221,0.9447
128,1181.51,209.16,167.59,165.19,0.61537,0.193668,0.087284,0.152956,0.9434
128,1514.81,510.38,176.38,177.54,0.788964,0.472577,0.091862,0.164389,0.934
128,168.58,752.11,215.91,214.94,0.087803,0.696395,0.112451,0.199015,0.9337
128,1626.49,139.39,209.81,206.68,0.847129,0.129067,0.109275,0.191369,0.9323
128,840.09,342.96,202.22,205.3,0.437546,0.317555,0.105323,0.190097,0.929
128,1428.22,729.24,61.59,61.23,0.743865,0.675225,0.032078,0.056696,0.9245
128,1447.4,519.72,97.51,99.19,0.753853,0.481221,0.050785,0.09184,0.9216
128,60.75,775.88,120.55,133.99,0.03164,0.718406,0.062786,0.124065,0.919
128,1037.21,55.68,92.08,95.47,0.540215,0.051552,0.04796,0.088398,0.9182
128,815.13,61.48,63.83,64.1,0.424544,0.056922,0.033243,0.059356,0.9176
128,1107.75,84.17,108.46,106.41,0.576954,0.077935,0.056492,0.098532,0.9167
128,288.07,1007.29,305.74,145.43,0.150034,0.932673,0.159241,0.134654,0.915
128,1804.59,109.4,59.08,59.44,0.93989,0.101294,0.030773,0.055039,0.9089
128,511.84,92.23,86.02,86.67,0.266581,0.085401,0.044804,0.080252,0.8998
128,1014.62,123.1,84.69,84.84,0.528447,0.11398,0.044108,0.078557,0.8868
128,1812.86,988.47,91.4,93.28,0.944196,0.915254,0.047606,0.086369,0.8699
128,944.58,41.17,88.94,76.17,0.491969,0.038117,0.046321,0.070532,0.844
128,1467.44,1047.08,198.36,65.83,0.764292,0.969522,0.103312,0.060956,0.754
129,1792.2,874.88,255.6,301.5,0.933437,0.81007,0.133126,0.279168,0.9604
129,609.59,659.93,311.75,312.1,0.317494,0.611048,0.162368,0.288978,0.9547
129,1800.27,243.81,139.41,140.15,0.937638,0.225747,0.072607,0.129771,0.954
129,1173.19,196.14,168.15,164.78,0.611035,0.181609,0.08758,0.152576,0.9539
129,315.8,208.42,197.89,199.01,0.164478,0.19298,0.103069,0.184264,0.953
129,158.81,735.71,214.18,215.8,0.082712,0.681212,0.11155,0.199818,0.9475
129,1818.43,589.7,122.94,123.12,0.947098,0.546018,0.064031,0.113998,0.9425
129,1507.3,496.78,176.75,176.59,0.78505,0.459983,0.092059,0.163507,0.9423
129,831.48,326.78,201.05,201.45,0.433062,0.302575,0.104715,0.186525,0.9323
129,788.86,989.08,227.05,181.82,0.410863,0.915814,0.118256,0.168356,0.932
129,280.8,1002.39,293.42,155.21,0.14625,0.928142,0.152823,0.143716,0.9307
129,1618.88,126.47,212.21,204.96,0.843166,0.117102,0.110527,0.189776,0.9291
129,1419.42,713.69,61.4,61.75,0.73928,0.660827,0.031979,0.057179,0.9253
129,1438.13,506.04,94.99,97.08,0.749028,0.468556,0.049474,0.089891,0.9194
129,1795.2,93.62,61.45,62.03,0.935002,0.086687,0.032005,0.057435,0.9156
129,806.25,46.29,64.74,64.34,0.419923,0.042857,0.033718,0.059571,0.9102
129,1027.26,43.93,97.1,87.85,0.535033,0.040671,0.050574,0.081343,0.904
129,1004.91,108.06,81.67,81.66,0.523392,0.100054,0.042539,0.07561,0.8982
129,502.03,76.73,89.21,91.07,0.261475,0.071043,0.046465,0.084321,0.8882
129,1805.17,974.13,91.67,94.87,0.940194,0.901975,0.047745,0.087841,0.8862
129,1099.71,67.95,108.07,108.59,0.572767,0.062916,0.056285,0.100547,0.8788
129,55.9,757.74,110.8,136.46,0.029115,0.701615,0.05771,0.12635,0.8774
129,934.6,32.46,93.91,62.84,0.486769,0.030055,0.048913,0.058184,0.8395
129,1463.63,1039.82,217.56,80.35,0.762307,0.962799,0.11331,0.074402,0.8393
130,599.65,645.13,310.26,310.53,0.312319,0.597346,0.161592,0.28753,0.9605
130,1163.91,180.03,166.57,167.42,0.606203,0.166691,0.086754,0.155018,0.9562
130,1786.53,861.01,266.94,300.83,0.930486,0.797227,0.139029,0.278547,0.954
130,306.18,192.08,200.28,199.61,0.159471,0.177851,0.104312,0.184825,0.948
130,821.48,311.5,202.5,206.19,0.427855,0.28843,0.105469,0.19092,0.9386
130,1807.67,575.3,120.04,121.71,0.941495,0.532682,0.062518,0.112699,0.9385
130,782.04,978.92,227.32,201.76,0.40731,0.906403,0.118394,0.186812,0.9357
130,1790.35,228.15,139.85,138.43,0.932475,0.211254,0.07284,0.128175,0.935
130,1610.89,108.9,211.54,207.13,0.839003,0.100836,0.110178,0.191789,0.934
130,1496.93,481.04,175.02,174.89,0.779652,0.445403,0.091155,0.161935,0.9335
130,271.04,993.78,300.75,172.44,0.141169,0.920168,0.156643,0.159665,0.9271
130,149.96,722.77,212.03,216.15,0.078103,0.669235,0.110433,0.200135,0.9268
130,1088.23,54.65,106.71,104.27,0.566785,0.050599,0.05558,0.096547,0.9258
130,492.21,60.12,89.12,88.78,0.256357,0.055662,0.046416,0.082202,0.9152
130,1410.34,698.92,60.85,61.18,0.734553,0.647145,0.031692,0.056646,0.9112
130,994.56,92.41,81.64,80.67,0.518,0.085568,0.042523,0.074692,0.9046
130,1429.17,490.23,95.54,96.82,0.74436,0.453917,0.049759,0.089646,0.9027
130,1786.03,77.98,59.82,60.05,0.930226,0.0722,0.031154,0.0556,0.8992
130,797.77,31.32,65.66,62.18,0.415504,0.028999,0.034196,0.057575,0.8938
130,1796.39,956.73,92.08,92.24,0.935619,0.88586,0.047958,0.085405,0.8925
130,1455.83,1030.98,214.18,96.86,0.758244,0.954611,0.11155,0.089689,0.8883
130,1020.12,36.36,97.51,72.72,0.531315,0.033666,0.050786,0.067333,0.8847
130,50.8,741.83,100.98,134.94,0.026458,0.686879,0.052596,0.124946,0.8823
130,926.12,24.03,94.39,47.65,0.482356,0.022247,0.049163,0.044118,0.8307
131,590.7,629.35,311.43,312.95,0.307658,0.582736,0.162205,0.289765,0.9599
131,140.63,705.17,214.5,214.52,0.073247,0.65294,0.11172,0.198633,0.959
131,1782.16,845.12,275.68,301.83,0.928209,0.782522,0.143581,0.279471,0.9577
131,1154.42,162.3,167.47,165.0,0.601263,0.150275,0.087225,0.152781,0.9548
131,1780.58,211.3,139.67,140.58,0.927388,0.195652,0.072746,0.130168,0.9515
131,297.39,174.99,198.52,197.75,0.154893,0.16203,0.103396,0.183103,0.9502
131,1401.71,682.22,60.74,60.91,0.730057,0.631685,0.031636,0.056402,0.9427
131,262.15,985.29,298.29,189.42,0.136534,0.912307,0.155358,0.175386,0.9394
131,770.96,971.7,226.35,214.76,0.40154,0.899725,0.117889,0.198853,0.9389
131,812.88,294.26,202.73,206.53,0.423374,0.272467,0.105588,0.191229,0.9356
131,1600.27,99.28,207.8,195.62,0.833473,0.091921,0.10823,0.181131,0.9353
131,1486.72,464.33,176.89,178.56,0.774334,0.429933,0.092129,0.165334,0.933
131,1421.19,473.9,97.12,97.06,0.740202,0.438799,0.050581,0.089871,0.9325
131,1799.58,558.61,122.94,123.19,0.937283,0.517228,0.064032,0.114062,0.9312
131,1443.6,1023.23,208.13,113.55,0.751877,0.947432,0.108399,0.105137,0.9256
131,986.32,75.18,82.6,82.49,0.513708,0.069607,0.04302,0.07638,0.9205
131,1789.28,942.08,91.61,94.37,0.931915,0.872293,0.047711,0.08738,0.9117
131,1776.63,61.5,59.85,60.49,0.92533,0.056947,0.031172,0.056013,0.9075
131,482.8,44.94,85.78,85.12,0.251458,0.041615,0.044677,0.078814,0.9056
131,787.17,22.58,61.62,44.54,0.409984,0.02091,0.032093,0.041237,0.8977
131,1079.43,44.21,106.83,88.41,0.562205,0.040931,0.05564,0.081862,0.8834
131,45.04,728.17,90.05,139.95,0.023459,0.67423,0.0469,0.129587,0.8136
131,1006.93,28.28,92.42,55.04,0.524442,0.026185,0.048134,0.050961,0.8083
132,582.58,612.25,310.82,311.4,0.303426,0.566899,0.161886,0.288336,0.9592
132,1778.44,829.07,283.13,300.9,0.926269,0.767656,0.147461,0.27861,0.9572
132,252.38,976.48,302.41,207.04,0.131446,0.904149,0.157503,0.191702,0.9543
132,289.56,159.96,199.69,196.37,0.150814,0.148116,0.104006,0.181822,0.9481
132,803.71,276.02,199.86,204.99,0.418596,0.255576,0.104093,0.189804,0.9439
132,1142.88,146.48,168.7,166.03,0.59525,0.135625,0.087867,0.153732,0.9427
132,1791.08,541.97,121.74,121.76,0.932852,0.501827,0.063406,0.112738,0.9422
132,1591.96,90.97,213.73,178.4,0.829146,0.084235,0.111319,0.165184,0.9417
132,1479.53,447.1,176.64,176.84,0.770587,0.413983,0.092002,0.163743,0.9414
132,762.17,962.58,229.47,225.42,0.396966,0.891274,0.119516,0.208722,0.937
132,128.43,689.19,215.2,218.33,0.06689,0.638142,0.112084,0.202154,0.9351
132,1771.99,195.91,138.19,139.71,0.922912,0.181395,0.071974,0.129361,0.933
132,1392.44,665.95,60.96,61.79,0.725228,0.616623,0.031752,0.05721,0.9314
132,1436.35,1015.51,210.39,128.98,0.748099,0.940287,0.109579,0.119425,0.9215
132,1767.8,45.5,60.04,61.15,0.92073,0.042132,0.031273,0.056616,0.9085
132,1410.31,456.39,94.82,95.46,0.734538,0.42258,0.049384,0.088388,0.9043
132,976.36,58.57,86.15,86.15,0.50852,0.054231,0.044868,0.079773,0.8955
132,1778.53,925.56,90.68,92.39,0.926318,0.857004,0.047227,0.085542,0.8934
132,471.96,35.66,91.04,69.06,0.245811,0.033018,0.047415,0.063943,0.875
132,779.58,14.33,62.73,28.53,0.406034,0.013269,0.03267,0.026414,0.8585
132,1072.13,37.55,103.45,73.97,0.5584,0.03477,0.05388,0.068491,0.8403
132,41.68,712.17,83.05,137.44,0.021711,0.659419,0.043254,0.127261,0.8203
132,998.57,19.79,102.87,39.58,0.520091,0.018325,0.05358,0.03665,0.7757
133,242.36,968.13,304.86,223.43,0.126228,0.89642,0.158783,0.206876,0.9568
133,754.3,946.54,228.25,228.78,0.392863,0.876427,0.11888,0.211834,0.9568
133,572.13,596.69,307.97,308.87,0.297984,0.552488,0.160399,0.285989,0.9543
133,1773.05,813.08,291.64,301.64,0.923465,0.752853,0.151893,0.279296,0.9492
133,278.28,142.74,199.39,198.03,0.14494,0.132164,0.103851,0.183357,0.9481
133,1133.95,130.59,166.77,166.05,0.590602,0.120913,0.08686,0.153751,0.9475
133,1763.04,178.7,137.85,138.42,0.918249,0.165466,0.071799,0.128168,0.9454
133,1782.21,524.85,121.4,121.69,0.928236,0.485977,0.06323,0.112674,0.9423
133,795.22,261.11,202.96,202.63,0.414177,0.241767,0.105711,0.187624,0.9419
133,117.99,671.75,219.08,212.2,0.061455,0.621993,0.114106,0.196482,0.9408
133,1427.17,1006.3,212.81,147.4,0.743318,0.931758,0.110841,0.136484,0.9405
133,1470.24,431.43,178.81,177.68,0.765749,0.39947,0.093128,0.16452,0.9361
133,1403.34,440.12,96.89,95.89,0.730909,0.407518,0.050462,0.088785,0.927
133,1582.68,81.08,204.47,162.15,0.824311,0.075074,0.106493,0.150137,0.9227
133,1384.03,649.47,62.6,63.22,0.72085,0.601365,0.032603,0.058535,0.9165
133,1770.39,910.52,91.05,93.77,0.922078,0.843073,0.047424,0.086825,0.9015
133,1759.69,30.18,61.91,58.81,0.916507,0.027949,0.032245,0.054452,0.8971
133,967.63,44.32,81.73,78.27,0.503975,0.041038,0.042567,0.072468,0.8966
133,463.43,27.03,87.93,53.74,0.241372,0.02503,0.045796,0.04976,0.8525
133,1065.81,27.97,113.59,54.79,0.555111,0.025899,0.059163,0.050728,0.8197
133,35.93,695.62,71.86,135.93,0.018713,0.644088,0.037426,0.125865,0.8116
134,562.67,579.22,307.6,308.69,0.293057,0.536315,0.16021,0.285825,0.9563
134,234.57,960.35,303.21,236.41,0.122174,0.889213,0.157921,0.218897,0.955
134,742.96,931.07,228.63,230.3,0.386959,0.862099,0.11908,0.213243,0.9516
134,1417.76,998.62,207.56,160.36,0.738416,0.92465,0.108102,0.14848,0.9499
134,1768.15,795.42,298.62,301.92,0.920914,0.736502,0.15553,0.279556,0.9486
134,1126.79,113.61,166.12,166.68,0.586869,0.10519,0.086519,0.154335,0.9473
134,268.67,126.4,196.62,197.49,0.13993,0.117034,0.102404,0.182859,0.9469
134,1753.63,162.1,139.9,140.08,0.913349,0.150094,0.072864,0.129699,0.9369
134,1393.62,425.07,94.63,97.03,0.725841,0.393585,0.049287,0.089839,0.9355
134,785.34,242.1,199.7,203.94,0.40903,0.224165,0.104012,0.188832,0.9301
134,1774.15,509.57,120.77,121.49,0.924036,0.471824,0.0629,0.112494,0.9295
134,1462.17,414.48,174.9,176.84,0.761546,0.383773,0.091096,0.163741,0.9287
134,1573.93,74.53,209.58,148.33,0.819755,0.06901,0.109156,0.137346,0.9257
134,113.07,656.38,214.23,215.39,0.058893,0.607762,0.111577,0.199437,0.9235
134,1374.91,632.3,62.06,62.69,0.716099,0.585462,0.032325,0.058049,0.9101
134,958.81,32.1,85.91,63.42,0.499382,0.029721,0.044746,0.058725,0.8851
134,1762.09,892.3,87.49,93.44,0.917757,0.826207,0.045568,0.086519,0.8475
134,32.09,678.46,63.77,134.49,0.016716,0.6282,0.033215,0.124529,0.7652
134,1052.62,18.9,110.77,37.37,0.548239,0.017499,0.057691,0.034603,0.7607
134,453.2,19.41,80.12,38.52,0.236044,0.017972,0.041731,0.035666,0.7496
135,227.55,952.34,303.25,253.64,0.118516,0.881793,0.157942,0.234854,0.9565
135,776.13,225.2,199.65,202.81,0.404234,0.208519,0.103984,0.187791,0.9563
135,553.13,561.55,306.74,309.84,0.288087,0.519954,0.159762,0.286887,0.9556
135,1746.24,144.08,137.73,139.93,0.909498,0.133412,0.071736,0.129561,0.9555
135,1759.81,779.56,300.56,300.41,0.916567,0.721813,0.15654,0.278162,0.9532
135,259.47,109.05,197.9,198.51,0.135143,0.100972,0.103073,0.183803,0.9495
135,1117.88,93.18,167.48,163.84,0.582229,0.08628,0.087229,0.151705,0.9479
135,1409.06,990.05,208.48,179.89,0.733887,0.916717,0.108585,0.166566,0.9454
135,734.86,914.26,229.43,229.29,0.382741,0.846541,0.119496,0.212308,0.941
135,104.4,639.1,208.8,219.84,0.054375,0.591757,0.10875,0.20356,0.9406
135,1764.41,491.46,120.6,122.49,0.918961,0.455054,0.062814,0.113416,0.9308
135,1454.46,396.71,175.37,176.29,0.757531,0.367322,0.09134,0.16323,0.9292
135,1366.24,614.83,61.34,61.96,0.711586,0.569285,0.031947,0.057368,0.9247
135,1383.78,407.34,95.72,97.58,0.720717,0.377164,0.049852,0.090352,0.9198
135,1565.48,64.29,206.5,127.9,0.815356,0.059524,0.107554,0.118429,0.915
135,1753.76,875.73,91.18,92.44,0.913418,0.810861,0.047487,0.085593,0.9016
135,948.87,24.19,83.6,47.17,0.494205,0.022398,0.043539,0.043677,0.8196
136,1751.4,761.2,297.28,303.92,0.912186,0.704811,0.154835,0.281404,0.9641
136,543.82,544.29,310.55,312.71,0.283239,0.503973,0.161743,0.289545,0.9579
136,216.87,942.65,305.45,273.51,0.112952,0.872824,0.159087,0.253246,0.9556
136,1397.83,981.88,205.95,195.42,0.728035,0.909151,0.107263,0.180945,0.9556
136,1109.16,81.5,170.72,160.38,0.577688,0.075467,0.088915,0.148502,0.9523
136,1738.69,125.9,140.24,141.17,0.90557,0.11657,0.073044,0.130709,0.9509
136,250.57,95.61,199.7,191.23,0.130507,0.088532,0.104009,0.177064,0.95
136,1443.67,379.93,174.28,175.49,0.751911,0.351789,0.090771,0.162487,0.9457
136,726.08,897.41,231.32,230.11,0.378166,0.830938,0.120482,0.213068,0.9436
136,1756.86,473.46,122.62,120.01,0.915031,0.438385,0.063865,0.111122,0.9402
136,767.42,209.34,203.01,203.33,0.399696,0.193834,0.105737,0.18827,0.9331
136,99.04,620.74,198.08,213.78,0.051582,0.574759,0.103165,0.197941,0.9329
136,1376.06,388.97,96.56,97.41,0.716698,0.36016,0.050291,0.090194,0.9195
136,1356.83,598.24,59.83,60.32,0.706683,0.553926,0.031163,0.055856,0.9188
136,1556.24,56.69,217.43,112.66,0.810541,0.052493,0.113243,0.104312,0.9122
136,1745.21,860.79,91.07,96.87,0.908961,0.797025,0.04743,0.08969,0.8993
136,941.87,14.63,91.2,29.26,0.490556,0.013546,0.0475,0.027091,0.7925
137,533.8,526.28,312.56,313.69,0.278022,0.487292,0.162792,0.290452,0.9627
137,1742.61,744.51,300.74,300.96,0.907609,0.689362,0.156635,0.278666,0.9599
137,205.29,934.17,303.42,291.05,0.106922,0.864976,0.158033,0.269491,0.9538
137,717.2,879.43,229.33,228.05,0.373542,0.814285,0.119444,0.211162,0.948
137,242.09,86.38,199.06,172.76,0.126087,0.079981,0.103675,0.159962,0.9453
137,1390.09,970.06,206.68,208.21,0.724006,0.898208,0.107647,0.192791,0.944
137,1101.95,71.71,167.24,141.86,0.573932,0.066396,0.087105,0.131348,0.9396
137,1437.15,362.92,175.88,177.02,0.748516,0.336035,0.091604,0.16391,0.9376
137,1729.3,108.19,140.1,139.24,0.900676,0.100178,0.072968,0.12893,0.933
137,94.52,604.51,189.04,216.84,0.049229,0.559733,0.098457,0.200776,0.9329
137,757.97,190.33,205.15,206.87,0.394775,0.176235,0.106848,0.191547,0.9324
137,1746.52,456.83,120.71,121.97,0.909643,0.422991,0.062871,0.112939,0.9291
137,1347.15,579.67,61.7,62.44,0.701643,0.536733,0.032136,0.057814,0.9239
137,1366.7,371.99,96.26,97.35,0.711821,0.344438,0.050135,0.090136,0.9035
137,1736.16,841.84,92.48,91.57,0.904248,0.779478,0.048169,0.084785,0.9015
137,1549.98,47.74,211.95,95.49,0.807283,0.044206,0.110389,0.088413,0.8694
137,751.37,1061.19,67.47,37.39,0.391341,0.98258,0.035141,0.034616,0.7341
138,1380.72,952.49,207.13,207.93,0.719123,0.881936,0.107883,0.192531,0.9635
138,1733.21,724.07,302.63,303.01,0.902712,0.670432,0.157619,0.280561,0.9593
138,526.68,508.92,310.29,310.77,0.274314,0.471219,0.161612,0.287749,0.9584
138,231.91,77.4,203.12,153.28,0.120786,0.071668,0.105794,0.141927,0.956
138,196.38,923.91,300.68,305.21,0.102283,0.855475,0.156603,0.282601,0.9537
138,1718.49,90.79,137.98,140.55,0.895047,0.084062,0.071867,0.130139,0.9487
138,707.11,861.89,228.57,231.22,0.368284,0.79805,0.119048,0.214093,0.9467
138,89.63,586.47,179.26,217.52,0.046682,0.543031,0.093364,0.201409,0.9462
138,749.18,173.7,199.06,204.25,0.390197,0.160838,0.103675,0.189123,0.9419
138,1338.41,561.77,62.11,61.65,0.697089,0.520158,0.032347,0.057087,0.9378
138,1091.72,62.7,165.61,122.18,0.568603,0.058059,0.086258,0.113127,0.9377
138,1737.94,438.51,120.16,122.0,0.905176,0.406023,0.062584,0.11296,0.9376
138,1425.47,344.77,178.85,177.83,0.742435,0.319236,0.09315,0.164659,0.9341
138,1357.01,353.42,95.34,96.01,0.706778,0.327243,0.049657,0.088898,0.9161
138,1725.58,824.18,93.17,96.17,0.898742,0.763133,0.048528,0.08905,0.902
138,744.67,1052.29,68.42,55.22,0.387847,0.974344,0.035636,0.051131,0.8287
138,1529.9,36.82,202.33,73.65,0.796825,0.034096,0.105382,0.068193,0.7807
139,1725.58,707.74,302.35,303.34,0.898738,0.655311,0.157475,0.280873,0.9549
139,187.28,906.74,307.26,309.65,0.097542,0.839576,0.160031,0.286714,0.9544
139,517.08,489.98,311.0,309.39,0.269312,0.453682,0.161977,0.286469,0.954
139,1372.97,934.77,208.21,207.27,0.71509,0.86553,0.108443,0.191917,0.9452
139,697.09,842.37,230.5,231.37,0.363065,0.779976,0.12005,0.214232,0.945
139,1419.06,324.45,173.95,174.99,0.739093,0.300415,0.0906,0.162025,0.9416
139,739.61,153.87,199.63,204.19,0.385215,0.142468,0.103973,0.189064,0.9374
139,1728.74,419.96,120.74,119.54,0.900386,0.388851,0.062885,0.110681,0.9361
139,222.76,69.0,199.81,136.61,0.11602,0.063887,0.10407,0.126489,0.9357
139,84.89,567.27,169.78,220.33,0.044215,0.525249,0.08843,0.204014,0.9345
139,1328.8,542.89,60.56,61.3,0.692084,0.502676,0.031539,0.056757,0.9282
139,733.83,1039.1,68.82,68.16,0.382201,0.962132,0.035844,0.063112,0.9179
139,1710.34,73.03,138.64,137.54,0.890804,0.067621,0.072206,0.127352,0.917
139,1080.68,52.96,169.19,104.59,0.562853,0.04904,0.088118,0.096845,0.9133
139,1348.14,333.75,94.81,96.3,0.702155,0.309026,0.04938,0.089168,0.9039
139,1716.76,807.07,92.09,94.39,0.894144,0.747282,0.047962,0.087397,0.9028
139,1531.2,27.62,201.74,54.79,0.797501,0.025578,0.105075,0.050731,0.733
140,178.97,889.23,304.63,308.66,0.093214,0.823358,0.158662,0.285797,0.9609
140,689.28,823.76,228.68,229.01,0.358999,0.762738,0.119103,0.212049,0.952
140,1363.76,917.13,209.78,210.3,0.710292,0.849194,0.109262,0.194722,0.9514
140,506.25,471.15,309.37,312.2,0.263673,0.43625,0.161128,0.289076,0.9509
140,81.97,549.65,162.77,219.09,0.042692,0.508939,0.084777,0.202865,0.9485
140,1717.87,689.45,303.19,301.09,0.894726,0.638376,0.157912,0.278789,0.9459
140,1720.18,400.63,121.34,119.69,0.89593,0.37095,0.0632,0.11082,0.9454
140,726.09,1020.93,67.9,68.85,0.378173,0.945302,0.035364,0.063751,0.9378
140,1407.57,309.69,177.01,172.24,0.733108,0.286753,0.092194,0.159479,0.9365
140,731.22,134.29,205.88,205.47,0.380842,0.124343,0.107229,0.190253,0.9351
140,212.84,59.52,204.08,119.04,0.110856,0.055112,0.106291,0.110224,0.9187
140,1320.67,524.11,60.8,61.53,0.687849,0.485283,0.031669,0.056974,0.9178
140,1341.5,316.66,96.01,94.9,0.698699,0.2932,0.050005,0.087874,0.9141
140,1709.33,786.67,91.29,92.51,0.890277,0.728401,0.047547,0.085654,0.9036
140,1700.81,61.64,137.23,121.93,0.885836,0.057072,0.071476,0.112899,0.8988
140,1070.13,43.36,171.36,86.35,0.557359,0.040145,0.089249,0.07995,0.8885
141,1351.61,898.58,205.15,208.51,0.703966,0.83202,0.106847,0.193065,0.9572
141,497.04,453.08,308.1,309.97,0.258874,0.41952,0.160469,0.287008,0.956
141,1706.7,670.13,303.09,303.56,0.888907,0.62049,0.157858,0.281075,0.9551
141,168.99,867.95,301.39,302.42,0.088018,0.803654,0.156974,0.280019,0.9544
141,678.85,806.68,227.07,230.19,0.353568,0.746924,0.118264,0.213137,0.9483
141,76.73,529.14,152.85,218.66,0.039962,0.489947,0.079608,0.202463,0.9402
141,1397.4,288.12,176.38,177.14,0.72781,0.266777,0.091864,0.164019,0.9353
141,720.24,114.81,202.44,209.57,0.375124,0.10631,0.10544,0.194049,0.9325
141,1311.85,506.07,60.82,61.42,0.683255,0.46858,0.031677,0.056874,0.9322
141,1330.85,297.97,95.4,96.73,0.693153,0.275898,0.049689,0.089569,0.928
141,1709.88,382.33,121.01,121.45,0.89056,0.354012,0.063024,0.112458,0.9254
141,716.13,1002.17,67.43,67.72,0.372987,0.927931,0.035122,0.062703,0.9248
141,203.84,50.02,198.71,100.03,0.106169,0.046312,0.103494,0.092623,0.9124
141,1700.63,769.97,90.95,95.14,0.885743,0.712931,0.04737,0.088092,0.8961
141,1693.2,52.41,136.93,103.47,0.881873,0.04853,0.07132,0.095801,0.8893
141,1065.09,32.7,174.31,65.41,0.554732,0.030281,0.090785,0.060563,0.8301
142,487.76,433.01,312.0,313.74,0.25404,0.400936,0.162501,0.2905,0.9585
142,161.83,851.51,305.02,306.23,0.084287,0.788434,0.158865,0.283542,0.9562
142,1699.16,651.49,298.99,302.95,0.884979,0.603234,0.155724,0.280506,0.9547
142,1346.47,879.87,206.1,209.47,0.701286,0.814698,0.107345,0.193951,0.9448
142,670.21,785.9,228.48,228.46,0.349068,0.727682,0.119001,0.211535,0.9405
142,1391.49,267.56,175.83,177.63,0.724737,0.247737,0.091581,0.164476,0.9384
142,1701.59,363.16,124.04,121.35,0.886246,0.336263,0.064606,0.112357,0.9368
142,706.03,983.39,68.09,66.85,0.367724,0.91055,0.035466,0.061895,0.927
142,71.16,511.17,141.75,217.22,0.037064,0.473304,0.073828,0.201133,0.9268
142,1302.17,487.27,61.06,61.6,0.678213,0.451172,0.031802,0.057037,0.9252
142,711.52,99.64,200.95,196.63,0.370586,0.092262,0.104663,0.182066,0.9141
142,1321.63,278.02,93.93,96.43,0.688351,0.257426,0.048924,0.089288,0.909
142,1690.63,750.24,94.71,93.73,0.880536,0.694666,0.049329,0.086789,0.9034
142,196.89,40.26,199.5,80.5,0.102547,0.037275,0.103906,0.074539,0.8856
142,1684.57,43.25,138.35,85.67,0.87738,0.040045,0.072058,0.079322,0.8738
142,1053.33,24.71,168.86,49.35,0.548611,0.022876,0.087949,0.045691,0.8226
143,1689.28,631.99,299.45,304.06,0.879835,0.585176,0.155964,0.281539,0.9616
143,477.52,413.47,311.99,312.19,0.24871,0.382845,0.162496,0.289064,0.9582
143,1337.88,859.17,211.16,212.35,0.696811,0.795531,0.109978,0.196618,0.9581
143,1693.36,342.46,120.53,119.84,0.88196,0.317089,0.062776,0.110959,0.9524
143,153.56,832.37,300.83,310.09,0.079979,0.770715,0.156682,0.287118,0.9509
143,662.12,768.86,231.07,229.98,0.344855,0.711909,0.120347,0.212945,0.9485
143,697.97,963.58,66.87,67.3,0.363526,0.892202,0.034826,0.062314,0.947
143,1294.73,466.74,62.32,63.28,0.67434,0.432169,0.03246,0.058593,0.9416
143,1382.58,249.86,176.89,176.1,0.720096,0.231349,0.092131,0.16306,0.9373
143,66.91,492.7,132.75,213.5,0.034848,0.456203,0.069138,0.197683,0.9326
143,1314.16,259.95,96.33,96.37,0.684458,0.240696,0.050173,0.089227,0.9294
143,703.16,89.62,202.95,179.23,0.36623,0.082979,0.105705,0.165958,0.9225
143,1682.21,733.07,93.25,94.54,0.876152,0.678768,0.048568,0.087534,0.9042
143,1673.76,33.86,137.14,66.61,0.871749,0.031356,0.071429,0.061672,0.8654
143,184.47,30.87,203.89,61.73,0.096078,0.02858,0.106193,0.05716,0.7517
144,469.12,394.38,310.06,311.67,0.244336,0.365168,0.161489,0.288584,0.9611
144,1679.57,611.72,302.78,302.98,0.874774,0.566409,0.157699,0.280538,0.96
144,1325.22,841.41,208.1,211.43,0.690217,0.779086,0.108384,0.195771,0.9571
144,145.04,810.29,286.94,304.66,0.075544,0.750266,0.149447,0.282097,0.947
144,651.47,749.54,229.06,229.96,0.339306,0.694022,0.119305,0.212922,0.9444
144,1371.65,229.51,176.55,179.06,0.7144,0.212513,0.091952,0.165796,0.9426
144,1284.16,447.43,61.76,61.51,0.668832,0.414286,0.032164,0.056955,0.9421
144,1684.21,323.4,121.65,122.43,0.877194,0.299441,0.063362,0.113357,0.9387
144,1304.66,240.05,95.83,97.4,0.679512,0.222267,0.049911,0.090184,0.9347
144,62.78,473.37,125.19,218.37,0.032697,0.438302,0.065202,0.202194,0.9299
144,693.09,81.56,199.57,161.77,0.360984,0.075516,0.103941,0.149787,0.9197
144,687.94,945.3,68.13,68.83,0.3583,0.875282,0.035483,0.063733,0.9164
144,1674.13,712.27,88.87,91.93,0.871941,0.65951,0.046286,0.085125,0.8953
144,1667.39,22.57,133.08,44.58,0.868434,0.0209,0.06931,0.04128,0.7806
145,1670.36,592.03,301.84,301.18,0.869981,0.548173,0.157208,0.278873,0.959
145,460.91,373.2,314.3,313.37,0.240056,0.345559,0.163696,0.290156,0.9551
145,142.56,793.18,283.87,308.02,0.074248,0.734429,0.147847,0.285207,0.9511
145,677.98,924.79,67.91,66.96,0.353114,0.856286,0.035371,0.062003,0.9494
145,1320.11,822.64,208.74,209.99,0.687557,0.761699,0.108717,0.194431,0.9466
145,642.58,728.85,231.24,231.06,0.334677,0.674859,0.120438,0.213944,0.945
145,1674.96,303.97,121.0,122.98,0.872373,0.281458,0.063019,0.113869,0.9405
145,1363.32,208.79,175.38,176.35,0.710062,0.193324,0.091346,0.163288,0.9348
145,685.95,69.54,200.37,138.93,0.357263,0.064385,0.104362,0.128635,0.9267
145,1274.26,427.04,60.61,60.78,0.663678,0.395403,0.03157,0.056277,0.9185
145,57.49,452.32,114.54,218.06,0.029943,0.418817,0.059658,0.201909,0.9163
145,1294.05,216.58,97.75,97.43,0.673985,0.200534,0.050909,0.090214,0.9088
145,1666.87,692.14,91.32,92.71,0.86816,0.64087,0.047564,0.085841,0.9028
145,1110.21,1049.95,218.98,60.1,0.578236,0.972176,0.114052,0.055648,0.7683
146,1309.64,800.04,211.37,212.87,0.682105,0.740779,0.11009,0.197105,0.9613
146,634.53,708.29,229.74,230.41,0.330482,0.655827,0.119657,0.213346,0.9561
146,1663.89,573.04,302.16,301.59,0.866609,0.530591,0.157375,0.279254,0.9556
146,450.14,354.19,311.08,313.97,0.234448,0.327954,0.162022,0.290717,0.9519
146,137.01,774.28,274.0,308.5,0.07136,0.716922,0.142707,0.285648,0.9519
146,1667.1,283.47,118.99,121.15,0.868282,0.262475,0.061975,0.112178,0.9462
146,670.21,904.3,67.94,68.83,0.349065,0.837318,0.035385,0.06373,0.941
146,1355.16,191.75,178.22,176.8,0.705813,0.17755,0.092825,0.163705,0.9369
146,676.72,59.48,202.48,115.01,0.352456,0.055076,0.105458,0.106492,0.9276
146,1266.9,407.01,61.65,63.07,0.659845,0.376865,0.03211,0.0584,0.9271
146,1285.6,199.62,96.21,97.27,0.669585,0.184831,0.050111,0.090068,0.9247
146,1656.82,673.67,91.14,93.74,0.862925,0.623765,0.047469,0.086796,0.9079
146,51.64,432.12,103.27,225.48,0.026894,0.400115,0.053787,0.208776,0.9065
146,1099.25,1040.07,222.7,79.53,0.572525,0.963024,0.115989,0.073639,0.8328
147,1653.86,552.92,304.25,304.42,0.861387,0.511959,0.158461,0.281873,0.9564
147,131.11,753.92,262.22,303.66,0.068287,0.698075,0.136575,0.281164,0.9563
147,441.9,334.21,309.05,310.48,0.230158,0.309456,0.160962,0.287477,0.9553
147,1298.9,780.98,209.26,212.08,0.676508,0.72313,0.108987,0.19637,0.9543
147,622.96,688.39,229.95,232.02,0.324457,0.637396,0.119765,0.214832,0.9523
147,1346.37,169.76,173.9,179.35,0.701233,0.157189,0.090571,0.166062,0.9373
147,1656.91,262.28,120.69,120.89,0.862976,0.242856,0.06286,0.111931,0.9372
147,1277.48,178.56,96.14,96.53,0.665356,0.165333,0.050073,0.089375,0.9343
147,47.31,413.28,93.72,220.64,0.02464,0.382669,0.04881,0.204293,0.9291
147,659.61,884.55,68.53,68.94,0.343545,0.819026,0.035693,0.063836,0.9222
147,1089.22,1029.51,227.7,100.97,0.567304,0.953253,0.118595,0.093493,0.9158
147,667.31,50.05,189.81,100.1,0.347558,0.04634,0.09886,0.092681,0.9098
147,1647.96,652.05,93.65,93.86,0.858312,0.603751,0.048778,0.086911,0.9031
147,1257.22,386.74,60.54,61.97,0.654803,0.358095,0.031532,0.057383,0.8459
147,1888.33,701.43,62.42,299.43,0.983505,0.649476,0.032512,0.277249,0.7573
148,127.45,734.17,254.9,304.66,0.06638,0.679788,0.132761,0.282096,0.9572
148,431.82,311.51,311.08,314.29,0.224905,0.288439,0.16202,0.291009,0.9564
148,1645.85,531.51,302.36,302.93,0.857214,0.492138,0.15748,0.280494,0.9525
148,1291.61,761.07,207.06,209.17,0.672715,0.704698,0.107846,0.193673,0.9452
148,613.53,668.46,230.13,230.3,0.319547,0.618945,0.119857,0.21324,0.9426
148,1337.7,147.54,176.64,179.8,0.696716,0.13661,0.091999,0.166485,0.9358
148,1649.17,243.29,122.42,122.71,0.858944,0.225265,0.06376,0.113618,0.934
148,1248.08,365.84,61.44,61.85,0.650044,0.33874,0.032,0.057264,0.9321
148,650.36,864.42,68.77,68.15,0.338729,0.800388,0.035816,0.063103,0.9287
148,42.4,387.26,83.44,217.61,0.022082,0.358574,0.043461,0.20149,0.9174
148,1082.0,1019.09,225.47,121.06,0.563544,0.943603,0.11743,0.112094,0.9141
148,1268.97,156.17,95.53,96.53,0.660919,0.144606,0.049755,0.089383,0.9134
148,1639.52,631.56,91.21,90.99,0.853917,0.584775,0.047508,0.084251,0.8994
148,655.44,38.03,192.21,75.27,0.341376,0.035214,0.100108,0.069697,0.8566
148,1884.11,676.75,70.95,274.94,0.981308,0.626622,0.036953,0.254574,0.8045
148,113.77,1041.31,227.54,77.39,0.059256,0.964172,0.118512,0.071656,0.7949
149,123.89,714.07,247.78,310.54,0.064526,0.661173,0.129052,0.287539,0.9634
149,1283.09,740.51,208.79,212.65,0.668274,0.685653,0.108746,0.196899,0.9623
149,1635.49,509.56,298.21,304.14,0.851818,0.471818,0.155317,0.281611,0.9613
149,422.53,292.82,311.96,313.12,0.220067,0.271132,0.162481,0.289927,0.9586
149,606.13,648.09,231.13,230.42,0.315692,0.60008,0.12038,0.213354,0.9476
149,1072.34,1009.02,229.49,141.97,0.558511,0.934275,0.119526,0.131449,0.9475
149,1641.4,221.32,120.46,120.64,0.854895,0.204923,0.062741,0.111704,0.9407
149,641.98,843.37,68.49,68.68,0.334364,0.7809,0.035671,0.063597,0.9316
149,1329.27,128.81,175.45,177.07,0.69233,0.119268,0.091379,0.163952,0.9303
149,1239.11,345.32,62.57,62.63,0.645368,0.319743,0.032589,0.05799,0.917
149,1257.78,137.15,95.78,98.03,0.655092,0.126993,0.049885,0.090773,0.9148
149,1631.15,611.62,92.42,94.14,0.849557,0.566315,0.048138,0.087168,0.9006
149,106.77,1032.79,213.54,94.43,0.055609,0.956283,0.111217,0.087434,0.8683
149,37.81,373.18,75.62,223.34,0.019694,0.34554,0.039387,0.2068,0.8451
149,641.56,27.19,192.29,54.38,0.334148,0.025174,0.10015,0.050348,0.832
149,1877.63,657.57,83.98,254.07,0.977931,0.608861,0.043738,0.23525,0.8199
150,1274.22,719.58,211.81,213.18,0.663656,0.666277,0.110317,0.197385,0.9675
150,412.23,271.53,312.98,312.97,0.214704,0.25142,0.163011,0.289789,0.9617
150,1625.29,489.37,303.62,305.82,0.846504,0.45312,0.158133,0.283164,0.9617
150,117.19,691.26,234.37,306.82,0.061034,0.640058,0.122068,0.284093,0.948
150,594.74,626.76,231.08,229.72,0.309759,0.580333,0.120355,0.212703,0.9464
150,1318.19,107.22,173.71,175.26,0.686559,0.099276,0.090475,0.162281,0.9415
150,1630.8,201.15,119.86,120.37,0.849373,0.186248,0.062426,0.111455,0.9411
150,1251.02,116.74,97.03,96.69,0.651571,0.108094,0.050539,0.089526,0.9409
150,1059.85,999.43,230.07,161.14,0.552008,0.925397,0.11983,0.149207,0.9403
150,631.35,822.63,69.11,68.95,0.328829,0.761697,0.035997,0.063845,0.9295
150,1229.09,324.63,62.51,63.3,0.64015,0.300583,0.032555,0.058609,0.9179
150,1621.35,591.82,91.64,95.87,0.844451,0.547985,0.047732,0.088767,0.9064
150,106.05,1021.01,212.11,117.98,0.055236,0.945381,0.110472,0.109238,0.9028
150,31.92,352.22,63.83,218.34,0.016623,0.326129,0.033246,0.202166,0.842
150,1874.83,642.19,89.73,253.9,0.976475,0.594617,0.046733,0.235089,0.8362
151,1618.0,469.45,305.37,303.46,0.842709,0.434675,0.159047,0.280984,0.962
151,404.33,248.57,312.09,313.33,0.210588,0.230153,0.162548,0.290116,0.959
151,113.45,670.42,226.9,310.0,0.059088,0.620759,0.118175,0.287034,0.952
151,1263.82,698.24,208.34,210.28,0.658242,0.646519,0.108512,0.194706,0.9479
151,586.13,605.69,231.95,229.08,0.305276,0.560822,0.120808,0.212108,0.9423
151,1308.54,89.33,177.24,174.22,0.68153,0.082711,0.092314,0.161318,0.9412
151,1051.26,988.07,227.74,183.86,0.547531,0.914882,0.118615,0.170237,0.9388
151,1222.23,302.8,61.5,63.5,0.636576,0.280369,0.032033,0.058793,0.9367
151,1622.13,179.71,119.89,120.95,0.844858,0.166394,0.062442,0.111987,0.9357
151,622.99,801.45,69.23,68.19,0.324476,0.742088,0.036058,0.063137,0.9312
151,99.05,1010.48,197.93,138.53,0.051587,0.935626,0.10309,0.128273,0.9192
151,1612.52,569.96,91.23,92.05,0.839855,0.527745,0.047518,0.085234,0.9134
151,1239.8,94.76,95.1,98.62,0.645727,0.087742,0.049532,0.091318,0.9118
151,1869.29,621.62,101.42,262.07,0.973588,0.575573,0.052824,0.242656,0.8957
152,1256.52,677.11,211.75,213.82,0.654438,0.626949,0.110288,0.197984,0.9576
152,577.48,583.94,230.55,231.95,0.300771,0.540681,0.120079,0.214772,0.9563
152,1610.43,449.15,302.53,302.3,0.838764,0.415883,0.157569,0.279906,0.9558
152,108.53,649.43,217.05,306.09,0.056524,0.601322,0.113047,0.28342,0.955
152,393.19,228.65,311.64,314.57,0.204785,0.211715,0.162312,0.291264,0.9498
152,1040.93,977.01,228.17,205.99,0.542152,0.904635,0.118838,0.190731,0.9418
152,1301.62,78.25,175.91,149.77,0.677927,0.072453,0.091619,0.138676,0.9367
152,1613.09,157.88,121.4,122.41,0.84015,0.146184,0.063228,0.113344,0.936
152,1211.65,281.27,62.2,62.0,0.631066,0.260439,0.032398,0.057404,0.9322
152,612.78,780.86,68.82,69.21,0.319156,0.723022,0.035846,0.064079,0.9178
152,93.83,1000.54,187.65,158.38,0.048868,0.92643,0.097737,0.146645,0.9171
152,1231.68,73.72,97.23,98.58,0.641501,0.068259,0.050639,0.091282,0.9112
152,1604.33,548.07,91.58,90.65,0.835589,0.507475,0.047699,0.083938,0.9035
152,1863.7,597.57,112.59,248.88,0.970679,0.553303,0.058642,0.230441,0.9023
152,696.86,1047.6,212.42,64.79,0.362947,0.970003,0.110633,0.059993,0.7631
153,1247.28,655.22,210.66,213.97,0.649626,0.606688,0.109717,0.198121,0.9666
153,384.27,205.52,310.54,311.06,0.200139,0.190295,0.16174,0.288015,0.9548
153,1602.2,425.56,306.01,308.93,0.834482,0.394036,0.159379,0.28605,0.9536
153,568.3,564.13,230.71,231.91,0.29599,0.52234,0.120161,0.214733,0.9526
153,103.87,626.98,207.74,301.3,0.054099,0.580537,0.108198,0.278985,0.95
153,1604.14,135.53,121.31,121.38,0.835488,0.125495,0.06318,0.112389,0.9474
153,1033.61,967.62,227.3,224.56,0.538337,0.895941,0.118386,0.207922,0.9364
153,1293.08,67.15,170.27,133.55,0.673479,0.062178,0.088684,0.123659,0.9342
153,1201.37,259.05,62.66,63.57,0.625713,0.23986,0.032636,0.058857,0.9337
153,603.23,759.54,68.18,67.38,0.314184,0.703277,0.03551,0.062391,0.932
153,1224.72,51.43,98.1,96.97,0.637875,0.047625,0.051095,0.089791,0.9316
153,91.03,989.48,181.81,180.91,0.047409,0.916185,0.094692,0.167511,0.9233
153,1860.94,580.64,118.13,255.79,0.969238,0.537628,0.061525,0.236839,0.9022
153,1596.59,529.0,90.97,94.39,0.831558,0.489811,0.047383,0.087399,0.8858
153,686.36,1036.67,235.64,86.38,0.35748,0.959882,0.122732,0.079983,0.8481
154,375.22,186.5,309.02,310.88,0.195428,0.172688,0.160948,0.287853,0.9541
154,1236.92,634.23,208.17,212.21,0.644231,0.587251,0.108422,0.196488,0.9518
154,1591.06,402.94,300.96,305.97,0.828679,0.37309,0.156748,0.283306,0.9508
154,99.28,604.34,198.56,311.66,0.051708,0.559576,0.103415,0.288572,0.9476
154,558.91,541.08,229.04,228.49,0.2911,0.501005,0.119292,0.211561,0.9473
154,86.52,979.07,173.04,201.86,0.045061,0.906544,0.090123,0.186912,0.9393
154,1024.27,947.53,230.47,232.95,0.533475,0.877342,0.120039,0.215692,0.9391
154,1595.55,113.69,122.27,122.43,0.831014,0.105273,0.063684,0.113361,0.9382
154,595.26,737.35,68.03,68.84,0.310031,0.682734,0.035432,0.063737,0.9308
154,1193.39,237.72,61.39,61.82,0.621556,0.220113,0.031973,0.05724,0.9217
154,1586.7,506.36,93.7,92.92,0.826406,0.468851,0.048802,0.086034,0.918
154,1855.87,552.56,128.26,269.09,0.9666,0.511625,0.066801,0.249158,0.9117
154,1285.07,55.63,176.52,111.25,0.669307,0.051505,0.091936,0.103011,0.9096
154,681.88,1026.68,233.68,106.63,0.355147,0.950634,0.12171,0.098733,0.9019
154,1213.21,38.69,92.41,77.38,0.631878,0.035825,0.04813,0.07165,0.8964
155,366.05,164.83,311.07,312.14,0.19065,0.152619,0.162015,0.289016,0.9617
155,1581.52,381.45,300.38,305.48,0.82371,0.353196,0.156447,0.282856,0.9578
155,1229.4,613.13,208.37,212.1,0.640314,0.567715,0.108527,0.196385,0.9528
155,548.85,519.22,230.26,231.24,0.285858,0.480756,0.119927,0.214108,0.9491
155,94.1,585.04,188.2,306.04,0.04901,0.541703,0.098019,0.283368,0.9467
155,1014.87,927.73,230.81,232.12,0.528577,0.859008,0.120215,0.214925,0.9438
155,81.63,968.92,163.26,220.57,0.042515,0.897152,0.08503,0.204228,0.941
155,1585.57,93.97,119.53,121.09,0.825818,0.08701,0.062257,0.112119,0.9332
155,584.45,715.12,69.82,68.76,0.3044,0.662152,0.036363,0.063668,0.9323
155,1184.12,214.61,59.95,61.17,0.616731,0.198716,0.031224,0.056641,0.926
155,721.0,153.76,57.6,57.57,0.375523,0.142369,0.030001,0.05331,0.9245
155,671.21,1015.76,236.59,128.47,0.34959,0.940521,0.123222,0.118957,0.9187
155,1852.62,530.94,134.76,262.74,0.964905,0.491612,0.07019,0.243282,0.9177
155,1273.92,44.48,177.95,88.77,0.663498,0.041185,0.092681,0.082199,0.9121
155,1579.64,483.44,89.76,90.56,0.822728,0.447629,0.046751,0.083852,0.9024
155,1206.26,29.38,101.12,57.11,0.628259,0.027205,0.052668,0.052879,0.8873
156,1221.07,589.84,211.63,213.43,0.635975,0.546149,0.110223,0.197625,0.9617
156,1575.22,359.46,301.58,303.26,0.820428,0.332835,0.15707,0.280799,0.9606
156,355.48,148.59,314.22,296.34,0.185148,0.137588,0.163655,0.274387,0.9595
156,1006.92,905.52,232.19,230.86,0.524437,0.838447,0.120931,0.213763,0.946
156,89.6,563.96,179.19,298.29,0.046664,0.522181,0.093328,0.276192,0.9434
156,540.18,497.65,231.98,231.93,0.281346,0.460787,0.120822,0.214753,0.9433
156,662.91,1004.98,237.17,150.05,0.345266,0.930535,0.123524,0.138931,0.9405
156,576.73,693.5,69.13,69.15,0.30038,0.642125,0.036005,0.064026,0.9396
156,75.84,957.33,151.69,242.81,0.039502,0.886414,0.079005,0.22482,0.9394
156,1577.14,70.53,121.41,122.0,0.821426,0.065306,0.063236,0.112966,0.9384
156,1175.49,193.76,61.89,62.19,0.612237,0.179404,0.032234,0.057584,0.9276
156,1847.05,505.51,145.89,268.21,0.962007,0.468061,0.075986,0.248341,0.9184
156,1569.42,462.68,91.51,92.78,0.817405,0.428407,0.04766,0.085909,0.9069
156,1265.8,33.88,163.2,67.75,0.65927,0.031366,0.085002,0.062733,0.8448
156,1191.45,14.82,92.82,29.63,0.620548,0.013718,0.048345,0.027436,0.7332
157,1565.29,338.4,302.86,310.05,0.815257,0.313331,0.15774,0.287083,0.966
157,1210.21,569.31,211.78,213.36,0.630319,0.527135,0.110304,0.197552,0.9609
157,997.75,883.76,227.43,231.02,0.519662,0.8183,0.118451,0.213908,0.957
157,347.61,136.72,313.75,273.44,0.181047,0.126592,0.16341,0.253184,0.9555
157,656.11,992.06,242.98,173.94,0.341725,0.918574,0.126552,0.161055,0.9501
157,529.99,474.96,231.04,230.56,0.276037,0.439775,0.120334,0.213483,0.9464
157,84.6,542.93,169.2,311.47,0.044063,0.502714,0.088127,0.288395,0.9429
157,71.16,941.9,142.33,261.71,0.037065,0.87213,0.07413,0.242326,0.9325
157,1567.11,54.0,118.23,106.83,0.816202,0.05,0.061578,0.098915,0.9313
157,1166.08,170.26,62.27,62.25,0.607331,0.157653,0.032431,0.057641,0.9288
157,1560.51,442.22,92.77,96.31,0.812766,0.409459,0.048315,0.089175,0.9246
157,1843.66,484.39,152.68,272.82,0.960239,0.448512,0.079521,0.252607,0.9142
157,566.24,671.53,68.89,68.87,0.294914,0.621785,0.035879,0.063765,0.9066
157,1743.88,1052.81,223.47,54.38,0.908269,0.974825,0.116392,0.05035,0.7325
157,1263.42,19.84,158.44,39.68,0.658031,0.018372,0.082519,0.036743,0.7311
158,1556.43,316.27,305.11,305.58,0.810642,0.292839,0.158912,0.282948,0.9613
158,521.14,453.97,229.64,230.08,0.271426,0.420343,0.119603,0.213037,0.9574
158,987.85,862.9,231.87,235.52,0.514506,0.798985,0.120768,0.218071,0.9498
158,338.05,126.69,315.37,252.1,0.17607,0.11731,0.164256,0.233424,0.9478
158,649.11,983.19,238.89,191.18,0.338079,0.910359,0.124419,0.177018,0.9468
158,1200.54,545.34,210.0,212.58,0.625282,0.504943,0.109375,0.19683,0.9464
158,80.06,519.58,160.13,307.64,0.0417,0.481092,0.083401,0.284848,0.9383
158,556.8,649.16,69.91,69.53,0.289999,0.601072,0.03641,0.064376,0.9379
158,1836.86,460.61,165.04,269.87,0.956699,0.426486,0.085959,0.249881,0.931
158,66.67,924.95,132.84,261.67,0.034726,0.856433,0.069189,0.24229,0.9294
158,1551.37,419.19,93.74,93.19,0.808007,0.388136,0.048821,0.086287,0.9171
158,1560.67,43.63,126.24,86.83,0.81285,0.040396,0.065749,0.080396,0.9152
158,1157.77,148.79,61.34,62.03,0.603008,0.137767,0.031946,0.057438,0.8659
158,530.56,1061.07,67.25,37.33,0.276331,0.98247,0.035029,0.034567,0.8141
158,1740.78,1042.8,222.76,74.39,0.906655,0.965559,0.116021,0.068882,0.7852
159,1548.24,293.37,303.43,303.98,0.806377,0.271643,0.158036,0.281465,0.956
159,1193.57,524.28,210.7,211.17,0.621651,0.485449,0.10974,0.195527,0.9489
159,510.82,430.86,233.33,233.71,0.266054,0.398946,0.121526,0.2164,0.9485
159,1833.6,438.39,171.98,269.38,0.955001,0.405917,0.089574,0.249423,0.9481
159,328.45,114.98,315.02,229.96,0.171067,0.106465,0.16407,0.21293,0.9462
159,978.68,839.41,230.39,232.27,0.509728,0.777232,0.119995,0.215068,0.9457
159,636.86,970.89,237.04,216.02,0.3317,0.898976,0.123458,0.20002,0.9453
159,75.39,496.88,150.77,311.48,0.039264,0.460071,0.078528,0.288411,0.9361
159,1148.02,125.39,60.7,62.11,0.597928,0.1161,0.031615,0.05751,0.9333
159,61.61,905.61,123.22,272.01,0.03209,0.838529,0.064179,0.251857,0.923
159,547.54,626.99,67.1,67.0,0.285179,0.58055,0.034948,0.062036,0.9117
159,682.69,63.56,57.66,56.51,0.355569,0.058849,0.030029,0.052328,0.9108
159,1543.4,394.89,92.78,90.42,0.803854,0.36564,0.048325,0.083725,0.9056
159,521.57,1048.37,59.54,58.03,0.271653,0.970715,0.031011,0.053729,0.9044
159,1727.63,1030.31,231.21,99.38,0.89981,0.953989,0.120422,0.092022,0.8969
159,1554.74,33.04,133.91,64.99,0.809759,0.030591,0.069745,0.06018,0.8896
160,1183.37,500.39,212.59,215.65,0.616338,0.463326,0.110726,0.199672,0.9648
160,320.49,104.64,309.59,209.28,0.166921,0.09689,0.161244,0.193779,0.9504
160,1539.23,270.25,303.39,304.58,0.801681,0.250232,0.158017,0.282017,0.9492
160,968.57,815.97,227.87,231.61,0.504465,0.755527,0.118683,0.214453,0.9487
160,501.17,407.81,227.65,230.21,0.261027,0.377604,0.118567,0.213156,0.9477
160,626.43,958.62,238.48,235.01,0.326267,0.887611,0.12421,0.217602,0.9462
160,1829.26,417.03,180.74,265.8,0.952739,0.38614,0.094135,0.246113,0.941
160,71.0,476.63,142.01,308.69,0.036981,0.441327,0.073961,0.285824,0.9252
160,537.76,603.83,68.78,69.3,0.280084,0.559103,0.035821,0.064164,0.9238
160,1720.15,1020.04,227.11,119.92,0.895912,0.944482,0.118285,0.111037,0.9211
160,57.68,880.59,115.21,266.48,0.030039,0.815362,0.060003,0.246742,0.9143
160,1138.52,102.42,62.99,62.65,0.592979,0.09483,0.032808,0.058014,0.9102
160,513.48,1024.61,60.26,59.48,0.26744,0.948714,0.031386,0.055074,0.9094
160,1534.73,374.15,91.69,91.43,0.79934,0.346431,0.047754,0.084658,0.9027
160,1545.08,20.0,121.16,39.4,0.804731,0.018516,0.063104,0.036485,0.7743
161,1173.3,479.64,211.04,212.42,0.611095,0.444111,0.109917,0.196686,0.9613
161,1530.28,247.39,306.25,307.46,0.797023,0.229067,0.159504,0.284687,0.954
161,493.76,385.45,231.01,232.28,0.257167,0.356902,0.120317,0.21507,0.9518
161,619.16,936.63,240.53,240.84,0.32248,0.867251,0.125275,0.223004,0.9495
161,311.07,92.66,313.89,185.33,0.162018,0.085799,0.163484,0.171598,0.9453
161,958.64,794.07,233.63,232.11,0.499294,0.735254,0.121682,0.214913,0.9438
161,1825.04,392.8,189.19,262.11,0.950541,0.363706,0.098537,0.242693,0.9375
161,528.34,581.19,68.24,68.07,0.275175,0.53814,0.035542,0.063031,0.9338
161,1712.59,1007.61,233.06,144.77,0.891975,0.932975,0.121383,0.134051,0.9337
161,1130.21,79.71,63.19,63.96,0.588653,0.073808,0.032914,0.059223,0.933
161,502.33,1002.68,59.03,57.83,0.261628,0.928407,0.030746,0.053546,0.926
161,64.64,452.69,129.28,302.44,0.033668,0.419156,0.067336,0.280036,0.9191
161,1524.85,350.8,92.13,92.39,0.794192,0.324816,0.047982,0.085548,0.919
161,53.2,859.98,106.29,273.55,0.027706,0.796274,0.055358,0.253285,0.9041
161,1196.3,1046.0,235.87,68.01,0.623071,0.968515,0.12285,0.062969,0.7759
162,1521.7,222.49,302.69,305.98,0.792551,0.206011,0.157652,0.283311,0.9587
162,950.97,772.77,231.58,231.89,0.495296,0.715525,0.120616,0.214717,0.9487
162,483.05,361.88,229.63,231.2,0.251588,0.335076,0.119599,0.21407,0.9473
162,1821.78,370.08,196.34,267.78,0.948845,0.342671,0.102262,0.247944,0.9461
162,608.99,917.55,240.51,240.42,0.317183,0.849581,0.125268,0.222615,0.9456
162,1166.14,457.02,208.55,211.42,0.607364,0.423164,0.108621,0.195755,0.9407
162,1703.36,999.15,226.68,161.38,0.887168,0.925136,0.118062,0.149426,0.9357
162,1120.67,55.68,63.28,63.46,0.583684,0.051554,0.032957,0.058758,0.9227
162,301.41,81.96,323.55,163.93,0.156984,0.075893,0.168517,0.151786,0.9206
162,519.07,557.88,68.15,68.85,0.270349,0.516559,0.035497,0.063755,0.9205
162,60.63,426.62,121.26,302.48,0.031579,0.39502,0.063159,0.280078,0.9161
162,1515.49,327.23,93.38,90.64,0.789317,0.302988,0.048634,0.083922,0.9004
162,48.3,836.64,96.6,278.68,0.025157,0.774665,0.050313,0.258033,0.8942
162,493.72,980.19,59.9,59.67,0.257144,0.907586,0.031199,0.055251,0.8919
162,1183.82,1035.77,246.99,88.47,0.616571,0.959044,0.12864,0.081912,0.8394
163,1510.82,202.19,299.54,305.95,0.786885,0.187216,0.156012,0.283286,0.9601
163,598.46,892.74,243.57,239.15,0.311698,0.82661,0.126859,0.221432,0.9525
163,941.57,750.16,229.68,234.11,0.490404,0.694591,0.119627,0.216773,0.9521
163,1817.0,346.93,205.45,266.99,0.946352,0.321231,0.107003,0.247214,0.9511
163,1155.68,433.47,209.14,213.7,0.601914,0.401357,0.108929,0.197869,0.9499
163,473.37,340.27,230.86,230.84,0.246548,0.315061,0.120239,0.213744,0.9496
163,1693.58,986.1,224.31,187.8,0.882075,0.913056,0.116827,0.173887,0.9404
163,509.4,535.44,68.72,67.9,0.265315,0.495774,0.03579,0.062869,0.9339
163,1110.62,33.14,61.81,62.6,0.578448,0.030687,0.032193,0.057962,0.9157
163,484.16,957.65,58.67,58.66,0.252168,0.886716,0.03056,0.054316,0.915
163,1507.46,304.07,89.56,88.41,0.785135,0.281546,0.046648,0.081863,0.9134
163,53.92,407.6,107.84,296.43,0.028084,0.377412,0.056169,0.274476,0.9105
163,293.27,68.71,314.23,137.43,0.152746,0.063623,0.16366,0.127246,0.9088
163,1173.24,1023.1,259.9,113.8,0.611062,0.947315,0.135364,0.10537,0.8994
163,42.93,818.04,85.85,273.94,0.022358,0.757442,0.044716,0.25365,0.8527
164,1502.33,177.7,303.73,307.78,0.782464,0.164538,0.158192,0.284983,0.9616
164,1147.48,409.22,212.45,213.34,0.597644,0.378908,0.110653,0.197534,0.9504
164,930.99,726.85,231.11,233.19,0.484892,0.67301,0.120372,0.21592,0.9503
164,590.86,870.24,241.54,241.32,0.307737,0.805777,0.1258,0.223445,0.9492
164,463.92,317.35,230.89,232.62,0.241627,0.293845,0.120258,0.21539,0.9484
164,1684.23,974.42,225.68,210.85,0.877201,0.90224,0.117542,0.195232,0.9422
164,1810.56,325.54,218.37,274.22,0.943001,0.301423,0.113735,0.253904,0.9421
164,473.97,933.79,62.25,61.79,0.246861,0.864618,0.032422,0.057216,0.9344
164,1166.96,1011.9,253.41,136.2,0.607791,0.936946,0.131987,0.126108,0.9309
164,499.9,511.81,69.05,69.44,0.260366,0.473895,0.035962,0.064299,0.9307
164,1497.29,281.65,91.77,89.73,0.779837,0.260791,0.047799,0.083087,0.923
164,51.4,385.76,102.8,299.86,0.026771,0.35719,0.053542,0.277645,0.8888
164,1100.71,20.53,59.91,40.47,0.573288,0.019006,0.031202,0.037468,0.866
164,38.18,797.94,76.28,303.12,0.019888,0.73883,0.039731,0.280663,0.8233
164,283.47,58.58,319.42,116.95,0.147641,0.054237,0.166363,0.108289,0.8191
165,1138.01,385.98,210.66,214.42,0.592716,0.357391,0.109719,0.198541,0.961
165,1492.7,157.0,305.53,304.51,0.777448,0.14537,0.159128,0.281952,0.9601
165,1807.11,301.61,225.78,270.47,0.941204,0.279268,0.117592,0.250435,0.9523
165,455.94,292.39,231.68,230.85,0.237467,0.270732,0.120664,0.213752,0.9517
165,581.02,847.11,241.68,243.2,0.302616,0.784363,0.125875,0.225183,0.9487
165,922.32,703.6,229.94,233.3,0.480376,0.651484,0.119761,0.216015,0.9469
165,490.75,488.18,69.04,69.44,0.255598,0.452017,0.035956,0.0643,0.9396
165,1674.54,958.02,226.53,225.11,0.872159,0.887058,0.117983,0.208431,0.9356
165,1158.39,1000.2,254.04,159.59,0.603327,0.926114,0.132315,0.147772,0.9323
165,465.42,910.51,60.04,60.06,0.242408,0.84306,0.031271,0.055616,0.91
165,1490.67,258.55,89.04,88.01,0.776389,0.2394,0.046375,0.081494,0.8923
165,46.96,366.61,93.92,311.31,0.024458,0.339451,0.048916,0.28825,0.8796
165,276.0,45.32,296.2,90.64,0.143752,0.041965,0.154272,0.08393,0.8018
165,33.99,784.58,67.94,304.45,0.017705,0.726464,0.035387,0.281898,0.8017
166,1484.98,141.95,304.58,283.89,0.773429,0.131431,0.158633,0.262861,0.9559
166,913.64,681.4,227.41,231.27,0.475853,0.63093,0.118442,0.214138,0.9545
166,570.98,824.3,240.85,242.03,0.297387,0.763242,0.125442,0.224101,0.9524
166,445.47,269.55,231.63,234.54,0.232017,0.249585,0.120639,0.217165,0.9514
166,1667.38,936.19,226.01,224.26,0.868428,0.866847,0.117712,0.207648,0.9509
166,1129.98,363.11,213.38,214.17,0.588533,0.336214,0.111134,0.198307,0.9495
166,1802.81,278.93,234.37,271.98,0.938965,0.258268,0.12207,0.251829,0.9455
166,1147.67,988.71,258.59,182.42,0.597744,0.915469,0.13468,0.168912,0.9454
166,455.95,887.74,63.11,62.15,0.237476,0.82198,0.032871,0.057549,0.9294
166,480.0,465.39,69.41,69.89,0.249999,0.430917,0.036152,0.064716,0.9171
166,1480.01,235.21,88.88,89.41,0.77084,0.217782,0.046292,0.082789,0.9024
166,42.72,343.2,85.32,299.27,0.02225,0.317776,0.044438,0.277103,0.8435
166,250.36,33.41,289.55,66.83,0.130398,0.030938,0.150806,0.061875,0.7133
167,1475.63,131.57,303.26,262.94,0.768557,0.121823,0.157947,0.243466,0.9556
167,561.84,803.18,239.78,242.01,0.292623,0.743683,0.124886,0.224087,0.9512
167,1139.62,976.18,256.98,207.02,0.593552,0.903872,0.133843,0.191684,0.9506
167,1798.16,256.98,243.68,273.6,0.936541,0.237947,0.126919,0.25333,0.9504
167,1120.22,340.71,211.78,213.68,0.583449,0.315469,0.110304,0.19785,0.9463
167,471.44,441.24,69.97,69.04,0.245539,0.408557,0.036445,0.06393,0.9458
167,905.11,657.04,234.48,232.74,0.47141,0.608372,0.122128,0.215501,0.9444
167,436.34,246.74,229.41,228.74,0.227258,0.228465,0.119483,0.211795,0.9414
167,1657.67,913.44,224.49,224.14,0.863368,0.845774,0.116923,0.207535,0.941
167,1471.67,211.8,89.6,88.87,0.766496,0.196116,0.046668,0.082288,0.9199
167,445.83,864.51,59.88,59.43,0.232201,0.80047,0.031185,0.055025,0.9159
167,37.28,315.2,74.5,307.06,0.019415,0.291851,0.038803,0.284319,0.8391
168,1793.55,232.2,252.9,274.97,0.934141,0.215003,0.131718,0.254606,0.9574
168,1648.19,888.59,222.23,222.56,0.858432,0.822767,0.115742,0.206076,0.9524
168,1111.6,317.98,211.14,212.16,0.57896,0.294424,0.10997,0.196443,0.9518
168,1466.82,119.44,298.24,238.67,0.763966,0.110596,0.155335,0.220986,0.9513
168,893.41,634.22,231.99,232.95,0.465317,0.587239,0.120827,0.21569,0.9513
168,1130.48,963.97,257.92,231.56,0.588789,0.89256,0.134332,0.214411,0.9499
168,552.04,777.96,239.62,241.1,0.287518,0.720331,0.124804,0.223244,0.9481
168,427.25,223.12,232.13,231.54,0.222524,0.206594,0.120899,0.214389,0.9476
168,1462.5,187.89,89.27,88.24,0.761721,0.173968,0.046495,0.081706,0.9261
168,462.11,418.38,69.61,70.17,0.24068,0.387389,0.036256,0.064969,0.9243
168,436.74,840.66,59.17,59.46,0.227466,0.778393,0.03082,0.055052,0.9063
168,31.65,297.26,63.3,309.16,0.016484,0.275244,0.032968,0.286259,0.7987
169,1103.24,291.82,212.67,214.12,0.574604,0.270201,0.110765,0.198259,0.9627
169,1638.39,865.62,225.14,226.31,0.853326,0.801504,0.117262,0.209542,0.9518
169,544.2,754.86,243.47,242.93,0.283435,0.698944,0.126808,0.224932,0.9509
169,1789.09,207.74,260.88,269.4,0.93182,0.192351,0.135874,0.249448,0.9508
169,1458.54,105.84,297.21,211.67,0.759655,0.097997,0.154799,0.195995,0.9501
169,1119.94,950.78,254.2,249.62,0.583305,0.880356,0.132398,0.231128,0.9498
169,886.51,611.38,235.13,233.13,0.461724,0.566088,0.122465,0.215863,0.9438
169,415.23,199.95,230.4,230.73,0.216267,0.185138,0.120001,0.213638,0.9423
169,451.79,394.58,70.44,69.87,0.23531,0.365349,0.036686,0.064697,0.9391
169,426.51,817.51,59.72,59.87,0.22214,0.756951,0.031104,0.055436,0.9337
169,1454.08,165.45,91.61,90.02,0.757331,0.153194,0.047713,0.083355,0.9087
170,1093.14,270.94,211.81,212.71,0.569345,0.250872,0.110319,0.19695,0.9635
170,877.16,586.93,229.95,233.53,0.456854,0.543453,0.119768,0.216233,0.9562
170,1784.17,183.08,262.63,271.8,0.929255,0.169519,0.136784,0.251667,0.9555
170,534.14,732.58,242.11,240.96,0.278197,0.678313,0.126097,0.223115,0.9526
170,1111.87,930.12,256.72,253.0,0.579099,0.861223,0.133706,0.234261,0.952
170,408.08,177.48,232.06,231.39,0.212541,0.164336,0.120863,0.214254,0.9465
170,1451.34,95.32,307.95,190.65,0.755905,0.088262,0.160389,0.176524,0.9464
170,1629.92,841.65,224.58,222.85,0.848918,0.77931,0.116968,0.20634,0.9358
170,416.7,794.65,60.38,59.79,0.217032,0.73579,0.031447,0.055359,0.9169
170,443.81,371.46,68.8,68.09,0.23115,0.343947,0.035831,0.063048,0.9147
170,1446.23,141.33,90.56,90.46,0.753245,0.130863,0.047164,0.083756,0.9023
171,1102.67,907.22,256.26,253.48,0.574308,0.840016,0.133467,0.2347,0.956
171,867.43,564.02,232.85,237.66,0.451785,0.522239,0.121278,0.220057,0.9529
171,397.96,152.91,230.78,233.75,0.207268,0.141587,0.1202,0.216434,0.9525
171,526.28,709.25,241.06,241.75,0.274105,0.656711,0.125555,0.223845,0.9519
171,1621.54,820.17,227.96,223.59,0.844552,0.75942,0.118729,0.207032,0.9481
171,1772.35,158.79,266.34,268.0,0.923102,0.147029,0.13872,0.248149,0.9442
171,1082.5,246.38,210.73,210.91,0.563803,0.22813,0.109757,0.195284,0.94
171,1441.54,84.12,305.75,168.24,0.750805,0.07789,0.159245,0.15578,0.9303
171,1434.63,118.7,90.77,88.9,0.747204,0.109906,0.047278,0.082317,0.9183
171,408.13,770.74,59.67,59.29,0.212565,0.713652,0.031078,0.054901,0.9126
171,433.74,347.43,71.12,70.13,0.225909,0.321691,0.037039,0.064938,0.9042
172,513.8,686.06,238.99,241.71,0.267603,0.635238,0.124472,0.22381,0.9536
172,1092.41,883.55,257.62,254.36,0.568962,0.818102,0.134177,0.235523,0.9532
172,1764.69,137.69,267.62,268.82,0.919109,0.127486,0.139388,0.248912,0.9509
172,1611.97,796.86,226.73,224.93,0.839566,0.737831,0.118091,0.208268,0.947
172,1074.32,222.26,212.29,213.74,0.559544,0.205796,0.110569,0.197905,0.9467
172,858.57,540.86,233.15,234.73,0.447173,0.500799,0.121433,0.217344,0.9462
172,389.34,128.62,234.06,232.96,0.202782,0.11909,0.121907,0.215702,0.9449
172,423.81,324.51,68.14,68.19,0.220733,0.300469,0.035488,0.063135,0.9286
172,396.8,747.41,59.19,59.77,0.206666,0.692043,0.030827,0.055346,0.9259
172,1430.86,70.78,297.47,141.5,0.745238,0.065536,0.154933,0.131022,0.9166
172,1427.18,92.32,86.81,87.51,0.743322,0.085477,0.045211,0.081031,0.9098
173,1066.12,198.7,212.13,215.5,0.555273,0.183979,0.110487,0.19954,0.9622
173,1084.43,861.05,258.41,256.15,0.564809,0.797268,0.134587,0.237179,0.9545
173,504.24,662.59,243.03,244.63,0.262625,0.613512,0.126578,0.226508,0.9524
173,848.13,515.45,230.98,234.23,0.441734,0.477272,0.120303,0.21688,0.9495
173,1756.11,123.56,265.39,247.07,0.914638,0.114404,0.138224,0.228769,0.9479
173,1602.32,772.44,224.65,224.86,0.83454,0.715219,0.117005,0.2082,0.9436
173,379.16,109.79,231.4,219.37,0.197481,0.101658,0.120518,0.203119,0.9431
173,413.95,299.09,67.47,68.67,0.215597,0.276931,0.03514,0.063581,0.936
173,388.06,722.76,62.83,62.06,0.202112,0.669224,0.032725,0.057465,0.9227
173,1419.72,70.46,88.86,88.65,0.739437,0.065241,0.046283,0.082088,0.887
173,1419.02,60.15,283.81,120.06,0.739073,0.05569,0.14782,0.111165,0.8865
174,1076.53,836.78,258.84,257.35,0.560695,0.774797,0.134814,0.238288,0.9573
174,1055.1,175.86,210.69,211.71,0.549532,0.16283,0.109732,0.196023,0.955
174,1594.37,749.31,223.28,225.72,0.830402,0.693804,0.11629,0.208999,0.9498
174,496.36,637.1,243.41,245.21,0.258523,0.589909,0.126774,0.227047,0.9495
174,1747.82,111.65,268.19,223.31,0.910325,0.103382,0.139685,0.206765,0.9477
174,370.22,98.5,233.76,196.99,0.192821,0.0912,0.121752,0.182401,0.9433
174,838.49,492.28,234.02,233.26,0.436714,0.455818,0.121884,0.21598,0.9419
174,379.24,698.82,59.62,60.27,0.197519,0.647058,0.031053,0.055801,0.9257
174,404.57,275.34,69.24,68.74,0.210715,0.254945,0.036064,0.06365,0.9157
174,1409.34,47.8,91.09,87.82,0.73403,0.044263,0.047442,0.081319,0.8821
174,1421.22,49.65,309.28,99.3,0.740218,0.045972,0.161085,0.091945,0.8052
175,1066.13,813.57,262.16,256.14,0.555275,0.753305,0.136542,0.237169,0.9516
175,1740.2,101.11,266.51,202.22,0.906354,0.093622,0.138808,0.187243,0.9515
175,1047.4,151.22,210.2,213.1,0.545522,0.140023,0.109478,0.197316,0.95
175,1584.14,726.59,227.15,224.77,0.825073,0.672765,0.118306,0.20812,0.9481
175,830.71,469.65,233.01,232.35,0.432664,0.434864,0.121357,0.215135,0.9479
175,485.97,615.05,240.74,239.92,0.253107,0.569489,0.125383,0.222148,0.9474
175,360.04,86.66,233.2,173.33,0.18752,0.080244,0.121456,0.160489,0.9311
175,393.7,251.13,68.96,68.49,0.205052,0.232524,0.035915,0.06342,0.9306
175,368.58,675.57,61.97,60.8,0.191967,0.62553,0.032277,0.056292,0.9232
175,1379.78,33.9,150.53,67.81,0.718635,0.031392,0.078399,0.062785,0.7873
175,1402.62,35.12,275.91,70.19,0.73053,0.032517,0.143702,0.064994,0.7287
176,820.62,446.88,229.45,234.46,0.427405,0.413774,0.119505,0.217095,0.9542
176,1057.66,789.95,259.52,258.51,0.550864,0.731437,0.135166,0.239364,0.9523
176,477.93,591.88,245.03,243.42,0.24892,0.548033,0.127618,0.225391,0.9521
176,351.63,76.35,230.4,151.71,0.183139,0.070696,0.119998,0.140474,0.9489
176,1577.44,702.26,226.89,224.14,0.821584,0.650239,0.118172,0.207535,0.9462
176,1039.26,129.3,212.47,212.54,0.541279,0.119719,0.110661,0.196794,0.9453
176,1731.9,88.65,261.84,177.21,0.902031,0.082081,0.136374,0.164088,0.945
176,385.93,227.35,70.67,70.16,0.201003,0.210505,0.036808,0.064963,0.9234
176,359.26,652.34,59.85,60.41,0.187115,0.604016,0.031169,0.055938,0.9101
176,45.63,1024.47,90.34,110.51,0.023768,0.948582,0.047054,0.102323,0.7699
177,1047.91,766.29,259.38,255.88,0.545785,0.709524,0.135094,0.236928,0.9522
177,812.52,421.83,233.39,234.22,0.423188,0.390582,0.121557,0.21687,0.9513
177,466.95,566.43,240.14,240.78,0.243202,0.524472,0.125075,0.222947,0.9489
177,1567.93,678.47,222.91,222.79,0.816632,0.62821,0.116101,0.206288,0.947
177,1028.75,106.06,212.97,209.66,0.535807,0.098202,0.110924,0.194128,0.9438
177,1724.08,77.36,267.63,154.72,0.897961,0.071628,0.139389,0.143256,0.935
177,375.3,204.63,69.2,68.71,0.19547,0.189471,0.036043,0.06362,0.9349
177,340.04,62.69,234.56,124.66,0.177104,0.058044,0.122167,0.115429,0.9318
177,348.94,628.69,60.96,60.29,0.18174,0.582122,0.031748,0.055823,0.9234
177,588.43,1038.55,212.95,82.91,0.306473,0.961618,0.110912,0.076764,0.8609
177,38.07,1013.12,75.86,133.46,0.019826,0.938075,0.039509,0.12357,0.8193
178,1038.0,744.27,256.33,255.87,0.540622,0.689142,0.133503,0.236918,0.9551
178,803.11,397.33,233.6,235.8,0.418285,0.367901,0.121668,0.21833,0.9509
178,457.19,544.49,238.29,243.05,0.238122,0.504157,0.12411,0.225044,0.9492
178,1020.28,92.71,212.48,185.29,0.531396,0.085846,0.110667,0.171563,0.9461
178,1556.57,655.54,226.92,225.12,0.810712,0.606981,0.118186,0.208448,0.9435
178,339.97,604.1,61.71,61.58,0.177069,0.559352,0.03214,0.057017,0.9328
178,366.65,179.87,68.57,68.91,0.190966,0.166544,0.035715,0.063803,0.9293
178,1719.22,66.26,268.95,132.52,0.895428,0.061353,0.140078,0.122706,0.9248
178,581.94,1027.3,216.12,105.41,0.303096,0.9512,0.11256,0.097599,0.9162
178,329.54,51.85,221.91,101.96,0.171636,0.048011,0.115579,0.094405,0.9051
178,396.5,1057.25,86.95,45.51,0.206509,0.978932,0.045286,0.042136,0.7846
178,1377.22,1046.61,292.34,66.77,0.7173,0.969087,0.15226,0.061826,0.7479
179,1012.4,82.03,215.1,163.06,0.527294,0.075956,0.112032,0.150984,0.9585
179,1028.84,719.63,260.56,259.3,0.535856,0.666329,0.135706,0.240091,0.9558
179,446.49,518.96,243.63,243.69,0.232549,0.480522,0.126889,0.225637,0.9524
179,1548.53,629.97,226.61,225.9,0.806524,0.583301,0.118028,0.209171,0.9471
179,793.44,375.49,231.94,233.23,0.413248,0.347678,0.120801,0.215953,0.9449
179,356.5,153.8,69.22,69.18,0.185677,0.142407,0.036053,0.064051,0.9251
179,571.34,1014.73,214.45,130.54,0.297573,0.939564,0.111691,0.120872,0.9119
179,329.71,579.65,61.17,60.34,0.171722,0.53671,0.031858,0.055869,0.903
179,1709.17,54.09,272.99,107.66,0.890195,0.050083,0.142185,0.099682,0.8705
179,389.2,1045.8,82.57,68.4,0.202709,0.968333,0.043006,0.063334,0.8671
179,314.98,39.23,229.56,78.18,0.164052,0.036324,0.119562,0.072385,0.834
179,1888.44,545.97,63.13,182.16,0.983561,0.505529,0.032878,0.168666,0.8133
179,1360.25,1037.72,306.98,84.56,0.708462,0.96085,0.159887,0.078301,0.7778
180,1020.41,695.45,259.37,256.34,0.531461,0.643934,0.135087,0.237356,0.9546
180,438.12,497.54,243.49,242.89,0.228188,0.460683,0.12682,0.2249,0.9511
180,783.48,349.68,233.82,231.83,0.40806,0.323781,0.121782,0.214661,0.9477
180,1539.86,607.42,225.03,224.85,0.802009,0.56243,0.117202,0.208197,0.9446
180,320.36,556.34,63.13,62.03,0.166855,0.515125,0.032878,0.05744,0.9336
180,560.31,1002.43,218.65,155.15,0.291828,0.928173,0.113882,0.143653,0.9313
180,346.92,131.19,70.58,69.78,0.18069,0.121474,0.03676,0.064615,0.9275
180,1000.63,70.07,213.8,137.67,0.521162,0.064879,0.111352,0.127472,0.9258
180,380.09,1029.8,86.2,84.87,0.197963,0.953522,0.044896,0.078583,0.891
180,1356.29,1023.64,304.21,112.72,0.7064,0.947816,0.158444,0.104368,0.868
180,1882.37,996.33,75.02,167.34,0.9804,0.92253,0.039071,0.154941,0.798
180,1881.36,506.87,76.32,217.89,0.979877,0.469322,0.039752,0.201751,0.7976
180,1691.94,39.63,246.53,79.27,0.88122,0.036698,0.128399,0.073396,0.7955
180,310.2,24.5,212.54,48.99,0.161564,0.022682,0.110699,0.045363,0.7539
181,1011.41,671.14,259.84,257.02,0.526776,0.621424,0.135333,0.23798,0.9575
181,1531.0,584.2,223.58,223.81,0.797393,0.540928,0.116447,0.207233,0.9552
181,775.35,328.34,234.79,236.07,0.403827,0.304021,0.122289,0.21858,0.9518
181,552.08,988.29,216.73,181.86,0.287542,0.915084,0.112882,0.168391,0.9503
181,429.24,474.17,241.47,242.06,0.223561,0.439044,0.125767,0.224129,0.9492
181,337.06,106.52,68.65,70.08,0.17555,0.098626,0.035756,0.064887,0.9297
181,311.53,532.89,61.09,61.19,0.162254,0.493416,0.031816,0.056659,0.9252
181,990.69,57.1,206.33,113.44,0.515987,0.052875,0.107463,0.10504,0.9185
181,1351.3,1011.28,308.17,137.44,0.703804,0.93637,0.160504,0.12726,0.9015
181,369.41,1007.49,85.27,85.67,0.192402,0.93286,0.04441,0.079322,0.8746
181,1878.52,487.18,82.96,203.89,0.978396,0.451092,0.043208,0.188787,0.8335
181,1875.58,980.42,88.26,199.16,0.976864,0.907797,0.045968,0.184406,0.8275
182,419.32,448.81,244.01,244.55,0.218397,0.415561,0.127089,0.226435,0.9556
182,999.17,647.82,257.12,257.55,0.520399,0.599836,0.133917,0.238476,0.9527
182,1520.52,561.01,224.84,226.95,0.791939,0.519454,0.117107,0.210138,0.948
182,765.82,304.65,236.11,234.94,0.398866,0.28208,0.122975,0.217541,0.9463
182,543.76,977.37,215.39,203.65,0.283209,0.904973,0.11218,0.188565,0.9388
182,327.98,84.14,70.24,69.3,0.170825,0.077904,0.036583,0.06417,0.928
182,1340.32,999.36,300.31,161.28,0.698086,0.925334,0.15641,0.149332,0.9268
182,300.77,508.9,61.19,59.99,0.15665,0.4712,0.031867,0.055549,0.9036
182,984.6,45.8,216.69,91.6,0.512815,0.042409,0.112861,0.084817,0.9016
182,361.43,983.93,85.44,86.27,0.188245,0.911042,0.0445,0.079877,0.8812
182,1869.25,967.77,101.5,224.45,0.973569,0.896088,0.052862,0.207825,0.8769
182,1874.57,467.65,90.54,197.39,0.976337,0.433009,0.047156,0.182764,0.8445
183,756.87,278.51,232.66,237.65,0.394203,0.257881,0.121178,0.220044,0.9595
183,992.94,626.2,257.47,255.59,0.517158,0.579813,0.134101,0.236661,0.9526
183,409.68,426.37,242.31,243.48,0.213374,0.394786,0.126204,0.225447,0.9515
183,1513.49,534.62,225.2,224.39,0.788276,0.495016,0.117293,0.207768,0.9425
183,1326.73,987.25,307.01,183.56,0.691006,0.914121,0.159902,0.169963,0.9423
183,316.71,58.69,70.72,70.88,0.164955,0.054341,0.036831,0.065629,0.9355
183,533.53,961.45,219.75,214.4,0.277882,0.890231,0.114453,0.198516,0.9288
183,292.02,484.55,62.3,61.68,0.152096,0.448655,0.03245,0.05711,0.9275
183,1864.75,956.53,110.49,246.95,0.971225,0.885672,0.057549,0.228655,0.9018
183,350.02,960.24,85.47,85.41,0.1823,0.889109,0.044516,0.079084,0.8972
183,1870.29,452.33,99.41,179.59,0.974111,0.418828,0.051777,0.166283,0.8501
183,979.78,33.94,217.18,67.88,0.510304,0.031426,0.113112,0.062853,0.8414
184,982.03,602.85,256.77,256.29,0.511473,0.558192,0.133733,0.237308,0.9554
184,1503.81,513.79,224.67,226.29,0.783234,0.475734,0.117015,0.209529,0.9547
184,400.9,400.78,240.4,242.19,0.208801,0.371089,0.125207,0.224246,0.9533
184,524.12,938.05,213.07,216.63,0.272978,0.868566,0.110975,0.200588,0.9515
184,1319.28,974.95,316.94,210.11,0.687123,0.902728,0.165075,0.194545,0.9472
184,745.46,254.79,232.83,236.91,0.388258,0.235912,0.121267,0.219362,0.9459
184,281.87,460.79,61.11,60.84,0.146806,0.426659,0.031826,0.05633,0.9124
184,340.56,936.88,86.96,85.98,0.177373,0.867482,0.045293,0.079608,0.9035
184,309.12,36.07,68.4,67.27,0.161,0.033403,0.035627,0.062285,0.9006
184,1861.64,940.72,116.72,278.01,0.969603,0.871038,0.060793,0.25742,0.8929
184,1864.63,424.98,109.59,178.7,0.971161,0.393504,0.057077,0.165459,0.8755
185,1309.28,963.33,307.57,230.93,0.681919,0.891973,0.160195,0.213824,0.9605
185,515.82,914.31,211.04,214.61,0.268659,0.846587,0.109917,0.198714,0.9585
185,972.33,577.37,258.4,258.9,0.506421,0.534599,0.134581,0.239723,0.9551
185,389.25,378.45,242.31,244.71,0.202733,0.350421,0.126204,0.226588,0.9542
185,738.23,229.81,236.13,236.37,0.384494,0.212786,0.122983,0.218865,0.9466
185,1495.01,490.23,227.8,225.58,0.778649,0.453918,0.118647,0.208874,0.9388
185,271.74,436.83,62.33,61.33,0.141529,0.404475,0.032462,0.05679,0.9143
185,330.91,914.06,85.0,83.8,0.172351,0.846352,0.044273,0.077592,0.9137
185,1854.6,926.81,130.8,293.81,0.965938,0.858161,0.068123,0.272045,0.8793
185,1859.74,400.14,120.52,183.86,0.968614,0.370501,0.062772,0.170243,0.8697
185,297.45,23.5,71.49,45.52,0.154924,0.021755,0.037237,0.042146,0.852
185,1884.13,317.01,71.75,102.57,0.981315,0.293525,0.037369,0.094971,0.8443
186,1302.79,952.22,308.64,253.87,0.678536,0.881682,0.160748,0.235069,0.965
186,963.67,554.18,260.21,259.3,0.50191,0.513131,0.135527,0.240094,0.9582
186,381.46,354.34,242.75,242.56,0.198678,0.328094,0.126432,0.224596,0.9488
186,503.78,892.43,215.4,218.11,0.262385,0.826323,0.112186,0.201957,0.9483
186,728.65,208.45,236.49,236.92,0.379505,0.193009,0.123169,0.21937,0.9482
186,1487.64,466.75,228.81,225.18,0.774814,0.432172,0.119174,0.208501,0.9454
186,262.05,413.78,60.61,61.04,0.136487,0.383129,0.031568,0.056519,0.9373
186,1878.76,290.08,82.48,104.17,0.978521,0.268593,0.042958,0.096456,0.9132
186,1856.45,373.93,127.1,197.36,0.966902,0.34623,0.066197,0.182745,0.8997
186,322.05,890.13,85.74,84.99,0.167736,0.824193,0.044658,0.078694,0.8906
186,1852.02,903.64,135.96,301.33,0.964593,0.836702,0.070815,0.279014,0.8862
187,955.91,532.04,258.48,258.26,0.497869,0.492634,0.134625,0.239131,0.9569
187,1292.46,940.01,307.01,278.71,0.673155,0.870381,0.1599,0.258064,0.9543
187,372.7,331.6,241.35,243.73,0.194116,0.307037,0.125703,0.225676,0.949
187,1477.76,443.09,226.02,227.2,0.769669,0.410272,0.117717,0.210371,0.9486
187,717.08,185.04,234.73,234.64,0.373479,0.171337,0.122257,0.217255,0.9434
187,495.27,869.08,217.01,220.03,0.257955,0.804699,0.113027,0.203733,0.9422
187,1851.71,352.18,136.57,197.11,0.964435,0.32609,0.07113,0.182507,0.9224
187,251.8,390.92,61.24,59.66,0.131146,0.361966,0.031898,0.05524,0.9147
187,1848.01,881.01,143.98,300.84,0.962505,0.815751,0.07499,0.27856,0.9082
187,310.99,867.27,86.23,88.35,0.161977,0.803032,0.044912,0.081807,0.8995
187,1876.8,268.78,86.4,103.05,0.977499,0.248872,0.045002,0.095417,0.8241
187,1602.77,1052.03,221.17,55.84,0.834774,0.974106,0.115195,0.051699,0.7537
188,487.37,847.11,211.64,216.86,0.253838,0.784359,0.110231,0.200798,0.9556
188,1283.65,928.15,304.08,301.18,0.668566,0.859397,0.158376,0.278873,0.9529
188,1468.7,419.39,225.77,226.42,0.764948,0.388322,0.117587,0.209644,0.9515
188,946.1,506.99,257.52,256.24,0.49276,0.469436,0.134126,0.237259,0.9512
188,710.09,160.07,235.42,235.81,0.36984,0.148215,0.122617,0.218342,0.95
188,364.02,309.02,243.5,244.76,0.189596,0.286134,0.126824,0.226626,0.9494
188,1846.74,326.71,146.51,198.51,0.961846,0.302512,0.076308,0.183806,0.9209
188,242.54,365.71,62.95,61.41,0.126321,0.338623,0.032786,0.056866,0.9181
188,301.19,843.27,85.19,83.6,0.156872,0.780802,0.044368,0.077404,0.9072
188,1842.42,859.26,155.14,299.12,0.959593,0.79561,0.080804,0.276966,0.9045
188,1871.0,247.34,96.52,103.57,0.974481,0.229018,0.05027,0.095901,0.8317
188,1591.6,1040.99,213.15,78.02,0.828959,0.963879,0.111015,0.072242,0.831
189,475.38,822.73,217.42,220.11,0.247594,0.761787,0.11324,0.203804,0.9562
189,1275.17,908.05,306.01,305.81,0.664154,0.840788,0.159378,0.283156,0.956
189,937.53,485.48,258.96,259.57,0.488298,0.449517,0.134877,0.240339,0.954
189,352.07,284.15,242.4,243.02,0.18337,0.263103,0.126249,0.225014,0.9534
189,699.51,138.49,234.05,242.22,0.364331,0.128236,0.1219,0.224278,0.9476
189,1459.71,394.74,229.2,229.73,0.760267,0.365503,0.119375,0.21271,0.9474
189,1838.35,835.68,162.91,304.94,0.957474,0.773776,0.084847,0.282347,0.9324
189,232.38,343.05,61.14,61.14,0.121032,0.317636,0.031844,0.056609,0.9274
189,1843.02,305.32,153.96,188.82,0.959905,0.2827,0.08019,0.174835,0.9246
189,291.93,819.99,86.41,86.87,0.152045,0.759249,0.045005,0.080431,0.9009
189,1579.43,1027.77,212.75,102.92,0.822618,0.951641,0.11081,0.0953,0.8942
189,1864.64,221.93,99.06,102.46,0.971166,0.205492,0.051592,0.094873,0.8868
190,1265.09,884.23,304.21,305.39,0.658903,0.818727,0.158441,0.282771,0.9629
190,467.01,800.72,212.91,217.62,0.243236,0.741404,0.110889,0.201504,0.9572
190,926.1,460.2,257.54,257.16,0.482345,0.426111,0.134133,0.238108,0.9527
190,689.56,115.89,235.02,229.58,0.359144,0.107308,0.122409,0.212577,0.9526
190,343.13,261.42,243.06,243.74,0.178713,0.242057,0.126593,0.225688,0.9482
190,1449.93,373.26,226.5,226.56,0.755173,0.34561,0.117967,0.209778,0.9435
190,1834.41,813.02,170.95,311.61,0.955423,0.752798,0.089034,0.28853,0.9433
190,1566.78,1016.97,215.08,126.06,0.81603,0.941639,0.11202,0.116722,0.9184
190,223.0,318.88,63.3,62.25,0.116144,0.295255,0.03297,0.057638,0.9149
190,1838.61,282.76,162.78,188.17,0.957609,0.261815,0.084782,0.17423,0.9099
190,1854.36,198.09,99.49,100.53,0.965811,0.183415,0.051819,0.093086,0.8909
190,282.65,796.88,85.91,86.04,0.147216,0.737856,0.044742,0.079668,0.8778
191,1256.16,861.44,310.13,309.03,0.654248,0.797631,0.161526,0.286139,0.9574
191,918.79,440.1,255.32,256.55,0.478539,0.407502,0.132978,0.237548,0.9559
191,333.27,239.51,239.12,241.71,0.173579,0.221767,0.12454,0.223808,0.9505
191,680.82,105.19,234.34,210.39,0.354593,0.097403,0.122054,0.194805,0.9476
191,1441.17,350.42,226.27,225.74,0.750611,0.324466,0.117849,0.209022,0.9433
191,458.1,776.93,219.42,220.73,0.238593,0.719382,0.114281,0.204379,0.9385
191,1832.5,258.6,175.01,196.18,0.954425,0.239442,0.091149,0.181647,0.9323
191,1830.19,787.82,178.88,304.69,0.953223,0.729462,0.093165,0.282116,0.9234
191,212.39,296.66,60.92,60.23,0.110622,0.274686,0.031729,0.05577,0.9223
191,1558.68,1005.64,210.79,148.72,0.811812,0.931149,0.109789,0.137702,0.9214
191,1846.04,174.47,97.04,99.69,0.961481,0.161545,0.050541,0.092305,0.8927
191,273.93,773.81,85.57,86.3,0.142669,0.71649,0.04457,0.079907,0.8906
192,906.58,413.53,262.35,261.31,0.472178,0.382895,0.136642,0.241953,0.9577
192,1248.19,839.83,309.92,308.31,0.650102,0.777621,0.161417,0.285473,0.9556
192,322.34,214.34,244.87,247.95,0.167885,0.198462,0.127537,0.229584,0.951
192,203.71,272.2,63.38,63.42,0.106098,0.25204,0.033013,0.05872,0.95
192,1431.0,325.75,228.51,225.84,0.745312,0.30162,0.119014,0.209107,0.9469
192,447.08,755.23,216.31,216.29,0.232854,0.699285,0.112661,0.20027,0.9464
192,1826.04,765.42,187.51,303.49,0.951065,0.708723,0.097663,0.281007,0.9424
192,670.42,93.7,237.46,187.41,0.349177,0.086763,0.123675,0.173526,0.9352
192,1548.4,993.39,210.32,170.96,0.806459,0.919808,0.109539,0.158301,0.9285
192,1827.15,234.7,183.52,198.45,0.951642,0.217313,0.095582,0.183752,0.9154
192,263.06,750.37,86.15,87.19,0.137011,0.694784,0.044871,0.08073,0.8899
192,1837.29,152.39,96.93,101.82,0.956921,0.141099,0.050485,0.094276,0.8675
193,1541.99,984.57,213.0,190.86,0.803119,0.911638,0.110938,0.176725,0.9559
193,899.61,393.99,258.55,257.08,0.468545,0.364805,0.134659,0.238037,0.9549
193,313.23,193.14,241.61,244.47,0.16314,0.178834,0.12584,0.226364,0.9494
193,1238.32,818.29,307.41,308.93,0.644958,0.757672,0.160112,0.286043,0.9492
193,1423.49,303.14,229.82,228.95,0.741399,0.280688,0.119697,0.211987,0.949
193,1821.99,742.69,195.59,301.32,0.948954,0.687679,0.101869,0.278999,0.9457
193,437.31,730.0,218.97,217.05,0.227766,0.675925,0.114047,0.200968,0.9423
193,1825.35,212.42,189.3,201.66,0.950702,0.196683,0.098596,0.186723,0.9385
193,661.2,82.97,231.71,164.59,0.344377,0.076824,0.120684,0.152396,0.9376
193,1827.76,128.95,97.92,102.74,0.95196,0.119397,0.051,0.095129,0.9234
193,253.02,729.46,85.13,83.98,0.131782,0.675426,0.044338,0.077757,0.9045
193,193.35,249.43,61.98,62.01,0.100702,0.230956,0.032279,0.057421,0.8951
194,428.79,709.01,215.56,220.46,0.223327,0.65649,0.112272,0.204126,0.9583
194,1229.04,794.87,308.18,307.15,0.640125,0.735992,0.160511,0.284401,0.9567
194,890.94,370.23,260.54,259.05,0.464029,0.342806,0.135697,0.239865,0.9563
194,1414.02,280.76,226.02,226.92,0.736467,0.259962,0.117717,0.210108,0.9559
194,1532.28,970.87,212.0,212.97,0.798062,0.898958,0.110415,0.197191,0.9525
194,302.79,168.1,244.71,242.52,0.157703,0.155646,0.127452,0.224553,0.9509
194,1816.53,719.07,206.39,303.86,0.946111,0.665801,0.107492,0.281349,0.944
194,652.67,71.25,234.69,140.57,0.339932,0.065971,0.122233,0.130153,0.9278
194,1817.91,191.75,193.6,190.48,0.946828,0.177546,0.100835,0.176371,0.9239
194,183.61,226.52,62.84,61.73,0.09563,0.209739,0.03273,0.057156,0.9176
194,1818.9,105.85,101.05,100.98,0.947341,0.098011,0.052632,0.093498,0.9173
194,244.0,706.65,86.16,86.43,0.127082,0.65431,0.044875,0.080028,0.9019
194,900.86,1044.87,250.55,70.25,0.469196,0.967476,0.130496,0.065049,0.761
195,1218.68,772.61,308.57,309.69,0.63473,0.715383,0.160716,0.286752,0.9571
195,1402.86,259.63,225.98,227.13,0.730658,0.240397,0.117697,0.210303,0.9555
195,877.71,344.98,258.85,256.74,0.457143,0.319427,0.134817,0.237719,0.95
195,1523.42,949.15,212.96,215.49,0.79345,0.878841,0.110915,0.199529,0.9488
195,296.11,148.5,243.64,243.02,0.154223,0.137498,0.126894,0.225018,0.9488
195,1811.74,695.54,216.2,301.34,0.943616,0.64402,0.112603,0.279019,0.9454
195,417.75,687.37,217.84,218.84,0.217576,0.636453,0.113456,0.202629,0.9398
195,173.92,203.29,62.66,62.0,0.090585,0.188228,0.032637,0.057411,0.9352
195,640.84,59.08,233.5,117.75,0.333773,0.054706,0.121613,0.109024,0.9292
195,1810.13,81.86,97.14,100.57,0.942778,0.075796,0.050592,0.093122,0.9262
195,1807.3,166.28,194.31,193.42,0.941303,0.153962,0.101202,0.179092,0.9197
195,234.52,684.66,87.83,88.18,0.122144,0.633941,0.045745,0.081653,0.8985
195,880.5,1033.46,274.06,93.07,0.458593,0.95691,0.142738,0.08618,0.8483
196,1208.2,748.82,305.34,308.32,0.62927,0.693349,0.159034,0.285477,0.9598
196,871.48,325.83,257.37,257.94,0.453897,0.30169,0.134049,0.238834,0.9548
196,1512.98,928.53,213.17,210.84,0.788009,0.85975,0.111024,0.195219,0.9534
196,286.03,126.32,242.4,243.68,0.148974,0.116964,0.126252,0.225627,0.9512
196,409.59,664.56,215.14,216.56,0.213329,0.615334,0.11205,0.200523,0.9475
196,1806.33,675.26,226.9,300.02,0.940797,0.625238,0.118179,0.277793,0.9472
196,1395.27,233.77,229.73,226.7,0.726704,0.216457,0.119651,0.209906,0.9416
196,1801.45,142.67,195.76,194.23,0.938258,0.132104,0.101957,0.179843,0.9348
196,163.96,181.04,63.43,62.24,0.085398,0.16763,0.033038,0.057628,0.9115
196,223.29,660.64,86.88,86.28,0.116298,0.611703,0.045247,0.079891,0.9094
196,869.13,1021.78,281.14,116.44,0.452673,0.946091,0.146426,0.107818,0.9067
196,628.15,48.35,225.85,96.63,0.327161,0.044764,0.11763,0.089469,0.89
196,1801.39,59.19,94.18,101.89,0.938224,0.054802,0.049053,0.094347,0.8654
197,400.44,641.67,212.82,218.2,0.208562,0.594136,0.110845,0.202035,0.9634
197,1199.46,726.39,309.35,309.8,0.624718,0.67258,0.161121,0.28685,0.9604
197,1387.31,212.88,226.47,228.52,0.72256,0.197108,0.117955,0.211588,0.9588
197,860.49,303.89,258.64,259.44,0.448173,0.281377,0.13471,0.240224,0.9559
197,1802.76,654.32,234.48,303.85,0.938936,0.605854,0.122127,0.28134,0.9553
197,275.97,111.26,244.5,222.52,0.143736,0.103017,0.127346,0.206034,0.9504
197,1505.17,908.48,213.26,215.63,0.783944,0.841188,0.11107,0.199653,0.9461
197,858.32,1010.61,271.86,138.78,0.44704,0.935748,0.141596,0.128504,0.9241
197,1793.08,122.37,194.09,194.66,0.933897,0.113304,0.101091,0.180245,0.9225
197,153.92,156.87,63.17,61.31,0.080166,0.145249,0.032899,0.056773,0.9196
197,213.97,638.38,86.15,86.64,0.111444,0.591093,0.044871,0.080226,0.9092
197,1791.82,46.41,98.94,91.45,0.933242,0.042977,0.051532,0.084676,0.8917
197,1465.43,1059.09,99.76,41.03,0.763245,0.980641,0.05196,0.037991,0.8355
197,622.68,37.22,216.49,74.44,0.324312,0.034464,0.112756,0.068928,0.7917
198,1190.54,705.5,308.19,309.83,0.620071,0.653244,0.160514,0.286876,0.963
198,851.03,279.93,260.39,259.06,0.443247,0.259193,0.13562,0.239868,0.957
198,1496.15,883.85,215.12,218.68,0.779242,0.818381,0.112041,0.202478,0.9539
198,1797.94,630.07,244.13,302.14,0.936426,0.583399,0.127149,0.279761,0.9539
198,389.28,621.23,216.38,221.45,0.20275,0.575212,0.112697,0.205048,0.9505
198,1376.45,192.73,226.78,226.86,0.716899,0.178455,0.118113,0.210059,0.9396
198,265.0,101.79,244.25,203.57,0.138019,0.094246,0.127213,0.188493,0.9395
198,1782.09,100.52,194.23,192.28,0.928172,0.093073,0.101162,0.178033,0.9322
198,847.35,1000.1,271.35,159.8,0.441328,0.926019,0.141327,0.147962,0.9319
198,144.13,135.84,63.41,62.22,0.075066,0.125782,0.033024,0.057616,0.9201
198,202.71,616.2,84.52,85.94,0.105577,0.570556,0.044021,0.079571,0.8972
198,1453.16,1048.87,105.5,62.26,0.756854,0.971176,0.054946,0.057648,0.8574
198,1785.39,34.37,95.15,68.74,0.929893,0.031822,0.049558,0.063645,0.7221
198,608.46,26.93,213.24,53.85,0.316906,0.024932,0.111063,0.049865,0.7212
199,1184.29,684.95,310.0,308.09,0.616818,0.634217,0.161461,0.285273,0.9565
199,1793.51,609.04,252.98,309.12,0.934119,0.563926,0.131762,0.286223,0.956
199,843.6,258.41,258.49,257.52,0.439378,0.239266,0.13463,0.23844,0.955
199,1486.37,863.11,216.05,217.32,0.774154,0.799175,0.112528,0.201224,0.9547
199,379.29,598.48,221.01,222.9,0.197546,0.554144,0.115107,0.206393,0.9468
199,1369.97,170.5,229.48,226.52,0.713525,0.157867,0.11952,0.209744,0.9456
199,258.16,90.17,249.06,179.47,0.134459,0.083492,0.129719,0.166175,0.9323
199,838.07,989.17,276.0,181.65,0.436495,0.915902,0.143748,0.168196,0.9321
199,1772.3,85.56,194.07,171.12,0.923072,0.07922,0.101077,0.15844,0.9303
199,1444.31,1037.78,102.64,84.45,0.752243,0.960905,0.053458,0.07819,0.9269
199,134.27,113.76,62.61,62.77,0.069934,0.105332,0.032608,0.058117,0.8995
199,194.45,594.39,85.31,84.63,0.101276,0.550362,0.044431,0.078364,0.8949
199,1112.82,1040.35,303.37,79.29,0.579594,0.963291,0.158004,0.073419,0.732
200,1790.62,588.14,258.76,308.01,0.932615,0.544576,0.134771,0.285192,0.9604
200,835.07,236.43,260.53,261.21,0.434932,0.218918,0.135691,0.241862,0.9579
200,1477.07,843.29,213.59,214.9,0.769306,0.780828,0.111244,0.198979,0.9571
200,1173.55,662.2,306.02,307.0,0.611227,0.613152,0.159387,0.284255,0.9564
200,370.61,576.39,213.52,218.57,0.193024,0.533692,0.111209,0.202382,0.9523
200,829.76,976.81,279.77,204.19,0.432164,0.90445,0.145712,0.189068,0.9516
200,1360.3,147.48,228.29,230.16,0.70849,0.136554,0.118903,0.213107,0.9468
200,1764.34,76.64,194.77,151.52,0.918928,0.070966,0.101444,0.140297,0.9386
200,124.25,91.21,63.67,62.66,0.064714,0.084458,0.033164,0.058019,0.9317
200,247.8,81.73,244.67,163.26,0.129061,0.075673,0.127433,0.151165,0.9293
200,1433.29,1024.13,101.18,99.34,0.746504,0.948272,0.052699,0.091983,0.9286
200,184.28,572.42,87.29,87.61,0.09598,0.530017,0.045462,0.081116,0.9045
200,1114.14,1028.7,272.78,101.9,0.580283,0.952503,0.142071,0.094356,0.8653
200,1837.75,1049.66,164.34,60.69,0.957163,0.971903,0.085595,0.056194,0.759
200,483.98,1052.61,211.36,54.77,0.252072,0.974642,0.110086,0.050716,0.7076
201,360.74,555.74,213.6,218.99,0.187886,0.514572,0.11125,0.202767,0.9584
201,1163.87,640.69,309.53,310.4,0.606185,0.593234,0.161215,0.28741,0.9565
201,1785.67,566.76,268.65,308.99,0.930039,0.524777,0.139923,0.286099,0.9545
201,1468.02,820.76,213.21,216.23,0.764591,0.759964,0.111049,0.200215,0.9532
201,822.4,967.09,279.08,223.3,0.428334,0.895451,0.145354,0.206762,0.9531
201,824.23,214.52,260.28,256.82,0.429287,0.198633,0.13556,0.237798,0.9503
201,1350.43,124.72,227.69,226.85,0.703347,0.115481,0.118587,0.210043,0.9482
201,1757.93,65.77,193.44,130.85,0.915589,0.060894,0.10075,0.121161,0.943
201,114.31,68.71,62.74,61.95,0.059536,0.063618,0.032676,0.05736,0.9336
201,1102.64,1018.17,275.97,123.05,0.57429,0.942748,0.143736,0.113935,0.9299
201,236.69,68.18,244.88,136.36,0.123277,0.063131,0.127542,0.126262,0.919
201,173.85,550.68,85.6,85.81,0.090546,0.509887,0.044583,0.079451,0.9102
201,1426.45,1003.7,103.98,103.73,0.742941,0.929352,0.054157,0.096045,0.9075
201,477.31,1043.08,197.8,73.38,0.248599,0.965816,0.103021,0.067948,0.8168
201,1832.07,1038.63,175.59,82.74,0.954201,0.961695,0.091453,0.076611,0.7976
202,1459.64,798.64,215.74,218.46,0.760231,0.739482,0.112364,0.202279,0.9578
202,1153.53,619.79,307.03,309.88,0.600799,0.573881,0.159914,0.286926,0.9576
202,1779.56,545.5,280.89,311.45,0.926853,0.50509,0.146294,0.288381,0.9543
202,816.5,193.37,259.91,261.93,0.425263,0.179042,0.135371,0.242531,0.9531
202,811.2,956.39,275.08,246.65,0.422499,0.885551,0.143273,0.228375,0.9505
202,351.09,535.2,221.51,219.74,0.182857,0.495556,0.115368,0.203462,0.9435
202,1341.45,108.54,227.36,216.6,0.698673,0.100503,0.118416,0.200554,0.9405
202,1092.82,1007.18,273.63,145.46,0.569177,0.932577,0.142517,0.134685,0.9369
202,1414.39,982.63,102.95,101.81,0.736662,0.90984,0.053622,0.094268,0.9364
202,1749.48,54.34,199.1,108.47,0.911186,0.050315,0.103698,0.100431,0.9259
202,104.68,46.99,62.86,62.32,0.054523,0.043506,0.032741,0.057701,0.9131
202,224.77,58.32,243.08,116.25,0.117066,0.053995,0.126603,0.107635,0.8971
202,164.45,527.6,85.05,85.87,0.085652,0.488516,0.044295,0.079505,0.8927
202,474.52,1033.46,207.56,93.09,0.247148,0.956904,0.108102,0.086192,0.89
202,1828.72,1026.13,182.55,107.62,0.95246,0.950117,0.09508,0.099646,0.8368
203,1144.11,598.84,310.15,308.39,0.59589,0.554478,0.161539,0.285551,0.9595
203,342.99,513.51,215.78,219.56,0.178638,0.475473,0.112386,0.203296,0.9567
203,1776.51,524.52,286.98,307.25,0.925266,0.485668,0.149469,0.28449,0.9563
203,800.67,944.82,279.63,269.52,0.417014,0.874837,0.145642,0.249559,0.9545
203,1450.14,778.88,216.8,215.5,0.755281,0.721186,0.112917,0.199537,0.9509
203,805.95,170.17,260.05,257.79,0.419765,0.157563,0.135442,0.238691,0.9508
203,1333.39,98.59,228.05,197.17,0.694472,0.091282,0.118774,0.182565,0.9439
203,1082.28,995.94,278.68,166.16,0.563687,0.922163,0.145145,0.15385,0.9351
203,94.47,28.35,63.87,56.69,0.049205,0.026248,0.033268,0.052495,0.9326
203,462.59,1021.99,212.6,116.02,0.240935,0.946285,0.110731,0.10743,0.9267
203,1404.64,961.39,100.63,101.12,0.731584,0.890172,0.052413,0.093632,0.9246
203,1739.24,43.67,203.42,86.38,0.905852,0.040436,0.10595,0.079984,0.9101
203,155.49,507.18,86.6,88.04,0.080986,0.469612,0.045104,0.081522,0.9034
203,1821.42,1017.28,196.42,125.44,0.948656,0.941925,0.102305,0.116149,0.8969
203,225.18,47.08,225.93,94.15,0.117284,0.04359,0.117674,0.08718,0.8656
204,1135.37,577.18,311.12,312.46,0.591338,0.534425,0.162042,0.289312,0.964
204,794.89,150.92,257.52,257.3,0.414005,0.13974,0.134125,0.238243,0.9541
204,331.04,491.47,214.17,217.51,0.172419,0.455064,0.111548,0.201401,0.9535
204,793.26,929.12,275.83,276.61,0.413156,0.860298,0.143659,0.256117,0.9511
204,1770.93,502.18,297.62,309.02,0.92236,0.464978,0.15501,0.286131,0.9509
204,453.18,1012.2,208.15,134.94,0.236031,0.93722,0.108412,0.124944,0.9404
204,1439.96,756.79,212.18,217.76,0.74998,0.700735,0.110508,0.201632,0.9387
204,1073.17,986.71,282.99,184.56,0.558942,0.91362,0.147391,0.170891,0.9384
204,1324.29,88.21,232.15,175.82,0.689733,0.081677,0.12091,0.1628,0.9342
204,1819.45,1005.96,201.1,147.95,0.947629,0.931442,0.104742,0.136989,0.9154
204,1398.91,940.67,102.83,102.09,0.728596,0.870987,0.053559,0.094531,0.9035
204,144.03,486.33,85.59,85.94,0.075015,0.450308,0.04458,0.079572,0.8981
204,82.62,17.62,61.46,34.76,0.043029,0.016312,0.03201,0.032184,0.8819
204,1726.57,33.09,205.44,66.18,0.899255,0.030637,0.107002,0.061274,0.7876
204,218.88,37.68,241.28,75.26,0.114,0.034893,0.125668,0.069686,0.7668
205,782.64,908.76,276.65,280.27,0.407622,0.841446,0.144089,0.259512,0.9605
205,1126.81,557.02,308.16,308.53,0.586879,0.515759,0.160502,0.285677,0.9589
205,786.35,130.81,261.51,257.17,0.409557,0.121116,0.136202,0.238116,0.956
205,443.08,1001.87,203.43,154.64,0.230769,0.927655,0.105955,0.143181,0.9517
205,1765.11,481.29,303.73,309.59,0.919328,0.445642,0.158191,0.286654,0.9514
205,1063.25,974.76,283.39,208.91,0.553778,0.902552,0.1476,0.193438,0.9492
205,320.61,470.59,220.87,217.97,0.166987,0.435727,0.115038,0.201827,0.9475
205,1316.03,78.02,230.44,154.28,0.685431,0.072245,0.120023,0.142851,0.9468
205,1432.64,736.12,214.9,217.52,0.746166,0.681593,0.111927,0.201411,0.9435
205,1388.78,920.35,102.65,102.57,0.723323,0.852173,0.053465,0.094973,0.9241
205,1812.1,995.84,215.79,168.33,0.943803,0.92207,0.112393,0.155861,0.9032
205,134.23,464.28,85.19,86.01,0.069909,0.429891,0.044372,0.079638,0.8918
206,772.87,888.67,276.92,280.67,0.402539,0.822845,0.144228,0.259884,0.9603
206,1118.03,536.68,307.64,307.54,0.582305,0.496928,0.160229,0.284763,0.96
206,1423.46,716.43,216.72,217.11,0.741383,0.66336,0.112876,0.201027,0.9579
206,433.55,990.64,205.7,178.15,0.225805,0.917263,0.107135,0.164954,0.9565
206,1756.62,459.64,298.11,308.11,0.914909,0.425596,0.155266,0.285287,0.9561
206,779.19,118.99,259.84,237.98,0.405828,0.110177,0.135335,0.220354,0.9548
206,1052.07,965.38,282.09,229.25,0.547955,0.893866,0.14692,0.212267,0.9468
206,312.52,450.6,222.82,225.17,0.16277,0.417225,0.11605,0.208492,0.9435
206,1306.6,66.91,236.24,133.36,0.680522,0.061956,0.123044,0.123486,0.936
206,1377.94,899.67,101.56,102.38,0.717676,0.833025,0.052893,0.094797,0.9233
206,1808.73,986.62,222.54,186.76,0.942048,0.913539,0.115904,0.172922,0.9106
206,126.38,443.27,87.63,88.18,0.065824,0.410432,0.045641,0.081646,0.885
206,1468.9,1034.61,266.59,90.78,0.76505,0.957975,0.138849,0.084051,0.8166
207,763.75,868.66,278.13,275.54,0.397789,0.804316,0.144859,0.255134,0.9548
207,1750.29,439.61,306.6,308.64,0.911609,0.407043,0.159687,0.285781,0.9531
207,424.87,981.68,206.69,195.56,0.221285,0.908962,0.107649,0.18107,0.9528
207,302.05,429.85,214.64,217.78,0.157315,0.39801,0.111793,0.201651,0.9525
207,768.64,109.2,264.6,218.4,0.400333,0.101113,0.13781,0.202226,0.9524
207,1045.28,954.68,278.92,250.64,0.544419,0.883965,0.14527,0.23207,0.9524
207,1109.13,514.64,311.93,313.55,0.577671,0.476518,0.162465,0.29032,0.9504
207,1414.2,696.61,214.42,218.76,0.736564,0.64501,0.111679,0.202555,0.9485
207,1805.14,976.13,229.72,207.74,0.940177,0.903825,0.119646,0.192351,0.9387
207,1296.07,57.37,238.6,114.47,0.675039,0.053124,0.124273,0.105988,0.9285
207,1370.95,878.29,105.17,103.1,0.714037,0.813229,0.054778,0.095467,0.9071
207,1459.63,1023.54,277.14,112.92,0.760226,0.947721,0.144343,0.104558,0.9015
207,114.16,422.41,86.19,87.19,0.059457,0.391117,0.04489,0.080732,0.8958
208,1097.07,495.06,307.13,311.4,0.571393,0.45839,0.159965,0.288336,0.9598
208,1741.83,419.98,310.6,308.51,0.907205,0.388873,0.161772,0.285662,0.956
208,1033.67,943.9,280.66,270.58,0.538372,0.87398,0.146179,0.250533,0.9545
208,756.76,849.25,279.35,280.68,0.394144,0.786344,0.145496,0.25989,0.9545
208,415.2,964.69,206.28,206.99,0.21625,0.893231,0.107435,0.191654,0.951
208,758.22,98.17,261.85,196.34,0.394908,0.0909,0.136379,0.1818,0.9489
208,1799.55,965.41,240.9,229.18,0.937266,0.8939,0.125467,0.2122,0.9459
208,292.03,410.06,222.43,219.55,0.1521,0.379682,0.115847,0.203291,0.9434
208,1404.29,674.35,216.24,216.64,0.7314,0.6244,0.112626,0.200593,0.9411
208,1360.81,856.96,100.87,102.57,0.708756,0.793479,0.052535,0.094968,0.9162
208,1451.53,1011.96,274.06,136.09,0.756003,0.936996,0.142739,0.126009,0.9145
208,105.26,403.35,85.34,85.26,0.054824,0.373469,0.044447,0.078946,0.8917
208,1283.32,46.15,231.11,91.44,0.668397,0.042731,0.12037,0.084663,0.8824
209,1395.53,656.1,215.98,218.05,0.726839,0.607499,0.112489,0.201898,0.9613
209,1731.45,399.95,312.27,312.76,0.901799,0.370322,0.162643,0.289595,0.96
209,1089.73,475.07,312.38,310.3,0.567568,0.439875,0.162696,0.287316,0.9589
209,405.71,946.3,207.08,205.66,0.211305,0.876202,0.107854,0.190424,0.958
209,1025.05,929.21,278.49,279.05,0.533882,0.860376,0.145045,0.25838,0.9533
209,745.02,827.37,278.86,281.24,0.38803,0.76608,0.145238,0.260405,0.9516
209,1795.46,956.44,249.09,245.98,0.935133,0.88559,0.129734,0.227764,0.9488
209,283.84,389.98,221.68,223.69,0.147835,0.361089,0.115459,0.20712,0.9483
209,752.11,87.17,261.92,174.01,0.391722,0.080712,0.136415,0.16112,0.9403
209,1443.45,1002.84,273.12,154.33,0.751799,0.928552,0.14225,0.142895,0.9302
209,1350.79,837.93,102.09,101.5,0.703538,0.775863,0.053173,0.093982,0.9196
209,96.79,382.66,87.35,87.88,0.050414,0.35431,0.045494,0.081375,0.8813
209,1279.25,38.15,238.07,76.19,0.666277,0.035328,0.123996,0.070543,0.7821
210,1078.76,454.35,311.14,311.82,0.561856,0.420695,0.162052,0.288721,0.963
210,395.75,928.32,205.4,206.33,0.206118,0.859555,0.106979,0.191049,0.9614
210,1016.62,911.24,278.06,280.14,0.529487,0.843739,0.144821,0.25939,0.9592
210,272.8,369.63,214.34,217.37,0.142085,0.342246,0.111634,0.20127,0.9574
210,734.6,808.67,277.25,280.13,0.382604,0.748769,0.144399,0.259383,0.9564
210,1723.08,379.31,311.22,310.23,0.897438,0.351217,0.162096,0.287253,0.9556
210,1387.29,636.13,216.88,219.19,0.722545,0.589006,0.112957,0.202957,0.9516
210,1791.66,944.11,256.67,265.84,0.933158,0.874172,0.133684,0.246147,0.9504
210,1432.26,993.11,283.93,173.77,0.745969,0.919551,0.147882,0.160899,0.9365
210,742.24,76.82,270.38,153.65,0.386585,0.071132,0.140822,0.142264,0.9278
210,1342.04,818.06,105.44,103.53,0.698977,0.757465,0.054918,0.095862,0.9145
210,84.2,361.76,85.95,87.26,0.043854,0.334963,0.044768,0.080793,0.8994
211,725.63,789.98,279.84,282.6,0.377934,0.731462,0.145752,0.261669,0.9603
211,1070.28,435.07,307.54,311.71,0.55744,0.402846,0.160175,0.288625,0.9598
211,1005.92,891.77,283.4,284.25,0.523919,0.825713,0.147606,0.263192,0.9586
211,1714.97,361.51,310.79,310.73,0.893216,0.334734,0.161869,0.287713,0.9564
211,1786.64,926.85,265.4,270.8,0.930544,0.858192,0.138227,0.250743,0.9513
211,385.28,908.47,206.09,208.48,0.200664,0.84118,0.107337,0.193037,0.9501
211,1377.93,615.77,215.7,217.59,0.717671,0.570155,0.112346,0.201472,0.9485
211,262.4,349.57,221.69,219.37,0.136668,0.32368,0.115465,0.203121,0.9479
211,1424.87,982.3,284.42,195.41,0.742118,0.909533,0.148134,0.180935,0.9394
211,728.77,67.38,263.72,134.61,0.37957,0.062388,0.137356,0.124637,0.9223
211,1332.77,798.68,102.94,103.52,0.69415,0.739514,0.053612,0.095853,0.91
211,75.23,343.41,85.84,85.64,0.039181,0.317968,0.04471,0.079297,0.8944
212,715.7,769.59,280.15,282.33,0.372762,0.712586,0.145913,0.261414,0.9616
212,375.58,888.79,207.32,205.76,0.195616,0.822958,0.107981,0.19052,0.9615
212,1061.87,416.05,310.68,307.7,0.553055,0.385227,0.161813,0.28491,0.9576
212,1778.42,907.96,265.73,267.87,0.926258,0.840704,0.138402,0.248023,0.9513
212,997.09,872.0,280.4,279.36,0.519317,0.807407,0.146042,0.258666,0.9496
212,1706.07,338.78,309.87,310.83,0.888577,0.313688,0.161391,0.287807,0.9496
212,1415.12,973.45,282.73,213.09,0.73704,0.901345,0.147253,0.197309,0.945
212,253.03,330.22,221.76,224.34,0.131784,0.305763,0.115502,0.207726,0.9418
212,1369.73,596.22,218.25,218.21,0.713402,0.552052,0.113671,0.202044,0.9366
212,1324.05,780.18,103.11,101.79,0.68961,0.722385,0.053702,0.094251,0.9195
212,722.73,58.97,272.72,117.61,0.37642,0.054599,0.142039,0.108896,0.9048
212,65.36,323.73,87.05,85.71,0.03404,0.299746,0.045339,0.079362,0.8884
213,706.59,751.57,278.88,278.84,0.368015,0.695898,0.145248,0.258183,0.958
213,987.08,855.04,276.24,278.97,0.514102,0.791701,0.143875,0.258308,0.9551
213,1360.13,578.72,216.0,217.58,0.708401,0.535856,0.112499,0.201467,0.9531
213,1696.42,320.79,306.79,311.65,0.883553,0.297025,0.159787,0.288566,0.9517
213,1405.23,964.21,279.29,231.58,0.731893,0.892788,0.145465,0.214423,0.9499
213,366.43,870.7,208.42,208.19,0.19085,0.806201,0.108552,0.192768,0.9496
213,1771.59,887.49,267.32,269.42,0.922702,0.821749,0.139229,0.249463,0.9468
213,1051.56,396.84,310.59,312.43,0.547688,0.367445,0.161765,0.289285,0.9464
213,243.88,311.12,216.52,221.21,0.127019,0.288072,0.112773,0.204823,0.9423
213,1314.69,762.84,104.39,103.03,0.684732,0.706337,0.05437,0.0954,0.9046
213,709.77,50.19,252.28,99.42,0.369672,0.046474,0.131396,0.092059,0.8991
213,54.31,303.35,86.64,86.86,0.028289,0.280876,0.045127,0.080428,0.8916
214,975.71,834.72,282.13,284.3,0.508184,0.772886,0.146941,0.263242,0.9605
214,1042.33,379.08,308.52,312.61,0.542878,0.350996,0.160685,0.289451,0.9584
214,1396.68,953.99,281.93,251.9,0.727435,0.883326,0.146838,0.233241,0.9561
214,696.13,732.63,279.22,283.16,0.362568,0.678365,0.145428,0.262189,0.9556
214,1686.58,303.09,308.73,310.2,0.87843,0.280643,0.160798,0.287222,0.955
214,355.85,851.64,208.04,209.58,0.185338,0.788554,0.108353,0.194059,0.9531
214,1349.33,558.22,217.66,219.41,0.702779,0.516867,0.113365,0.203155,0.9511
214,1762.32,869.32,266.37,266.69,0.917874,0.804923,0.138734,0.246932,0.9484
214,232.14,291.38,222.32,220.68,0.120904,0.2698,0.115793,0.204335,0.9446
214,1304.67,742.35,103.42,103.78,0.679518,0.687363,0.053864,0.09609,0.9247
214,44.6,284.83,85.14,87.71,0.023228,0.263736,0.044345,0.081213,0.8939
214,696.52,37.22,256.54,74.44,0.36277,0.034462,0.133615,0.068925,0.8035
215,345.58,833.06,206.45,206.43,0.179991,0.771351,0.107525,0.191139,0.9598
215,1752.75,851.73,267.24,268.73,0.912889,0.788643,0.139189,0.248823,0.9598
215,968.31,815.19,280.37,281.43,0.504329,0.754804,0.146027,0.260579,0.9588
215,1677.29,283.07,313.0,309.16,0.873589,0.262103,0.16302,0.286255,0.9584
215,1032.89,359.68,312.02,311.72,0.537965,0.333036,0.162511,0.288625,0.9534
215,1388.08,945.72,279.83,267.77,0.722958,0.87567,0.145744,0.247936,0.9532
215,687.47,712.19,280.43,283.59,0.358057,0.659435,0.14606,0.262583,0.9524
215,1340.18,538.13,215.7,215.42,0.698011,0.498272,0.112343,0.199466,0.9492
215,225.16,273.71,221.39,224.61,0.117272,0.253436,0.115307,0.207976,0.9438
215,1295.26,723.61,104.93,104.35,0.674613,0.67001,0.054651,0.096624,0.9384
215,38.87,265.49,77.59,86.18,0.020244,0.245824,0.040414,0.079796,0.8826
216,1024.86,340.7,309.73,313.6,0.53378,0.31546,0.161318,0.290374,0.9641
216,1333.14,523.25,218.84,219.39,0.694344,0.484488,0.113979,0.203142,0.9611
216,1745.5,833.45,267.99,269.46,0.909117,0.771717,0.13958,0.249498,0.9592
216,960.1,799.12,280.03,280.18,0.500052,0.739929,0.145848,0.259425,0.9584
216,677.65,695.82,278.78,278.37,0.352943,0.644282,0.1452,0.25775,0.955
216,214.66,255.23,218.08,222.05,0.111801,0.236321,0.113584,0.205598,0.9543
216,1379.87,930.97,279.55,280.79,0.718681,0.862013,0.145599,0.259988,0.9534
216,336.36,815.28,207.3,210.93,0.175188,0.754887,0.107968,0.195303,0.9521
216,1669.63,263.86,313.18,313.53,0.869601,0.244319,0.163116,0.290308,0.9515
216,1287.71,706.71,104.22,103.56,0.67068,0.654364,0.054281,0.09589,0.9212
216,34.08,248.21,67.91,86.09,0.017751,0.229828,0.035371,0.07971,0.8908
217,326.56,798.02,211.03,208.67,0.170083,0.738912,0.109911,0.193213,0.9603
217,1012.59,321.96,311.27,314.07,0.527389,0.29811,0.162118,0.290802,0.9596
217,1369.69,914.82,280.63,278.61,0.713379,0.847056,0.146159,0.257975,0.958
217,948.87,781.14,281.48,282.88,0.494203,0.723275,0.146602,0.261929,0.9579
217,1658.8,247.43,311.82,312.66,0.863961,0.229098,0.162407,0.289497,0.957
217,669.57,678.74,284.24,283.64,0.348734,0.628465,0.148044,0.262634,0.9557
217,1733.25,816.01,265.5,268.29,0.902735,0.755566,0.138282,0.248419,0.954
217,203.77,236.69,221.93,220.66,0.10613,0.219156,0.115587,0.204319,0.9411
217,1320.03,503.92,213.14,217.65,0.687516,0.466591,0.111012,0.201531,0.9409
217,1278.11,688.09,103.57,103.84,0.665684,0.637121,0.053942,0.096146,0.9214
218,659.21,659.67,282.79,284.11,0.343336,0.610803,0.147285,0.26306,0.9616
218,1006.97,305.0,310.67,312.94,0.524462,0.282405,0.161805,0.289763,0.9569
218,1362.25,896.06,280.28,280.61,0.709506,0.829685,0.145978,0.259822,0.9565
218,316.46,779.99,208.43,209.06,0.164824,0.722215,0.108557,0.193575,0.9544
218,1726.58,797.25,270.89,268.65,0.899261,0.738195,0.141087,0.248747,0.9536
218,939.95,762.64,283.7,280.63,0.489556,0.706148,0.14776,0.259846,0.9528
218,1650.64,228.03,308.36,311.1,0.859711,0.211143,0.160605,0.288053,0.95
218,194.25,219.36,217.82,220.05,0.101174,0.203112,0.113448,0.203752,0.9456
218,1314.77,487.59,217.88,217.39,0.684778,0.451472,0.113477,0.201286,0.9342
218,1269.07,670.68,103.66,103.37,0.660975,0.621001,0.05399,0.095714,0.9287
219,1303.8,468.78,216.66,218.9,0.679065,0.434054,0.112845,0.202686,0.9621
219,649.67,643.29,281.54,281.29,0.33837,0.595641,0.146634,0.260456,0.9596
219,996.11,288.92,312.86,315.1,0.518808,0.26752,0.162946,0.291758,0.9528
219,931.31,747.08,280.9,280.37,0.485055,0.691744,0.146305,0.259605,0.9507
219,1716.72,780.22,267.26,270.3,0.894126,0.722428,0.1392,0.250277,0.9503
219,1641.08,210.43,308.82,311.98,0.854729,0.19484,0.160843,0.288868,0.9469
219,1352.83,879.44,281.26,279.8,0.704599,0.8143,0.14649,0.259075,0.9458
219,307.3,762.32,211.73,211.35,0.160052,0.705847,0.110274,0.195694,0.9452
219,1258.74,654.2,103.22,102.72,0.655593,0.605744,0.053761,0.095114,0.944
219,184.63,200.89,219.72,223.92,0.096162,0.186006,0.114438,0.207336,0.9401
220,297.56,745.3,211.55,209.38,0.154981,0.690095,0.110182,0.193872,0.9635
220,921.19,729.28,279.15,281.91,0.479788,0.675256,0.145389,0.26103,0.9604
220,1630.92,191.94,307.76,310.93,0.849438,0.177723,0.16029,0.287898,0.9569
220,640.42,625.68,282.49,280.31,0.33355,0.579334,0.147131,0.259545,0.954
220,986.14,269.57,312.29,313.86,0.513614,0.249599,0.162652,0.290615,0.9536
220,1341.07,862.87,281.06,280.24,0.698473,0.798955,0.146386,0.25948,0.9505
220,1707.44,762.26,267.52,266.92,0.889289,0.705801,0.139332,0.247151,0.9499
220,1293.48,451.77,217.29,219.9,0.673689,0.418303,0.113172,0.203608,0.9479
220,173.52,184.81,224.41,221.59,0.090377,0.171118,0.116878,0.205177,0.9382
220,1249.59,636.29,105.15,102.9,0.650828,0.589154,0.054766,0.095277,0.911
220,1889.39,1030.14,60.66,99.73,0.98406,0.953829,0.031595,0.092341,0.8346
221,1332.24,845.52,281.37,281.64,0.693876,0.782888,0.146545,0.260773,0.9639
221,164.35,168.4,214.37,220.17,0.085597,0.155926,0.111653,0.203861,0.9617
221,911.67,711.62,284.78,285.64,0.474826,0.658905,0.148321,0.264485,0.961
221,976.47,254.23,310.37,313.26,0.508579,0.235396,0.161652,0.290057,0.9585
221,1623.0,175.83,313.5,312.15,0.845313,0.162809,0.163279,0.28903,0.9565
221,631.55,610.64,277.33,281.99,0.328932,0.56541,0.144445,0.261104,0.9542
221,287.69,729.29,210.13,213.34,0.149841,0.675267,0.10944,0.197541,0.9534
221,1698.78,746.36,269.25,271.04,0.884781,0.691075,0.140237,0.250963,0.9525
221,1287.06,434.75,216.9,218.12,0.670341,0.402546,0.112969,0.20196,0.9432
221,1240.93,617.84,102.96,104.73,0.646318,0.572076,0.053627,0.096969,0.9156
221,1882.79,1018.79,74.41,122.14,0.980622,0.943323,0.038757,0.113092,0.8467
221,385.02,1041.16,306.77,77.68,0.200533,0.964035,0.159777,0.07193,0.7691
222,275.71,713.32,208.32,209.14,0.1436,0.660484,0.108499,0.193649,0.9639
222,1322.07,829.49,280.84,281.75,0.688579,0.768043,0.14627,0.260877,0.961
222,1688.29,730.46,269.77,269.8,0.879318,0.676349,0.140508,0.249815,0.9607
222,1613.9,160.39,315.66,312.69,0.840572,0.14851,0.164408,0.289532,0.9601
222,619.99,593.52,281.33,283.91,0.322913,0.549554,0.146528,0.262876,0.9593
222,901.26,694.08,282.01,283.99,0.469407,0.642665,0.146881,0.262957,0.9586
222,967.91,237.37,313.47,311.37,0.50412,0.219783,0.163267,0.28831,0.9563
222,1276.15,420.31,217.19,216.46,0.664662,0.389178,0.113118,0.200428,0.955
222,156.5,152.6,222.67,224.21,0.081513,0.141299,0.115974,0.207605,0.9442
222,1230.83,602.31,104.25,102.78,0.641057,0.557696,0.054299,0.095164,0.9242
222,1877.54,1010.18,84.91,137.43,0.977887,0.935351,0.044225,0.127251,0.8548
222,377.63,1033.29,299.19,93.42,0.196683,0.956748,0.155829,0.086504,0.8432
222,1889.13,48.81,61.75,95.83,0.98392,0.045198,0.032159,0.088735,0.7235
223,956.9,220.01,316.75,317.47,0.498385,0.203716,0.164976,0.293949,0.9641
223,610.97,576.12,280.77,284.17,0.318215,0.533443,0.146232,0.263119,0.9596
223,1681.13,714.08,269.59,271.85,0.875589,0.661189,0.140409,0.25171,0.9593
223,894.02,680.19,284.84,282.13,0.465636,0.629802,0.148354,0.261227,0.9581
223,1314.14,812.18,281.49,280.15,0.684449,0.752019,0.14661,0.259396,0.9554
223,144.07,135.71,218.5,222.78,0.075038,0.125658,0.113804,0.206276,0.955
223,1604.98,149.74,311.8,299.47,0.83593,0.138646,0.162398,0.277291,0.9543
223,267.51,696.11,207.3,209.48,0.139326,0.644551,0.107971,0.193958,0.9534
223,1267.66,402.38,217.28,219.59,0.660238,0.372573,0.113168,0.203326,0.95
223,1223.06,585.7,104.18,103.39,0.63701,0.542316,0.054262,0.095734,0.9053
223,364.43,1023.29,303.97,113.41,0.189808,0.947493,0.158318,0.105013,0.8819
223,1872.92,996.32,93.82,158.0,0.975477,0.922514,0.048867,0.146296,0.8758
223,1887.37,45.27,65.25,90.06,0.983007,0.041921,0.033985,0.083386,0.8025
224,882.37,663.16,282.02,285.01,0.459566,0.614041,0.146886,0.263898,0.9628
224,257.87,680.27,209.25,207.66,0.134307,0.629877,0.108986,0.192274,0.9615
224,949.06,204.31,311.75,315.09,0.4943,0.189172,0.162372,0.291748,0.9594
224,600.18,561.12,281.75,281.88,0.312592,0.519559,0.146745,0.260997,0.9564
224,1304.49,797.65,284.34,281.65,0.679421,0.738562,0.148092,0.260788,0.9558
224,1670.08,699.15,268.68,268.91,0.869832,0.647358,0.139938,0.248994,0.955
224,1595.82,140.82,310.39,281.64,0.831155,0.130388,0.161659,0.260775,0.9537
224,1258.16,386.12,218.01,218.74,0.655292,0.357515,0.113546,0.202535,0.9378
224,134.79,119.18,223.86,224.5,0.070204,0.110354,0.116595,0.207868,0.9316
224,1212.59,571.12,103.8,104.16,0.631555,0.528814,0.054062,0.096446,0.9254
224,357.81,1015.41,313.29,129.18,0.18636,0.940193,0.163173,0.119614,0.9085
224,1869.3,987.8,101.41,157.71,0.973592,0.914633,0.052817,0.146026,0.8857
225,1295.48,782.52,281.11,283.53,0.674731,0.724559,0.146413,0.262523,0.9583
225,1586.46,135.19,312.1,268.69,0.826284,0.125178,0.162554,0.24879,0.9573
225,590.19,544.35,280.81,284.28,0.307388,0.504025,0.146256,0.263226,0.9562
225,1662.17,682.53,267.94,268.14,0.865714,0.631972,0.139552,0.248281,0.9538
225,939.77,188.22,311.41,312.45,0.489465,0.174275,0.162194,0.289304,0.9535
225,1249.15,370.03,217.23,222.14,0.650597,0.342617,0.113138,0.20569,0.9523
225,873.4,649.41,281.38,282.49,0.454895,0.601308,0.146551,0.261561,0.95
225,246.89,665.36,210.49,212.3,0.128586,0.616073,0.109631,0.196578,0.9463
225,125.4,107.83,219.19,215.66,0.065312,0.099845,0.114159,0.199689,0.9442
225,1203.57,554.75,103.5,102.75,0.626859,0.513662,0.053904,0.095137,0.9213
225,346.32,1006.09,305.49,147.83,0.180377,0.931562,0.159111,0.136876,0.921
225,1863.46,968.94,112.09,164.69,0.97055,0.897167,0.058382,0.152491,0.9025
226,238.0,650.9,213.64,212.0,0.123958,0.602683,0.11127,0.196298,0.9617
226,582.38,530.32,283.31,282.61,0.303324,0.49104,0.147556,0.261679,0.9566
226,1239.51,356.46,218.09,220.46,0.645576,0.330058,0.113588,0.204128,0.9559
226,864.27,633.37,280.58,280.15,0.450142,0.586456,0.146134,0.259401,0.9558
226,1579.46,126.51,311.59,251.47,0.822637,0.117139,0.162288,0.232838,0.9551
226,1652.62,668.05,268.09,272.59,0.86074,0.618564,0.139633,0.252395,0.954
226,930.37,174.61,311.05,312.81,0.484565,0.161673,0.162006,0.289641,0.9525
226,1287.51,768.06,281.61,282.3,0.67058,0.711163,0.146671,0.261393,0.952
226,114.23,98.63,222.75,197.27,0.059494,0.091327,0.116016,0.182655,0.9327
226,1193.57,539.55,104.06,103.09,0.621653,0.499581,0.054199,0.095456,0.919
226,337.52,999.97,302.61,160.06,0.175791,0.925897,0.157608,0.148207,0.9181
226,1860.02,956.38,119.96,156.39,0.96876,0.885539,0.06248,0.144802,0.9139
227,919.38,160.83,310.57,313.55,0.478842,0.148914,0.161756,0.290326,0.9612
227,853.86,618.2,281.03,282.11,0.444719,0.572404,0.146369,0.261211,0.9598
227,1277.51,752.41,282.26,282.06,0.66537,0.696674,0.14701,0.261164,0.9535
227,1642.74,651.77,271.24,269.2,0.855594,0.603495,0.14127,0.249258,0.9518
227,227.31,636.54,207.8,212.15,0.11839,0.589389,0.108228,0.196435,0.9512
227,1229.87,339.44,215.61,219.29,0.640556,0.314296,0.112297,0.20305,0.9501
227,1567.43,118.22,309.89,236.26,0.816371,0.109462,0.161403,0.218761,0.9484
227,573.63,514.95,280.6,280.87,0.298763,0.476804,0.146145,0.260065,0.9482
227,109.45,91.55,218.9,182.2,0.057006,0.084765,0.114013,0.168699,0.9342
227,325.22,992.17,314.49,175.65,0.169387,0.918679,0.163796,0.162642,0.9268
227,1854.61,938.72,130.24,160.82,0.965943,0.869183,0.067835,0.148905,0.9215
227,1184.67,523.3,104.86,105.41,0.617018,0.48454,0.054613,0.097599,0.9162
228,844.63,604.96,278.73,279.84,0.43991,0.560151,0.145169,0.259108,0.9622
228,216.86,621.78,209.27,209.91,0.112946,0.575723,0.108997,0.194362,0.9594
228,911.44,150.48,307.33,300.07,0.474709,0.13933,0.160066,0.277846,0.9578
228,1266.99,738.14,282.84,282.91,0.65989,0.683466,0.14731,0.26195,0.9571
228,561.72,500.83,284.18,284.61,0.292561,0.463735,0.148008,0.263525,0.9554
228,1633.68,638.37,269.51,270.34,0.850873,0.591084,0.140372,0.250314,0.9552
228,1558.18,111.47,311.49,222.94,0.811552,0.103214,0.162234,0.206428,0.9469
228,1219.48,324.51,217.92,221.01,0.635148,0.300474,0.113498,0.20464,0.9397
228,1850.66,926.88,138.68,158.33,0.963885,0.858226,0.072231,0.146603,0.9394
228,314.06,985.5,314.24,189.01,0.163575,0.912496,0.163668,0.175008,0.9348
228,105.47,85.99,210.94,168.49,0.054931,0.079622,0.109863,0.156013,0.9337
228,1174.12,509.74,103.77,102.37,0.611521,0.471978,0.054044,0.094791,0.9159
229,1259.03,724.5,283.32,284.43,0.655743,0.670831,0.147564,0.263357,0.964
229,1211.69,311.13,218.23,220.83,0.631086,0.288085,0.113659,0.204474,0.9599
229,551.8,486.66,282.31,285.33,0.287398,0.450608,0.147039,0.264196,0.9599
229,837.21,590.17,285.49,286.83,0.436047,0.54645,0.148695,0.265586,0.9594
229,901.52,143.15,313.49,286.29,0.46954,0.132544,0.163274,0.265087,0.9587
229,1627.07,624.38,269.61,270.4,0.847432,0.578132,0.14042,0.250375,0.9563
229,1550.31,104.76,313.89,209.52,0.807454,0.097002,0.163483,0.194004,0.952
229,208.04,606.43,209.23,211.01,0.108355,0.561511,0.108975,0.195383,0.952
229,304.23,978.46,318.82,201.65,0.158455,0.90598,0.166053,0.186708,0.9436
229,97.59,77.28,195.18,153.19,0.050829,0.071555,0.101658,0.141845,0.9292
229,1846.0,911.07,148.0,160.87,0.96146,0.843583,0.077081,0.14895,0.9262
229,1166.17,495.64,105.0,103.97,0.607382,0.458925,0.054686,0.09627,0.9153
230,197.27,592.61,209.97,209.52,0.102745,0.548712,0.109361,0.194,0.9639
230,542.73,472.08,281.19,285.33,0.282671,0.437115,0.146454,0.264197,0.9619
230,1249.66,711.08,281.51,282.75,0.650867,0.658404,0.146618,0.261809,0.961
230,1614.94,610.8,270.47,274.09,0.841116,0.565559,0.140872,0.253788,0.9596
230,824.76,575.36,284.9,282.03,0.429563,0.532741,0.148387,0.261136,0.9555
230,891.87,136.13,312.4,271.09,0.464518,0.126042,0.162711,0.25101,0.9554
230,292.65,971.63,318.07,214.53,0.152424,0.899657,0.165664,0.198635,0.9542
230,1543.14,97.75,314.88,195.51,0.803719,0.090513,0.163998,0.181025,0.9441
230,1841.64,897.83,156.72,164.09,0.959188,0.831323,0.081625,0.15194,0.936
230,1199.93,295.63,216.13,218.78,0.624964,0.273727,0.112569,0.202577,0.9353
230,98.05,72.23,196.1,144.1,0.051067,0.066881,0.102134,0.133429,0.9238
230,1156.84,481.53,105.3,104.46,0.602519,0.445862,0.054843,0.096721,0.9157
231,531.08,459.42,281.97,283.34,0.276603,0.425386,0.146859,0.262354,0.96
231,284.99,965.16,316.82,227.5,0.148435,0.893664,0.165012,0.210649,0.9595
231,1607.96,596.75,273.07,273.1,0.837478,0.552544,0.142226,0.252868,0.9582
231,816.01,563.4,280.42,279.37,0.425004,0.521671,0.146051,0.258672,0.9551
231,1239.77,696.08,281.69,282.94,0.645712,0.644521,0.146715,0.261977,0.9534
231,188.17,579.13,211.71,213.31,0.098006,0.536232,0.110266,0.197513,0.9505
231,881.12,129.24,314.1,258.28,0.458919,0.119669,0.163595,0.239152,0.9487
231,1835.92,883.28,163.37,163.7,0.956208,0.817848,0.085091,0.151572,0.9398
231,1192.85,284.42,218.14,217.15,0.621275,0.26335,0.113614,0.201064,0.9337
231,1538.32,90.63,315.87,181.26,0.801207,0.083918,0.164515,0.167835,0.9256
231,1146.91,468.16,105.02,103.91,0.597348,0.433483,0.054698,0.096211,0.9202
231,90.36,64.7,180.72,128.62,0.047062,0.059905,0.094125,0.119092,0.8873
232,177.85,565.95,213.08,211.38,0.092628,0.524026,0.110977,0.195725,0.9626
232,805.81,549.57,279.32,284.59,0.419694,0.508858,0.145477,0.263513,0.9565
232,522.3,445.51,283.37,283.9,0.27203,0.412511,0.14759,0.262867,0.9563
232,1597.65,583.23,269.23,269.32,0.832109,0.540029,0.140225,0.24937,0.9502
232,1182.58,272.71,219.13,219.11,0.615925,0.252509,0.11413,0.20288,0.9494
232,275.6,958.79,320.75,242.41,0.143539,0.887771,0.167059,0.224458,0.9487
232,874.0,122.43,314.01,244.86,0.455208,0.11336,0.163549,0.226721,0.9473
232,1231.5,683.61,285.29,284.5,0.641408,0.632977,0.148589,0.263429,0.9468
232,1828.07,869.86,165.54,166.37,0.952119,0.805428,0.086218,0.154043,0.9329
232,1135.09,454.92,104.09,103.94,0.59119,0.421226,0.054215,0.096239,0.9257
232,1527.06,83.07,314.46,166.15,0.795344,0.07692,0.163781,0.15384,0.9081
232,86.96,58.94,173.92,117.45,0.045291,0.054572,0.090582,0.108752,0.8801
233,795.37,536.33,282.23,284.77,0.414256,0.496599,0.146993,0.26368,0.9619
233,1220.21,670.02,283.71,284.9,0.635527,0.620393,0.147766,0.263796,0.96
233,167.74,553.86,212.12,213.84,0.087366,0.512835,0.110479,0.198002,0.9569
233,263.07,951.52,315.04,256.95,0.137015,0.88104,0.164086,0.237919,0.9563
233,1173.8,257.69,217.43,219.84,0.611353,0.238605,0.113243,0.203553,0.954
233,512.31,432.13,279.05,284.51,0.266827,0.400124,0.14534,0.263433,0.9531
233,861.58,116.26,311.89,232.53,0.448741,0.107652,0.162445,0.215304,0.9524
233,1589.37,569.77,269.34,270.25,0.827798,0.52756,0.140283,0.25023,0.9501
233,1819.94,857.65,167.48,162.74,0.947884,0.79412,0.087231,0.150689,0.9356
233,1126.58,440.97,103.73,104.27,0.586762,0.408302,0.054026,0.096542,0.9302
233,1518.41,77.22,313.68,154.45,0.790838,0.071504,0.163374,0.143008,0.9164
233,77.09,51.28,154.19,102.24,0.040153,0.047481,0.080305,0.094666,0.8899
234,1210.37,659.25,282.03,282.97,0.6304,0.610414,0.146893,0.262006,0.9626
234,502.57,419.68,284.19,288.02,0.261756,0.388594,0.148016,0.266683,0.9608
234,786.38,524.1,280.94,283.67,0.409575,0.485281,0.146324,0.262661,0.9601
234,254.82,945.48,319.24,269.04,0.13272,0.875443,0.16627,0.249114,0.9562
234,1578.65,558.59,268.01,270.22,0.822214,0.517215,0.139586,0.250205,0.954
234,853.86,109.97,311.39,219.93,0.444721,0.101821,0.162184,0.203643,0.9534
234,157.26,541.01,211.16,211.03,0.081904,0.500934,0.109978,0.195402,0.948
234,1164.3,243.52,217.14,217.5,0.606408,0.225483,0.113096,0.201385,0.9477
234,1810.39,844.67,167.61,165.57,0.942911,0.782102,0.087299,0.15331,0.9405
234,1119.13,428.91,105.61,106.04,0.582882,0.397143,0.055005,0.098185,0.9329
234,1503.07,68.65,322.0,137.13,0.782851,0.063562,0.167707,0.126968,0.909
234,73.69,41.25,145.59,82.14,0.038382,0.038192,0.075831,0.076059,0.8128
234,1878.78,1064.27,62.87,31.47,0.978532,0.985431,0.032747,0.029138,0.7266
235,1153.93,233.51,218.03,219.85,0.601005,0.216216,0.11356,0.203563,0.9656
235,1568.75,545.34,269.63,273.86,0.817059,0.504949,0.140433,0.253576,0.9625
235,494.01,407.81,284.72,287.13,0.257295,0.377599,0.148292,0.265858,0.9601
235,1199.81,646.48,284.4,283.48,0.624902,0.598593,0.148127,0.262485,0.9599
235,147.87,530.7,211.86,210.47,0.077015,0.491386,0.110345,0.194876,0.958
235,777.71,511.64,286.01,285.43,0.405055,0.473745,0.148965,0.264282,0.9573
235,844.92,104.82,312.31,209.64,0.440062,0.097058,0.16266,0.194115,0.954
235,243.63,940.05,324.31,279.9,0.12689,0.870418,0.168911,0.259163,0.9503
235,1802.07,834.28,166.27,165.16,0.938578,0.772479,0.086598,0.15293,0.9451
235,1107.37,416.85,105.11,103.6,0.576753,0.385969,0.054744,0.095926,0.9225
235,1500.09,63.07,323.1,125.89,0.781295,0.058394,0.168281,0.116563,0.8937
235,1869.43,1058.17,62.42,43.47,0.973663,0.979784,0.032513,0.040254,0.7406
235,69.57,38.68,137.65,77.36,0.036236,0.035814,0.071694,0.071628,0.7347
236,484.14,396.01,282.83,286.33,0.252154,0.366673,0.147308,0.265123,0.9605
236,1562.16,534.97,271.16,272.66,0.813623,0.495338,0.141231,0.252466,0.9597
236,1192.6,633.71,283.6,284.52,0.621144,0.586773,0.147711,0.263441,0.959
236,231.88,933.91,320.08,292.11,0.120771,0.864733,0.166706,0.270468,0.9564
236,136.52,517.94,209.85,213.05,0.071103,0.479574,0.109299,0.197272,0.9557
236,767.69,501.53,284.08,283.48,0.399839,0.464377,0.147961,0.262483,0.9557
236,835.14,98.62,310.65,197.24,0.434969,0.091317,0.161797,0.182633,0.9487
236,1145.87,220.06,220.39,222.69,0.596805,0.203758,0.114785,0.206199,0.9431
236,1791.0,823.14,164.36,165.34,0.932811,0.762171,0.085603,0.153093,0.9406
236,1100.36,406.44,107.96,105.24,0.573105,0.376333,0.056227,0.097444,0.9205
236,1494.55,57.93,315.54,115.3,0.778409,0.053635,0.164346,0.106762,0.8516
236,1859.2,1053.08,61.68,52.71,0.968334,0.975075,0.032123,0.048802,0.7913
237,472.53,385.15,285.35,286.32,0.246112,0.356623,0.148619,0.26511,0.9582
237,757.38,490.12,281.16,283.91,0.394467,0.453816,0.146439,0.262876,0.9581
237,1551.53,523.63,270.01,272.52,0.808086,0.484839,0.140631,0.252334,0.9577
237,1184.34,624.48,284.26,281.1,0.616842,0.578223,0.148054,0.260274,0.9569
237,126.91,506.77,212.36,209.01,0.066099,0.469231,0.110603,0.193531,0.9562
237,224.27,928.44,320.95,302.14,0.116809,0.859664,0.167162,0.279763,0.9533
237,826.1,92.95,309.69,185.89,0.430259,0.086062,0.161295,0.172124,0.9404
237,1135.38,208.7,220.17,220.41,0.591342,0.193241,0.114673,0.204083,0.9401
237,1088.98,393.97,105.47,105.56,0.567178,0.364789,0.054934,0.097738,0.9349
237,1784.54,810.06,166.3,164.74,0.929446,0.750055,0.086615,0.152541,0.9335
237,1849.82,1047.03,62.39,61.99,0.963448,0.96947,0.032495,0.057398,0.9238
237,1470.56,50.98,290.81,101.23,0.765919,0.047208,0.151463,0.09373,0.8604
237,1212.41,1055.97,206.26,48.07,0.631464,0.977746,0.107426,0.044508,0.7048
238,117.06,496.25,213.62,211.58,0.060971,0.459491,0.11126,0.195912,0.9621
238,1127.38,198.54,219.34,221.69,0.587178,0.183834,0.11424,0.205272,0.9597
238,465.54,374.28,287.04,287.56,0.242468,0.346556,0.149499,0.266259,0.9597
238,1172.09,613.14,283.7,286.09,0.610461,0.567724,0.147758,0.2649,0.9564
238,749.54,479.07,282.33,286.94,0.390386,0.443586,0.147049,0.265683,0.9546
238,1544.09,512.51,272.53,269.89,0.804214,0.474548,0.141945,0.2499,0.952
238,213.21,921.44,323.39,315.63,0.111047,0.853185,0.168432,0.292252,0.9493
238,1773.69,801.48,167.09,166.81,0.923795,0.742107,0.087025,0.154457,0.9437
238,1080.27,383.69,104.56,103.84,0.56264,0.355271,0.05446,0.096153,0.9427
238,817.64,87.99,310.63,175.97,0.425854,0.081468,0.161785,0.162936,0.9265
238,1841.47,1035.7,63.48,63.24,0.9591,0.958977,0.033062,0.058557,0.9191
238,1466.58,44.88,287.4,89.77,0.763844,0.041558,0.149689,0.083116,0.8285
238,1199.46,1052.16,184.57,54.94,0.62472,0.974221,0.096129,0.050867,0.7779
239,1164.0,602.74,281.16,287.14,0.606252,0.558095,0.14644,0.265875,0.9599
239,739.33,467.72,284.07,284.28,0.385066,0.433074,0.147951,0.263222,0.959
239,454.71,364.35,283.88,286.1,0.23683,0.337364,0.147852,0.264906,0.9563
239,1534.09,503.73,270.19,270.22,0.799004,0.466413,0.140721,0.250206,0.9536
239,107.35,486.0,207.14,211.15,0.055909,0.449997,0.107887,0.195512,0.9522
239,204.68,914.53,315.87,315.95,0.106602,0.846787,0.164514,0.292545,0.9487
239,1116.21,187.7,219.43,221.33,0.581359,0.173795,0.114289,0.204932,0.9461
239,1764.08,790.63,167.05,164.79,0.91879,0.732069,0.087007,0.152581,0.9345
239,1831.67,1025.82,61.72,62.21,0.953997,0.949835,0.032145,0.057602,0.9271
239,808.04,81.66,315.9,163.32,0.420853,0.075613,0.164534,0.151226,0.9234
239,1070.55,371.19,106.03,105.29,0.55758,0.343696,0.055223,0.097487,0.9147
239,1187.52,1044.99,190.27,69.44,0.618499,0.967579,0.0991,0.064293,0.8394
239,1457.15,39.56,293.82,79.12,0.758931,0.036632,0.15303,0.073264,0.7919
240,1154.18,592.36,284.02,284.21,0.601133,0.548486,0.147925,0.263162,0.9604
240,728.41,457.8,283.66,284.4,0.379381,0.423892,0.147742,0.263335,0.9601
240,102.47,474.62,204.95,212.52,0.053372,0.439459,0.106743,0.196775,0.9576
240,1524.25,491.81,274.17,276.55,0.793879,0.455381,0.142797,0.256062,0.9576
240,443.16,353.41,283.25,287.49,0.230811,0.327235,0.147528,0.266192,0.9575
240,193.7,907.44,320.98,322.61,0.100886,0.84022,0.167178,0.298714,0.9464
240,1108.37,177.18,216.82,217.58,0.577276,0.164053,0.112926,0.201466,0.9371
240,1756.48,779.86,165.17,164.19,0.914831,0.722092,0.086026,0.152029,0.9361
240,1061.41,362.25,105.11,104.92,0.55282,0.335421,0.054746,0.097146,0.9294
240,793.5,74.86,318.16,149.72,0.413281,0.069317,0.16571,0.138634,0.9254
240,1823.32,1016.11,62.22,63.02,0.949646,0.94084,0.032409,0.058348,0.9243
240,1182.62,1040.38,182.3,79.25,0.61595,0.96331,0.094948,0.073379,0.8764
240,1886.16,250.58,66.87,286.73,0.982375,0.232014,0.034829,0.265489,0.7723
240,1443.49,33.89,286.27,67.77,0.751817,0.031376,0.149098,0.062752,0.7283
241,97.2,466.83,194.4,214.22,0.050625,0.43225,0.101249,0.198349,0.962
241,1515.17,480.95,270.93,274.35,0.789149,0.445328,0.141112,0.254024,0.9615
241,1144.51,582.82,283.69,284.36,0.596098,0.539644,0.147756,0.263295,0.9594
241,434.98,344.25,285.11,288.34,0.226552,0.318752,0.148494,0.26698,0.9592
241,1098.5,167.32,219.63,222.08,0.572134,0.154922,0.11439,0.205633,0.9577
241,720.12,447.31,286.32,288.24,0.375063,0.41418,0.149124,0.266891,0.9572
241,181.71,895.54,325.92,321.09,0.094639,0.829203,0.16975,0.297302,0.9441
241,1746.16,771.33,165.46,166.03,0.909456,0.714194,0.086177,0.153736,0.944
241,1051.32,352.21,105.57,104.28,0.547562,0.326121,0.054985,0.096559,0.9374
241,1813.09,1005.58,63.09,63.05,0.944319,0.931091,0.032861,0.058378,0.9229
241,788.38,69.92,324.67,139.77,0.410615,0.064743,0.169098,0.129419,0.9198
241,1169.91,1034.76,187.11,89.35,0.609326,0.95811,0.097455,0.082732,0.8816
241,1880.48,243.5,78.1,276.05,0.979415,0.225458,0.040679,0.255604,0.8113
242,424.87,333.57,285.99,286.9,0.221288,0.308858,0.148952,0.265647,0.9602
242,1136.86,573.99,284.33,284.15,0.592112,0.531471,0.148088,0.263101,0.9588
242,173.89,889.1,318.05,322.36,0.090565,0.823241,0.165652,0.298481,0.9583
242,1506.21,473.56,270.87,273.65,0.784483,0.438477,0.141079,0.253376,0.9576
242,711.36,440.22,283.98,282.03,0.370498,0.407611,0.147908,0.261135,0.9568
242,1088.09,159.03,217.94,219.89,0.566716,0.147246,0.113513,0.203604,0.9533
242,91.55,457.59,183.1,213.42,0.047682,0.423692,0.095363,0.197616,0.9474
242,1738.36,761.99,170.05,167.07,0.905397,0.705551,0.088566,0.154692,0.9454
242,1803.85,996.83,62.52,62.73,0.939507,0.922991,0.032563,0.058085,0.9442
242,1043.37,343.35,105.68,104.58,0.543424,0.317919,0.055043,0.096837,0.9099
242,775.23,65.11,308.23,130.0,0.403766,0.060283,0.160538,0.120367,0.9011
242,1161.21,1031.14,180.69,96.64,0.604797,0.95476,0.094109,0.08948,0.892
242,1877.32,238.57,84.42,273.68,0.977772,0.220902,0.04397,0.253408,0.8202
243,698.65,429.64,281.2,285.04,0.363882,0.397817,0.146456,0.26393,0.9594
243,1126.15,564.03,285.92,283.24,0.586536,0.52225,0.148917,0.262261,0.9578
243,413.88,325.69,286.34,288.12,0.215561,0.301567,0.149136,0.266774,0.9578
243,167.58,878.52,316.55,322.4,0.087283,0.813447,0.164871,0.298518,0.9566
243,1496.89,464.08,273.9,273.23,0.779629,0.429702,0.142656,0.252988,0.9561
243,87.07,446.56,174.14,215.11,0.045348,0.413484,0.090696,0.199172,0.9437
243,1727.01,754.25,167.4,164.15,0.899482,0.698377,0.087186,0.151993,0.9386
243,1078.53,149.52,218.4,217.61,0.561732,0.138448,0.113748,0.201492,0.9365
243,1032.62,334.4,104.69,105.2,0.537824,0.309627,0.054524,0.097411,0.9257
243,1152.72,1026.52,181.99,106.97,0.600377,0.950477,0.094789,0.099046,0.9136
243,1795.75,988.08,63.13,62.54,0.935285,0.914891,0.032881,0.057909,0.9131
243,1871.19,221.79,97.62,282.06,0.974578,0.205359,0.050844,0.261164,0.8674
243,767.6,62.01,321.47,123.84,0.399792,0.057417,0.167434,0.114669,0.8502
244,404.63,316.54,286.64,287.88,0.210744,0.293096,0.149292,0.266559,0.9592
244,690.39,421.28,285.85,289.15,0.35958,0.390075,0.148878,0.267734,0.959
244,1116.62,555.89,284.26,285.53,0.581573,0.514709,0.148053,0.264384,0.9571
244,1487.41,455.48,274.06,274.37,0.774691,0.421737,0.142742,0.254046,0.9562
244,82.55,439.43,163.65,211.87,0.042992,0.406877,0.085235,0.196174,0.9445
244,160.73,871.47,315.94,327.09,0.083712,0.80692,0.164554,0.302858,0.9416
244,1719.46,743.71,164.77,166.19,0.895554,0.688621,0.085817,0.153876,0.938
244,1071.15,141.57,221.3,219.46,0.55789,0.131084,0.11526,0.203201,0.9343
244,1023.37,325.26,106.68,105.28,0.533006,0.301166,0.055563,0.097486,0.932
244,1785.31,979.54,63.92,63.53,0.929847,0.906978,0.03329,0.058826,0.9255
244,1145.4,1021.69,178.54,116.61,0.596561,0.946012,0.092987,0.107977,0.9142
244,1867.28,219.97,105.44,277.79,0.972541,0.20368,0.054919,0.257217,0.8925
244,760.03,57.44,313.21,114.68,0.39585,0.053181,0.163132,0.106182,0.8138
245,680.21,413.81,284.55,285.83,0.354276,0.383153,0.148204,0.264656,0.9606
245,1107.46,548.7,283.63,287.12,0.576802,0.508054,0.147722,0.265852,0.9571
245,395.24,308.46,283.46,288.68,0.205856,0.285611,0.147635,0.267295,0.9546
245,1060.99,131.81,221.28,220.91,0.552597,0.122045,0.115248,0.20455,0.9538
245,1479.51,449.57,272.47,269.87,0.770577,0.416269,0.141911,0.249883,0.9527
245,1710.41,736.76,167.3,166.16,0.89084,0.682185,0.087134,0.153848,0.9479
245,150.82,861.08,301.64,320.68,0.078551,0.797296,0.157102,0.296928,0.9466
245,77.11,431.39,153.06,215.48,0.040159,0.399436,0.079719,0.19952,0.9431
245,1776.77,972.81,62.41,62.57,0.925399,0.900749,0.032503,0.057937,0.9279
245,1135.49,1018.43,184.24,123.13,0.5914,0.942993,0.095959,0.114013,0.9252
245,1014.22,316.6,105.99,104.61,0.52824,0.293146,0.055203,0.096858,0.9174
245,1863.91,206.07,112.17,289.91,0.970789,0.190806,0.058422,0.268434,0.8955
245,746.74,53.2,312.76,106.27,0.388927,0.04926,0.162894,0.098394,0.7152
246,1097.74,541.84,285.57,286.37,0.571742,0.501708,0.148732,0.265154,0.9618
246,671.27,405.4,284.68,285.5,0.349622,0.375375,0.14827,0.264353,0.9598
246,383.17,300.42,285.27,289.57,0.199565,0.278167,0.148578,0.268117,0.9598
246,1468.67,439.87,270.87,272.2,0.764934,0.407284,0.141078,0.25204,0.9531
246,147.22,855.21,294.44,321.72,0.076677,0.791857,0.153354,0.297887,0.9473
246,1050.28,121.36,218.79,223.4,0.547021,0.112374,0.113954,0.206847,0.9403
246,71.74,422.98,142.56,209.88,0.037364,0.391651,0.074249,0.194335,0.9381
246,1698.98,728.7,167.73,165.86,0.884887,0.674719,0.08736,0.153572,0.9371
246,1004.11,308.16,105.93,106.64,0.522976,0.285332,0.055172,0.098745,0.9316
246,1124.99,1014.26,181.95,131.48,0.585934,0.939131,0.094766,0.121739,0.9271
246,1767.77,964.84,62.24,62.94,0.920715,0.893372,0.032418,0.058277,0.9262
246,1857.24,200.08,125.53,293.06,0.96731,0.185259,0.065379,0.271347,0.9053
246,737.92,47.23,292.12,94.46,0.384334,0.043731,0.152148,0.087461,0.8258
246,1522.79,1065.0,102.79,28.95,0.79312,0.986108,0.053537,0.026808,0.7858
247,374.63,294.58,284.62,288.71,0.195121,0.272763,0.148242,0.267322,0.9631
247,1088.39,533.18,285.59,286.03,0.566871,0.493681,0.148743,0.264846,0.9627
247,1458.48,432.04,270.16,274.8,0.759627,0.400034,0.140707,0.254445,0.9592
247,659.71,397.3,284.76,288.31,0.343599,0.367869,0.148315,0.266957,0.9591
247,143.15,849.19,286.3,322.7,0.074557,0.786291,0.149114,0.298797,0.9485
247,1040.16,115.16,219.28,221.06,0.54175,0.106627,0.114209,0.204687,0.9441
247,1691.71,721.07,166.61,165.67,0.881096,0.667659,0.086777,0.153397,0.9437
247,66.8,416.45,132.71,213.63,0.034794,0.385606,0.069118,0.19781,0.9395
247,1114.24,1012.18,181.38,134.82,0.580331,0.937206,0.094467,0.124835,0.9375
247,994.04,301.56,106.52,104.12,0.517727,0.279226,0.055479,0.096407,0.9221
247,1759.03,957.9,62.56,62.26,0.916164,0.886944,0.032584,0.057651,0.9163
247,1852.72,191.2,134.57,295.31,0.964956,0.177037,0.070089,0.273438,0.9052
247,724.74,42.67,288.93,85.33,0.377469,0.039514,0.150485,0.079006,0.8153
247,1510.19,1063.15,108.66,32.33,0.786558,0.984394,0.056596,0.029932,0.7686
248,1032.64,110.53,218.96,217.69,0.537833,0.102347,0.114042,0.201563,0.9632
248,1450.01,425.19,270.95,275.44,0.755213,0.393695,0.141121,0.255033,0.9621
248,1078.47,526.08,287.75,289.45,0.561703,0.48711,0.149872,0.268007,0.961
248,363.95,285.39,282.07,287.4,0.189559,0.264248,0.146909,0.266114,0.9597
248,652.31,391.61,286.69,284.82,0.339742,0.362598,0.149317,0.263723,0.9551
248,136.73,842.36,272.16,326.4,0.071216,0.77996,0.141749,0.302226,0.9543
248,62.72,410.24,124.61,214.74,0.032666,0.379855,0.064902,0.198836,0.9473
248,1683.04,716.47,168.23,168.06,0.876585,0.663399,0.087621,0.155612,0.9456
248,1104.07,1008.34,178.57,143.32,0.575037,0.933647,0.093008,0.132705,0.9223
248,1748.79,950.68,62.38,63.67,0.910828,0.880262,0.032489,0.058951,0.921
248,986.68,295.14,105.4,103.63,0.513895,0.273281,0.054895,0.095952,0.9201
248,1849.64,184.85,140.73,293.04,0.963352,0.171153,0.073297,0.271329,0.9159
248,1502.86,1059.55,108.89,39.73,0.782737,0.981068,0.056713,0.03679,0.8038
248,717.74,38.22,283.11,76.45,0.373822,0.035392,0.147452,0.070785,0.8012
249,1440.38,418.53,271.89,274.07,0.7502,0.38753,0.141608,0.253766,0.9606
249,352.43,279.74,283.77,287.63,0.18356,0.259017,0.147795,0.266324,0.9604
249,1068.98,519.69,288.51,287.21,0.556762,0.481193,0.150263,0.265938,0.9597
249,642.11,383.98,287.16,286.77,0.334432,0.35554,0.149562,0.265529,0.9592
249,133.49,837.83,266.98,332.11,0.069527,0.775771,0.139055,0.307509,0.9518
249,1672.02,709.78,167.91,166.08,0.870845,0.657203,0.087454,0.153782,0.9392
249,1020.57,106.98,216.44,212.29,0.531548,0.099054,0.112729,0.196563,0.9371
249,1096.53,1006.15,180.7,147.48,0.571108,0.931623,0.094113,0.136553,0.9324
249,56.89,403.39,112.96,221.08,0.029631,0.373505,0.058834,0.204707,0.9308
249,1845.44,178.99,149.12,297.12,0.961166,0.165729,0.077668,0.275114,0.9238
249,1740.01,944.3,62.79,62.53,0.906253,0.874353,0.032702,0.057901,0.9179
249,975.6,286.93,104.39,104.65,0.508126,0.265677,0.054369,0.096897,0.9156
249,1495.13,1054.61,98.22,49.07,0.778713,0.976491,0.051155,0.045434,0.8075
249,709.41,36.59,287.43,73.18,0.369486,0.033878,0.149702,0.067756,0.7544
250,127.24,833.92,254.48,328.89,0.066272,0.772145,0.132544,0.304524,0.9596
250,1430.76,412.19,273.82,273.5,0.745186,0.381655,0.142612,0.253237,0.9586
250,631.66,378.7,281.81,286.48,0.328987,0.350651,0.146778,0.265259,0.9577
250,343.35,273.81,287.16,285.24,0.178827,0.253526,0.149565,0.264114,0.957
250,1059.66,512.74,286.17,285.77,0.551905,0.474755,0.149045,0.264598,0.9551
250,1086.05,1002.41,181.58,155.17,0.565652,0.928161,0.094574,0.143677,0.9472
250,1730.63,939.08,63.17,63.38,0.901372,0.869517,0.032899,0.058686,0.9423
250,1665.03,702.5,167.47,163.93,0.867201,0.650461,0.087222,0.151787,0.9416
250,1840.81,175.41,158.39,289.78,0.958753,0.162414,0.082494,0.26831,0.9297
250,966.16,282.55,106.23,105.22,0.503206,0.261616,0.055331,0.097422,0.9292
250,1012.94,103.16,218.79,206.31,0.527572,0.095514,0.113951,0.191028,0.927
250,50.74,394.55,101.01,215.31,0.026427,0.365322,0.05261,0.199365,0.9024
250,1482.78,1052.09,99.68,54.8,0.772284,0.974157,0.051914,0.050739,0.8412
250,695.12,31.41,288.84,62.76,0.362043,0.029084,0.150437,0.058107,0.7053
251,121.61,829.7,243.23,327.08,0.06334,0.768239,0.126681,0.302851,0.958
251,621.5,370.99,283.93,286.24,0.3237,0.34351,0.14788,0.265034,0.9562
251,1423.33,407.28,275.12,273.47,0.741317,0.377109,0.143294,0.253215,0.9556
251,335.03,266.54,284.29,285.65,0.174493,0.246796,0.148069,0.264489,0.9481
251,1653.74,696.94,172.52,168.02,0.861322,0.64531,0.089853,0.155574,0.9479
251,1048.96,508.73,283.64,284.69,0.546332,0.471049,0.147729,0.263602,0.9478
251,1002.0,102.07,219.46,204.15,0.521873,0.094514,0.114303,0.189027,0.9389
251,1078.99,999.28,182.55,161.44,0.561973,0.925261,0.095077,0.149479,0.9343
251,1834.87,166.59,170.26,297.41,0.955661,0.154252,0.088678,0.275379,0.9334
251,954.96,276.99,107.17,105.8,0.497377,0.256477,0.055817,0.097964,0.9288
251,1721.96,933.66,63.9,63.88,0.896853,0.8645,0.033279,0.059149,0.9265
251,46.37,390.33,91.49,215.18,0.024152,0.361416,0.047649,0.199242,0.9236
251,1474.95,1050.35,102.54,58.69,0.768201,0.972543,0.053406,0.054345,0.8715
252,610.37,368.06,284.88,286.17,0.317902,0.3408,0.148374,0.264974,0.963
252,1039.59,504.45,286.71,285.86,0.541455,0.467085,0.14933,0.264688,0.9549
252,323.03,262.91,287.36,287.93,0.168245,0.243436,0.149664,0.266606,0.9537
252,1412.1,402.19,271.13,271.3,0.735468,0.372394,0.141212,0.251207,0.9497
252,117.38,819.43,234.77,327.77,0.061138,0.758733,0.122275,0.303488,0.9494
252,1644.84,693.5,169.57,168.28,0.856687,0.642133,0.08832,0.155814,0.9446
252,992.25,97.97,219.46,195.93,0.516796,0.090709,0.114302,0.181418,0.9403
252,1830.65,161.36,177.11,298.95,0.953463,0.14941,0.092243,0.276806,0.936
252,1066.35,996.32,182.41,165.76,0.555389,0.922522,0.095006,0.153484,0.9357
252,947.05,271.19,105.84,105.14,0.493253,0.251099,0.055124,0.097355,0.9271
252,1713.16,929.34,61.08,61.44,0.892269,0.860501,0.031812,0.056892,0.9157
252,40.08,386.5,79.22,213.81,0.020874,0.357875,0.041262,0.197975,0.8948
252,1466.0,1047.96,99.05,62.68,0.763542,0.970334,0.051588,0.058033,0.88
253,601.32,363.29,287.0,290.31,0.313187,0.336383,0.149479,0.268808,0.9631
253,1030.59,497.55,285.26,284.27,0.536768,0.460691,0.148575,0.263215,0.9592
253,313.9,255.92,284.93,288.91,0.163489,0.236961,0.1484,0.267509,0.9572
253,1403.6,396.78,272.09,273.45,0.731042,0.367386,0.141713,0.253193,0.9515
253,983.42,95.95,220.52,191.9,0.512195,0.088842,0.114852,0.177684,0.9474
253,1059.95,995.2,183.54,167.87,0.552059,0.921485,0.095595,0.155433,0.9473
253,112.04,817.87,224.08,333.2,0.058353,0.757283,0.116706,0.308521,0.9472
253,1703.1,924.65,62.38,63.47,0.887034,0.856158,0.032488,0.058765,0.9397
253,1826.17,157.04,187.07,294.99,0.95113,0.14541,0.097431,0.273142,0.9395
253,1638.26,688.54,168.78,165.79,0.853263,0.637536,0.087905,0.153513,0.9382
253,937.84,266.48,107.29,106.24,0.488457,0.246742,0.055882,0.098367,0.9225
253,1457.07,1045.53,102.26,68.94,0.758891,0.968083,0.053261,0.063833,0.8767
253,36.87,380.63,73.65,207.9,0.019205,0.352439,0.03836,0.192502,0.8596
253,503.76,1061.28,168.68,36.74,0.262374,0.982668,0.087854,0.034017,0.7123
254,593.26,357.88,288.45,288.97,0.308992,0.331374,0.150234,0.267569,0.9597
254,304.27,251.31,285.73,288.72,0.158474,0.232696,0.148816,0.267334,0.9593
254,1020.25,494.77,286.9,286.83,0.531378,0.458122,0.149426,0.265579,0.9589
254,1394.12,392.89,273.6,274.16,0.726106,0.363787,0.142497,0.25385,0.9566
254,105.97,812.8,211.93,331.74,0.05519,0.752596,0.110381,0.307162,0.9491
254,974.16,94.04,219.87,188.08,0.507373,0.087076,0.114513,0.174151,0.9459
254,1627.38,684.65,166.2,167.93,0.847596,0.633936,0.086564,0.155488,0.9455
254,1822.45,155.07,195.11,288.5,0.94919,0.143582,0.10162,0.267133,0.9366
254,1047.7,992.22,183.08,174.1,0.545676,0.918722,0.095352,0.161208,0.9353
254,1693.34,919.98,63.98,64.23,0.88195,0.851837,0.033325,0.059474,0.9336
254,926.88,261.71,106.51,105.91,0.482749,0.242322,0.055472,0.098068,0.9291
254,1446.71,1044.07,99.87,71.86,0.753495,0.966733,0.052016,0.066535,0.8842
254,30.66,373.94,60.64,207.64,0.015969,0.346236,0.031581,0.192255,0.8232
254,485.08,1059.51,176.46,40.3,0.252647,0.981031,0.091907,0.037313,0.7414
255,582.72,354.13,288.46,287.71,0.303501,0.327894,0.150241,0.266399,0.9604
255,1012.32,489.99,287.5,287.9,0.527253,0.453697,0.14974,0.266572,0.9596
255,294.13,248.66,287.26,291.49,0.153195,0.23024,0.149616,0.269901,0.9581
255,1385.39,390.09,273.1,275.35,0.721557,0.361198,0.142238,0.254951,0.9574
255,101.44,809.77,202.87,332.32,0.052831,0.749783,0.105662,0.307708,0.9438
255,1618.14,679.65,170.0,168.23,0.842781,0.629301,0.088542,0.155768,0.9422
255,1816.59,149.81,204.52,287.42,0.946138,0.138713,0.106522,0.266131,0.9396
255,963.01,90.55,218.01,181.1,0.501566,0.083842,0.113545,0.167684,0.9355
255,1684.14,916.51,61.51,62.64,0.877159,0.848622,0.032037,0.057999,0.934
255,1038.19,991.37,180.88,173.98,0.540726,0.917937,0.094208,0.161089,0.932
255,917.95,257.58,106.11,105.98,0.478098,0.238502,0.055265,0.098132,0.9182
255,1436.96,1042.29,99.54,75.42,0.748417,0.965084,0.051843,0.069832,0.8737
255,487.85,1058.01,188.63,43.98,0.254086,0.97964,0.098246,0.04072,0.7113
256,1002.13,486.21,289.07,289.73,0.52194,0.450193,0.150559,0.268268,0.9598
256,283.91,245.78,285.6,290.32,0.147872,0.227571,0.148752,0.268815,0.9574
256,1377.17,386.29,273.72,274.5,0.717274,0.357676,0.142563,0.25417,0.9554
256,572.04,351.05,286.12,289.03,0.297936,0.325045,0.149023,0.267619,0.9529
256,1812.85,148.01,213.51,284.6,0.94419,0.137046,0.111204,0.263519,0.9414
256,97.37,807.25,194.74,325.35,0.050712,0.747451,0.101425,0.301246,0.941
256,1027.23,989.61,185.06,179.99,0.535014,0.916308,0.096385,0.16666,0.9396
256,1607.19,676.38,165.81,164.27,0.83708,0.626281,0.086362,0.152104,0.939
256,906.78,254.28,106.03,105.28,0.472282,0.23544,0.055223,0.097481,0.9303
256,955.54,89.21,220.51,178.42,0.497676,0.082601,0.11485,0.165202,0.9272
256,1674.82,913.24,64.55,64.08,0.8723,0.845594,0.033622,0.05933,0.9112
256,1427.42,1040.42,97.02,79.16,0.743446,0.963354,0.050532,0.073292,0.887
256,474.49,1056.65,164.95,46.7,0.247128,0.978381,0.085914,0.043239,0.7515
257,993.41,484.58,285.82,290.49,0.517403,0.448689,0.148863,0.268975,0.9581
257,563.21,348.17,285.59,285.53,0.293337,0.322378,0.148746,0.264379,0.9566
257,273.71,242.52,282.99,288.53,0.142559,0.224553,0.147393,0.26716,0.955
257,1365.44,381.91,274.02,273.74,0.711166,0.353616,0.14272,0.253463,0.953
257,1599.14,675.03,167.75,168.44,0.832886,0.625031,0.087368,0.155962,0.9483
257,1808.54,147.0,222.88,283.03,0.941948,0.136111,0.116084,0.262065,0.9464
257,945.18,89.26,224.53,176.97,0.492283,0.082649,0.116941,0.163862,0.9437
257,1021.97,987.8,184.74,183.39,0.532277,0.914632,0.09622,0.169804,0.9416
257,91.33,804.64,182.65,332.89,0.047566,0.745041,0.095132,0.308234,0.9361
257,898.32,251.09,106.96,106.27,0.467874,0.232491,0.055709,0.098403,0.9228
257,1664.99,911.0,64.94,64.72,0.86718,0.843521,0.033822,0.059924,0.9204
257,1420.11,1038.07,100.36,83.86,0.739641,0.961175,0.052269,0.07765,0.8908
257,464.95,1054.6,186.67,50.81,0.24216,0.976478,0.097225,0.047044,0.7532
258,982.19,481.65,286.09,289.0,0.511555,0.445968,0.149004,0.267593,0.9603
258,553.27,345.43,286.71,287.64,0.288162,0.319843,0.149327,0.266331,0.9597
258,262.96,239.23,286.26,291.66,0.136956,0.221513,0.149095,0.270055,0.9595
258,1357.79,381.41,272.81,274.08,0.707183,0.353156,0.142091,0.253774,0.9566
258,1803.52,145.96,232.95,283.61,0.939335,0.135145,0.12133,0.262599,0.9494
258,1590.45,671.06,170.26,168.19,0.82836,0.621353,0.088678,0.155727,0.9447
258,1656.03,908.71,63.1,63.82,0.862516,0.841401,0.032862,0.059094,0.9443
258,1009.63,985.2,187.83,185.67,0.52585,0.91222,0.097827,0.171915,0.9368
258,86.82,803.92,173.64,327.92,0.04522,0.744368,0.090439,0.303633,0.9336
258,935.85,88.14,220.97,176.28,0.487419,0.081612,0.11509,0.163223,0.9307
258,889.45,248.22,107.95,107.44,0.463257,0.229836,0.056222,0.09948,0.9257
258,1408.65,1037.91,100.53,84.18,0.733672,0.96103,0.052358,0.07794,0.9147
258,456.55,1054.14,181.9,51.72,0.237787,0.976057,0.094741,0.047886,0.7616
259,972.96,480.41,287.05,288.21,0.50675,0.44482,0.149507,0.266864,0.9633
259,253.2,237.62,287.34,291.07,0.131876,0.220014,0.149658,0.269507,0.9632
259,540.76,342.19,286.85,292.01,0.281645,0.316844,0.149402,0.270382,0.9601
259,1347.97,377.93,274.72,276.88,0.70207,0.349931,0.143084,0.256371,0.9542
259,1798.55,143.91,242.9,282.26,0.936744,0.133252,0.126511,0.26135,0.9521
259,81.82,800.27,163.65,320.02,0.042616,0.740993,0.085233,0.296314,0.9398
259,1578.42,669.36,168.09,166.65,0.822091,0.61978,0.087549,0.154305,0.9366
259,1000.33,984.95,185.62,184.95,0.521008,0.911986,0.096678,0.171251,0.9356
259,878.61,245.45,107.91,107.27,0.457611,0.227266,0.056203,0.099324,0.9307
259,923.75,85.33,219.89,170.65,0.48112,0.079011,0.114525,0.158009,0.9267
259,1646.49,906.35,62.64,63.58,0.857547,0.839211,0.032627,0.05887,0.9259
259,1399.7,1036.83,97.01,86.34,0.729013,0.960028,0.050527,0.079943,0.9086
259,445.06,1054.02,175.65,51.97,0.2318,0.975942,0.091483,0.048116,0.7637
260,962.66,478.48,286.07,289.46,0.501384,0.443041,0.148995,0.268022,0.9634
260,243.31,235.55,285.31,289.45,0.126725,0.218101,0.148598,0.268006,0.9627
260,532.28,340.64,287.1,286.54,0.277231,0.315403,0.14953,0.265319,0.9592
260,1337.21,375.91,272.84,276.05,0.696466,0.348062,0.142106,0.255598,0.9562
260,1794.13,143.08,251.74,282.33,0.934442,0.132485,0.131117,0.261415,0.9518
260,914.52,86.31,219.22,170.28,0.476313,0.079918,0.114179,0.157666,0.9494
260,1571.64,667.09,167.8,167.32,0.818564,0.617673,0.087396,0.154927,0.9446
260,989.88,983.07,185.2,188.05,0.515563,0.910247,0.096457,0.174123,0.9412
260,1636.58,904.8,64.23,64.75,0.852386,0.837782,0.033454,0.059958,0.9339
260,76.25,801.67,152.5,336.91,0.039714,0.742287,0.079428,0.311955,0.9332
260,867.0,244.89,107.11,105.32,0.451562,0.226752,0.055788,0.097515,0.9243
260,1390.7,1036.72,99.87,86.56,0.724324,0.959926,0.052014,0.080148,0.8903
260,435.54,1052.63,177.82,54.75,0.226846,0.974653,0.092613,0.050693,0.8044
261,953.16,476.49,288.4,290.9,0.496436,0.441194,0.15021,0.269354,0.9613
261,233.18,235.11,286.02,291.34,0.12145,0.217694,0.148967,0.269757,0.9607
261,1327.38,374.58,274.94,276.96,0.691345,0.346832,0.1432,0.256441,0.9585
261,1789.61,141.64,260.77,280.93,0.932091,0.131149,0.135819,0.260121,0.9537
261,522.02,339.84,288.54,285.9,0.271885,0.314669,0.15028,0.264721,0.9529
261,1562.91,666.48,169.91,166.32,0.814016,0.617109,0.088496,0.153998,0.9484
261,904.77,85.09,222.47,168.01,0.471233,0.078787,0.115867,0.155562,0.9411
261,980.44,983.29,185.72,187.69,0.510647,0.910454,0.09673,0.173783,0.9339
261,1628.16,903.63,62.3,64.29,0.848,0.836692,0.032449,0.059525,0.932
261,858.95,243.19,107.84,106.92,0.447372,0.225173,0.056167,0.099002,0.9231
261,71.66,796.92,143.33,340.56,0.037325,0.737891,0.074649,0.315337,0.9223
261,1381.05,1036.47,101.57,87.05,0.719297,0.959697,0.052903,0.080606,0.9206
261,421.31,1052.89,174.48,54.22,0.219434,0.9749,0.090877,0.050201,0.7689
262,944.54,475.66,290.7,289.3,0.491948,0.440429,0.151404,0.267874,0.9592
262,1318.03,372.9,275.69,278.94,0.686472,0.345275,0.14359,0.258279,0.9587
262,222.44,234.07,287.09,290.64,0.115853,0.216733,0.149527,0.269115,0.9563
262,511.84,339.92,288.06,288.7,0.266584,0.314743,0.150033,0.267311,0.9522
262,1785.14,140.44,269.72,279.39,0.92976,0.130038,0.14048,0.258695,0.9521
262,897.13,82.95,217.44,165.52,0.467256,0.07681,0.113249,0.153263,0.9374
262,968.85,982.97,185.36,186.98,0.504608,0.910162,0.096539,0.17313,0.9362
262,1551.86,665.76,169.34,169.44,0.808259,0.616443,0.088199,0.156888,0.9326
262,849.6,241.9,107.88,106.54,0.442501,0.22398,0.056189,0.098652,0.9274
262,1618.4,903.7,63.04,62.95,0.842915,0.836758,0.032832,0.058284,0.9268
262,1370.92,1035.19,99.16,89.62,0.714022,0.958511,0.051643,0.082978,0.924
262,66.13,799.07,132.26,331.46,0.034443,0.739878,0.068887,0.30691,0.9186
262,411.89,1051.97,172.36,55.94,0.214526,0.974046,0.089773,0.051796,0.7851
263,501.77,338.62,287.32,286.28,0.261337,0.31354,0.149644,0.265076,0.9585
263,1308.71,373.24,275.46,275.96,0.681622,0.345589,0.143467,0.255517,0.9583
263,885.35,84.73,222.27,167.88,0.461119,0.078453,0.115763,0.155449,0.9563
263,1781.05,141.19,277.91,281.15,0.927628,0.130735,0.144744,0.260322,0.9542
263,935.05,475.25,289.77,290.21,0.487003,0.440044,0.150921,0.26871,0.9538
263,213.53,232.23,286.27,289.67,0.111214,0.215025,0.1491,0.268214,0.9534
263,1544.37,664.79,169.74,168.08,0.804359,0.615542,0.088405,0.155628,0.9425
263,961.81,982.05,186.14,189.57,0.500941,0.909302,0.09695,0.175523,0.9399
263,1608.51,903.25,62.07,63.43,0.837768,0.836339,0.032326,0.058735,0.9391
263,839.68,241.9,106.47,104.74,0.437332,0.223977,0.055455,0.096982,0.9245
263,61.55,798.73,123.09,346.39,0.032055,0.739562,0.06411,0.320734,0.9091
263,1361.08,1035.61,102.0,88.79,0.708896,0.958895,0.053125,0.082209,0.895
263,403.52,1051.85,177.79,56.3,0.210167,0.973937,0.0926,0.052127,0.8011
264,491.99,338.79,288.25,288.71,0.256247,0.313691,0.150132,0.267324,0.9597
264,201.59,232.06,287.2,291.15,0.104994,0.214866,0.149583,0.269583,0.9596
264,1300.0,373.39,273.65,276.68,0.677083,0.34573,0.142524,0.256186,0.958
264,924.95,476.07,286.45,290.23,0.481747,0.440807,0.149192,0.268734,0.9574
264,1774.6,141.03,287.65,281.86,0.924269,0.130581,0.14982,0.260981,0.9542
264,1534.75,666.32,171.46,170.4,0.799347,0.616961,0.089304,0.157775,0.9449
264,874.9,84.86,220.3,166.94,0.455675,0.07857,0.114741,0.154572,0.9439
264,953.15,983.31,188.48,188.09,0.496431,0.910473,0.098166,0.174154,0.9373
264,830.34,242.25,109.14,107.39,0.432466,0.224301,0.056843,0.099438,0.9237
264,1599.83,903.47,63.87,64.64,0.833243,0.836545,0.033267,0.059855,0.9218
264,1352.91,1036.79,102.9,86.41,0.704639,0.959994,0.053592,0.080011,0.911
264,55.97,800.76,111.93,347.78,0.02915,0.741445,0.058299,0.322023,0.8857
264,391.51,1052.74,175.45,54.52,0.203911,0.974759,0.091379,0.050483,0.7692
265,191.32,234.04,286.98,292.35,0.099645,0.216701,0.149468,0.270697,0.9633
265,913.92,476.64,289.36,290.16,0.476002,0.441335,0.150707,0.268665,0.9619
265,480.68,338.67,287.94,290.95,0.250357,0.313583,0.149968,0.269395,0.9598
265,1767.11,141.16,288.15,280.37,0.920371,0.130704,0.15008,0.259603,0.9546
265,1290.58,372.92,274.14,279.28,0.672176,0.3453,0.142779,0.258591,0.9541
265,1525.3,666.16,171.33,169.62,0.794428,0.616817,0.089235,0.15706,0.936
265,941.99,983.8,185.74,187.35,0.490622,0.91093,0.096741,0.173475,0.9356
265,1342.99,1035.56,97.78,88.88,0.699474,0.958851,0.050927,0.082298,0.9317
265,866.4,83.61,220.39,166.31,0.451252,0.077414,0.114785,0.153988,0.9301
265,1589.97,905.22,63.21,63.64,0.828111,0.838166,0.032923,0.05893,0.9248
265,819.65,241.43,107.77,106.47,0.426899,0.223548,0.056133,0.098587,0.9242
265,51.14,807.22,102.27,358.57,0.026633,0.747427,0.053266,0.332013,0.8558
265,383.54,1053.47,177.87,52.86,0.199759,0.975434,0.09264,0.04894,0.763
266,904.66,477.08,288.48,292.36,0.471176,0.441744,0.150249,0.270706,0.9641
266,182.06,234.63,288.01,292.18,0.094825,0.217254,0.150006,0.270539,0.9637
266,472.29,339.19,289.08,287.58,0.245985,0.314066,0.15056,0.266282,0.9581
266,1279.54,373.82,273.55,277.07,0.666428,0.346131,0.142471,0.256545,0.9572
266,1759.93,141.32,292.58,282.05,0.91663,0.130856,0.152383,0.261156,0.9551
266,855.58,84.91,222.71,168.98,0.445614,0.078621,0.115996,0.156462,0.9491
266,1516.14,667.17,165.78,168.23,0.789656,0.617751,0.086343,0.155765,0.9406
266,1581.08,905.89,62.78,63.71,0.823478,0.838786,0.0327,0.058989,0.9357
266,931.45,983.82,185.01,187.43,0.485129,0.910948,0.096357,0.173551,0.9352
266,809.16,242.38,106.58,106.5,0.421439,0.224429,0.055508,0.098608,0.9216
266,1333.91,1036.48,101.12,87.03,0.694743,0.959708,0.052667,0.080584,0.8971
266,45.86,807.24,91.71,369.44,0.023884,0.747443,0.047767,0.342076,0.8454
266,373.46,1053.53,182.75,52.94,0.194508,0.97549,0.095182,0.04902,0.7813
267,895.3,479.16,289.78,291.31,0.4663,0.443668,0.15093,0.269728,0.9615
267,170.83,236.31,289.3,292.48,0.088974,0.218808,0.150679,0.270813,0.959
267,1271.97,375.87,276.88,278.28,0.662483,0.348031,0.14421,0.25767,0.957
267,1752.5,142.09,293.59,283.12,0.91276,0.131565,0.152913,0.262145,0.9562
267,461.81,341.38,289.51,286.13,0.240529,0.31609,0.150786,0.264932,0.9522
267,1506.71,669.85,169.89,169.25,0.784745,0.620233,0.088486,0.156714,0.9484
267,846.22,85.78,222.24,168.48,0.440742,0.079424,0.115751,0.155998,0.942
267,924.46,985.78,186.25,184.91,0.481489,0.912761,0.097004,0.171216,0.9296
267,799.88,244.49,108.77,107.35,0.416607,0.226376,0.056652,0.099395,0.9218
267,1571.55,907.57,63.32,63.71,0.818516,0.840341,0.032979,0.058988,0.918
267,1323.68,1037.97,100.36,84.05,0.689416,0.961086,0.052272,0.077827,0.9055
267,41.6,802.48,83.21,350.75,0.021669,0.743033,0.043338,0.324772,0.8098
267,363.7,1055.03,186.6,49.93,0.189425,0.976884,0.09719,0.046232,0.749
268,885.93,481.6,292.11,290.94,0.461422,0.445922,0.152142,0.269389,0.9594
268,1261.74,379.31,275.35,276.05,0.657157,0.351211,0.143412,0.255598,0.9556
268,1740.64,142.85,294.63,283.21,0.906584,0.132265,0.153452,0.262234,0.9542
268,161.4,238.6,287.15,293.13,0.084065,0.22093,0.149557,0.27142,0.9529
268,1496.77,672.03,173.7,171.95,0.779569,0.622253,0.09047,0.159212,0.9526
268,451.73,343.04,287.45,289.16,0.235277,0.317625,0.149712,0.267745,0.9503
268,913.65,988.09,186.41,182.09,0.475857,0.914896,0.097089,0.168601,0.9388
268,837.66,85.06,219.71,169.22,0.436281,0.078758,0.114435,0.156687,0.9359
268,790.39,245.61,109.57,108.63,0.411663,0.227417,0.05707,0.100586,0.9303
268,1562.23,910.86,62.72,63.51,0.81366,0.843385,0.032668,0.058802,0.9223
268,1314.75,1039.3,101.54,81.4,0.684767,0.962313,0.052885,0.075374,0.896
268,34.07,803.61,68.13,351.29,0.017742,0.744084,0.035485,0.325267,0.7898
268,355.74,1055.74,168.61,48.53,0.185279,0.977534,0.087818,0.044932,0.7633
269,876.29,482.89,288.1,291.73,0.4564,0.447123,0.150052,0.270122,0.9581
269,441.93,344.87,289.55,290.49,0.230172,0.319322,0.150808,0.268975,0.9573
269,1251.89,381.04,275.72,277.28,0.652029,0.352815,0.143602,0.25674,0.9567
269,151.82,239.96,286.5,292.71,0.079072,0.222183,0.149216,0.271028,0.9565
269,1732.12,145.02,294.5,284.97,0.902144,0.134278,0.153388,0.263862,0.952
269,828.99,89.18,224.08,175.15,0.431763,0.082575,0.116709,0.162174,0.948
269,1487.44,674.15,168.4,167.6,0.774711,0.624214,0.087708,0.155186,0.9411
269,903.81,989.37,186.38,180.42,0.470736,0.916084,0.097074,0.167051,0.9357
269,1553.08,912.96,63.77,64.44,0.808896,0.845337,0.033214,0.05967,0.9271
269,781.1,248.6,108.05,106.93,0.406822,0.230187,0.056277,0.09901,0.9177
269,1303.2,1040.3,100.72,79.39,0.678748,0.963244,0.05246,0.073513,0.8896
269,345.67,1055.3,191.5,48.63,0.180038,0.977126,0.099739,0.045027,0.7224
270,432.14,348.07,287.98,287.75,0.225074,0.322285,0.14999,0.266435,0.9607
270,865.01,485.87,287.29,290.8,0.450527,0.449878,0.149631,0.269256,0.9591
270,142.44,241.53,282.6,294.24,0.07419,0.223637,0.147185,0.272447,0.9578
270,1241.5,383.42,273.88,274.87,0.646613,0.355023,0.142648,0.254513,0.9561
270,1476.84,677.41,167.85,170.41,0.769185,0.627234,0.087423,0.157786,0.9538
270,1721.67,147.39,293.91,287.14,0.896705,0.136472,0.153079,0.265867,0.9509
270,817.97,89.33,220.23,177.25,0.426027,0.082714,0.114702,0.164121,0.9435
270,894.88,989.77,184.4,180.03,0.466084,0.916452,0.096041,0.166694,0.9297
270,770.33,249.67,108.16,107.14,0.401215,0.231173,0.056332,0.099205,0.9258
270,1543.55,916.27,64.61,64.6,0.803934,0.848402,0.033651,0.059815,0.9103
270,1294.26,1042.44,102.58,75.1,0.674092,0.965222,0.053429,0.069535,0.8842
270,330.76,1057.71,195.08,44.58,0.172271,0.97936,0.101607,0.041279,0.7171
271,422.2,351.92,287.12,292.3,0.219897,0.325854,0.14954,0.270652,0.9627
271,855.82,488.49,290.25,290.92,0.445738,0.452304,0.15117,0.26937,0.9616
271,137.48,246.22,274.95,292.13,0.071602,0.227978,0.143203,0.270492,0.9578
271,1712.03,149.96,291.39,290.75,0.891681,0.138856,0.151767,0.26921,0.9509
271,1232.52,389.28,275.73,275.4,0.641938,0.360445,0.143611,0.255,0.9499
271,1470.49,679.82,173.09,169.62,0.765879,0.629463,0.09015,0.157053,0.9407
271,881.33,992.19,182.11,173.22,0.459026,0.918698,0.09485,0.160387,0.9407
271,1533.24,919.35,63.84,65.12,0.798564,0.85125,0.03325,0.060301,0.9379
271,760.76,253.37,107.53,106.04,0.396227,0.234601,0.056005,0.098188,0.9302
271,807.62,87.99,221.0,175.98,0.420637,0.081473,0.115107,0.162947,0.9279
271,1284.45,1043.44,97.86,72.74,0.668984,0.966151,0.050967,0.067351,0.8772
271,312.54,1059.41,203.77,41.08,0.16278,0.980935,0.106128,0.038036,0.7048
272,846.28,491.43,290.29,291.19,0.440771,0.45503,0.151193,0.269618,0.9607
272,412.3,355.41,291.6,291.66,0.214739,0.329086,0.151875,0.270055,0.9599
272,132.88,248.73,265.55,294.35,0.06921,0.230302,0.138309,0.272545,0.9554
272,1222.41,389.34,276.09,278.5,0.636672,0.3605,0.143798,0.257869,0.9516
272,1704.05,152.04,291.65,290.9,0.887527,0.140779,0.1519,0.269356,0.9498
272,798.12,91.8,225.6,181.87,0.415687,0.084996,0.117499,0.168403,0.9457
272,1460.05,684.27,169.43,169.83,0.76044,0.633584,0.088245,0.157246,0.9414
272,873.38,994.5,188.27,171.0,0.454886,0.920833,0.09806,0.158334,0.9405
272,1525.32,923.91,63.63,63.86,0.794439,0.855473,0.03314,0.059132,0.9283
272,748.84,258.06,106.59,106.86,0.390021,0.238941,0.055514,0.098944,0.9271
272,1275.49,1046.59,102.92,66.82,0.664316,0.969064,0.053606,0.061871,0.8612
272,311.93,1060.91,152.02,37.39,0.162464,0.982322,0.079178,0.034621,0.7165
273,401.2,360.02,290.39,291.5,0.208959,0.333353,0.151242,0.269911,0.9607
273,1694.11,153.78,292.64,293.79,0.882351,0.14239,0.152418,0.272025,0.958
273,1214.35,395.36,277.38,278.46,0.632472,0.366072,0.14447,0.257836,0.9576
273,836.55,498.68,291.57,290.5,0.435703,0.461738,0.15186,0.268985,0.9576
273,127.15,252.94,254.29,294.0,0.066223,0.234205,0.132445,0.272224,0.9534
273,787.64,93.37,224.87,186.74,0.410229,0.086453,0.117121,0.172905,0.9409
273,865.24,997.25,185.19,165.5,0.450646,0.92338,0.096455,0.15324,0.9396
273,1450.99,688.87,167.67,169.56,0.755724,0.637844,0.087326,0.157001,0.9389
273,739.7,261.58,109.46,107.01,0.38526,0.242206,0.057011,0.099082,0.9203
273,1514.63,927.49,65.89,66.16,0.788868,0.858786,0.034316,0.061257,0.9161
273,1266.4,1048.37,103.45,61.45,0.659582,0.970715,0.053882,0.056901,0.8597
273,305.06,1065.14,144.53,29.73,0.158887,0.986238,0.075278,0.027524,0.7245
274,1204.05,399.66,277.42,279.5,0.627107,0.370052,0.144488,0.258794,0.9604
274,1687.09,157.76,293.93,299.64,0.878693,0.146078,0.15309,0.277443,0.9603
274,827.76,502.39,291.99,290.86,0.431124,0.465176,0.152077,0.269313,0.9569
274,122.69,256.51,245.38,294.47,0.063901,0.237505,0.127802,0.272659,0.9561
274,391.69,364.59,288.74,292.62,0.204003,0.337582,0.150386,0.270948,0.9534
274,1441.38,691.87,173.72,172.67,0.750718,0.640617,0.090481,0.159882,0.942
274,1505.88,933.43,62.89,64.67,0.784312,0.864289,0.032756,0.059878,0.9402
274,853.44,999.28,183.15,158.94,0.444498,0.925263,0.095388,0.147167,0.9341
274,778.56,94.01,222.06,188.01,0.405498,0.087043,0.115655,0.174085,0.9306
274,730.95,265.43,107.86,109.1,0.380701,0.245768,0.056175,0.101023,0.9204
274,1255.68,1052.08,104.09,55.83,0.653998,0.974151,0.054216,0.051698,0.8835
275,1675.6,162.34,297.34,301.43,0.872707,0.150316,0.154864,0.2791,0.9608
275,380.18,367.69,289.0,290.12,0.198009,0.340456,0.150521,0.268632,0.959
275,1194.13,403.37,279.41,278.11,0.621943,0.373493,0.145528,0.25751,0.9575
275,116.84,263.12,233.68,292.87,0.060855,0.24363,0.121709,0.271176,0.9504
275,817.99,507.51,293.69,292.13,0.426034,0.469913,0.152963,0.270491,0.9466
275,843.14,1001.66,185.55,156.69,0.439133,0.927459,0.09664,0.145081,0.9413
275,1429.18,697.13,169.74,170.73,0.744366,0.645488,0.088407,0.158088,0.9348
275,767.99,97.95,224.81,195.9,0.399992,0.090694,0.117088,0.181389,0.9328
275,720.69,270.64,106.75,105.2,0.375357,0.250589,0.055597,0.097404,0.9289
275,1495.8,938.82,64.41,64.29,0.779061,0.869281,0.033546,0.05953,0.9255
275,1244.18,1053.45,100.72,53.03,0.648012,0.975417,0.052458,0.049101,0.8389
276,370.49,372.83,290.09,290.9,0.192962,0.345216,0.151086,0.269351,0.9604
276,1665.43,167.61,298.51,299.84,0.867411,0.155197,0.155474,0.277628,0.9589
276,1185.37,409.34,280.16,277.68,0.617381,0.379017,0.145916,0.257113,0.9574
276,806.11,513.79,290.94,291.53,0.419849,0.475728,0.151532,0.269939,0.9503
276,111.03,266.78,222.06,290.48,0.057827,0.247021,0.115654,0.268967,0.9494
276,1422.72,703.84,168.64,169.44,0.741001,0.651703,0.087836,0.156891,0.9461
276,758.07,100.22,223.57,200.44,0.394827,0.092795,0.116442,0.18559,0.9437
276,835.62,1005.22,182.95,149.26,0.435219,0.930759,0.095285,0.138199,0.9326
276,710.84,275.56,108.64,107.94,0.370228,0.255149,0.056586,0.099947,0.9214
276,1486.77,944.61,64.47,64.42,0.77436,0.874642,0.033577,0.059649,0.9154
276,1235.07,1055.98,109.77,47.73,0.643266,0.977761,0.05717,0.044198,0.8409
277,796.08,518.94,288.81,291.23,0.414625,0.480498,0.150423,0.269659,0.9596
277,360.64,380.85,288.73,289.04,0.187835,0.352639,0.150378,0.267631,0.958
277,1657.31,174.46,296.7,298.16,0.863181,0.161534,0.154532,0.276072,0.9526
277,1174.53,415.93,278.28,280.89,0.611736,0.385118,0.144936,0.260083,0.9496
277,106.14,271.0,212.28,290.18,0.055282,0.250927,0.110564,0.268685,0.9493
277,747.7,102.59,223.21,205.18,0.389427,0.094991,0.116255,0.189981,0.9455
277,1413.82,709.53,170.69,170.94,0.736365,0.656974,0.088901,0.15828,0.9428
277,1476.67,950.54,62.83,63.79,0.769097,0.880129,0.032724,0.059064,0.9399
277,826.42,1009.02,182.71,141.96,0.430425,0.934277,0.095162,0.131446,0.9385
277,701.24,280.71,109.89,109.3,0.365227,0.259914,0.057232,0.101201,0.9348
277,1226.96,1059.46,105.73,40.32,0.639039,0.980978,0.055068,0.037329,0.8208
278,786.52,525.26,293.49,293.24,0.409645,0.486349,0.152861,0.271521,0.9613
278,1164.33,422.33,279.47,282.33,0.606422,0.391042,0.145559,0.261417,0.9582
278,1647.79,180.68,294.53,297.95,0.858223,0.167294,0.153402,0.27588,0.9566
278,350.4,386.43,292.04,290.52,0.182501,0.35781,0.152104,0.269003,0.9557
278,100.64,280.12,201.28,294.79,0.052417,0.259369,0.104834,0.272954,0.9482
278,738.86,106.13,224.24,212.25,0.384825,0.098265,0.116794,0.196529,0.9407
278,1399.22,718.35,173.16,170.05,0.728763,0.665136,0.090186,0.157457,0.9374
278,689.35,288.59,107.45,107.52,0.359034,0.267217,0.055966,0.099552,0.9312
278,814.59,1011.62,186.24,135.71,0.424265,0.936687,0.097001,0.125655,0.9256
278,1467.81,957.3,64.78,65.31,0.764482,0.886391,0.033741,0.060476,0.9024
278,1215.15,1063.36,96.81,31.33,0.632889,0.984595,0.050422,0.029012,0.8015
278,419.25,33.99,306.97,67.98,0.21836,0.031473,0.159882,0.062946,0.7204
279,776.67,532.1,291.05,293.24,0.404517,0.492689,0.151588,0.271523,0.9615
279,1154.9,428.54,279.37,283.22,0.601511,0.396796,0.145505,0.262242,0.9611
279,1638.69,186.11,297.55,298.28,0.853485,0.172323,0.154975,0.276189,0.9583
279,728.71,109.95,223.08,218.9,0.379536,0.101803,0.116189,0.202689,0.9526
279,340.06,392.67,291.07,290.56,0.177114,0.363586,0.151599,0.269034,0.9522
279,95.95,285.84,191.9,298.9,0.049975,0.264664,0.09995,0.276757,0.948
279,1392.41,722.35,170.74,172.23,0.725214,0.668845,0.088926,0.159471,0.9411
279,1456.05,963.64,64.14,65.75,0.758359,0.892257,0.033408,0.060881,0.9344
279,681.46,295.31,111.38,109.88,0.354928,0.273433,0.058009,0.101742,0.914
279,805.78,1013.95,181.66,132.1,0.419679,0.938844,0.094615,0.122312,0.9101
279,1202.41,1065.97,113.01,28.07,0.626254,0.987006,0.058858,0.025988,0.7586
279,406.33,36.83,292.1,73.57,0.21163,0.034105,0.152136,0.068123,0.7573
280,766.98,539.03,294.89,294.71,0.399468,0.499099,0.153586,0.272878,0.9592
280,1144.92,435.35,280.2,283.33,0.596314,0.403099,0.145939,0.262343,0.9586
280,1630.13,192.58,299.34,302.37,0.849024,0.178313,0.155905,0.279969,0.9578
280,330.03,400.53,289.5,289.04,0.171893,0.370863,0.150781,0.267632,0.954
280,1383.96,730.72,172.43,170.17,0.720811,0.676593,0.089809,0.157568,0.9503
280,90.73,293.4,181.45,293.23,0.047253,0.27167,0.094507,0.27151,0.9439
280,718.45,114.29,222.11,220.23,0.374191,0.105821,0.115681,0.203917,0.9345
280,670.0,301.48,109.81,107.81,0.34896,0.279152,0.057194,0.099829,0.9303
280,1448.85,972.51,63.77,63.86,0.75461,0.90047,0.033211,0.05913,0.9234
280,796.94,1020.15,190.89,119.57,0.415072,0.944587,0.099422,0.110717,0.9126
280,400.49,40.73,291.66,81.45,0.208591,0.037709,0.151904,0.075418,0.7955
281,319.42,406.91,291.83,291.94,0.166366,0.376771,0.151997,0.270319,0.9591
281,759.17,546.5,293.67,292.84,0.3954,0.506018,0.152955,0.271147,0.9584
281,1136.34,443.84,278.39,280.6,0.591846,0.410962,0.144997,0.259816,0.9567
281,1619.05,200.8,296.01,296.51,0.843255,0.185924,0.154172,0.274547,0.9556
281,86.17,301.84,172.34,292.33,0.044881,0.27948,0.089763,0.270674,0.9442
281,709.81,121.81,227.8,225.08,0.369695,0.112792,0.118645,0.208404,0.941
281,1372.15,738.61,171.46,170.59,0.714662,0.683899,0.089304,0.157954,0.9398
281,1438.04,979.08,63.84,65.45,0.74898,0.90656,0.03325,0.060602,0.927
281,661.17,309.53,110.01,109.65,0.344357,0.286601,0.057296,0.101532,0.9189
281,785.83,1022.75,184.6,114.5,0.409288,0.946993,0.096145,0.106014,0.907
281,1885.06,130.5,68.27,73.41,0.981801,0.12083,0.035557,0.06797,0.8672
281,388.23,44.82,293.94,89.64,0.202205,0.041502,0.153093,0.083004,0.8201
282,309.95,415.85,291.12,292.38,0.161434,0.385049,0.151627,0.270718,0.9624
282,1610.17,209.36,294.77,295.93,0.838632,0.193848,0.153526,0.274005,0.9574
282,1127.9,452.28,279.56,278.13,0.587448,0.418781,0.145603,0.257529,0.9557
282,745.92,553.88,292.24,294.17,0.388499,0.512849,0.152207,0.272383,0.9546
282,699.41,129.03,222.86,225.98,0.364274,0.119473,0.116074,0.209237,0.9469
282,80.85,309.8,161.7,292.34,0.042109,0.286849,0.084218,0.270689,0.9445
282,1367.21,747.45,172.6,172.34,0.71209,0.692081,0.089898,0.159579,0.9436
282,650.87,316.64,109.49,108.86,0.338995,0.293187,0.057028,0.100796,0.9194
282,1430.21,989.13,62.65,62.67,0.744902,0.915862,0.03263,0.058031,0.9061
282,771.93,1025.59,186.47,108.82,0.402047,0.949622,0.097122,0.100757,0.8973
282,1878.98,137.16,71.97,69.94,0.978633,0.126997,0.037484,0.064763,0.8617
282,379.77,49.43,300.26,98.86,0.197795,0.045769,0.156384,0.091537,0.8158
283,299.2,425.02,290.58,292.03,0.155831,0.393537,0.151344,0.270399,0.9623
283,736.85,564.4,292.83,291.76,0.383776,0.522589,0.152516,0.270148,0.9566
283,1601.7,217.62,298.75,301.97,0.834217,0.2015,0.155598,0.279604,0.9508
283,1116.81,460.64,278.4,281.18,0.58167,0.426516,0.144998,0.260356,0.9502
283,1356.24,754.99,174.76,174.55,0.706376,0.699063,0.091021,0.161618,0.9432
283,687.98,137.0,223.5,224.75,0.358325,0.126848,0.116404,0.2081,0.9415
283,1419.4,997.37,64.07,64.7,0.739269,0.923495,0.033369,0.059911,0.9339
283,75.27,317.61,150.55,294.37,0.039205,0.294081,0.078409,0.272566,0.9314
283,639.51,326.1,110.14,109.58,0.33308,0.301947,0.057363,0.101465,0.9232
283,1869.51,146.97,71.6,72.45,0.973705,0.136086,0.03729,0.067085,0.898
283,763.79,1033.5,195.0,92.75,0.397805,0.956948,0.101563,0.085878,0.8859
283,1760.7,19.55,108.29,39.1,0.917029,0.018101,0.056403,0.036203,0.7055
284,726.89,571.53,293.14,293.77,0.378587,0.529199,0.152676,0.272014,0.9625
284,289.54,433.73,294.54,293.87,0.150803,0.401598,0.153406,0.272098,0.96
284,1591.2,227.45,298.93,300.61,0.828749,0.210599,0.15569,0.278338,0.9525
284,1107.1,468.21,282.1,281.64,0.576617,0.433532,0.146928,0.26078,0.9511
284,678.94,146.01,223.48,226.82,0.353612,0.135194,0.116394,0.21002,0.9444
284,1344.56,765.25,172.93,171.35,0.700291,0.708568,0.090069,0.158659,0.9419
284,1409.51,1006.54,64.3,65.43,0.734119,0.931984,0.033491,0.060587,0.9266
284,69.03,325.06,137.62,298.54,0.035951,0.300983,0.071675,0.276422,0.9235
284,629.14,335.18,109.39,108.66,0.327676,0.310351,0.056973,0.100614,0.9229
284,753.21,1035.71,201.82,87.95,0.392295,0.958987,0.105113,0.081438,0.8884
284,1860.34,155.68,71.12,69.46,0.968925,0.144152,0.037041,0.064317,0.8843
284,1751.63,25.82,119.2,51.61,0.912306,0.023905,0.062082,0.047782,0.8484
284,1886.94,260.91,65.35,130.62,0.982782,0.241583,0.034039,0.120948,0.8195
284,360.6,59.5,326.45,118.41,0.187815,0.055092,0.170028,0.10964,0.7799
285,716.56,582.42,291.61,294.4,0.373207,0.539281,0.151883,0.272593,0.9623
285,1097.25,478.49,279.23,280.96,0.571487,0.443045,0.145431,0.260148,0.9609
285,1582.69,237.62,296.62,301.05,0.824316,0.220019,0.15449,0.278749,0.9561
285,278.04,444.02,291.59,292.06,0.14481,0.411126,0.151871,0.270427,0.9553
285,668.68,155.04,223.09,226.52,0.348269,0.143557,0.116193,0.20974,0.9512
285,1337.34,775.42,172.45,172.16,0.696532,0.717978,0.089816,0.159407,0.9401
285,619.87,343.8,109.54,110.0,0.322848,0.318337,0.057053,0.101853,0.9285
285,63.58,336.53,126.79,290.49,0.033114,0.311599,0.066035,0.268975,0.9247
285,1400.75,1017.24,63.68,64.49,0.729559,0.941893,0.033166,0.059715,0.9058
285,1883.3,270.82,73.39,126.98,0.980888,0.250762,0.038224,0.117578,0.8819
285,1739.91,28.97,116.92,55.66,0.906205,0.026821,0.060896,0.051538,0.8786
285,1849.95,164.13,71.16,71.91,0.963515,0.15197,0.037063,0.066586,0.8724
285,740.55,1041.52,187.38,76.97,0.385706,0.964368,0.097596,0.071264,0.8712
285,344.21,63.49,326.23,126.59,0.179275,0.058783,0.16991,0.117217,0.8589
285,1886.69,915.15,66.62,190.37,0.982652,0.847359,0.034696,0.176264,0.8231
286,1086.64,488.25,279.77,285.36,0.565958,0.45208,0.145713,0.264226,0.9621
286,708.22,593.13,294.72,293.94,0.368863,0.549191,0.153502,0.272163,0.9613
286,1572.64,244.23,299.17,302.9,0.819081,0.226143,0.15582,0.280465,0.9602
286,268.44,453.82,291.79,290.09,0.13981,0.420206,0.151976,0.268602,0.9573
286,1326.91,784.32,171.95,172.7,0.691101,0.726225,0.089557,0.159905,0.9415
286,657.85,164.43,223.63,223.19,0.342631,0.152253,0.116476,0.206658,0.9401
286,609.68,355.62,110.95,108.18,0.317543,0.329274,0.057788,0.100168,0.9197
286,59.6,344.09,119.2,292.89,0.031041,0.318601,0.062081,0.271193,0.9194
286,1390.57,1026.74,63.97,64.77,0.724255,0.950686,0.03332,0.05997,0.9159
286,1735.4,34.25,126.39,66.98,0.903856,0.031708,0.065828,0.062018,0.904
286,337.67,68.51,326.87,136.91,0.175871,0.063434,0.170244,0.126766,0.8993
286,1840.16,175.42,72.42,70.77,0.958417,0.162423,0.037718,0.065527,0.8965
286,1878.44,277.12,83.11,123.83,0.978356,0.256595,0.043288,0.114657,0.8843
286,1878.21,922.79,82.92,202.23,0.978233,0.854431,0.043188,0.187252,0.8365
286,732.35,1048.74,195.26,62.23,0.381432,0.971057,0.101696,0.057624,0.8292
287,258.28,463.44,291.71,293.26,0.134521,0.429108,0.151932,0.271535,0.96
287,697.87,602.16,293.23,296.0,0.363471,0.557552,0.152726,0.274075,0.9584
287,1564.0,255.05,297.88,302.49,0.814582,0.236156,0.155143,0.280086,0.9575
287,1079.09,498.98,283.58,282.01,0.562029,0.462016,0.147697,0.261122,0.9574
287,1316.77,795.62,172.85,170.76,0.685817,0.736687,0.090028,0.158112,0.9455
287,649.47,175.05,225.34,224.64,0.338264,0.162088,0.117365,0.208002,0.9395
287,597.74,364.19,109.31,107.57,0.311321,0.337216,0.056934,0.0996,0.9224
287,1379.71,1037.73,63.36,65.9,0.718599,0.960865,0.033,0.061018,0.9189
287,1831.74,185.45,71.73,72.73,0.954033,0.171716,0.037358,0.067343,0.9122
287,1726.25,39.98,126.05,79.15,0.899088,0.037019,0.065649,0.073287,0.9109
287,52.61,352.13,105.22,286.66,0.027401,0.326049,0.054801,0.265428,0.9104
287,326.13,74.13,321.33,148.25,0.169859,0.068642,0.167358,0.137271,0.9073
287,1873.81,291.37,92.37,127.54,0.975945,0.26979,0.04811,0.11809,0.9028
287,1876.1,936.71,87.79,196.33,0.977137,0.867326,0.045725,0.181788,0.8445
287,723.78,1052.5,202.76,54.78,0.376968,0.974533,0.105606,0.050719,0.7438
288,247.88,474.67,290.75,293.85,0.129103,0.439513,0.151432,0.272088,0.9621
288,1553.08,266.32,295.87,298.08,0.808895,0.246588,0.154099,0.276003,0.9569
288,1068.68,509.85,281.02,279.06,0.556605,0.472087,0.146362,0.258386,0.9552
288,686.25,612.47,294.58,295.79,0.35742,0.567102,0.153429,0.273877,0.9542
288,638.19,184.71,224.7,227.81,0.332393,0.171032,0.117033,0.210934,0.9428
288,1309.61,806.31,171.85,172.01,0.682087,0.74658,0.089508,0.159267,0.9386
288,1868.67,300.99,102.12,126.21,0.973264,0.278698,0.053187,0.116858,0.9263
288,589.21,374.84,108.96,109.27,0.306878,0.347071,0.056752,0.101174,0.9262
288,1711.83,43.62,119.86,86.53,0.89158,0.040387,0.062429,0.080125,0.921
288,315.73,80.75,322.54,161.5,0.164441,0.074766,0.167989,0.149533,0.9132
288,1371.93,1048.7,61.17,59.89,0.714545,0.971021,0.031861,0.055457,0.9076
288,48.58,365.3,97.16,286.5,0.025301,0.338241,0.050603,0.265274,0.9074
288,1821.43,194.38,73.44,73.2,0.94866,0.179979,0.038249,0.067782,0.8682
288,1870.49,944.56,98.59,202.8,0.974215,0.874589,0.05135,0.187781,0.8395
288,986.42,36.51,304.09,73.02,0.513763,0.033805,0.15838,0.067611,0.7536
289,237.84,484.52,292.37,294.36,0.123875,0.448627,0.152276,0.272558,0.9607
289,676.11,625.33,292.42,293.68,0.35214,0.57901,0.152302,0.271927,0.957
289,1543.65,275.58,298.05,302.34,0.803983,0.255165,0.155235,0.279945,0.9557
289,1058.07,520.23,281.08,281.65,0.551077,0.481694,0.146395,0.260787,0.9512
289,629.82,194.32,227.18,229.14,0.328032,0.179923,0.118323,0.21217,0.9423
289,1299.17,816.51,170.44,172.0,0.67665,0.756028,0.088769,0.159259,0.9406
289,1703.12,49.48,120.57,98.96,0.88704,0.045815,0.062799,0.091631,0.9314
289,1863.87,312.3,112.26,125.5,0.970766,0.289162,0.058468,0.116201,0.9261
289,306.63,84.34,327.09,168.67,0.159706,0.07809,0.17036,0.15618,0.925
289,579.99,385.44,112.88,111.67,0.302076,0.356887,0.058792,0.103402,0.9217
289,1812.16,206.66,72.95,71.38,0.943831,0.191348,0.037997,0.066089,0.8879
289,1866.19,956.07,107.63,195.36,0.971973,0.885246,0.056055,0.180891,0.8854
289,45.74,376.07,91.38,294.72,0.023823,0.348215,0.047595,0.272885,0.8768
289,1362.42,1053.92,65.75,51.61,0.709593,0.975856,0.034245,0.047786,0.8671
289,1877.52,982.02,77.49,77.64,0.977878,0.909278,0.040359,0.07189,0.8278
289,983.38,41.14,296.01,82.27,0.512177,0.038088,0.15417,0.076176,0.808
290,666.49,635.76,292.63,294.99,0.347131,0.588667,0.152412,0.273138,0.9633
290,228.6,496.23,294.62,292.36,0.119063,0.459474,0.153447,0.270702,0.9584
290,618.06,207.36,223.38,228.26,0.321907,0.192003,0.116344,0.211351,0.952
290,1533.48,289.66,298.33,301.98,0.798686,0.268201,0.15538,0.279614,0.9518
290,1047.64,532.14,282.25,284.37,0.545645,0.492723,0.147008,0.263309,0.95
290,1288.77,830.47,173.03,170.29,0.671232,0.76895,0.09012,0.157675,0.9406
290,297.18,91.4,322.58,182.81,0.154779,0.084632,0.168013,0.169264,0.9363
290,1696.54,55.11,127.79,109.15,0.883615,0.051027,0.066558,0.101061,0.9314
290,568.5,396.67,111.14,109.33,0.296096,0.367292,0.057886,0.101231,0.9298
290,1858.08,325.4,119.25,122.4,0.967752,0.301296,0.062111,0.113333,0.9296
290,1862.13,971.3,115.74,194.46,0.969858,0.899349,0.060284,0.180052,0.903
290,1803.21,217.29,69.8,70.91,0.93917,0.201194,0.036353,0.06566,0.8927
290,965.74,47.69,285.83,95.39,0.502989,0.044161,0.14887,0.088322,0.8332
290,36.96,382.84,73.92,303.36,0.01925,0.354483,0.038499,0.280887,0.8044
290,1351.71,1059.87,65.24,38.9,0.704014,0.981364,0.033978,0.036015,0.7689
291,1038.14,544.27,278.68,281.46,0.540696,0.503955,0.145144,0.260611,0.9615
291,657.45,649.1,293.86,295.3,0.342424,0.601014,0.153054,0.273428,0.9603
291,1525.89,301.21,298.64,301.69,0.794735,0.278902,0.155541,0.279343,0.9567
291,217.85,509.24,290.92,293.42,0.113466,0.471523,0.151523,0.271681,0.9529
291,608.21,218.69,224.83,227.46,0.316777,0.202488,0.117101,0.210611,0.95
291,286.89,97.06,318.26,194.12,0.149423,0.08987,0.16576,0.17974,0.9421
291,1278.51,839.92,173.73,173.62,0.665891,0.777703,0.090484,0.160762,0.94
291,1851.7,336.97,121.41,121.85,0.964426,0.312005,0.063235,0.112828,0.9393
291,1685.25,62.39,123.45,117.46,0.877735,0.057771,0.064297,0.108757,0.9255
291,559.12,409.58,108.66,108.81,0.291206,0.379245,0.056593,0.100751,0.9175
291,1884.3,942.7,63.03,63.94,0.981409,0.872868,0.03283,0.059206,0.9105
291,1856.23,978.56,127.03,199.95,0.966787,0.906073,0.06616,0.185141,0.89
291,1793.25,228.9,73.37,72.78,0.933984,0.211946,0.038212,0.067389,0.8791
291,958.45,55.39,310.23,110.18,0.499194,0.051291,0.16158,0.102017,0.8455
291,34.13,409.59,68.1,307.53,0.017776,0.379246,0.035467,0.284753,0.7437
291,1341.55,1064.89,73.13,29.72,0.698725,0.986005,0.038088,0.027516,0.7151
292,1028.54,555.02,282.72,284.1,0.535697,0.513908,0.14725,0.263058,0.9595
292,646.02,660.12,295.84,296.72,0.33647,0.611225,0.154085,0.274744,0.9586
292,1514.56,311.46,298.9,303.22,0.788832,0.288393,0.155677,0.280758,0.9571
292,205.54,520.52,292.11,291.72,0.10705,0.481961,0.152141,0.270108,0.9565
292,1269.88,854.19,170.28,173.3,0.661398,0.790914,0.088688,0.160459,0.953
292,274.3,103.04,320.6,206.07,0.142863,0.095403,0.166979,0.190807,0.9455
292,1676.58,70.14,127.94,126.67,0.87322,0.064942,0.066636,0.117286,0.9403
292,598.48,232.01,226.6,226.79,0.311707,0.214826,0.11802,0.209994,0.9401
292,1843.14,348.51,124.51,124.81,0.959968,0.322692,0.064851,0.115564,0.931
292,548.01,421.15,110.86,109.11,0.285423,0.389957,0.057741,0.101027,0.9204
292,1785.31,240.51,71.9,70.86,0.929848,0.222693,0.037449,0.065612,0.8881
292,1874.06,957.62,59.12,59.13,0.976072,0.886685,0.030791,0.054746,0.8827
292,1853.8,987.23,132.11,184.25,0.965523,0.914104,0.068808,0.170604,0.8817
292,955.55,59.65,318.61,118.99,0.497683,0.055229,0.165941,0.110174,0.8564
293,195.56,534.26,294.58,295.42,0.101855,0.494687,0.153428,0.273538,0.9596
293,1506.14,325.02,297.37,300.69,0.784448,0.300945,0.154882,0.278416,0.959
293,1019.55,570.4,282.06,283.77,0.531018,0.528151,0.146907,0.26275,0.957
293,637.63,674.17,295.13,297.6,0.332101,0.624231,0.153714,0.275559,0.9566
293,264.86,109.0,322.57,218.0,0.137949,0.100928,0.168008,0.201856,0.9464
293,1667.9,82.49,127.41,126.63,0.868698,0.076378,0.066361,0.117253,0.9406
293,588.03,243.47,229.67,226.86,0.306267,0.225439,0.119619,0.210053,0.9402
293,1261.61,867.49,173.59,174.49,0.657088,0.803232,0.090412,0.161565,0.9384
293,1868.51,968.64,62.32,61.67,0.973184,0.896887,0.032459,0.0571,0.9321
293,537.69,434.37,111.31,110.45,0.280045,0.402193,0.057973,0.102269,0.931
293,1833.95,361.62,122.44,122.57,0.955183,0.334832,0.063773,0.113487,0.9303
293,1848.2,994.16,143.6,171.6,0.962605,0.920519,0.074789,0.158893,0.8948
293,1772.21,254.39,70.88,71.4,0.923026,0.235551,0.036916,0.066108,0.8848
293,1889.1,862.68,58.04,59.99,0.983907,0.79878,0.030227,0.055549,0.8847
293,943.94,66.88,343.6,133.28,0.491637,0.061925,0.17896,0.123404,0.8824
293,1843.96,1031.34,73.5,70.29,0.960398,0.954943,0.038284,0.065087,0.7272
294,184.49,545.87,294.29,294.78,0.096087,0.505437,0.153275,0.27294,0.9634
294,1495.28,340.39,302.15,305.14,0.778794,0.315172,0.157369,0.28254,0.9618
294,1008.86,583.12,282.68,282.37,0.525448,0.539928,0.147231,0.261457,0.9588
294,579.19,255.12,223.81,228.4,0.301661,0.236218,0.116567,0.211482,0.9525
294,623.97,687.26,293.0,294.29,0.324984,0.63635,0.152603,0.272486,0.9515
294,253.19,115.06,323.29,230.13,0.131872,0.106541,0.168379,0.213081,0.9501
294,1249.42,880.51,172.69,174.31,0.650738,0.815288,0.089941,0.161395,0.939
294,1824.41,376.0,124.37,125.29,0.950215,0.348152,0.064775,0.116005,0.9341
294,1658.39,95.64,125.94,126.92,0.863742,0.088556,0.065592,0.117522,0.93
294,529.05,447.18,111.35,110.12,0.275545,0.414054,0.057997,0.101963,0.9259
294,1879.63,876.87,59.62,60.51,0.978975,0.811913,0.031054,0.056027,0.9082
294,1764.82,268.41,70.53,71.89,0.919177,0.248527,0.036736,0.066563,0.9007
294,1842.62,998.84,154.77,160.39,0.959696,0.924849,0.080608,0.14851,0.8991
294,933.07,73.98,333.09,147.7,0.485974,0.068503,0.173484,0.136761,0.8972
294,1856.47,982.1,58.2,58.23,0.96691,0.909355,0.03031,0.053913,0.8871
294,1833.41,1041.95,76.51,70.86,0.954903,0.964769,0.03985,0.065613,0.7143
295,616.64,701.19,293.19,296.15,0.321169,0.649253,0.152701,0.274211,0.9592
295,174.12,559.97,295.87,293.19,0.090685,0.518489,0.1541,0.271471,0.9574
295,999.14,596.06,286.25,284.42,0.520384,0.551909,0.149086,0.263355,0.9573
295,1485.64,353.86,302.29,303.93,0.773772,0.327646,0.157444,0.281415,0.9567
295,243.92,121.25,325.79,242.5,0.127044,0.112269,0.169682,0.224538,0.9524
295,567.43,270.92,226.8,229.24,0.295538,0.250851,0.118126,0.212264,0.9474
295,1647.67,108.82,126.7,128.43,0.858162,0.10076,0.065991,0.118916,0.9398
295,1815.55,388.27,124.84,124.11,0.945598,0.359512,0.065022,0.114913,0.9325
295,1241.01,895.32,171.17,172.46,0.646359,0.828995,0.089149,0.159683,0.9315
295,518.54,461.4,112.49,110.48,0.270071,0.427223,0.058587,0.102298,0.9308
295,1840.02,1008.59,159.42,142.81,0.958342,0.933882,0.083032,0.132236,0.908
295,1869.61,890.61,62.19,61.13,0.973755,0.824636,0.03239,0.056606,0.9077
295,923.69,80.68,328.35,161.37,0.48109,0.074706,0.171017,0.149412,0.8973
295,1846.05,995.99,58.35,56.91,0.961482,0.922212,0.03039,0.052698,0.8773
295,1756.64,282.19,71.52,70.9,0.914917,0.261289,0.037249,0.065651,0.8711
295,1820.56,1049.56,83.91,60.89,0.948209,0.971811,0.043703,0.056377,0.7804
296,605.75,715.3,293.72,298.0,0.315493,0.662319,0.152981,0.275925,0.962
296,164.38,574.47,295.69,293.69,0.085612,0.531914,0.154006,0.271933,0.9569
296,1478.16,366.44,303.22,304.29,0.769877,0.339294,0.157925,0.281749,0.9556
296,987.76,609.78,279.74,285.41,0.514459,0.564609,0.145696,0.264265,0.9546
296,233.39,129.25,328.98,258.49,0.121559,0.119672,0.171345,0.239344,0.9539
296,1805.75,403.35,126.67,125.9,0.940492,0.373468,0.065974,0.116579,0.947
296,557.96,282.64,226.65,228.44,0.290604,0.261703,0.118046,0.211519,0.9441
296,1232.66,907.88,175.37,175.09,0.642013,0.840632,0.091341,0.162123,0.9408
296,1639.66,121.34,126.66,126.06,0.853989,0.112352,0.065966,0.116725,0.9314
296,911.29,89.82,331.52,179.65,0.474632,0.083171,0.172669,0.166341,0.9276
296,1834.47,1017.81,171.07,124.37,0.955451,0.942421,0.089097,0.115158,0.9144
296,506.8,474.84,110.1,109.47,0.263956,0.439669,0.057344,0.101363,0.9137
296,1838.34,1011.08,60.17,58.73,0.957468,0.936182,0.031338,0.054382,0.9044
296,1746.14,293.11,70.62,71.18,0.909446,0.271396,0.036782,0.065907,0.8938
296,1861.58,906.47,59.84,61.76,0.969571,0.839329,0.031169,0.057183,0.8815
297,596.35,729.01,293.45,293.81,0.310598,0.675013,0.152836,0.272047,0.9616
297,1467.84,379.73,302.13,304.77,0.764498,0.351603,0.157359,0.282196,0.957
297,979.1,624.76,282.88,281.86,0.509947,0.578478,0.147334,0.260982,0.9546
297,154.88,588.81,291.96,295.09,0.080664,0.545193,0.15206,0.273232,0.9517
297,224.31,137.29,330.09,269.93,0.116829,0.127121,0.17192,0.249935,0.9498
297,1221.07,923.72,173.58,174.18,0.635972,0.855299,0.090408,0.16128,0.9455
297,1630.87,136.86,128.71,129.08,0.84941,0.126721,0.067039,0.119516,0.9431
297,547.1,297.25,226.46,228.57,0.284948,0.275228,0.117946,0.211637,0.9424
297,497.78,489.58,110.78,110.66,0.259262,0.453315,0.057698,0.102464,0.9381
297,902.07,95.75,334.75,191.49,0.469831,0.088654,0.174351,0.177309,0.9348
297,1797.87,417.75,125.41,125.76,0.93639,0.386809,0.065317,0.116449,0.9252
297,1849.95,919.83,58.83,60.47,0.963516,0.851691,0.030638,0.055988,0.9075
297,1737.65,310.26,72.41,71.25,0.905025,0.287278,0.037712,0.065969,0.8994
297,1827.54,1024.3,63.26,64.79,0.951843,0.948423,0.03295,0.059993,0.8845
297,1828.67,1024.41,182.67,110.6,0.952431,0.948524,0.095139,0.102411,0.8766
297,1887.81,14.51,60.55,29.03,0.983235,0.013438,0.031537,0.026876,0.8428
298,969.1,639.51,282.82,283.07,0.504739,0.592136,0.147304,0.262101,0.9616
298,586.25,744.09,294.84,296.12,0.305338,0.688972,0.153564,0.274185,0.9575
298,1456.87,393.38,299.43,305.09,0.758789,0.364237,0.155954,0.282493,0.9572
298,146.13,601.67,287.6,297.47,0.076112,0.557104,0.149789,0.275431,0.9538
298,212.6,144.02,327.3,283.52,0.110729,0.13335,0.17047,0.26252,0.9535
298,1788.0,430.79,127.18,125.48,0.931252,0.398882,0.066242,0.116189,0.9461
298,893.81,103.54,328.93,207.07,0.465525,0.095867,0.171316,0.191734,0.9457
298,1212.66,937.11,172.06,170.67,0.631592,0.867696,0.089613,0.158028,0.9436
298,1618.75,151.46,124.76,126.9,0.843098,0.140243,0.064977,0.117495,0.9359
298,537.21,312.36,229.53,228.33,0.279798,0.289222,0.119548,0.211416,0.9356
298,487.37,505.96,111.51,108.28,0.253837,0.468486,0.058078,0.100261,0.9207
298,1840.81,935.47,61.7,61.28,0.958756,0.866178,0.032134,0.056742,0.882
298,1881.72,22.08,72.89,43.58,0.980064,0.020444,0.037961,0.040347,0.8777
298,1728.33,322.33,70.91,71.81,0.90017,0.298451,0.036933,0.066493,0.8662
298,1820.34,1032.17,198.81,95.4,0.948094,0.955714,0.103546,0.08833,0.8541
298,1819.1,1042.06,61.79,60.37,0.947446,0.964868,0.032185,0.055901,0.8392
299,1448.26,409.92,301.24,305.15,0.7543,0.379558,0.156897,0.282547,0.9616
299,959.97,655.25,283.62,284.87,0.499982,0.606715,0.14772,0.263771,0.9613
299,140.93,617.32,279.6,296.53,0.073399,0.571594,0.145628,0.274566,0.9519
299,200.97,149.74,328.35,299.49,0.10467,0.138652,0.171013,0.277303,0.9509
299,577.91,759.4,293.41,295.92,0.300993,0.703145,0.152816,0.273998,0.9496
299,526.49,326.67,227.69,229.1,0.274212,0.302469,0.11859,0.212129,0.9463
299,880.95,109.7,326.06,219.41,0.45883,0.101577,0.169825,0.203155,0.9448
299,1610.82,165.51,126.13,126.86,0.838968,0.153253,0.06569,0.117461,0.9419
299,1203.04,953.75,172.65,172.66,0.626585,0.883106,0.08992,0.159866,0.9406
299,476.88,519.66,114.74,112.93,0.248376,0.481165,0.059762,0.104564,0.9305
299,1778.55,447.29,125.66,125.09,0.926329,0.414161,0.065447,0.115827,0.9226
299,1833.38,951.75,60.19,61.29,0.954886,0.881251,0.031346,0.056749,0.9105
299,1717.15,338.3,72.31,71.46,0.894349,0.313244,0.037662,0.066163,0.8932
299,1872.46,29.47,70.89,58.85,0.975241,0.027284,0.036923,0.054493,0.8606
299,1815.33,1040.92,205.91,78.15,0.945483,0.963819,0.107244,0.072363,0.8099
300,1437.62,424.29,300.74,305.33,0.74876,0.392865,0.156635,0.282717,0.9603
300,517.1,341.93,226.62,227.43,0.269325,0.316603,0.11803,0.210584,0.9597
300,948.09,669.1,283.16,283.93,0.493799,0.619536,0.147481,0.262903,0.9581
300,134.0,632.71,267.76,292.96,0.069791,0.585845,0.13946,0.271256,0.9571
300,191.63,159.15,328.98,318.29,0.099809,0.147357,0.171342,0.294713,0.9556
300,565.09,774.06,293.4,295.2,0.294317,0.716723,0.152814,0.273331,0.9542
300,1767.09,463.31,127.2,125.79,0.920361,0.428992,0.066249,0.116472,0.9484
300,869.97,117.29,325.19,234.58,0.453111,0.108601,0.16937,0.217202,0.9459
300,1601.23,180.51,126.22,127.34,0.833974,0.167136,0.065742,0.117908,0.9451
300,1190.13,967.27,173.49,172.97,0.619862,0.895617,0.090362,0.16016,0.9352
300,467.05,535.13,112.37,111.01,0.243254,0.495491,0.058525,0.102788,0.9236
300,1709.4,354.63,73.1,71.59,0.890311,0.328357,0.038075,0.066291,0.9117
300,1822.23,967.37,60.39,60.87,0.949079,0.895709,0.031454,0.05636,0.8909
300,1866.83,36.87,82.3,73.52,0.972308,0.03414,0.042866,0.068078,0.8803
300,1801.94,1045.31,200.0,69.37,0.938512,0.967883,0.104167,0.064235,0.7157
301,180.31,167.93,327.53,328.41,0.093913,0.155492,0.170588,0.304086,0.9607
301,553.61,790.44,294.59,296.37,0.288338,0.731885,0.153433,0.274419,0.9602
301,1428.12,442.22,302.3,303.15,0.74381,0.409462,0.157447,0.280694,0.9576
301,129.97,651.8,259.28,299.08,0.067691,0.603515,0.13504,0.276926,0.9552
301,940.94,687.73,283.69,279.85,0.490072,0.63679,0.147755,0.259116,0.9542
301,507.39,358.8,225.91,226.7,0.264266,0.332222,0.117661,0.20991,0.9528
301,859.88,126.14,327.7,252.12,0.447856,0.116799,0.170678,0.233442,0.9504
301,1590.82,196.93,126.47,127.62,0.828551,0.182345,0.065868,0.118163,0.9448
301,456.39,551.22,112.54,111.49,0.237704,0.510385,0.058617,0.103229,0.9267
301,1758.87,478.4,125.56,124.91,0.91608,0.442967,0.065394,0.115655,0.9251
301,1183.55,984.62,171.39,172.36,0.616431,0.911686,0.089265,0.159588,0.9229
301,1857.4,50.48,81.06,82.8,0.967394,0.046744,0.042221,0.076671,0.9204
301,1813.86,984.02,62.07,62.53,0.944719,0.91113,0.032329,0.057898,0.8944
301,1698.29,370.13,71.47,71.3,0.884524,0.342709,0.037222,0.066016,0.8673
302,124.05,664.24,248.09,297.38,0.064607,0.615034,0.129214,0.275354,0.9567
302,545.35,806.85,294.84,296.45,0.284039,0.74708,0.153564,0.274488,0.9564
302,169.95,181.24,325.34,332.2,0.088513,0.167814,0.169448,0.30759,0.9556
302,851.12,133.57,326.23,266.61,0.44329,0.123677,0.169913,0.246865,0.954
302,1420.54,457.85,301.55,305.16,0.739866,0.423939,0.157055,0.282552,0.9504
302,928.31,702.98,281.94,283.92,0.483493,0.650905,0.146842,0.262892,0.9502
302,496.88,373.87,228.62,230.81,0.258792,0.34618,0.119073,0.213709,0.9471
302,1749.11,494.79,126.04,125.58,0.910994,0.458141,0.065645,0.116278,0.9424
302,1580.84,212.51,126.86,126.85,0.823356,0.196766,0.066071,0.117458,0.9415
302,1171.49,997.12,175.01,165.24,0.610151,0.923263,0.091153,0.152999,0.939
302,445.05,567.39,112.59,110.75,0.231796,0.525359,0.058642,0.102548,0.9123
302,1801.96,999.65,58.99,59.7,0.938522,0.925602,0.030725,0.055277,0.9021
302,1845.73,67.66,78.61,79.32,0.961315,0.062648,0.040941,0.073449,0.8931
302,1688.26,386.96,71.79,72.21,0.879302,0.358294,0.037392,0.066866,0.8923
302,1884.9,137.23,69.46,260.42,0.981716,0.127062,0.036179,0.241131,0.809
302,1210.58,22.42,212.64,44.84,0.630509,0.020764,0.110748,0.04152,0.7159
303,533.56,823.89,296.56,296.48,0.277898,0.762858,0.154458,0.274518,0.9625
303,918.07,719.68,282.77,283.71,0.478163,0.666375,0.147278,0.262694,0.9605
303,1408.27,474.96,297.39,301.34,0.733475,0.439781,0.154888,0.279015,0.9542
303,1162.21,1005.31,171.71,149.39,0.605317,0.930839,0.089432,0.138323,0.9531
303,162.35,196.74,324.7,333.76,0.084557,0.182167,0.169114,0.309034,0.9505
303,118.69,681.59,237.38,294.8,0.061817,0.631106,0.123635,0.272959,0.9499
303,485.46,389.86,228.1,231.76,0.252844,0.360978,0.118802,0.214593,0.949
303,1572.31,229.94,128.62,128.63,0.818909,0.212905,0.066989,0.119106,0.9418
303,839.67,141.28,331.6,282.56,0.437326,0.130813,0.172707,0.261627,0.9406
303,1738.88,512.68,125.16,125.84,0.905667,0.474703,0.065188,0.116517,0.9394
303,435.8,584.06,109.74,110.69,0.226977,0.540796,0.057158,0.102487,0.9329
303,1794.08,1018.34,61.5,62.94,0.934418,0.942906,0.03203,0.058273,0.9163
303,1836.28,83.62,79.1,80.47,0.956396,0.077422,0.041199,0.074511,0.8946
303,1678.39,403.28,72.49,72.02,0.874164,0.373409,0.037756,0.066688,0.8926
303,1877.0,148.86,85.13,275.39,0.977602,0.137829,0.04434,0.254995,0.8224
303,1204.41,35.04,239.21,69.59,0.627294,0.03244,0.12459,0.064433,0.7821
304,909.68,736.15,282.59,284.63,0.473792,0.681621,0.147185,0.263546,0.9585
304,827.61,149.54,329.9,298.96,0.431046,0.138467,0.171823,0.276816,0.9577
304,1399.33,490.74,301.94,306.5,0.728818,0.454392,0.15726,0.283795,0.9571
304,525.45,841.92,296.45,297.88,0.273674,0.779556,0.154403,0.275814,0.957
304,155.91,215.83,311.83,331.08,0.081205,0.199841,0.16241,0.306559,0.9541
304,112.77,700.1,225.54,299.18,0.058734,0.648241,0.117469,0.277016,0.9519
304,474.01,408.06,228.12,229.54,0.246882,0.377838,0.118814,0.21254,0.9446
304,1561.23,246.86,126.29,125.39,0.81314,0.228576,0.065776,0.1161,0.9343
304,1155.57,1013.74,168.84,131.79,0.601858,0.938645,0.08794,0.122023,0.9336
304,1728.99,528.89,124.12,124.15,0.900516,0.489716,0.064643,0.114955,0.9312
304,1827.84,100.54,79.45,80.43,0.951998,0.093095,0.041381,0.074476,0.9201
304,423.92,601.82,110.35,110.11,0.220792,0.557242,0.057474,0.10195,0.9132
304,1668.36,420.18,69.92,70.1,0.868938,0.389057,0.036415,0.06491,0.8747
304,1198.37,42.58,242.93,85.16,0.624151,0.039424,0.126524,0.078848,0.8602
304,1874.16,158.08,91.13,275.39,0.976127,0.146369,0.047465,0.254989,0.8376
304,1784.27,1036.6,67.46,61.61,0.929308,0.959814,0.035138,0.057049,0.7865
305,1389.79,507.76,301.48,303.86,0.72385,0.470149,0.15702,0.281351,0.959
305,899.97,753.85,284.76,285.07,0.468733,0.698008,0.148311,0.263956,0.9584
305,108.57,716.48,217.15,302.96,0.056549,0.663411,0.113099,0.280519,0.9567
305,819.73,159.02,325.19,318.05,0.426943,0.147244,0.169372,0.294488,0.9552
305,515.01,858.52,295.71,297.07,0.268235,0.794922,0.154017,0.275065,0.9505
305,151.43,233.34,302.85,336.98,0.078868,0.216054,0.157737,0.312016,0.9453
305,465.0,425.02,232.66,229.33,0.242188,0.393534,0.121176,0.212342,0.9415
305,1552.93,263.55,128.94,127.56,0.808817,0.244027,0.067155,0.11811,0.9406
305,1720.53,545.91,126.47,126.32,0.896109,0.505476,0.065867,0.116964,0.935
305,415.63,619.66,110.22,109.52,0.216472,0.573755,0.057408,0.101407,0.926
305,1143.9,1021.74,173.49,116.52,0.595782,0.946056,0.090359,0.107888,0.9198
305,1818.71,118.45,81.1,81.76,0.947243,0.109679,0.042242,0.075706,0.9165
305,1191.02,51.62,235.93,102.9,0.620323,0.047795,0.122879,0.095277,0.8943
305,1774.8,1050.95,59.34,58.1,0.924373,0.973104,0.030909,0.053792,0.8907
305,1866.68,176.54,106.64,297.08,0.972229,0.163462,0.055543,0.275073,0.885
305,1494.68,15.26,70.57,30.52,0.77848,0.01413,0.036755,0.028261,0.8475
305,1659.28,437.77,70.55,70.45,0.864206,0.405344,0.036744,0.065231,0.8147
306,1379.8,526.63,303.52,305.58,0.718645,0.487617,0.158084,0.282942,0.9603
306,888.66,771.79,283.14,284.31,0.462842,0.714622,0.14747,0.26325,0.9602
306,502.92,877.74,294.24,297.02,0.261939,0.812724,0.153248,0.275023,0.9523
306,810.37,171.53,331.69,331.18,0.422065,0.158821,0.172754,0.306647,0.9512
306,102.9,733.96,205.8,298.19,0.053593,0.679595,0.107186,0.276098,0.9505
306,145.7,250.27,290.8,329.6,0.075886,0.231731,0.15146,0.305185,0.9474
306,453.95,442.99,226.43,229.18,0.236431,0.410177,0.117935,0.212203,0.944
306,1543.67,281.81,128.23,128.51,0.803993,0.260932,0.066785,0.118987,0.9433
306,405.28,635.46,113.4,111.58,0.211085,0.588388,0.059061,0.103311,0.9356
306,1710.12,565.25,126.07,126.45,0.890686,0.523378,0.065663,0.117084,0.9206
306,1809.18,136.38,81.23,81.82,0.942282,0.126282,0.042306,0.075761,0.9177
306,1177.03,59.21,231.41,116.61,0.613038,0.054825,0.120526,0.10797,0.9058
306,1138.53,1032.41,172.75,95.18,0.592982,0.955936,0.089976,0.088128,0.9033
306,1863.0,198.36,114.0,293.08,0.970312,0.183664,0.059376,0.271375,0.8985
306,1650.51,456.48,72.3,73.36,0.859642,0.422664,0.037654,0.067927,0.8922
306,1485.99,24.42,78.37,48.83,0.773954,0.022607,0.04082,0.045215,0.8542
306,1765.8,1059.95,66.44,40.1,0.919686,0.981435,0.034604,0.03713,0.8541
307,141.14,269.3,280.44,334.08,0.073511,0.249352,0.146064,0.30933,0.9634
307,879.2,790.29,283.6,284.18,0.457915,0.731749,0.147706,0.263131,0.9573
307,1369.03,543.3,303.56,303.75,0.713036,0.503056,0.158105,0.28125,0.957
307,493.48,894.42,296.64,297.92,0.257022,0.828165,0.154501,0.275854,0.9551
307,800.12,190.2,329.6,326.92,0.41673,0.176115,0.171665,0.3027,0.9502
307,444.78,458.95,228.9,229.41,0.231659,0.424955,0.11922,0.212415,0.9482
307,96.28,749.7,192.56,296.98,0.050146,0.694162,0.100292,0.274984,0.9461
307,1700.87,582.74,126.51,125.7,0.885868,0.539572,0.065893,0.116387,0.9434
307,1534.51,298.79,126.99,128.91,0.799223,0.276656,0.06614,0.119362,0.935
307,1172.07,68.44,239.05,136.24,0.610451,0.06337,0.124506,0.126145,0.9342
307,1799.0,153.98,79.18,79.88,0.936977,0.142576,0.041237,0.073965,0.9212
307,393.19,655.02,111.57,110.76,0.204784,0.606498,0.058108,0.102559,0.9178
307,1859.39,216.55,121.21,284.2,0.968434,0.200514,0.063132,0.263149,0.9138
307,1477.18,33.13,77.8,64.32,0.769367,0.030671,0.040523,0.059555,0.8833
307,1126.55,1041.32,179.64,77.36,0.586745,0.964185,0.093561,0.07163,0.8806
307,1640.45,472.14,71.17,71.63,0.8544,0.437169,0.037065,0.066328,0.8702
308,135.24,286.27,270.48,337.3,0.070439,0.265067,0.140878,0.312317,0.961
308,483.73,913.89,296.75,299.19,0.251944,0.846196,0.154555,0.277032,0.9597
308,1362.02,563.37,301.09,301.02,0.709387,0.52164,0.15682,0.278724,0.955
308,790.3,206.22,330.93,335.02,0.411617,0.190948,0.172361,0.310206,0.9536
308,868.35,809.09,284.21,283.08,0.452268,0.749157,0.148027,0.262115,0.9443
308,93.53,771.17,187.06,298.91,0.048715,0.714045,0.097429,0.276772,0.9441
308,1163.96,78.61,239.5,155.96,0.60623,0.072784,0.124741,0.144406,0.9426
308,1523.78,316.7,126.49,128.2,0.793637,0.293236,0.065878,0.118708,0.9415
308,433.7,478.12,228.42,229.85,0.225884,0.442706,0.11897,0.212828,0.9413
308,1692.84,601.8,128.61,126.05,0.881686,0.557219,0.066985,0.116715,0.9278
308,383.69,672.25,114.68,113.59,0.199838,0.622456,0.05973,0.105179,0.9259
308,1789.18,172.53,79.74,80.17,0.931865,0.159752,0.041533,0.074229,0.9021
308,1854.84,234.63,130.32,284.23,0.966062,0.217246,0.067877,0.263176,0.9019
308,1468.04,45.76,77.8,77.63,0.764604,0.042366,0.040518,0.071877,0.9002
308,1631.01,493.16,71.58,73.35,0.849485,0.45663,0.037279,0.067915,0.8911
308,1889.58,603.6,59.56,86.17,0.984157,0.558886,0.031019,0.079785,0.8853
308,1116.81,1052.47,170.2,54.14,0.581674,0.974509,0.088646,0.050127,0.7862
309,857.95,828.05,283.55,284.24,0.446851,0.766708,0.14768,0.263187,0.9572
309,472.06,931.55,296.57,292.07,0.245865,0.862544,0.154466,0.270436,0.9563
309,778.73,226.01,331.2,332.21,0.405588,0.209266,0.172498,0.307599,0.9545
309,130.16,304.14,260.33,334.82,0.067793,0.281613,0.135587,0.310015,0.9543
309,1351.96,581.91,303.22,307.74,0.704146,0.538803,0.157928,0.28494,0.9516
309,1150.3,86.66,234.27,172.53,0.599114,0.080245,0.122015,0.15975,0.9487
309,86.92,792.29,173.84,297.32,0.045271,0.733604,0.090542,0.275293,0.9475
309,1512.68,335.97,126.81,127.66,0.787854,0.311081,0.066048,0.118206,0.9427
309,424.28,497.71,228.87,230.31,0.220977,0.460845,0.119204,0.213254,0.9412
309,372.99,691.17,113.18,111.2,0.194265,0.639972,0.058949,0.102965,0.9372
309,1681.05,620.87,125.11,124.55,0.875546,0.574878,0.065163,0.115324,0.931
309,1849.33,257.17,141.33,288.54,0.963194,0.23812,0.073611,0.267166,0.9173
309,1780.19,191.07,79.91,80.97,0.927182,0.176915,0.04162,0.074968,0.9013
309,1458.07,64.7,78.31,77.28,0.75941,0.05991,0.040787,0.071555,0.9001
309,1884.94,624.78,68.39,86.91,0.981742,0.578501,0.03562,0.080468,0.8908
309,1621.48,511.01,72.69,73.48,0.844519,0.473154,0.037857,0.06804,0.8832
309,1107.96,1060.93,166.95,38.15,0.577063,0.982339,0.086954,0.035321,0.7319
310,848.31,846.96,283.92,287.3,0.44183,0.784221,0.147874,0.26602,0.9629
310,1341.68,601.22,300.75,303.75,0.698791,0.556682,0.156643,0.281248,0.9582
310,768.41,243.95,330.33,330.15,0.400215,0.225876,0.172044,0.305694,0.9539
310,461.71,940.64,294.7,276.74,0.240475,0.87096,0.153487,0.256245,0.9512
310,412.72,516.99,229.66,227.92,0.214956,0.478691,0.119614,0.211035,0.949
310,1505.12,355.48,129.17,131.32,0.783918,0.329145,0.067274,0.121593,0.9477
310,1139.98,95.96,235.74,191.92,0.593739,0.088851,0.122779,0.177702,0.9438
310,125.51,324.21,251.03,335.84,0.065372,0.300191,0.130745,0.310964,0.9434
310,1670.59,640.41,126.29,126.69,0.870101,0.59297,0.065776,0.117308,0.9427
310,81.73,810.43,163.46,294.1,0.042568,0.750397,0.085137,0.272319,0.9385
310,1770.18,210.16,79.8,79.53,0.92197,0.194588,0.041561,0.073642,0.9304
310,362.1,711.53,111.86,111.43,0.188593,0.658825,0.058262,0.103173,0.9262
310,1845.41,271.43,149.18,289.9,0.96115,0.251324,0.0777,0.268428,0.9255
310,1449.27,83.78,77.11,76.43,0.754828,0.077571,0.040163,0.070767,0.8997
310,1880.1,641.33,79.8,88.93,0.979218,0.593822,0.041564,0.082343,0.8953
310,1610.92,530.16,72.0,72.28,0.83902,0.490893,0.0375,0.066923,0.8666
310,1273.56,22.29,145.41,43.87,0.663313,0.020638,0.075735,0.040621,0.7104
311,1330.75,618.09,303.4,307.78,0.693099,0.572307,0.15802,0.284981,0.9576
311,452.87,950.43,296.42,257.27,0.235872,0.880029,0.154383,0.238217,0.9566
311,760.0,263.38,330.61,332.2,0.395833,0.243868,0.172195,0.307588,0.9545
311,839.36,866.56,286.45,286.08,0.437165,0.802374,0.149192,0.264893,0.9544
311,119.74,342.32,239.48,335.5,0.062365,0.316959,0.12473,0.310649,0.9483
311,402.54,535.71,230.12,230.16,0.209658,0.496029,0.119855,0.213115,0.9449
311,1132.68,105.04,234.78,210.07,0.589938,0.097257,0.122281,0.194514,0.9426
311,1495.83,373.48,128.94,131.1,0.779076,0.345811,0.067157,0.121391,0.9398
311,76.35,832.9,152.71,299.25,0.039767,0.771202,0.079534,0.277087,0.9321
311,351.78,729.37,111.48,112.64,0.183219,0.67534,0.058061,0.104297,0.9278
311,1840.15,291.86,159.64,294.04,0.958413,0.270236,0.083145,0.272262,0.9236
311,1662.33,660.18,127.64,126.95,0.865798,0.611282,0.066479,0.117542,0.9206
311,1761.55,229.77,80.35,80.1,0.917476,0.21275,0.04185,0.074167,0.9095
311,1875.29,662.56,87.0,89.11,0.976713,0.613479,0.045314,0.082507,0.9037
311,1437.97,101.94,79.0,78.79,0.748943,0.094385,0.041148,0.072956,0.8899
311,1602.47,548.62,72.18,74.17,0.834622,0.507978,0.037592,0.068675,0.8749
311,1540.31,36.88,208.57,73.76,0.802243,0.034148,0.108628,0.068296,0.7898
311,1268.93,32.31,141.31,64.42,0.660903,0.02992,0.073601,0.059649,0.7727
312,1321.07,638.9,305.91,309.68,0.688056,0.591578,0.159328,0.286738,0.9629
312,828.69,887.58,285.68,285.21,0.431607,0.821834,0.148793,0.264085,0.9588
312,440.49,961.98,297.66,236.05,0.229422,0.89072,0.155033,0.218561,0.9567
312,113.96,361.9,227.93,336.97,0.059357,0.335092,0.118713,0.312007,0.9519
312,748.76,282.16,327.81,333.99,0.389979,0.261263,0.170735,0.309251,0.9491
312,1121.93,114.89,236.89,229.02,0.584337,0.106376,0.123381,0.212053,0.9487
312,393.06,555.68,232.19,233.13,0.204717,0.514519,0.120933,0.215861,0.9433
312,1834.22,312.21,170.6,291.86,0.95532,0.289086,0.088855,0.270236,0.9419
312,1485.63,393.41,128.78,126.8,0.773764,0.364271,0.067075,0.117403,0.9402
312,1651.97,679.78,124.68,125.53,0.860402,0.629426,0.064939,0.116227,0.9389
312,340.64,749.0,113.99,111.95,0.177418,0.693519,0.059369,0.103659,0.9316
312,70.97,848.76,141.93,300.3,0.036961,0.785886,0.073922,0.278055,0.9253
312,1751.5,248.47,80.75,81.02,0.912242,0.230067,0.042058,0.075022,0.9153
312,1868.64,682.69,88.41,86.97,0.973251,0.632122,0.046049,0.080526,0.9051
312,1429.02,121.98,78.26,78.18,0.744281,0.112948,0.040763,0.072388,0.8961
312,1259.22,42.12,143.74,84.23,0.655845,0.038996,0.074865,0.077992,0.8929
312,1591.49,568.38,72.36,73.08,0.828901,0.526276,0.03769,0.067669,0.8927
312,1547.89,50.39,252.67,100.17,0.806194,0.046656,0.1316,0.092749,0.8875
312,1887.1,98.27,65.49,196.54,0.982862,0.09099,0.03411,0.18198,0.8116
313,1310.14,659.73,305.18,305.0,0.682363,0.610858,0.158949,0.282405,0.9584
313,428.68,970.62,294.29,216.43,0.223269,0.898723,0.153274,0.200396,0.9557
313,817.57,906.35,283.93,287.57,0.425819,0.839217,0.147881,0.266269,0.955
313,737.89,306.06,331.53,332.3,0.384319,0.283387,0.17267,0.307681,0.9542
313,1476.05,413.82,129.61,131.46,0.768777,0.383168,0.067507,0.121723,0.9486
313,381.3,574.88,230.0,231.98,0.198594,0.5323,0.119791,0.214796,0.9472
313,1111.24,131.88,239.8,243.61,0.578773,0.122115,0.124896,0.225565,0.947
313,109.98,381.99,219.97,336.45,0.057284,0.353691,0.114567,0.311524,0.946
313,1641.66,700.01,126.91,126.84,0.855032,0.648158,0.066102,0.117448,0.9431
313,1830.35,329.27,177.97,288.11,0.95331,0.304878,0.092694,0.266764,0.9415
313,331.15,771.4,112.84,112.54,0.172475,0.714263,0.058773,0.104208,0.9291
313,1742.4,269.18,81.95,81.83,0.907502,0.249239,0.042682,0.075772,0.9283
313,1420.24,141.58,76.91,77.22,0.73971,0.131091,0.040059,0.071496,0.9266
313,64.91,868.41,129.43,298.94,0.03381,0.804087,0.067413,0.276797,0.9231
313,1538.64,58.47,241.93,116.93,0.801374,0.054135,0.126003,0.108269,0.9208
313,1855.78,702.83,88.32,88.28,0.966551,0.650771,0.045998,0.081739,0.9181
313,1242.73,52.92,156.92,105.36,0.647258,0.048996,0.081731,0.097556,0.8872
313,1581.57,589.84,72.53,72.49,0.823737,0.546152,0.037777,0.067119,0.881
313,1883.25,106.82,72.72,200.27,0.980858,0.098906,0.037877,0.185437,0.814
314,1303.04,679.94,305.49,305.64,0.678666,0.629574,0.15911,0.283002,0.9567
314,725.97,321.59,330.7,335.8,0.378108,0.297772,0.17224,0.310922,0.9525
314,1102.12,149.28,235.18,240.25,0.574022,0.13822,0.122492,0.222454,0.9508
314,807.84,928.91,284.08,286.64,0.420749,0.860102,0.14796,0.265407,0.9483
314,422.22,981.8,298.24,193.7,0.219907,0.909071,0.155331,0.179351,0.9474
314,102.88,403.67,205.75,336.21,0.053582,0.373769,0.107164,0.311309,0.9465
314,1465.13,433.91,132.47,130.62,0.763086,0.401772,0.068994,0.120943,0.9427
314,371.62,595.81,230.76,230.25,0.19355,0.551679,0.120189,0.213197,0.941
314,1826.56,354.43,186.87,286.33,0.951335,0.328171,0.09733,0.26512,0.9379
314,321.01,792.0,110.92,112.97,0.167192,0.733329,0.057771,0.104604,0.9259
314,1633.61,720.72,126.88,126.39,0.850839,0.667333,0.066083,0.117027,0.9231
314,1525.17,67.67,235.27,134.81,0.794357,0.062656,0.122536,0.124824,0.9231
314,60.76,890.73,121.52,299.49,0.031647,0.824753,0.063294,0.277301,0.9207
314,1230.37,63.83,162.34,123.09,0.640819,0.059097,0.084551,0.113975,0.915
314,1847.5,724.2,88.52,90.06,0.962238,0.670557,0.046105,0.083385,0.9122
314,1731.59,289.98,80.05,80.0,0.901872,0.268496,0.041694,0.07407,0.9056
314,1407.9,162.3,79.2,78.36,0.733282,0.150277,0.041252,0.072559,0.8855
314,1573.85,610.26,72.27,72.12,0.819713,0.565058,0.03764,0.066775,0.8653
314,1879.29,131.13,80.63,204.22,0.978797,0.121417,0.041993,0.189088,0.83
315,797.62,942.64,285.23,274.73,0.41543,0.872811,0.148556,0.254378,0.957
315,718.31,345.09,331.39,333.47,0.37412,0.319525,0.172598,0.308765,0.9567
315,1292.99,700.33,307.04,310.18,0.673431,0.648449,0.159918,0.287199,0.9503
315,1093.2,169.02,239.48,242.29,0.569373,0.156504,0.124731,0.224341,0.9468
315,1455.3,454.3,127.87,128.13,0.75797,0.420649,0.066598,0.118638,0.9436
315,97.86,423.07,195.73,335.09,0.05097,0.39173,0.10194,0.310265,0.9423
315,1819.88,375.5,197.04,285.38,0.947856,0.347688,0.102623,0.264245,0.9413
315,408.68,991.8,298.72,173.22,0.212857,0.918335,0.155581,0.160393,0.941
315,360.71,615.94,232.41,231.5,0.187872,0.570311,0.121048,0.214356,0.9407
315,1621.83,739.88,124.86,126.01,0.844705,0.68507,0.06503,0.116678,0.9333
315,1838.55,744.53,86.68,88.06,0.957579,0.689382,0.045147,0.081537,0.9325
315,308.87,811.25,111.93,110.89,0.160869,0.751155,0.058295,0.102677,0.9288
315,1517.76,79.5,243.02,156.78,0.790501,0.073611,0.126575,0.145167,0.9242
315,1722.46,310.48,79.15,80.3,0.897116,0.287477,0.041225,0.074356,0.9239
315,1223.58,72.42,151.67,144.36,0.637283,0.067059,0.078993,0.133662,0.9211
315,53.32,908.37,106.64,300.2,0.02777,0.841087,0.055541,0.277967,0.9067
315,1398.71,182.72,78.22,77.65,0.728497,0.169188,0.040741,0.071898,0.9006
315,1873.98,148.95,90.88,197.59,0.97603,0.137916,0.047335,0.182956,0.8832
315,1562.33,629.83,71.73,71.97,0.813713,0.58318,0.037359,0.066636,0.8755
316,786.98,952.25,284.76,255.5,0.409885,0.881714,0.148313,0.236572,0.9587
316,1282.83,722.1,301.2,305.82,0.668142,0.668611,0.156873,0.283166,0.9579
316,707.61,363.57,330.67,331.24,0.368546,0.336643,0.172226,0.306701,0.9542
316,1082.62,190.94,242.8,242.67,0.563867,0.176794,0.126461,0.224696,0.9506
316,1446.85,476.15,129.96,131.23,0.753566,0.440878,0.067688,0.121511,0.9485
316,349.84,636.69,230.88,230.88,0.18221,0.589532,0.120251,0.213774,0.9473
316,1815.23,391.95,206.85,289.65,0.945434,0.36292,0.107736,0.26819,0.9427
316,94.23,446.23,188.46,334.25,0.049077,0.413179,0.098154,0.309495,0.9407
316,1612.39,762.86,128.12,127.18,0.839786,0.706349,0.06673,0.117756,0.9398
316,1506.54,89.11,243.46,177.3,0.784657,0.082505,0.126803,0.164164,0.9359
316,1213.36,88.52,155.15,154.95,0.631957,0.081962,0.080807,0.143473,0.9303
316,398.88,1003.56,280.65,152.74,0.207748,0.929225,0.146174,0.141426,0.9257
316,298.3,833.67,111.24,111.3,0.155362,0.771916,0.05794,0.103058,0.9218
316,1712.14,331.66,82.36,81.4,0.891738,0.307095,0.042893,0.075373,0.9216
316,1827.59,766.32,86.54,86.64,0.951871,0.709552,0.045072,0.080222,0.9191
316,1867.68,168.15,103.31,201.41,0.972751,0.155692,0.053807,0.186488,0.8902
316,1388.99,202.69,78.7,78.9,0.723432,0.187679,0.040991,0.073059,0.8877
316,1552.7,652.42,71.8,72.67,0.808699,0.604092,0.037393,0.067291,0.8859
316,48.68,929.17,97.31,289.71,0.025357,0.860346,0.05068,0.268247,0.8825
317,778.04,964.15,286.04,229.79,0.405229,0.892733,0.14898,0.21277,0.9604
317,1270.87,741.93,303.05,309.23,0.661914,0.686973,0.157837,0.286328,0.9575
317,698.75,384.67,334.18,334.09,0.363934,0.356178,0.174054,0.309342,0.9549
317,1073.4,211.82,238.83,240.28,0.559061,0.196133,0.124388,0.222482,0.9541
317,1499.45,98.95,241.25,197.89,0.780965,0.091616,0.125649,0.183232,0.9515
317,1811.63,418.0,216.26,288.44,0.943558,0.387038,0.112635,0.26707,0.9457
317,339.51,657.65,231.84,234.34,0.176831,0.608936,0.120752,0.216979,0.9445
317,87.79,464.78,175.59,340.78,0.045726,0.430355,0.091453,0.315533,0.9417
317,1436.76,496.63,128.29,129.39,0.74831,0.45984,0.066815,0.119805,0.9406
317,1603.62,782.5,126.85,125.59,0.835219,0.724537,0.066065,0.116283,0.9359
317,1202.54,109.37,156.18,156.69,0.626322,0.101265,0.081345,0.145079,0.9301
317,289.6,853.56,114.03,114.78,0.150833,0.790338,0.059392,0.106275,0.9291
317,387.08,1014.04,279.95,131.92,0.201605,0.938924,0.145809,0.122152,0.9132
317,1817.31,787.8,85.58,88.1,0.946513,0.729445,0.044573,0.081576,0.9109
317,1702.82,353.54,80.69,81.1,0.886884,0.327348,0.042027,0.075093,0.9019
317,1378.92,224.04,78.29,78.32,0.718188,0.207449,0.040776,0.072515,0.9001
317,1862.97,187.93,112.89,216.35,0.970299,0.174005,0.058796,0.200326,0.8912
317,45.1,941.67,90.2,274.65,0.023489,0.871913,0.046977,0.254305,0.8694
317,1543.53,674.09,72.61,73.48,0.803922,0.624156,0.037818,0.068033,0.8302
318,1261.78,765.22,307.03,308.45,0.657176,0.708539,0.159909,0.285604,0.9612
318,766.67,973.69,289.11,210.59,0.399306,0.901565,0.150576,0.194988,0.9595
318,1063.3,232.49,238.05,241.71,0.553802,0.215267,0.123984,0.223808,0.9525
318,1490.23,110.9,242.19,221.8,0.776163,0.102685,0.126141,0.20537,0.9513
318,1804.52,436.19,230.05,294.61,0.939856,0.403883,0.119819,0.272783,0.9504
318,688.28,406.49,329.45,333.79,0.35848,0.376376,0.171586,0.309068,0.9494
318,328.45,680.19,230.71,231.8,0.171068,0.629802,0.12016,0.214632,0.9453
318,1425.57,518.81,129.68,129.75,0.742485,0.480377,0.067541,0.120141,0.9418
318,1694.16,374.22,80.76,81.51,0.882376,0.346501,0.042065,0.075473,0.9412
318,82.02,486.39,164.04,336.37,0.04272,0.450366,0.085439,0.311458,0.9393
318,1194.3,130.62,151.68,153.87,0.62203,0.120949,0.078999,0.142468,0.9288
318,278.28,875.63,113.37,111.59,0.144938,0.810765,0.059046,0.10332,0.9229
318,1594.53,805.77,128.66,127.5,0.830483,0.746086,0.067011,0.118057,0.9219
318,1808.77,809.38,89.29,88.9,0.942069,0.74943,0.046504,0.082314,0.9203
318,1858.27,207.71,123.46,218.48,0.96785,0.192327,0.064301,0.202296,0.913
318,1369.28,245.41,76.58,77.22,0.713164,0.227232,0.039886,0.071502,0.9104
318,376.44,1023.18,281.78,113.3,0.196065,0.947393,0.146761,0.104905,0.8965
318,1532.67,694.24,71.13,73.07,0.798266,0.642815,0.037047,0.067653,0.8822
318,38.55,951.96,76.96,256.09,0.020078,0.88144,0.040082,0.23712,0.8278
318,1599.8,22.05,62.22,44.1,0.833229,0.020418,0.032406,0.040836,0.7253
319,1251.43,786.13,305.94,310.95,0.651786,0.727894,0.159342,0.287921,0.9557
319,675.8,429.06,331.98,331.95,0.351981,0.397281,0.172905,0.307361,0.9522
319,1801.36,458.03,237.29,291.45,0.938207,0.424101,0.123586,0.269862,0.951
319,1052.18,254.4,240.53,242.89,0.548009,0.235559,0.125277,0.224899,0.9487
319,1481.03,121.05,242.36,237.45,0.771371,0.112079,0.126229,0.219863,0.9455
319,320.38,700.41,230.83,232.65,0.166864,0.64853,0.120224,0.215414,0.9442
319,758.97,987.03,288.76,183.63,0.395294,0.913913,0.150397,0.170031,0.9423
319,1416.95,540.39,127.03,128.94,0.737993,0.500357,0.066163,0.119389,0.9416
319,77.52,507.14,155.04,333.8,0.040374,0.469577,0.080748,0.309076,0.9362
319,267.94,898.31,115.85,113.25,0.139551,0.83177,0.060338,0.104865,0.9307
319,1855.7,231.14,128.6,219.74,0.96651,0.214019,0.066979,0.203465,0.9259
319,1182.68,151.94,153.15,154.82,0.615979,0.140686,0.079764,0.143352,0.9245
319,1800.01,829.66,89.29,88.6,0.937504,0.768202,0.046506,0.08204,0.9234
319,1584.76,828.66,129.01,127.44,0.825394,0.767282,0.067194,0.118002,0.9189
319,1682.64,395.67,82.89,80.82,0.876376,0.36636,0.043174,0.074832,0.9154
319,1358.64,267.68,77.98,79.33,0.707624,0.24785,0.040617,0.073452,0.8973
319,1524.25,716.84,71.47,72.67,0.793879,0.663738,0.037222,0.067289,0.8546
319,1586.72,35.21,65.79,64.87,0.826418,0.0326,0.034266,0.060069,0.8419
319,33.89,967.33,66.99,225.35,0.017649,0.895672,0.034892,0.208656,0.8165
319,194.19,38.16,241.13,75.7,0.101142,0.035337,0.12559,0.070095,0.7814
319,355.98,1037.74,279.19,84.52,0.185407,0.960872,0.145413,0.078255,0.777
320,1796.08,481.96,247.84,293.44,0.935459,0.446256,0.129082,0.271704,0.961
320,666.67,450.08,333.4,336.84,0.347222,0.416738,0.173645,0.311886,0.9557
320,1243.29,809.06,307.67,308.67,0.647547,0.749133,0.160244,0.285803,0.9538
320,1042.56,275.58,237.39,240.57,0.542999,0.255165,0.123638,0.22275,0.9518
320,1470.24,141.5,246.77,250.1,0.765749,0.131021,0.128525,0.231578,0.9516
320,1349.42,287.83,78.37,78.71,0.702821,0.266513,0.040815,0.072884,0.9455
320,1574.59,849.55,129.32,127.59,0.820098,0.786616,0.067353,0.118142,0.9447
320,309.7,723.27,231.62,232.19,0.161303,0.669693,0.120634,0.21499,0.9406
320,1407.37,561.66,130.49,131.07,0.733004,0.52006,0.067965,0.121358,0.9379
320,1173.85,174.56,158.08,157.1,0.61138,0.161626,0.082332,0.145468,0.9376
320,746.72,995.01,291.17,167.99,0.388918,0.921307,0.151653,0.155548,0.9326
320,72.05,530.54,144.11,328.07,0.037528,0.491245,0.075057,0.303768,0.9255
320,1849.27,255.36,141.46,226.26,0.96316,0.236449,0.07368,0.209499,0.9217
320,259.51,920.49,113.73,114.35,0.135162,0.852309,0.059234,0.105876,0.9191
320,1673.95,419.59,81.69,83.5,0.871848,0.388506,0.042544,0.077318,0.9091
320,1789.19,853.46,88.24,87.89,0.931872,0.790244,0.045959,0.081376,0.899
320,1576.18,54.09,67.55,67.17,0.82093,0.050084,0.03518,0.06219,0.8842
320,181.59,49.67,245.18,98.64,0.094578,0.04599,0.127699,0.091331,0.8833
320,1516.03,740.78,71.29,72.76,0.7896,0.685908,0.037133,0.067372,0.8664
320,29.14,977.14,58.0,205.71,0.015176,0.904763,0.03021,0.190474,0.8156
321,1791.77,504.37,256.45,288.84,0.933215,0.467011,0.13357,0.267446,0.9583
321,657.87,470.56,333.38,332.21,0.342642,0.435701,0.173637,0.307602,0.95
321,1234.68,830.8,307.44,308.66,0.643061,0.769259,0.160123,0.285798,0.949
321,1458.09,160.12,246.52,248.5,0.759421,0.148259,0.128394,0.230094,0.9489
321,1032.34,297.98,238.48,239.4,0.537679,0.275904,0.124209,0.221665,0.9466
321,297.62,745.98,232.98,233.37,0.155011,0.690721,0.121345,0.216083,0.9465
321,1397.16,584.58,129.79,129.56,0.727687,0.541281,0.067597,0.119961,0.9385
321,245.72,942.81,114.0,113.54,0.12798,0.872972,0.059374,0.10513,0.9314
321,1564.82,871.7,126.12,125.12,0.815011,0.807126,0.065688,0.115853,0.9293
321,733.45,1007.03,283.92,145.95,0.382005,0.932432,0.147875,0.135136,0.9268
321,1844.74,278.08,150.43,232.68,0.960802,0.257482,0.078349,0.215444,0.9202
321,1161.23,197.13,152.98,153.22,0.604805,0.182529,0.079677,0.141872,0.9191
321,66.31,554.58,132.63,333.11,0.034538,0.513499,0.069076,0.308439,0.9179
321,168.8,60.4,255.66,120.8,0.087915,0.055926,0.133157,0.111851,0.9151
321,1663.56,439.71,81.4,83.04,0.866437,0.407136,0.042398,0.076891,0.914
321,1780.74,875.6,89.42,87.98,0.927468,0.810744,0.046574,0.081464,0.9124
321,1338.57,311.6,78.83,78.64,0.697174,0.288518,0.041058,0.072811,0.8877
321,1501.69,761.62,69.9,70.49,0.78213,0.705207,0.036404,0.065267,0.8849
321,1564.24,76.85,70.02,68.98,0.814706,0.071159,0.036466,0.063872,0.8668
321,1887.29,861.62,64.59,275.08,0.982963,0.797798,0.033643,0.254706,0.7934
322,1786.6,527.66,266.79,292.78,0.930522,0.488577,0.138955,0.271094,0.9642
322,645.39,494.53,332.92,332.0,0.33614,0.457901,0.173394,0.307405,0.9619
322,1221.44,853.03,304.22,308.98,0.636169,0.789844,0.15845,0.286089,0.9535
322,1448.77,184.47,244.82,249.8,0.754569,0.170806,0.127513,0.231293,0.953
322,1021.68,319.69,239.98,241.77,0.532122,0.296009,0.12499,0.223863,0.9511
322,286.84,768.67,232.93,233.8,0.149395,0.711733,0.12132,0.216482,0.9473
322,1386.52,607.25,128.02,127.1,0.722145,0.562273,0.066677,0.117688,0.9358
322,159.71,72.19,252.05,144.38,0.083182,0.066843,0.131278,0.133685,0.9349
322,1556.11,896.74,127.88,128.42,0.810476,0.830318,0.066605,0.118904,0.9295
322,1154.45,218.33,149.18,150.75,0.601278,0.202162,0.077698,0.139588,0.9256
322,1839.15,298.83,161.69,227.39,0.957893,0.27669,0.084214,0.210548,0.9204
322,234.41,966.01,115.42,112.59,0.12209,0.894455,0.060117,0.104248,0.9177
322,724.04,1019.92,273.73,120.16,0.377104,0.944371,0.142566,0.111257,0.9158
322,1328.55,334.38,78.48,78.72,0.691955,0.309614,0.040874,0.072888,0.9155
322,1653.86,463.85,82.65,82.94,0.861386,0.429488,0.043049,0.076796,0.9132
322,60.81,577.56,121.61,334.3,0.03167,0.534773,0.06334,0.309536,0.912
322,1556.5,98.83,68.42,67.14,0.810679,0.091512,0.035636,0.062168,0.9077
322,1770.81,899.03,89.71,89.14,0.922295,0.832437,0.046726,0.082538,0.9071
322,1492.93,784.38,71.98,72.02,0.777569,0.726277,0.037491,0.06669,0.8521
322,1881.74,887.53,75.77,251.34,0.98007,0.821784,0.039465,0.232722,0.8228
323,1213.21,873.69,304.82,311.2,0.631878,0.808969,0.158758,0.288151,0.959
323,1781.83,549.19,276.35,291.2,0.928035,0.508511,0.143931,0.269631,0.9552
323,1012.15,342.96,240.18,242.41,0.527163,0.31756,0.125093,0.224457,0.9534
323,637.25,518.12,333.22,335.77,0.331902,0.479738,0.173554,0.310901,0.9527
323,1439.94,206.48,248.44,249.63,0.74997,0.191183,0.129397,0.231136,0.95
323,276.7,791.55,232.34,234.68,0.144113,0.732914,0.121011,0.2173,0.9443
323,1377.52,629.08,128.25,130.75,0.717459,0.582483,0.066796,0.121068,0.9443
323,150.7,82.39,247.25,164.27,0.078492,0.076287,0.128775,0.1521,0.9348
323,1835.34,321.19,168.83,224.64,0.955907,0.297403,0.087934,0.207999,0.9289
323,1545.72,918.85,126.03,127.03,0.805064,0.850783,0.065641,0.117618,0.9278
323,1142.12,241.81,153.95,154.25,0.594854,0.2239,0.080181,0.142824,0.9227
323,225.25,988.09,113.6,112.28,0.117319,0.914894,0.059169,0.103968,0.9223
323,1760.6,922.22,87.75,87.12,0.916981,0.85391,0.045701,0.080666,0.9194
323,1643.64,486.82,80.18,80.6,0.85606,0.450756,0.041759,0.074633,0.9011
323,54.71,601.07,109.42,340.6,0.028496,0.556547,0.056992,0.315375,0.8984
323,1318.57,356.72,78.11,80.04,0.686753,0.330299,0.040682,0.07411,0.8955
323,1485.75,808.06,72.79,73.88,0.773828,0.748202,0.037913,0.068406,0.889
323,1546.04,122.22,66.0,67.64,0.805227,0.113171,0.034376,0.062629,0.8548
323,712.75,1033.1,284.73,93.8,0.371226,0.956575,0.148295,0.08685,0.8416
323,1875.45,911.84,88.26,263.23,0.976795,0.844296,0.045966,0.243728,0.8256
324,624.14,542.9,332.09,334.53,0.325072,0.502689,0.172962,0.309752,0.9539
324,1367.75,653.58,130.74,130.69,0.712367,0.605168,0.068094,0.121009,0.9535
324,1203.03,899.38,305.57,307.6,0.626578,0.832755,0.159148,0.28481,0.9535
324,265.64,813.77,233.84,233.86,0.138352,0.753493,0.12179,0.216538,0.9512
324,1430.6,229.25,246.65,249.52,0.745102,0.212271,0.128464,0.231039,0.9509
324,1001.53,368.11,236.48,240.16,0.521628,0.340839,0.123169,0.222366,0.9505
324,1774.34,573.29,281.49,284.3,0.924135,0.53082,0.14661,0.26324,0.9489
324,1535.13,941.17,129.72,129.23,0.799545,0.871458,0.06756,0.119656,0.9462
324,1829.5,343.48,180.03,231.69,0.952866,0.318038,0.093763,0.214526,0.9431
324,138.45,93.6,250.06,186.0,0.07211,0.08667,0.130239,0.17222,0.9411
324,1635.78,509.41,81.27,81.73,0.851967,0.471673,0.042326,0.075677,0.931
324,1133.24,265.82,150.8,157.39,0.59023,0.246134,0.078543,0.145731,0.9239
324,213.27,1013.06,113.77,113.77,0.111079,0.938019,0.059254,0.105345,0.9215
324,1309.95,379.63,76.17,77.0,0.682264,0.351514,0.039672,0.0713,0.9119
324,1748.84,944.84,86.28,86.77,0.910855,0.874849,0.044936,0.080347,0.9081
324,1533.76,144.69,72.16,72.01,0.798834,0.13397,0.037586,0.066674,0.8858
324,1871.01,928.42,97.97,277.26,0.974486,0.859646,0.051028,0.256723,0.881
324,50.17,623.96,100.34,341.4,0.026131,0.577738,0.052262,0.316112,0.8757
324,1473.84,829.33,70.33,72.16,0.767626,0.767897,0.036629,0.066819,0.8329
324,569.57,34.92,204.67,68.59,0.296653,0.032332,0.106601,0.06351,0.7862
324,699.62,1043.19,294.67,73.62,0.364384,0.965915,0.153472,0.06817,0.7558
325,989.82,389.47,238.49,241.69,0.515532,0.360616,0.124216,0.223783,0.9555
325,1190.78,920.23,305.92,306.83,0.620199,0.852065,0.159334,0.284105,0.9547
325,615.92,564.41,329.7,331.43,0.320791,0.522606,0.17172,0.306883,0.9515
325,1767.24,593.41,285.69,287.35,0.920435,0.549453,0.148796,0.266065,0.9508
325,1420.65,253.28,247.88,247.36,0.73992,0.234516,0.129105,0.229034,0.9474
325,127.32,105.11,248.92,210.22,0.066311,0.097324,0.129647,0.194647,0.9466
325,255.21,837.58,233.11,234.19,0.13292,0.775539,0.121413,0.216845,0.9434
325,1357.3,677.75,129.94,130.44,0.706927,0.627544,0.067679,0.120775,0.9422
325,1825.34,367.22,189.21,227.63,0.950699,0.340021,0.098548,0.210767,0.9405
325,1524.23,963.87,126.53,127.17,0.793871,0.892469,0.065903,0.117753,0.9343
325,1122.67,289.84,155.13,156.05,0.584722,0.268373,0.080795,0.144488,0.9324
325,1740.33,968.72,88.51,87.91,0.906422,0.896959,0.046096,0.081397,0.9311
325,204.49,1029.49,115.48,101.03,0.106504,0.953229,0.060146,0.093542,0.9266
325,1624.65,532.33,81.42,81.73,0.846172,0.492894,0.042408,0.075673,0.91
325,563.64,45.7,218.97,91.4,0.293562,0.042316,0.114046,0.084631,0.8996
325,1298.89,403.09,79.77,78.86,0.676507,0.373234,0.041546,0.073019,0.8904
325,1864.57,941.08,110.86,270.55,0.971131,0.87137,0.057737,0.250513,0.8815
325,1463.37,854.09,72.8,70.62,0.762174,0.790823,0.037918,0.065391,0.8355
325,44.66,653.86,89.32,350.61,0.023262,0.605423,0.046523,0.324641,0.8329
325,1524.72,168.87,68.06,68.67,0.794124,0.156365,0.035449,0.063583,0.8324
326,1759.87,620.86,286.84,287.97,0.916597,0.574872,0.149398,0.266643,0.9559
326,603.19,586.72,332.26,333.84,0.314164,0.543258,0.173053,0.309116,0.9541
326,1410.46,275.37,248.79,250.28,0.734613,0.254972,0.129579,0.231737,0.9531
326,1184.33,936.73,308.7,285.3,0.616838,0.86734,0.160781,0.264166,0.9503
326,121.23,116.54,241.5,233.07,0.063143,0.107904,0.12578,0.215808,0.9488
326,981.16,413.06,237.96,241.98,0.511019,0.382465,0.123939,0.224058,0.9474
326,245.66,860.47,230.65,233.64,0.127945,0.796734,0.120131,0.216335,0.9471
326,1346.88,699.52,130.9,130.5,0.701498,0.647704,0.068176,0.120834,0.9429
326,1820.25,392.65,199.5,225.52,0.948047,0.363562,0.103906,0.208811,0.9414
326,1111.77,313.19,155.67,154.26,0.579045,0.289994,0.081079,0.142834,0.9377
326,552.79,56.82,208.03,113.38,0.287914,0.052615,0.108351,0.104977,0.9334
326,1289.85,427.18,79.75,78.67,0.671799,0.395535,0.041535,0.072847,0.9276
326,1517.19,989.76,126.53,126.15,0.790205,0.916441,0.065902,0.116806,0.9201
326,1614.43,557.48,81.84,81.84,0.840849,0.516182,0.042625,0.075778,0.9161
326,1860.55,953.83,118.9,252.0,0.969037,0.883176,0.061927,0.233337,0.9086
326,1731.23,992.26,88.97,86.88,0.90168,0.918764,0.046341,0.080442,0.8922
326,192.42,1042.94,110.79,74.12,0.100218,0.965684,0.057706,0.068633,0.8722
326,1155.24,23.04,61.99,45.43,0.601687,0.021338,0.032284,0.042063,0.8689
326,1516.39,191.53,66.46,66.93,0.789788,0.17734,0.034617,0.061973,0.8615
326,1318.48,19.46,62.38,38.59,0.686709,0.01802,0.032489,0.035727,0.8516
326,1453.51,876.07,70.47,74.13,0.757039,0.811174,0.036702,0.068642,0.8275
326,38.49,678.85,76.97,356.22,0.020045,0.628568,0.040091,0.329834,0.7698
327,1747.5,643.13,285.91,286.81,0.910158,0.595488,0.148912,0.265569,0.9596
327,593.13,610.87,333.45,333.67,0.308924,0.56562,0.173674,0.308957,0.9569
327,1173.77,946.72,309.3,265.58,0.611339,0.876596,0.161093,0.24591,0.9539
327,972.17,439.0,239.56,240.49,0.506337,0.406477,0.124773,0.222679,0.9515
327,1400.27,300.39,245.54,249.46,0.729305,0.278137,0.127886,0.230982,0.9515
327,114.96,132.13,229.93,248.77,0.059878,0.122347,0.119755,0.230346,0.9492
327,234.01,883.85,232.71,231.55,0.121882,0.818381,0.121206,0.214401,0.9446
327,1336.86,723.72,131.35,131.54,0.696284,0.670109,0.068409,0.121799,0.9414
327,1814.53,413.27,210.94,228.2,0.945067,0.382662,0.109866,0.211296,0.9394
327,1145.23,37.11,63.92,63.19,0.596474,0.034364,0.033294,0.058509,0.9355
327,1102.31,335.67,152.44,154.05,0.574122,0.310803,0.079397,0.142643,0.9281
327,543.77,69.32,209.12,135.03,0.283211,0.064188,0.108919,0.125024,0.9277
327,1605.37,580.63,79.44,81.53,0.836128,0.537621,0.041376,0.075495,0.9216
327,1506.98,1011.98,131.07,129.61,0.784887,0.937019,0.068268,0.120009,0.9213
327,1279.32,449.56,80.07,78.4,0.666315,0.416255,0.041703,0.072595,0.9029
327,1722.86,1017.64,90.37,89.8,0.897324,0.942263,0.04707,0.083151,0.9027
327,1855.11,960.58,129.77,238.84,0.966205,0.889425,0.06759,0.22115,0.8916
327,1506.67,215.98,70.31,69.14,0.784724,0.199983,0.03662,0.064018,0.8788
327,1310.64,31.38,66.45,62.76,0.682624,0.029058,0.03461,0.058115,0.8441
327,180.5,1052.83,122.42,53.99,0.094011,0.974843,0.063759,0.049993,0.8187
327,1443.26,900.88,66.86,69.43,0.751697,0.83415,0.034822,0.064284,0.7562
327,32.34,701.36,64.55,352.44,0.016842,0.649408,0.03362,0.326334,0.7209
328,584.52,634.17,332.13,335.15,0.304437,0.587196,0.172987,0.310328,0.9606
328,1738.61,665.65,289.18,292.46,0.905524,0.616342,0.150615,0.2708,0.9595
328,110.19,156.91,220.38,248.94,0.057392,0.145285,0.114783,0.230496,0.9556
328,960.26,460.22,243.93,241.57,0.500134,0.426127,0.127049,0.22368,0.9552
328,1163.01,959.28,303.79,241.45,0.605733,0.888218,0.158225,0.223564,0.9533
328,1390.49,324.72,249.14,250.25,0.724212,0.300671,0.129758,0.231715,0.949
328,533.1,82.73,211.57,163.07,0.277655,0.076605,0.110195,0.150992,0.9464
328,223.43,909.41,235.4,234.62,0.11637,0.842044,0.122604,0.217245,0.9426
328,1328.49,748.07,130.18,131.04,0.691924,0.692658,0.067801,0.121333,0.9424
328,1810.19,440.72,219.62,227.93,0.942807,0.408078,0.114386,0.211049,0.942
328,1092.3,360.46,152.73,154.67,0.568905,0.333759,0.079546,0.143208,0.9224
328,1495.51,1026.57,129.27,106.87,0.778913,0.950525,0.067327,0.09895,0.9198
328,1885.94,745.84,59.98,60.36,0.98226,0.690591,0.031238,0.055888,0.9165
328,1594.48,605.26,83.45,82.42,0.83046,0.56043,0.043463,0.076318,0.9138
328,1134.91,61.22,63.41,63.21,0.591097,0.056686,0.033024,0.058531,0.8981
328,1712.89,1038.27,87.57,83.46,0.892133,0.961361,0.045611,0.077277,0.8981
328,1269.02,474.84,78.34,79.21,0.660945,0.439668,0.0408,0.073339,0.8939
328,1299.95,52.24,66.02,65.78,0.677056,0.048367,0.034385,0.06091,0.893
328,1850.99,975.45,137.94,209.11,0.964056,0.903192,0.071843,0.193616,0.8895
328,1434.32,926.75,72.46,73.39,0.747042,0.858098,0.037739,0.06795,0.8624
328,1495.8,240.72,70.25,70.56,0.779065,0.22289,0.036587,0.065333,0.8374
328,170.39,1070.16,105.21,18.93,0.088744,0.99089,0.054798,0.017525,0.712
329,1728.95,692.23,284.84,283.47,0.900497,0.640951,0.148353,0.262474,0.9584
329,1380.47,348.07,250.06,251.55,0.718994,0.322285,0.13024,0.232913,0.955
329,572.75,659.48,333.19,336.52,0.29831,0.610626,0.173539,0.311596,0.9543
329,212.4,932.38,235.02,234.87,0.110625,0.863312,0.122404,0.217471,0.9531
329,1152.94,971.71,309.08,215.48,0.600488,0.899727,0.160978,0.199516,0.9521
329,104.56,181.44,209.13,249.97,0.05446,0.168004,0.108919,0.231458,0.9507
329,951.16,484.18,238.86,240.41,0.495395,0.448315,0.124407,0.2226,0.9468
329,1804.33,462.57,228.36,229.56,0.939754,0.428302,0.118935,0.212556,0.9459
329,1259.08,497.99,79.79,79.72,0.655772,0.461097,0.041557,0.073812,0.9444
329,1876.34,770.07,59.99,59.85,0.97726,0.713032,0.031244,0.055419,0.9405
329,1319.66,771.14,129.99,132.11,0.687326,0.714019,0.067704,0.122323,0.9395
329,1080.85,383.89,155.12,156.45,0.562941,0.355455,0.080791,0.144857,0.939
329,521.53,92.77,211.92,185.53,0.271631,0.085894,0.110373,0.171788,0.938
329,1124.12,85.61,62.7,62.66,0.585478,0.079268,0.032655,0.058018,0.9292
329,1585.93,629.32,82.72,83.05,0.826007,0.582701,0.043082,0.076895,0.9191
329,1846.61,991.23,146.67,177.54,0.961775,0.917807,0.076388,0.164386,0.8824
329,1487.25,1038.53,128.43,82.94,0.774607,0.961601,0.066891,0.076799,0.8777
329,1427.59,951.65,73.12,73.91,0.743535,0.881155,0.038084,0.068431,0.8766
329,1703.28,1051.1,88.24,57.81,0.887123,0.973238,0.045957,0.053525,0.8734
329,1291.19,78.8,66.74,66.19,0.672497,0.072962,0.03476,0.061283,0.869
329,1486.94,264.08,68.11,68.38,0.77445,0.24452,0.035475,0.063314,0.8548
329,512.63,23.04,100.34,46.07,0.266996,0.021329,0.05226,0.042659,0.7732
330,1717.7,715.81,283.76,287.7,0.894636,0.662783,0.147792,0.266388,0.9546
330,939.47,509.51,236.43,240.84,0.489306,0.471772,0.123143,0.223003,0.9541
330,563.4,683.09,333.85,336.18,0.293439,0.632491,0.17388,0.311279,0.9534
330,1369.89,371.1,249.42,249.43,0.713485,0.343613,0.129906,0.230953,0.9508
330,98.48,205.68,196.96,249.99,0.051292,0.190447,0.102585,0.231476,0.9491
330,202.41,958.59,234.31,233.43,0.105421,0.887579,0.122039,0.216139,0.9463
330,1308.68,796.29,133.3,131.35,0.681603,0.73731,0.06943,0.12162,0.9462
330,1797.17,486.42,233.57,232.12,0.936025,0.450386,0.121654,0.214922,0.9446
330,1142.41,985.17,309.64,189.66,0.595007,0.912195,0.161272,0.17561,0.9405
330,511.02,104.99,213.25,209.66,0.266158,0.097211,0.111066,0.194127,0.935
330,1114.92,110.93,63.71,63.02,0.580685,0.102713,0.033182,0.058354,0.9337
330,1071.03,409.12,154.38,155.31,0.55783,0.378819,0.080405,0.143806,0.9168
330,1867.43,793.96,60.04,61.49,0.972622,0.735144,0.031271,0.056939,0.9158
330,1249.13,522.96,80.4,78.83,0.650587,0.484219,0.041874,0.072989,0.9056
330,1575.72,654.2,80.29,81.4,0.820689,0.60574,0.041817,0.075372,0.9038
330,1841.3,1004.67,157.39,150.66,0.959012,0.930251,0.081976,0.139498,0.8971
330,1280.36,102.34,68.18,67.32,0.666855,0.094756,0.035512,0.062335,0.8853
330,503.91,35.42,110.54,70.8,0.262454,0.032799,0.057575,0.065552,0.8759
330,1475.81,288.16,69.1,70.76,0.768649,0.266816,0.035991,0.065519,0.8677
330,1476.13,1052.22,130.36,55.57,0.768817,0.974275,0.067893,0.05145,0.8594
330,1695.19,1063.43,109.52,32.87,0.88291,0.984655,0.057043,0.030435,0.757
330,1889.16,308.78,61.41,274.15,0.983938,0.285911,0.031984,0.253844,0.7314
331,1708.33,740.97,289.1,292.22,0.889755,0.686081,0.150575,0.27057,0.9563
331,1360.61,397.24,249.47,249.73,0.708653,0.367811,0.129932,0.23123,0.9542
331,930.69,532.36,242.41,243.91,0.484735,0.492923,0.126255,0.22584,0.9523
331,551.78,706.25,330.98,333.85,0.287387,0.653937,0.172387,0.309123,0.9517
331,94.22,227.29,188.45,252.17,0.049075,0.210456,0.09815,0.233492,0.9459
331,1298.47,820.78,130.08,130.74,0.676285,0.759978,0.067751,0.121059,0.9437
331,191.21,971.55,234.19,216.9,0.099587,0.899585,0.121972,0.20083,0.9404
331,1788.0,512.09,234.51,230.86,0.931249,0.47416,0.122142,0.21376,0.9386
331,1132.12,995.29,301.85,167.49,0.589646,0.921564,0.157214,0.155086,0.9332
331,1104.07,135.55,63.23,62.93,0.575038,0.125505,0.032933,0.05827,0.9302
331,500.34,126.9,211.43,215.59,0.260591,0.117497,0.110118,0.199616,0.9297
331,1856.6,819.0,58.69,59.85,0.966977,0.75833,0.030569,0.055414,0.9276
331,1059.56,434.28,152.38,152.51,0.551854,0.402112,0.079366,0.141209,0.9262
331,1239.05,548.24,79.45,77.99,0.64534,0.507626,0.04138,0.072213,0.911
331,1564.78,680.4,80.11,80.7,0.814989,0.629999,0.041724,0.074721,0.9064
331,1465.68,313.69,70.17,70.94,0.763374,0.290452,0.036545,0.065682,0.8857
331,1836.27,1016.16,167.45,127.69,0.956393,0.940885,0.087215,0.11823,0.8857
331,1269.94,126.4,66.99,67.02,0.661429,0.117039,0.034889,0.062057,0.8754
331,489.93,46.99,112.0,93.97,0.255172,0.043506,0.058335,0.087011,0.8699
331,1406.14,999.65,75.34,73.37,0.732363,0.925602,0.03924,0.067933,0.8395
331,1883.79,336.36,71.71,272.24,0.981142,0.311445,0.037351,0.252071,0.8214
331,944.1,19.81,166.44,39.02,0.491717,0.018345,0.086689,0.036132,0.755
332,542.49,733.19,333.26,333.12,0.282549,0.678877,0.173571,0.308445,0.9565
332,1700.32,766.26,286.82,288.14,0.885581,0.709503,0.149384,0.266798,0.9549
332,1352.18,421.93,248.02,250.8,0.704259,0.390676,0.129178,0.232223,0.9527
332,920.5,559.7,241.26,244.93,0.479427,0.518244,0.125658,0.226791,0.9517
332,1052.78,458.82,156.13,154.92,0.548325,0.424834,0.081316,0.143445,0.9443
332,87.91,252.88,175.83,253.3,0.045788,0.23415,0.091576,0.23454,0.9424
332,180.18,984.77,236.85,190.46,0.093843,0.911825,0.123362,0.176351,0.9417
332,1779.53,537.02,232.64,229.18,0.92684,0.497241,0.121165,0.212201,0.9414
332,1229.14,571.61,79.1,78.46,0.640176,0.529268,0.041197,0.07265,0.9388
332,487.84,153.26,215.31,210.56,0.254081,0.141907,0.112143,0.19496,0.9374
332,1847.41,844.13,59.31,59.66,0.962194,0.7816,0.03089,0.055237,0.9346
332,478.39,59.8,110.97,112.71,0.249163,0.055374,0.057798,0.104363,0.9327
332,1289.64,846.38,129.65,129.09,0.671687,0.783685,0.067527,0.119526,0.9316
332,1556.04,703.92,81.78,83.9,0.810438,0.651775,0.042592,0.07769,0.9239
332,1094.12,159.87,62.68,63.21,0.569855,0.148025,0.032647,0.058526,0.9233
332,1122.17,1009.46,302.28,141.08,0.584465,0.934686,0.157436,0.130627,0.9141
332,1395.79,1024.48,73.1,76.0,0.726976,0.948589,0.038071,0.070374,0.882
332,1457.04,337.43,67.13,68.2,0.758874,0.312439,0.034962,0.063145,0.8576
332,1261.41,152.75,67.33,64.27,0.656986,0.141439,0.035067,0.059508,0.8484
332,941.79,35.2,183.58,70.4,0.490516,0.03259,0.095615,0.065181,0.8419
332,1877.94,365.65,83.23,298.21,0.978096,0.33856,0.043346,0.276121,0.799
332,1833.24,1031.62,173.53,96.76,0.95481,0.955205,0.09038,0.08959,0.7976
333,530.86,756.78,333.71,333.98,0.276492,0.700726,0.173809,0.309239,0.9613
333,1689.52,789.5,286.24,287.7,0.87996,0.731021,0.149084,0.266387,0.9565
333,910.29,582.68,245.16,244.19,0.47411,0.539522,0.12769,0.226104,0.9513
333,1338.74,447.41,246.07,248.05,0.697261,0.414265,0.128161,0.22968,0.9497
333,1277.28,871.56,130.15,129.1,0.665251,0.806998,0.067789,0.11954,0.9475
333,1083.01,185.03,62.5,62.58,0.564066,0.171326,0.03255,0.057945,0.9422
333,1766.17,560.49,234.29,233.23,0.919879,0.518974,0.122024,0.21595,0.9418
333,170.84,997.26,233.38,165.48,0.088979,0.923388,0.121551,0.153225,0.9371
333,82.38,277.86,164.76,251.01,0.042906,0.257281,0.085812,0.232414,0.9334
333,479.96,177.06,213.94,213.55,0.249977,0.163947,0.111425,0.197727,0.9303
333,1039.76,484.05,153.52,154.7,0.541539,0.448197,0.079958,0.143238,0.9281
333,468.87,86.06,113.01,113.62,0.244201,0.079687,0.058861,0.105203,0.9255
333,926.83,47.78,188.24,95.57,0.482723,0.044245,0.098042,0.08849,0.9122
333,1545.0,729.35,83.63,83.73,0.804685,0.675327,0.043556,0.077525,0.9119
333,1218.43,597.62,79.89,80.01,0.634601,0.55335,0.04161,0.07408,0.9064
333,1838.56,868.82,59.54,59.77,0.957583,0.804463,0.031013,0.055346,0.9057
333,1113.37,1023.43,299.43,113.15,0.579881,0.947617,0.155953,0.104765,0.8744
333,1249.09,177.02,67.45,67.26,0.650566,0.163911,0.03513,0.062279,0.8678
333,1445.58,364.3,71.1,71.02,0.752905,0.337311,0.037032,0.065761,0.8421
333,1874.54,391.25,90.44,281.53,0.976325,0.362266,0.047106,0.260675,0.8248
333,1840.22,1043.68,159.56,72.64,0.958447,0.966371,0.083106,0.067257,0.7307
334,1679.42,815.29,287.5,290.06,0.874697,0.754899,0.149738,0.268575,0.9596
334,520.25,781.84,334.83,333.38,0.270965,0.723923,0.174392,0.308685,0.9592
334,1328.84,471.44,249.48,249.77,0.692103,0.436517,0.12994,0.231268,0.9524
334,469.76,201.37,214.3,214.6,0.244667,0.186452,0.111612,0.198703,0.9523
334,899.02,609.55,242.31,238.92,0.46824,0.564397,0.126205,0.221223,0.9459
334,1269.32,897.25,131.16,132.69,0.661106,0.83079,0.06831,0.122859,0.9449
334,77.42,301.64,154.83,248.59,0.040321,0.279297,0.080643,0.230177,0.9386
334,456.79,109.93,112.76,114.1,0.237913,0.101783,0.058728,0.105648,0.9381
334,1756.29,585.2,227.24,225.82,0.914737,0.541853,0.118353,0.209096,0.9357
334,920.07,59.85,188.85,119.41,0.479203,0.055419,0.098359,0.110562,0.9284
334,156.87,1010.91,226.46,138.18,0.081704,0.936028,0.117948,0.127944,0.9241
334,1826.99,895.35,59.3,59.55,0.951557,0.829027,0.030888,0.055142,0.9156
334,1031.31,509.23,153.17,154.13,0.537143,0.471509,0.079776,0.142712,0.9149
334,1535.02,754.83,83.44,82.28,0.799491,0.698916,0.043457,0.076183,0.9124
334,1072.49,210.65,62.67,62.87,0.558591,0.195046,0.032641,0.058212,0.8961
334,1208.58,622.82,80.13,79.57,0.629466,0.576688,0.041735,0.073677,0.8942
334,1868.73,413.41,102.54,275.49,0.973298,0.38279,0.053404,0.255087,0.8887
334,1238.47,201.18,67.54,67.53,0.645036,0.186277,0.035177,0.062526,0.8653
334,1434.64,390.34,68.66,69.88,0.74721,0.361426,0.035761,0.064704,0.8534
334,1099.99,1036.16,298.97,87.67,0.572911,0.959411,0.155716,0.081178,0.8066
334,1376.87,1060.36,72.29,39.25,0.717122,0.981813,0.037653,0.036344,0.7906
335,1669.97,840.35,288.93,292.04,0.869778,0.778097,0.150483,0.270409,0.959
335,890.84,632.0,243.03,243.65,0.463981,0.585188,0.126576,0.225601,0.9544
335,1320.07,497.96,248.78,248.61,0.687537,0.461078,0.129573,0.230192,0.952
335,511.59,807.02,337.3,338.95,0.266454,0.747245,0.175677,0.313846,0.9508
335,1199.4,647.07,79.44,78.83,0.62469,0.599135,0.041374,0.072989,0.9486
335,1260.9,921.84,131.16,133.55,0.656717,0.853559,0.068312,0.123655,0.9424
335,446.55,135.35,111.06,111.29,0.232579,0.125327,0.057846,0.10305,0.9418
335,1020.14,533.34,154.02,154.36,0.531324,0.493837,0.080218,0.142927,0.9394
335,1748.59,612.0,233.04,229.26,0.910725,0.56667,0.121376,0.212282,0.9361
335,1817.82,920.01,59.77,59.64,0.946782,0.851864,0.031129,0.055224,0.9347
335,72.06,328.45,144.11,250.66,0.037529,0.304121,0.075058,0.232089,0.9344
335,457.11,224.23,212.23,212.91,0.238077,0.207619,0.110537,0.197141,0.9285
335,1062.41,235.3,63.25,63.14,0.553338,0.217871,0.032943,0.058462,0.9246
335,907.26,72.22,186.78,144.13,0.472533,0.066874,0.097284,0.133458,0.9204
335,1525.64,780.34,84.58,84.16,0.794606,0.722541,0.04405,0.077924,0.9125
335,1425.52,413.61,71.02,70.0,0.742458,0.38297,0.036991,0.064811,0.8978
335,1864.72,445.15,110.56,270.23,0.971208,0.412175,0.057585,0.250209,0.8939
335,147.11,1021.64,227.43,116.72,0.076621,0.945962,0.118451,0.108077,0.893
335,1229.06,228.47,68.72,67.15,0.640138,0.211547,0.035793,0.062177,0.8708
335,1090.87,1048.97,281.93,62.06,0.568161,0.971269,0.146838,0.057462,0.7246
336,879.0,659.68,241.7,242.79,0.457812,0.610815,0.125884,0.224805,0.9522
336,1308.66,522.46,246.95,248.87,0.681594,0.483758,0.128617,0.230437,0.9518
336,1248.1,947.24,133.33,132.39,0.650051,0.877075,0.069441,0.12258,0.9476
336,1658.65,865.5,284.26,283.76,0.863879,0.801385,0.148054,0.262741,0.9475
336,500.61,833.14,335.1,335.44,0.260734,0.771429,0.174534,0.310594,0.9462
336,1051.0,261.47,63.28,63.52,0.547398,0.242105,0.032957,0.058817,0.9425
336,1737.91,636.21,233.43,229.58,0.905162,0.589082,0.121579,0.212573,0.9422
336,901.13,86.0,188.29,167.01,0.469336,0.079628,0.098067,0.154642,0.9355
336,447.96,250.44,214.34,217.99,0.233311,0.231891,0.111633,0.201846,0.9316
336,1808.77,945.29,59.65,61.09,0.942069,0.875265,0.03107,0.056568,0.9316
336,65.93,349.79,131.86,243.26,0.03434,0.323882,0.068679,0.225245,0.9298
336,435.56,158.73,108.52,109.84,0.226852,0.146968,0.056519,0.101704,0.9266
336,1009.46,560.5,153.15,154.94,0.525761,0.518977,0.079766,0.143461,0.9186
336,1188.43,673.93,80.12,78.37,0.618972,0.624006,0.041729,0.072562,0.9117
336,1516.47,805.79,80.13,81.04,0.789828,0.7461,0.041734,0.075041,0.9045
336,1860.54,472.92,118.91,260.78,0.969034,0.437887,0.061933,0.241466,0.8955
336,1415.76,440.59,70.06,71.3,0.737373,0.407958,0.036489,0.066023,0.8811
336,1218.61,252.79,67.98,67.24,0.634694,0.234065,0.035405,0.062257,0.8751
336,136.27,1034.52,236.23,90.97,0.070976,0.957886,0.123035,0.084228,0.8699
337,869.64,684.37,241.62,243.2,0.45294,0.633675,0.125842,0.225185,0.9548
337,491.41,859.1,333.83,332.52,0.255941,0.79546,0.173872,0.307884,0.9517
337,1653.63,891.63,287.22,289.47,0.861264,0.825582,0.149593,0.268031,0.9513
337,1300.43,548.29,249.36,247.21,0.677309,0.507677,0.129877,0.228896,0.9491
337,425.55,185.45,112.59,114.09,0.221642,0.171713,0.058639,0.105638,0.9455
337,1237.87,972.05,131.56,132.8,0.644723,0.900043,0.068522,0.122966,0.9434
337,1727.33,661.38,230.14,229.19,0.899651,0.612385,0.119865,0.212211,0.9415
337,436.6,276.24,214.75,215.24,0.227393,0.255778,0.111851,0.199295,0.9378
337,888.14,98.6,194.88,191.39,0.462574,0.091297,0.101501,0.177217,0.9377
337,61.67,377.22,123.07,243.84,0.032119,0.349279,0.064097,0.225776,0.9332
337,999.63,585.62,152.82,152.72,0.520639,0.542242,0.079591,0.141406,0.9229
337,1798.65,971.42,59.37,60.15,0.936795,0.89946,0.03092,0.055697,0.9181
337,1177.7,699.89,79.99,78.47,0.613383,0.648049,0.04166,0.072658,0.9181
337,1041.27,288.22,63.76,62.57,0.542326,0.266874,0.033207,0.057935,0.9085
337,1505.7,832.31,81.57,82.44,0.784221,0.77066,0.042484,0.07633,0.8994
337,1855.54,495.92,128.92,263.83,0.966428,0.459183,0.067145,0.244287,0.8818
337,1208.23,279.59,68.66,67.6,0.629284,0.258877,0.035759,0.062596,0.8507
337,1404.72,466.08,69.11,68.05,0.731625,0.431553,0.035996,0.06301,0.8371
337,125.45,1047.0,226.63,65.99,0.06534,0.969448,0.118034,0.061103,0.7421
338,478.69,885.16,334.41,335.21,0.249318,0.819592,0.174172,0.310377,0.9543
338,1289.69,574.56,246.36,249.09,0.671714,0.532004,0.128315,0.230634,0.9541
338,860.41,707.28,243.88,246.5,0.448132,0.654885,0.127023,0.228237,0.9524
338,1641.1,918.64,287.38,292.45,0.854737,0.850594,0.149676,0.270785,0.9481
338,414.04,209.64,109.97,112.58,0.215648,0.19411,0.057275,0.104242,0.9448
338,1716.8,688.21,228.74,231.0,0.894168,0.63723,0.119135,0.213892,0.9444
338,989.25,612.49,156.39,155.37,0.515236,0.567121,0.081455,0.143861,0.9423
338,878.45,122.47,191.45,192.15,0.457526,0.113398,0.099712,0.177914,0.9385
338,426.05,303.07,214.31,210.29,0.221899,0.280625,0.111617,0.194716,0.9347
338,1788.42,997.67,60.17,59.76,0.93147,0.923772,0.031339,0.055335,0.9329
338,1168.29,724.74,80.16,79.91,0.608486,0.671052,0.041752,0.073987,0.9305
338,1030.98,313.99,64.11,63.18,0.536971,0.290729,0.033391,0.058496,0.9273
338,1230.34,998.9,130.11,131.62,0.640801,0.92491,0.067768,0.121872,0.9239
338,55.31,401.08,110.48,251.11,0.028806,0.371373,0.05754,0.232506,0.9177
338,1495.12,858.59,81.99,81.36,0.778709,0.794987,0.042706,0.075332,0.9144
338,1850.73,522.58,138.55,265.54,0.96392,0.483875,0.072159,0.245871,0.9042
338,1197.61,304.44,68.55,67.22,0.623755,0.281891,0.035704,0.062243,0.8509
338,1394.05,491.71,70.08,71.88,0.726068,0.45529,0.036499,0.066559,0.8412
339,467.93,909.27,335.94,334.76,0.243712,0.841914,0.174969,0.309965,0.9587
339,1631.84,938.46,287.92,280.91,0.849918,0.868944,0.149957,0.260102,0.9522
339,1278.38,601.79,246.63,248.91,0.66582,0.557215,0.128454,0.23047,0.9519
339,848.75,737.6,244.28,244.32,0.442057,0.682964,0.127231,0.226219,0.9514
339,865.45,149.5,188.19,193.11,0.450753,0.138426,0.098018,0.178807,0.9427
339,1705.73,712.91,230.24,230.59,0.888402,0.660102,0.119918,0.213512,0.9407
339,416.62,325.33,215.88,216.37,0.21699,0.301229,0.112437,0.200343,0.9365
339,1020.3,340.07,62.8,63.21,0.531405,0.314881,0.032708,0.058527,0.9363
339,1158.58,750.7,81.09,78.35,0.603426,0.69509,0.042234,0.072549,0.9347
339,1217.38,1019.6,131.18,120.81,0.63405,0.944071,0.068321,0.111858,0.9323
339,980.19,636.69,156.31,156.18,0.510513,0.589526,0.081412,0.144607,0.9307
339,1779.32,1023.84,60.34,61.12,0.926728,0.948003,0.031425,0.056588,0.925
339,1485.76,883.33,82.9,82.53,0.773833,0.817897,0.043177,0.076416,0.9132
339,403.57,236.24,109.07,111.2,0.210194,0.218737,0.056807,0.102963,0.9107
339,49.79,426.01,98.9,257.1,0.025934,0.394457,0.05151,0.238054,0.9031
339,1845.33,546.01,149.34,271.17,0.961109,0.505565,0.077782,0.251087,0.8985
339,1188.9,331.69,67.51,65.11,0.619218,0.307123,0.035162,0.060291,0.8672
339,1386.15,517.89,70.62,70.27,0.721955,0.479532,0.036783,0.065062,0.8656
340,839.74,761.58,244.74,243.57,0.437363,0.70517,0.127466,0.225525,0.9563
340,458.2,923.8,336.88,312.41,0.238645,0.855366,0.175459,0.289268,0.9554
340,1269.79,626.78,248.37,248.18,0.661347,0.580355,0.12936,0.2298,0.9548
340,1624.38,951.59,293.29,256.81,0.846031,0.881106,0.152755,0.237789,0.9508
340,406.23,352.92,213.96,214.58,0.211578,0.326779,0.111436,0.198685,0.9482
340,1698.38,738.92,230.34,229.94,0.884574,0.684183,0.11997,0.21291,0.9438
340,859.47,171.88,192.46,191.85,0.447639,0.159153,0.100239,0.17764,0.9394
340,391.99,260.88,111.31,111.7,0.20416,0.241558,0.057973,0.10343,0.9371
340,1148.09,778.07,79.84,78.08,0.597965,0.720434,0.041583,0.072297,0.9369
340,966.26,662.16,159.59,160.13,0.503259,0.613115,0.083118,0.148272,0.9294
340,1841.0,567.4,156.9,269.29,0.958854,0.525366,0.08172,0.249347,0.9189
340,1210.01,1031.72,129.67,96.56,0.630215,0.955297,0.067536,0.089406,0.9152
340,1010.29,365.47,64.4,63.98,0.526192,0.338401,0.033539,0.059241,0.9123
340,1769.02,1049.92,60.09,59.69,0.921363,0.972151,0.031298,0.055272,0.9055
340,1476.09,909.87,83.96,84.74,0.768799,0.842471,0.043732,0.078459,0.8994
340,45.31,454.16,90.57,252.26,0.023597,0.420518,0.047173,0.233578,0.8865
340,1176.6,357.36,68.14,67.12,0.612815,0.33089,0.035488,0.062146,0.8674
340,1374.88,544.56,69.62,70.18,0.716083,0.504226,0.036258,0.064978,0.8216
341,445.8,937.74,335.77,283.45,0.232186,0.868273,0.174881,0.262453,0.9565
341,1259.87,652.34,251.74,249.54,0.65618,0.604017,0.131114,0.231056,0.9551
341,1612.84,965.17,292.25,229.66,0.840022,0.893676,0.152215,0.212648,0.9532
341,827.2,788.34,240.94,242.94,0.430832,0.729946,0.125489,0.224946,0.9471
341,382.14,287.52,113.4,112.12,0.199029,0.266221,0.059063,0.103818,0.9459
341,846.51,199.17,192.75,192.61,0.44089,0.184416,0.10039,0.178345,0.9453
341,1689.56,765.59,229.46,227.84,0.879979,0.70888,0.119513,0.210966,0.9377
341,1834.28,599.3,169.54,264.26,0.955353,0.554907,0.088304,0.244684,0.9314
341,394.59,379.64,214.67,214.45,0.205516,0.351522,0.111806,0.198568,0.9313
341,956.73,690.41,154.38,156.47,0.498299,0.639269,0.080404,0.144882,0.9259
341,1138.23,804.06,79.8,80.11,0.592828,0.744497,0.041563,0.074175,0.9156
341,999.18,392.75,63.17,63.61,0.520405,0.363654,0.032901,0.058897,0.904
341,1464.78,936.85,80.29,81.22,0.762906,0.867457,0.041816,0.075207,0.8886
341,1200.51,1045.57,129.64,68.87,0.625266,0.968116,0.06752,0.063768,0.8841
341,1165.67,382.03,68.16,69.23,0.607117,0.353733,0.035499,0.064103,0.8528
341,38.66,479.01,77.29,249.55,0.020134,0.443528,0.040253,0.231068,0.8513
341,1365.57,571.23,67.53,68.73,0.711234,0.528913,0.035171,0.063637,0.8469
341,1760.9,1064.4,60.57,31.2,0.917136,0.985557,0.031547,0.028886,0.8226
342,817.78,813.14,245.34,244.27,0.425926,0.752905,0.127781,0.226174,0.9549
342,435.66,949.89,341.02,258.21,0.226908,0.87953,0.177613,0.239085,0.9515
342,369.95,312.0,111.84,112.16,0.192684,0.288887,0.058249,0.103849,0.9508
342,383.03,404.16,213.74,214.52,0.199494,0.374225,0.111325,0.198634,0.9495
342,1248.56,678.93,248.26,248.3,0.650294,0.62864,0.129302,0.229912,0.9483
342,1677.96,790.98,232.52,231.34,0.873939,0.732386,0.121106,0.214205,0.9415
342,1601.77,978.99,293.36,202.01,0.834257,0.906476,0.152792,0.187049,0.9407
342,949.05,717.15,151.32,155.02,0.494298,0.664029,0.078815,0.143534,0.9398
342,989.56,418.54,62.25,62.59,0.515394,0.387538,0.032423,0.057957,0.9381
342,837.72,224.27,191.53,192.28,0.436314,0.207657,0.099753,0.178035,0.9298
342,1830.82,620.52,177.12,264.09,0.953554,0.574552,0.092248,0.244527,0.9231
342,1456.02,964.24,83.17,81.44,0.758344,0.892816,0.04332,0.075405,0.8984
342,1127.78,830.48,80.19,81.16,0.587386,0.768961,0.041765,0.075145,0.896
342,1353.32,597.27,72.99,73.6,0.704857,0.55303,0.038014,0.068146,0.8892
342,1155.85,408.97,66.88,68.06,0.602007,0.378675,0.034834,0.063021,0.8732
342,32.38,507.37,64.76,244.64,0.016864,0.469783,0.033728,0.226517,0.8287
342,1186.13,1056.87,135.43,46.26,0.617777,0.978585,0.070534,0.042829,0.7727
343,424.45,964.43,338.76,229.44,0.221069,0.892994,0.176439,0.212441,0.9576
343,808.95,840.71,241.0,241.2,0.421327,0.778435,0.125522,0.223331,0.951
343,1237.83,704.3,251.32,251.3,0.644705,0.652133,0.130895,0.232687,0.9493
343,825.87,248.88,196.52,195.6,0.430143,0.23044,0.102356,0.181114,0.9477
343,1826.31,648.64,186.35,264.02,0.951204,0.60059,0.097058,0.244459,0.945
343,360.45,340.21,109.79,111.34,0.187732,0.315012,0.057181,0.103094,0.944
343,937.88,743.31,153.66,154.68,0.488481,0.688248,0.08003,0.143221,0.9429
343,1668.73,815.87,231.1,231.7,0.869132,0.755434,0.120365,0.214535,0.9418
343,373.31,429.14,215.92,215.82,0.194435,0.397352,0.112459,0.199836,0.9354
343,1117.51,856.64,80.05,78.56,0.582034,0.793184,0.041694,0.072743,0.9342
343,1595.63,993.44,289.06,173.12,0.831058,0.91985,0.15055,0.160299,0.9288
343,978.1,445.33,63.24,63.51,0.509425,0.412345,0.032937,0.058802,0.9242
343,1445.12,990.55,82.27,82.8,0.752665,0.917175,0.04285,0.076664,0.9167
343,1342.85,624.87,73.56,73.55,0.699399,0.578585,0.038314,0.068104,0.8881
343,1145.97,436.97,67.7,67.28,0.596857,0.404606,0.03526,0.062299,0.857
344,1229.08,733.22,248.06,247.93,0.640144,0.678903,0.1292,0.229563,0.9503
344,799.52,868.21,241.93,242.67,0.416417,0.803895,0.126003,0.22469,0.95
344,350.1,364.28,109.24,110.18,0.182342,0.337297,0.056897,0.102023,0.9431
344,1660.61,844.4,230.38,227.54,0.864901,0.781856,0.119989,0.210681,0.9422
344,412.58,977.29,332.63,205.42,0.214888,0.904897,0.173245,0.190206,0.9386
344,1108.03,883.92,79.3,77.58,0.577096,0.818441,0.041304,0.071834,0.9371
344,362.61,456.1,217.18,216.95,0.188861,0.42231,0.113115,0.200875,0.9362
344,1821.59,677.76,196.83,267.35,0.948743,0.627558,0.102514,0.247547,0.9301
344,927.31,769.88,156.17,154.72,0.482974,0.712851,0.081339,0.143257,0.9278
344,968.24,472.2,63.36,64.18,0.504291,0.437223,0.032998,0.059426,0.9275
344,814.29,276.24,192.5,194.39,0.424111,0.255777,0.100263,0.179991,0.9259
344,1587.0,1005.82,285.98,148.36,0.826564,0.931314,0.148945,0.137371,0.9111
344,1436.42,1018.17,83.79,84.01,0.748138,0.942746,0.04364,0.07779,0.8799
344,1135.56,465.14,67.7,65.08,0.59144,0.430681,0.035262,0.060263,0.878
344,1333.67,648.91,69.36,71.49,0.694619,0.600843,0.036125,0.066197,0.8505
345,786.72,893.46,243.53,242.12,0.409752,0.827275,0.126838,0.224181,0.9505
345,1217.2,756.32,251.86,254.59,0.63396,0.700293,0.131175,0.235733,0.9504
345,1648.12,870.25,231.17,232.51,0.858396,0.805785,0.120402,0.215289,0.9475
345,1815.97,703.04,208.06,264.5,0.945817,0.650962,0.108366,0.244905,0.9469
345,350.63,481.06,217.53,217.31,0.182622,0.445425,0.113298,0.20121,0.9399
345,804.88,303.81,191.34,196.29,0.419207,0.281302,0.099656,0.181751,0.9382
345,1096.39,910.56,80.23,79.54,0.571035,0.843113,0.041785,0.073644,0.9283
345,337.07,390.76,112.32,113.95,0.175555,0.361814,0.058501,0.105508,0.9275
345,916.11,797.48,154.78,156.32,0.477141,0.738411,0.080612,0.144741,0.9257
345,402.43,991.14,327.85,175.15,0.209601,0.917724,0.170754,0.162174,0.9209
345,1126.37,489.93,69.88,69.1,0.586653,0.453638,0.036396,0.06398,0.9075
345,957.3,499.17,62.48,63.24,0.498595,0.462195,0.032542,0.058558,0.9033
345,1426.01,1041.69,79.95,75.95,0.742712,0.964527,0.041639,0.070323,0.8773
345,1571.72,1016.92,285.02,126.16,0.818603,0.941594,0.148447,0.116812,0.8761
345,1324.73,677.86,68.35,69.98,0.689962,0.627646,0.0356,0.064793,0.854
345,1828.73,30.7,68.07,60.71,0.952464,0.028422,0.035452,0.056209,0.8216
346,1207.35,785.3,248.42,250.36,0.628829,0.727128,0.129388,0.231813,0.9563
346,778.47,921.08,242.3,243.27,0.405451,0.852852,0.126195,0.22525,0.9444
346,1811.42,731.38,217.16,267.94,0.943447,0.677201,0.113106,0.248094,0.9442
346,795.11,328.48,195.77,192.38,0.41412,0.304148,0.101962,0.178134,0.9441
346,340.28,509.85,213.41,211.76,0.177228,0.472081,0.11115,0.196075,0.9356
346,327.71,416.21,111.06,112.56,0.170681,0.385383,0.057845,0.10422,0.9343
346,1639.08,894.52,232.84,229.63,0.85369,0.828263,0.12127,0.212621,0.9343
346,946.23,526.0,63.14,63.81,0.492829,0.487039,0.032884,0.059083,0.9302
346,1084.96,937.27,79.92,78.47,0.565081,0.867844,0.041626,0.072653,0.9273
346,907.54,824.03,152.71,154.54,0.472675,0.76299,0.079536,0.143097,0.925
346,389.76,1005.44,329.63,149.12,0.202999,0.930961,0.171683,0.138077,0.8962
346,1114.5,514.34,72.58,74.34,0.58047,0.476238,0.037802,0.068835,0.8638
346,1416.11,1055.27,86.1,48.91,0.737556,0.977098,0.044842,0.045289,0.8625
346,1817.45,51.88,71.08,73.01,0.946586,0.048039,0.037019,0.067599,0.8602
346,1312.29,704.73,74.24,73.3,0.683486,0.652531,0.038669,0.067871,0.8377
347,1197.74,811.78,251.05,251.83,0.623822,0.751647,0.130756,0.233176,0.9513
347,768.53,946.32,241.8,241.94,0.400275,0.876223,0.12594,0.224014,0.9477
347,784.47,353.85,194.62,194.4,0.408578,0.327639,0.101367,0.179997,0.9451
347,1805.95,756.82,228.09,263.85,0.940601,0.700764,0.118798,0.244309,0.9409
347,330.75,533.51,214.7,216.23,0.172263,0.493993,0.111821,0.200216,0.9318
347,896.86,850.67,158.02,155.83,0.467114,0.787661,0.082302,0.144287,0.9309
347,1076.44,963.27,81.23,78.2,0.560645,0.891917,0.042306,0.072412,0.9302
347,1630.06,921.41,228.61,227.95,0.84899,0.853155,0.119067,0.211069,0.9274
347,318.81,445.13,113.62,112.24,0.166049,0.412161,0.059177,0.103927,0.9228
347,936.15,553.51,63.14,64.17,0.48758,0.51251,0.032884,0.059415,0.9115
347,1808.61,79.34,70.54,69.43,0.941983,0.073463,0.036738,0.064289,0.8967
347,796.86,20.92,80.87,41.51,0.415033,0.019371,0.04212,0.038439,0.8896
347,375.98,1017.32,317.26,125.35,0.195822,0.941967,0.165242,0.116066,0.8817
347,1103.91,543.91,68.46,70.05,0.574953,0.503618,0.035659,0.064865,0.8585
347,1302.65,730.44,69.36,70.74,0.678464,0.676331,0.036124,0.065502,0.853
347,501.7,30.43,229.53,60.86,0.2613,0.028175,0.119545,0.056351,0.7048
348,1187.53,837.44,250.21,251.11,0.618504,0.775405,0.130315,0.232508,0.9526
348,319.85,561.25,217.18,215.58,0.166588,0.519672,0.113115,0.199615,0.9507
348,1801.54,782.2,236.92,264.88,0.938302,0.724255,0.123397,0.245256,0.9487
348,756.13,965.67,246.09,228.66,0.393816,0.89414,0.128171,0.211719,0.9463
348,773.91,380.26,192.78,193.19,0.403078,0.352097,0.100407,0.178879,0.9429
348,305.23,470.77,112.07,111.8,0.158973,0.435895,0.058372,0.103518,0.9413
348,1620.67,951.3,233.81,237.13,0.8441,0.880833,0.121778,0.219565,0.9328
348,1067.27,990.06,80.49,78.87,0.55587,0.916725,0.041923,0.073032,0.9315
348,885.81,877.29,154.3,153.04,0.461362,0.812304,0.080365,0.141708,0.9194
348,925.2,579.7,64.58,63.93,0.481876,0.536762,0.033634,0.059193,0.9131
348,493.61,44.35,215.41,88.7,0.25709,0.041063,0.112192,0.082127,0.8999
348,1797.92,105.06,72.91,72.65,0.936416,0.097274,0.037975,0.067271,0.8972
348,784.95,33.28,79.69,66.33,0.40883,0.030815,0.041504,0.06142,0.8946
348,1293.8,758.16,69.91,71.55,0.673853,0.702003,0.036411,0.066246,0.8634
348,1094.85,571.89,69.73,67.18,0.570235,0.529527,0.036316,0.062206,0.857
348,366.1,1034.62,328.61,90.77,0.190675,0.957979,0.171152,0.084042,0.7787
348,85.43,33.56,169.73,66.84,0.044493,0.03107,0.0884,0.061885,0.7176
349,1177.55,865.72,249.05,247.98,0.613305,0.80159,0.129716,0.229609,0.9522
349,1796.87,807.96,246.26,265.67,0.935869,0.748111,0.128262,0.245995,0.9469
349,308.27,587.2,216.38,216.3,0.160557,0.543708,0.112697,0.200281,0.9418
349,294.95,497.75,110.59,108.65,0.153619,0.460882,0.057598,0.100598,0.941
349,764.53,407.98,194.53,192.68,0.398191,0.377758,0.101318,0.178405,0.9408
349,914.44,607.2,64.41,64.64,0.476272,0.56222,0.033546,0.059851,0.939
349,1610.02,970.42,234.13,218.43,0.838552,0.898533,0.121945,0.202248,0.9389
349,744.41,980.31,239.15,199.37,0.387711,0.907698,0.124558,0.184604,0.9384
349,874.42,904.57,157.2,156.25,0.455427,0.837563,0.081875,0.144678,0.9247
349,481.08,57.6,224.83,114.98,0.250563,0.053334,0.117101,0.106459,0.9234
349,774.05,54.79,78.91,77.69,0.403152,0.050736,0.041098,0.071934,0.9159
349,1056.21,1018.22,80.17,77.66,0.55011,0.942798,0.041755,0.071908,0.912
349,1283.11,784.59,71.91,70.59,0.668286,0.726474,0.037453,0.065359,0.8912
349,1786.07,128.97,71.09,72.15,0.930242,0.119413,0.037028,0.066805,0.88
349,1084.23,600.01,68.32,66.12,0.564705,0.555565,0.035585,0.061219,0.8678
349,85.14,50.86,170.27,101.72,0.044342,0.047093,0.088683,0.094187,0.8136
349,335.98,1045.87,324.66,68.25,0.17499,0.968402,0.169094,0.063196,0.7101
350,1790.95,835.44,256.46,268.39,0.932787,0.773556,0.133572,0.248508,0.9533
350,283.21,521.96,112.28,112.2,0.147506,0.483295,0.058479,0.103888,0.9489
350,1167.81,892.43,251.18,248.02,0.608236,0.826325,0.130823,0.229652,0.9435
350,751.74,433.58,193.34,195.01,0.39153,0.401463,0.100696,0.180567,0.9432
350,763.05,80.14,79.42,78.55,0.397421,0.074202,0.041363,0.072728,0.9372
350,297.05,612.28,217.25,219.08,0.154716,0.566923,0.113149,0.202848,0.9347
350,1601.94,984.41,229.46,191.17,0.834342,0.911494,0.11951,0.177012,0.9339
350,734.79,990.84,243.39,174.87,0.382701,0.917449,0.126765,0.161914,0.9327
350,903.08,634.65,62.75,62.71,0.470356,0.587636,0.032683,0.05806,0.9287
350,471.02,70.32,221.3,140.41,0.245321,0.065109,0.115259,0.130013,0.928
350,865.15,933.2,155.25,156.32,0.450598,0.864076,0.080857,0.144742,0.9124
350,1045.09,1042.58,79.94,74.85,0.544318,0.965348,0.041637,0.069305,0.9108
350,81.23,63.65,162.01,125.74,0.042309,0.058932,0.084382,0.116431,0.8861
350,1778.62,157.65,72.6,72.44,0.926365,0.14597,0.037813,0.067076,0.8594
350,1072.26,626.79,68.69,68.08,0.558467,0.580362,0.035776,0.063041,0.8551
350,1030.25,45.72,284.13,91.43,0.536587,0.042337,0.147985,0.084653,0.8515
350,1270.87,812.55,72.13,73.5,0.661914,0.752358,0.037567,0.068059,0.8268
351,1157.26,921.07,249.4,250.86,0.60274,0.852843,0.129896,0.232276,0.9531
351,461.71,84.31,220.86,166.6,0.240475,0.078066,0.11503,0.154261,0.9513
351,1784.31,860.69,262.2,267.44,0.929327,0.796933,0.136562,0.247627,0.946
351,275.25,550.59,110.6,111.39,0.14336,0.509807,0.057605,0.10314,0.943
351,286.27,639.89,218.03,219.57,0.149101,0.592491,0.113557,0.203301,0.9364
351,723.71,1005.45,239.7,149.11,0.376932,0.930969,0.124841,0.138063,0.9314
351,753.1,106.35,80.42,77.97,0.392239,0.098477,0.041884,0.072193,0.9279
351,1591.4,998.57,230.2,162.86,0.828853,0.924601,0.119895,0.150798,0.9277
351,743.18,459.88,193.13,197.21,0.387071,0.425819,0.100587,0.1826,0.9262
351,856.59,961.58,158.56,155.95,0.446142,0.890356,0.082585,0.144399,0.9241
351,75.28,79.23,150.56,158.47,0.039208,0.073364,0.078416,0.146728,0.9002
351,1021.28,58.87,281.08,117.29,0.531919,0.054508,0.146397,0.108601,0.8881
351,1262.02,840.37,70.65,73.13,0.657302,0.778118,0.036798,0.06771,0.884
351,893.37,662.25,63.5,63.36,0.465295,0.613198,0.033075,0.058663,0.8815
351,1061.61,652.53,68.62,68.97,0.55292,0.604196,0.035738,0.063865,0.8671
351,1767.78,183.93,73.44,73.16,0.920718,0.17031,0.038252,0.067745,0.8224
351,1035.3,1056.44,83.3,45.92,0.539217,0.978187,0.043383,0.042515,0.8029
352,1149.81,945.71,254.78,251.38,0.598857,0.875659,0.132699,0.232759,0.9491
352,1773.02,886.77,262.6,266.45,0.923449,0.821079,0.13677,0.246712,0.9488
352,449.93,96.9,220.68,193.81,0.234338,0.089725,0.114939,0.17945,0.9398
352,262.01,577.18,109.29,108.59,0.136463,0.534422,0.056921,0.100546,0.9377
352,732.88,485.92,194.72,194.2,0.381707,0.44993,0.101419,0.179815,0.9373
352,276.28,666.86,218.34,219.27,0.143896,0.617467,0.113719,0.203029,0.9364
352,1012.46,72.35,287.93,144.7,0.527324,0.066995,0.149961,0.133982,0.9319
352,843.73,983.86,157.47,157.65,0.439444,0.910984,0.082017,0.14597,0.9289
352,882.64,688.27,64.75,65.05,0.459709,0.637288,0.033725,0.060231,0.9248
352,713.92,1020.76,237.56,118.48,0.371831,0.94515,0.12373,0.1097,0.9215
352,742.1,134.25,78.25,78.37,0.386511,0.12431,0.040754,0.072567,0.9203
352,72.77,90.3,145.55,180.14,0.037903,0.083613,0.075806,0.166793,0.9056
352,1579.62,1011.23,223.92,137.55,0.82272,0.936322,0.116627,0.127357,0.9006
352,1757.46,208.44,71.96,74.42,0.915343,0.193003,0.037479,0.068907,0.8987
352,1250.08,868.64,74.02,73.42,0.651086,0.804293,0.038554,0.067978,0.8876
352,1050.73,678.4,68.83,70.76,0.547256,0.628149,0.035851,0.06552,0.8601
352,1691.31,13.66,63.62,27.33,0.880891,0.012652,0.033138,0.025304,0.7709
353,440.03,109.82,215.87,214.82,0.229181,0.101681,0.112432,0.198909,0.954
353,264.09,695.06,217.8,215.58,0.137545,0.64357,0.113437,0.199614,0.9523
353,1762.41,916.52,261.86,269.02,0.917924,0.848625,0.136386,0.249095,0.9475
353,1136.04,963.47,251.04,232.7,0.591686,0.892104,0.130751,0.215461,0.9435
353,722.15,513.18,193.21,194.07,0.376118,0.475164,0.100629,0.179695,0.9405
353,249.61,602.93,111.65,111.2,0.130005,0.558267,0.05815,0.102964,0.9402
353,871.65,716.25,63.77,64.64,0.453982,0.663194,0.033212,0.059849,0.9368
353,1003.91,86.19,284.04,172.13,0.522872,0.079806,0.147937,0.159376,0.9292
353,731.68,160.05,79.88,78.29,0.381083,0.148191,0.041604,0.072488,0.9237
353,833.14,1005.41,153.75,146.61,0.433927,0.930934,0.080076,0.135749,0.9167
353,67.54,107.32,135.09,214.64,0.035179,0.099371,0.070359,0.198742,0.9084
353,1747.79,236.11,72.57,73.04,0.910309,0.218625,0.037796,0.067631,0.8799
353,1678.88,27.19,65.06,54.39,0.874415,0.025179,0.033886,0.050357,0.8786
353,1572.24,1026.23,222.07,107.55,0.818873,0.950209,0.115662,0.099583,0.8628
353,1241.95,893.99,69.63,72.31,0.646846,0.827772,0.036268,0.066956,0.8599
353,1041.32,706.95,69.09,70.37,0.542356,0.654586,0.035982,0.065154,0.8588
353,702.91,1035.62,241.63,88.75,0.3661,0.958911,0.125848,0.082177,0.8516
354,1128.38,976.3,254.41,205.31,0.587697,0.903985,0.132503,0.190104,0.9536
354,989.57,99.1,282.37,197.37,0.515399,0.091764,0.147067,0.18275,0.9442
354,1753.53,941.06,262.51,271.12,0.913298,0.87135,0.136726,0.251034,0.9423
354,254.36,721.45,215.13,216.82,0.132479,0.66801,0.112045,0.200758,0.9415
354,712.08,538.88,195.3,194.54,0.370873,0.498966,0.101718,0.180134,0.9379
354,239.94,628.69,111.3,111.58,0.124967,0.582118,0.05797,0.103313,0.9341
354,427.25,134.61,217.06,217.64,0.222528,0.124636,0.113051,0.201521,0.9327
354,720.32,186.71,79.39,78.21,0.375165,0.17288,0.041347,0.072414,0.9313
354,860.94,743.89,64.96,64.06,0.448406,0.688789,0.033833,0.059319,0.9298
354,1668.73,47.78,67.62,68.87,0.869129,0.044242,0.035219,0.063767,0.9157
354,823.32,1018.66,155.58,118.35,0.428812,0.943203,0.081033,0.109581,0.9132
354,60.91,123.04,121.78,246.07,0.031722,0.113922,0.063429,0.227845,0.8938
354,1230.28,922.35,72.37,74.46,0.64077,0.854027,0.03769,0.068944,0.8748
354,1029.45,734.92,68.79,67.99,0.53617,0.680485,0.03583,0.06295,0.8708
354,1738.97,262.2,70.86,72.25,0.905713,0.242782,0.036904,0.066895,0.8473
354,1576.61,1037.97,246.02,84.06,0.82115,0.961084,0.128137,0.077832,0.7897
354,689.45,1049.29,232.04,61.42,0.359086,0.971564,0.120853,0.056872,0.7345
355,979.94,112.5,284.36,224.91,0.510383,0.104169,0.148104,0.208252,0.9531
355,1745.41,957.3,262.68,244.27,0.90907,0.886393,0.136812,0.226172,0.9509
355,417.28,161.79,215.63,218.86,0.217332,0.149806,0.112305,0.202644,0.9413
355,700.0,566.14,195.17,191.53,0.364583,0.524203,0.101654,0.177339,0.9399
355,1116.85,991.98,254.14,174.19,0.581693,0.918499,0.132363,0.161284,0.9344
355,244.63,745.75,217.66,218.36,0.127414,0.690508,0.113363,0.202182,0.933
355,710.66,213.22,80.05,78.2,0.370134,0.197426,0.041694,0.072407,0.9247
355,229.59,656.65,110.95,111.38,0.119577,0.608005,0.057788,0.103127,0.9244
355,1658.69,74.37,66.01,67.3,0.863902,0.068858,0.03438,0.062317,0.9207
355,850.67,771.44,65.63,64.55,0.443055,0.714299,0.034184,0.059773,0.9038
355,810.19,1035.93,154.65,88.13,0.421972,0.959198,0.080546,0.081603,0.9023
355,54.14,136.71,107.98,273.42,0.028196,0.126583,0.05624,0.253166,0.8983
355,1221.3,948.54,71.23,71.08,0.636096,0.878279,0.037098,0.065812,0.8852
355,1018.2,761.26,69.68,68.7,0.530313,0.704872,0.03629,0.063611,0.8633
355,1728.56,289.61,70.79,72.12,0.900294,0.268157,0.036868,0.066782,0.8446
355,1267.23,20.67,89.84,41.33,0.660018,0.019136,0.04679,0.038272,0.8227
356,407.54,187.97,213.89,218.8,0.212262,0.174043,0.111399,0.202588,0.9577
356,968.93,126.3,288.54,252.61,0.504653,0.116949,0.15028,0.233898,0.9535
356,1735.38,972.13,262.59,215.07,0.903844,0.900117,0.136766,0.199137,0.9509
356,690.34,592.22,194.5,197.84,0.35955,0.548352,0.101303,0.183187,0.9453
356,231.94,771.17,220.18,220.83,0.120803,0.714045,0.114677,0.204476,0.9377
356,838.93,798.43,63.15,63.74,0.436945,0.739286,0.03289,0.059022,0.9353
356,1105.81,1005.21,259.55,149.58,0.575944,0.93075,0.135185,0.1385,0.9259
356,698.28,240.41,82.3,80.46,0.363689,0.222601,0.042863,0.074503,0.9242
356,217.67,684.38,111.41,110.37,0.113372,0.633688,0.058025,0.102192,0.9184
356,1209.69,976.45,72.7,75.14,0.630047,0.904123,0.037864,0.069574,0.9077
356,1253.4,33.35,89.37,66.7,0.652813,0.030881,0.046545,0.061762,0.8932
356,1648.53,100.76,69.59,68.54,0.858608,0.093295,0.036247,0.063466,0.8911
356,1718.87,316.07,73.28,72.78,0.895247,0.292654,0.038164,0.067393,0.8754
356,1010.22,788.6,71.65,72.44,0.526156,0.730189,0.037315,0.067074,0.8741
356,49.97,154.28,99.93,308.55,0.026024,0.142849,0.052048,0.285698,0.8682
356,797.17,1046.53,142.98,66.94,0.415192,0.969007,0.074467,0.061986,0.8256
356,1888.44,644.28,62.54,223.36,0.983563,0.596554,0.032575,0.206815,0.8058
356,968.38,20.19,61.27,39.87,0.504364,0.018695,0.031912,0.03692,0.7832
357,959.05,137.51,291.48,275.01,0.499506,0.127322,0.151812,0.254643,0.9542
357,398.04,214.56,220.31,220.56,0.207315,0.19867,0.114745,0.204225,0.9535
357,1727.28,983.95,265.5,190.41,0.899624,0.911067,0.138282,0.176307,0.9472
357,679.21,619.63,196.5,194.08,0.353754,0.573731,0.102342,0.179702,0.9385
357,221.62,800.98,217.96,216.48,0.115428,0.741647,0.113522,0.200446,0.9371
357,206.99,711.33,110.85,109.91,0.107805,0.658643,0.057733,0.101773,0.934
357,1638.91,126.89,67.91,67.81,0.853597,0.11749,0.035368,0.062785,0.9204
357,689.33,265.97,79.12,79.49,0.359024,0.246267,0.041209,0.073601,0.9164
357,1244.28,47.19,94.51,91.72,0.648061,0.043693,0.049224,0.084922,0.9144
357,1096.41,1018.72,252.04,122.57,0.571049,0.943257,0.131271,0.113487,0.9142
357,828.79,826.01,64.47,65.46,0.431659,0.764824,0.033578,0.060609,0.9124
357,1708.13,342.71,73.79,73.14,0.889649,0.317327,0.038431,0.067718,0.8752
357,998.41,815.27,69.16,70.62,0.520003,0.754876,0.036022,0.06539,0.8674
357,959.36,32.96,64.65,63.46,0.499665,0.030514,0.033669,0.058762,0.8554
357,1197.9,1003.82,70.22,72.68,0.623908,0.929467,0.036571,0.067293,0.8319
357,44.1,173.6,88.21,346.86,0.022971,0.160738,0.045943,0.32117,0.8206
357,1884.34,675.61,70.41,202.78,0.981425,0.625565,0.03667,0.187756,0.817
357,1569.31,24.84,228.47,49.13,0.81735,0.022998,0.118995,0.045488,0.7
358,947.3,156.36,291.31,293.2,0.493387,0.144775,0.151726,0.271483,0.9521
358,385.35,239.24,220.24,220.94,0.200701,0.221515,0.114709,0.204571,0.9511
358,197.44,736.86,109.41,109.52,0.102832,0.682275,0.056984,0.101408,0.9411
358,211.99,824.99,215.23,217.54,0.110409,0.763881,0.112099,0.201426,0.9397
358,1716.36,999.57,263.84,160.87,0.89394,0.925525,0.137419,0.14895,0.9352
358,668.16,645.23,194.23,191.77,0.347998,0.597433,0.101163,0.177568,0.9284
358,678.22,291.81,80.97,79.23,0.353241,0.270192,0.042174,0.073364,0.9214
358,947.92,57.54,65.58,65.92,0.493709,0.053278,0.034155,0.061036,0.9092
358,818.45,853.5,64.3,64.52,0.426276,0.79028,0.033487,0.059737,0.9079
358,1628.48,153.89,66.33,67.04,0.848166,0.142494,0.034546,0.062077,0.9061
358,1233.34,75.09,89.08,88.12,0.642364,0.069526,0.046397,0.081592,0.9037
358,987.44,842.61,70.54,70.63,0.514294,0.780195,0.036738,0.065396,0.8767
358,1697.68,369.14,71.44,71.8,0.884211,0.341793,0.037209,0.066478,0.8527
358,1087.84,1032.64,250.21,94.72,0.566584,0.956149,0.130316,0.087702,0.844
358,1189.88,1030.13,70.72,72.02,0.619727,0.953827,0.036836,0.066684,0.8395
358,1876.36,693.37,86.39,221.66,0.977268,0.642013,0.044994,0.20524,0.8344
358,1559.6,37.94,255.22,75.88,0.812293,0.03513,0.132929,0.070259,0.8149
358,1875.64,15.8,80.61,31.6,0.976895,0.014629,0.041984,0.029258,0.8028
358,38.64,199.47,77.29,350.52,0.020128,0.184697,0.040255,0.324552,0.7895
359,375.26,266.71,214.92,219.51,0.195449,0.246956,0.111938,0.203252,0.9626
359,939.28,183.3,290.56,293.54,0.48921,0.169721,0.151334,0.2718,0.9523
359,185.42,763.63,110.28,109.7,0.096572,0.707069,0.057438,0.101574,0.9418
359,198.44,853.43,218.85,218.32,0.103355,0.790211,0.113986,0.202145,0.9328
359,659.42,670.82,193.87,194.88,0.343449,0.621132,0.100972,0.18044,0.9272
359,1618.51,179.97,67.08,66.92,0.842973,0.166642,0.034939,0.061963,0.9233
359,1705.8,1011.38,252.48,137.25,0.888438,0.936459,0.131502,0.127083,0.9211
359,667.48,318.19,80.44,78.91,0.347643,0.294616,0.041897,0.073068,0.9184
359,807.3,880.36,66.39,64.73,0.42047,0.81515,0.034577,0.059937,0.9157
359,1222.99,102.13,89.76,89.88,0.636977,0.094561,0.046751,0.083224,0.9091
359,1548.58,51.57,253.41,102.27,0.806551,0.047754,0.131986,0.094695,0.9087
359,1865.58,30.02,82.42,59.33,0.971657,0.0278,0.042925,0.054933,0.906
359,938.93,85.08,64.14,66.01,0.489029,0.078778,0.033404,0.061119,0.8796
359,978.91,869.93,69.94,68.4,0.509849,0.805488,0.036428,0.063338,0.8722
359,1689.67,396.08,73.18,73.41,0.880037,0.36674,0.038112,0.067976,0.8635
359,1872.75,720.7,93.69,222.36,0.975391,0.667318,0.048798,0.205886,0.8568
359,1077.84,1047.81,259.01,64.37,0.561373,0.970198,0.134902,0.059603,0.7764
359,33.66,221.73,67.09,362.38,0.017532,0.205309,0.034943,0.335537,0.7371
359,1180.95,1050.85,70.19,57.51,0.61508,0.973007,0.036558,0.053246,0.7299
360,927.65,209.43,287.6,290.17,0.483152,0.193915,0.14979,0.268673,0.9467
360,175.53,791.52,110.8,109.4,0.091422,0.732891,0.057708,0.101299,0.9433
360,363.46,291.89,222.11,222.95,0.1893,0.270268,0.115685,0.206434,0.9423
360,646.9,698.51,197.53,195.95,0.336928,0.646765,0.102882,0.181434,0.9354
360,796.43,908.0,63.92,63.6,0.414809,0.840738,0.033293,0.058891,0.9338
360,189.65,879.15,218.14,219.65,0.098774,0.814026,0.113614,0.203383,0.9302
360,656.68,345.11,79.36,78.46,0.342021,0.319549,0.041335,0.072652,0.9293
360,1535.26,65.1,264.31,129.91,0.799613,0.060279,0.13766,0.120287,0.9247
360,1608.16,206.16,67.96,67.37,0.837582,0.190891,0.035395,0.06238,0.9177
360,1855.53,45.28,81.38,79.9,0.96642,0.041922,0.042385,0.073986,0.9137
360,1211.4,127.05,89.56,89.02,0.630936,0.117641,0.046648,0.082428,0.9011
360,1696.9,1022.94,260.24,114.12,0.883803,0.947168,0.135541,0.105664,0.8927
360,1867.38,749.28,105.24,233.79,0.972594,0.693775,0.054812,0.216469,0.8914
360,966.54,898.5,69.83,68.75,0.503404,0.83194,0.036368,0.063654,0.8737
360,927.98,111.2,65.4,64.99,0.483325,0.102965,0.034061,0.06018,0.8518
360,1678.98,423.78,72.6,71.89,0.87447,0.392385,0.037811,0.066568,0.7979
360,448.27,20.21,106.15,40.42,0.233474,0.018713,0.055288,0.037426,0.7749
361,917.97,237.52,293.02,296.71,0.47811,0.219926,0.152613,0.274732,0.9581
361,352.44,316.63,217.69,218.26,0.183561,0.293175,0.113378,0.202088,0.9557
361,1844.45,70.14,83.87,83.81,0.96065,0.064948,0.043684,0.077598,0.9469
361,176.28,906.36,220.87,221.86,0.091812,0.839226,0.115037,0.205431,0.9374
361,162.15,817.05,112.88,110.05,0.084453,0.756525,0.058793,0.101896,0.9335
361,1527.81,78.36,269.08,156.73,0.795736,0.07256,0.140144,0.14512,0.9327
361,1863.22,773.64,113.57,227.35,0.970425,0.71633,0.05915,0.210511,0.9297
361,645.93,371.5,80.65,80.33,0.336422,0.343982,0.042006,0.074381,0.9252
361,1598.31,232.32,67.7,67.48,0.832453,0.215107,0.035263,0.06248,0.9223
361,635.15,724.46,196.8,198.17,0.330806,0.6708,0.102502,0.183492,0.9182
361,786.2,934.96,65.19,64.72,0.409478,0.865702,0.033952,0.059927,0.9104
361,1202.49,154.71,89.3,90.96,0.626296,0.143251,0.046508,0.084221,0.9093
361,916.59,136.92,65.47,67.77,0.477388,0.126782,0.034101,0.062752,0.9002
361,437.35,33.02,103.53,65.91,0.227785,0.030573,0.05392,0.061029,0.8911
361,1667.41,447.16,72.64,75.06,0.868441,0.414037,0.037834,0.069501,0.8875
361,955.17,924.9,69.43,69.2,0.497485,0.856392,0.036159,0.064072,0.8546
361,1682.9,1038.33,265.92,83.34,0.87651,0.961418,0.138502,0.077165,0.8411
362,341.34,342.99,216.46,220.43,0.177783,0.317586,0.112738,0.204101,0.9593
362,907.11,263.42,289.47,292.24,0.472451,0.243907,0.150765,0.270589,0.9575
362,1516.5,91.94,278.6,183.89,0.789846,0.085133,0.145103,0.170265,0.9413
362,168.36,930.89,220.95,222.72,0.087689,0.861932,0.115081,0.20622,0.9375
362,151.61,841.78,109.95,110.47,0.078965,0.779423,0.057264,0.102287,0.9333
362,634.53,398.03,81.55,79.03,0.330482,0.368544,0.042473,0.073176,0.9253
362,626.22,750.41,194.1,196.17,0.326158,0.694825,0.101094,0.181637,0.9229
362,1835.87,96.77,80.63,80.53,0.95618,0.089602,0.041995,0.074567,0.9197
362,1858.34,799.53,123.31,231.74,0.967887,0.740301,0.064226,0.214572,0.9161
362,1190.86,180.98,91.84,91.62,0.62024,0.16757,0.047831,0.084832,0.9092
362,427.33,45.8,103.28,91.59,0.222569,0.042403,0.053793,0.084806,0.9033
362,1587.56,260.18,68.21,67.32,0.826856,0.240906,0.035526,0.062331,0.9001
362,945.51,952.09,70.45,70.28,0.492454,0.88156,0.036694,0.065072,0.8806
362,1658.0,475.15,73.73,74.41,0.863541,0.439956,0.038403,0.068901,0.877
362,775.0,962.49,64.96,64.3,0.403647,0.891196,0.033834,0.059539,0.8322
362,905.69,163.91,63.61,65.11,0.471712,0.151764,0.033131,0.060288,0.8118
362,1681.76,1054.18,260.33,51.36,0.875915,0.976092,0.135588,0.047553,0.7557
363,894.97,287.93,291.69,293.19,0.466129,0.266603,0.15192,0.271473,0.956
363,1508.26,105.55,273.31,210.44,0.785551,0.097729,0.142347,0.194856,0.9539
363,331.2,369.22,221.25,221.6,0.172497,0.341867,0.115236,0.205183,0.9442
363,1825.41,122.77,81.63,81.0,0.950736,0.11368,0.042517,0.075002,0.9358
363,156.82,955.99,218.77,221.17,0.081675,0.885172,0.113941,0.204788,0.9311
363,616.3,774.55,197.31,197.62,0.320988,0.717173,0.102768,0.182982,0.9284
363,624.23,423.88,79.98,78.89,0.325121,0.392481,0.041657,0.073046,0.9249
363,139.59,868.84,109.59,109.39,0.072706,0.804479,0.057077,0.101289,0.9243
363,764.25,988.32,63.67,64.07,0.398046,0.915114,0.03316,0.059323,0.9227
363,1577.71,286.02,68.07,67.9,0.821723,0.264836,0.035456,0.062867,0.9202
363,1180.76,209.02,90.49,90.88,0.614981,0.193541,0.047128,0.08415,0.9193
363,1853.76,825.75,132.47,235.24,0.965503,0.764579,0.068995,0.217813,0.9181
363,416.69,66.08,102.71,103.07,0.217027,0.061186,0.053496,0.095437,0.9134
363,339.02,15.21,61.26,30.25,0.176574,0.01408,0.031906,0.028011,0.8798
363,895.51,188.64,66.08,66.44,0.466413,0.174668,0.034415,0.061514,0.8657
363,1649.28,501.14,70.87,72.02,0.859002,0.464019,0.036914,0.066686,0.8525
363,934.67,979.59,70.5,71.38,0.486806,0.907031,0.036721,0.066095,0.8408
364,886.0,317.85,292.52,290.54,0.461457,0.294306,0.152355,0.269015,0.954
364,1498.91,117.42,267.48,234.66,0.78068,0.108725,0.139312,0.217278,0.9512
364,1815.26,148.82,83.61,84.22,0.945447,0.137798,0.043549,0.077985,0.9459
364,320.04,397.03,220.23,221.49,0.166688,0.367618,0.114703,0.205086,0.9401
364,1566.95,311.91,66.86,67.92,0.816121,0.28881,0.034825,0.062884,0.9362
364,1848.66,852.73,142.69,241.1,0.962842,0.789564,0.074315,0.223237,0.9255
364,406.85,91.39,102.8,103.0,0.211902,0.084617,0.05354,0.095374,0.9255
364,612.05,451.55,81.12,82.07,0.318778,0.418099,0.04225,0.07599,0.9246
364,127.84,895.48,111.39,110.86,0.066583,0.82915,0.058018,0.102647,0.9227
364,142.36,975.33,221.24,209.34,0.074144,0.903084,0.115231,0.193832,0.9209
364,1168.7,234.14,90.42,89.63,0.608697,0.216792,0.047091,0.082988,0.9179
364,605.32,798.52,193.09,192.41,0.315273,0.739372,0.100569,0.178161,0.9115
364,753.7,1015.93,64.41,64.74,0.39255,0.940673,0.033545,0.05994,0.9061
364,884.42,215.53,65.32,65.88,0.460635,0.199569,0.03402,0.061004,0.9034
364,329.51,27.48,68.7,54.97,0.171618,0.025448,0.035782,0.050896,0.9026
364,924.45,1005.41,68.52,72.55,0.481483,0.930938,0.035687,0.067179,0.8412
364,1637.11,527.04,72.84,74.01,0.852662,0.487999,0.037938,0.068528,0.8219
365,1488.28,132.07,269.59,260.51,0.775146,0.122286,0.14041,0.241212,0.9578
365,875.14,342.16,292.52,296.33,0.455801,0.316818,0.152352,0.274382,0.9447
365,1843.27,878.86,153.46,230.91,0.960037,0.813763,0.079926,0.21381,0.9383
365,308.03,420.85,220.88,219.84,0.160432,0.389675,0.115041,0.203557,0.9364
365,1804.89,174.61,82.93,82.22,0.940047,0.161677,0.043192,0.076125,0.9316
365,119.63,923.36,109.31,107.06,0.062308,0.85496,0.056934,0.099128,0.9291
365,596.23,829.55,196.0,198.73,0.310536,0.768102,0.102085,0.184012,0.9288
365,602.99,476.02,81.44,80.85,0.314058,0.440758,0.042419,0.074865,0.9282
365,131.98,990.84,219.76,178.13,0.068742,0.917443,0.114457,0.164939,0.9205
365,319.85,46.03,71.57,70.09,0.166586,0.042618,0.037275,0.064899,0.9185
365,394.11,118.83,103.35,103.23,0.205266,0.11003,0.053828,0.095586,0.9158
365,873.28,242.41,64.27,66.36,0.454834,0.224451,0.033474,0.061441,0.9074
365,742.51,1043.04,64.48,63.92,0.386725,0.965774,0.033586,0.05919,0.9026
365,1159.39,261.43,89.97,90.48,0.60385,0.242064,0.046859,0.083781,0.9002
365,1557.4,338.93,69.22,69.01,0.811145,0.31382,0.036054,0.0639,0.8973
365,914.11,1035.04,71.04,67.63,0.476099,0.958368,0.037001,0.062623,0.8862
365,1628.49,554.94,73.58,72.29,0.848171,0.513837,0.038324,0.066932,0.8777
366,864.02,367.91,290.24,291.68,0.450011,0.340661,0.151167,0.270071,0.9538
366,296.12,447.33,223.12,222.49,0.154229,0.414192,0.116209,0.206006,0.9501
366,1477.54,152.79,268.54,267.3,0.769553,0.141468,0.139862,0.247497,0.9481
366,307.37,73.59,68.93,70.69,0.160089,0.068139,0.035901,0.065452,0.938
366,1795.68,200.44,81.66,82.29,0.935249,0.18559,0.042533,0.076197,0.9379
366,582.55,854.63,194.07,194.84,0.303409,0.791326,0.101076,0.180409,0.9311
366,862.99,267.69,63.06,64.61,0.449473,0.247857,0.032843,0.059825,0.9262
366,122.79,1003.7,227.1,152.61,0.063955,0.929348,0.118281,0.141304,0.926
366,108.28,949.59,111.64,109.52,0.056395,0.879248,0.058147,0.101409,0.9234
366,1837.85,903.21,164.18,234.96,0.957213,0.836309,0.085508,0.217558,0.9225
366,382.3,144.77,102.86,103.06,0.199116,0.134046,0.053571,0.095426,0.9163
366,1547.04,364.14,68.75,68.85,0.805749,0.337163,0.035807,0.063746,0.9124
366,1148.5,285.93,90.4,91.51,0.598178,0.264747,0.047082,0.084731,0.9076
366,590.74,502.71,80.32,80.37,0.307677,0.465473,0.041835,0.074413,0.9062
366,1618.64,580.69,71.33,69.36,0.843044,0.537674,0.037151,0.064221,0.828
366,904.12,1052.75,72.3,54.29,0.470896,0.974769,0.037655,0.050271,0.7188
366,730.67,1057.59,66.89,42.88,0.380558,0.979249,0.034836,0.039708,0.7172
367,287.93,473.45,215.59,219.47,0.149963,0.438382,0.112286,0.203214,0.9612
367,854.68,392.24,292.05,297.59,0.445147,0.363188,0.152109,0.275547,0.9565
367,1467.87,179.11,272.66,270.48,0.764514,0.165841,0.14201,0.250443,0.95
367,297.73,98.29,67.93,67.58,0.155066,0.091006,0.035378,0.062576,0.9455
367,1784.86,226.2,82.85,82.08,0.929612,0.209448,0.043149,0.075996,0.9432
367,96.32,974.46,109.48,108.73,0.050166,0.902281,0.057021,0.100676,0.9371
367,1833.79,930.39,172.42,228.84,0.955098,0.861468,0.089803,0.21189,0.9325
367,581.17,527.81,80.57,78.88,0.302692,0.488716,0.041962,0.073035,0.9249
367,112.98,1018.95,216.76,122.09,0.058843,0.943475,0.112897,0.11305,0.9231
367,372.9,168.84,103.87,105.34,0.194221,0.156329,0.0541,0.09754,0.9219
367,1137.23,312.18,90.21,90.2,0.592305,0.289052,0.046983,0.083518,0.9187
367,1536.4,391.38,68.19,69.15,0.800209,0.362393,0.035515,0.064028,0.9166
367,571.99,881.63,192.98,192.81,0.297912,0.816321,0.100511,0.178526,0.9102
367,852.69,293.43,67.71,66.31,0.44411,0.271695,0.035264,0.061395,0.8972
367,1606.81,605.28,75.06,77.38,0.836879,0.560448,0.039093,0.071647,0.8611
367,889.46,1061.96,70.07,36.08,0.463263,0.983297,0.036497,0.033405,0.7319
368,1457.33,204.81,269.89,270.67,0.759027,0.189639,0.140569,0.25062,0.9542
368,843.38,419.39,296.11,299.33,0.439258,0.388321,0.154223,0.277155,0.9538
368,1829.05,953.65,181.9,231.38,0.95263,0.883008,0.094741,0.214241,0.9449
368,275.0,498.57,221.91,222.28,0.14323,0.461643,0.11558,0.205815,0.9423
368,1775.32,251.87,83.84,84.22,0.924646,0.233209,0.043666,0.077985,0.929
368,85.8,1000.76,108.62,109.33,0.044687,0.92663,0.056573,0.101229,0.927
368,562.55,904.77,194.56,195.11,0.292997,0.837749,0.101334,0.180657,0.9236
368,570.13,553.84,80.56,79.72,0.296941,0.512811,0.041959,0.073819,0.9194
368,361.69,194.9,105.08,104.28,0.188379,0.180467,0.054732,0.096556,0.9187
368,841.38,319.65,64.15,65.05,0.438217,0.295974,0.033411,0.060228,0.9129
368,1526.25,416.79,68.6,70.0,0.794921,0.385917,0.035731,0.064815,0.9082
368,1127.86,338.47,89.66,89.55,0.587426,0.313397,0.046699,0.082919,0.8952
368,285.96,122.97,69.88,70.11,0.148939,0.113859,0.036394,0.064918,0.8936
368,110.79,1029.85,205.19,100.31,0.057701,0.953562,0.106871,0.092875,0.8696
368,1598.25,632.85,72.09,71.05,0.832421,0.585975,0.037547,0.065785,0.8546
368,1259.51,15.27,74.44,30.26,0.655993,0.014138,0.038769,0.028018,0.8389
369,264.44,524.2,217.52,219.13,0.137728,0.485372,0.11329,0.202895,0.9575
369,832.1,443.7,292.64,292.64,0.433387,0.410831,0.152418,0.270963,0.9558
369,1448.48,230.93,268.82,267.23,0.754417,0.213825,0.14001,0.247432,0.9547
369,1823.92,969.39,192.17,219.96,0.949957,0.897581,0.100086,0.20367,0.9414
369,1765.69,276.9,81.36,82.63,0.919628,0.256393,0.042377,0.076506,0.9322
369,559.88,580.8,81.18,80.37,0.291604,0.537779,0.042279,0.074419,0.9318
369,275.09,148.47,71.59,69.85,0.143274,0.137475,0.037288,0.064672,0.9315
369,551.52,932.89,196.71,198.33,0.28725,0.863783,0.102452,0.18364,0.9252
369,350.48,219.65,105.93,105.24,0.182541,0.203383,0.05517,0.097445,0.921
369,1116.98,363.68,91.12,93.23,0.581758,0.336737,0.04746,0.086323,0.9161
369,1517.25,442.21,69.58,68.84,0.790233,0.409453,0.036242,0.063741,0.909
369,831.15,344.74,64.62,65.58,0.43289,0.319201,0.033655,0.060721,0.9067
369,1251.02,28.9,74.22,56.14,0.651575,0.026756,0.038656,0.051986,0.8876
369,1589.48,657.66,73.18,72.41,0.827855,0.608942,0.038115,0.067042,0.8367
369,771.32,30.49,182.43,60.62,0.401728,0.028233,0.095016,0.056129,0.8149
369,70.09,1025.3,109.73,104.01,0.036505,0.949356,0.057151,0.096307,0.8074
369,142.1,40.98,271.19,81.97,0.074013,0.037948,0.141243,0.075895,0.8006
370,1438.01,256.93,270.12,268.2,0.748962,0.237898,0.140689,0.248333,0.9589
370,820.81,467.84,292.78,297.03,0.427504,0.433188,0.152489,0.275028,0.9493
370,1754.64,301.37,82.04,82.19,0.913877,0.279043,0.042728,0.076102,0.9401
370,253.21,549.03,221.35,219.99,0.131882,0.508358,0.115287,0.203697,0.9381
370,1820.37,983.38,199.27,192.18,0.948108,0.910534,0.103784,0.177946,0.9373
370,339.4,245.13,102.52,103.11,0.176771,0.226975,0.053396,0.095473,0.9321
370,263.59,173.09,69.87,70.13,0.137287,0.160266,0.036392,0.064936,0.9279
370,547.93,604.92,83.47,81.7,0.285381,0.560111,0.043473,0.075644,0.9204
370,819.81,370.36,64.28,65.05,0.426984,0.342923,0.033478,0.060235,0.9176
370,1505.77,468.68,67.58,68.82,0.784258,0.433963,0.035198,0.063719,0.9157
370,1106.06,390.46,92.7,92.75,0.576071,0.36154,0.048281,0.085876,0.9141
370,539.07,957.34,192.69,194.6,0.280768,0.886422,0.10036,0.180185,0.9117
370,765.28,44.96,189.02,89.91,0.398583,0.041626,0.098448,0.083253,0.8942
370,1578.15,683.56,71.34,72.26,0.821951,0.632927,0.037158,0.066909,0.8829
370,1240.53,43.46,77.65,80.4,0.646107,0.040239,0.040443,0.074445,0.8766
370,136.26,54.26,272.02,108.52,0.070968,0.050241,0.141678,0.100482,0.8652
370,69.58,1040.73,133.14,78.53,0.036238,0.963643,0.069343,0.072713,0.829
371,810.05,495.97,291.3,293.18,0.421902,0.459234,0.151717,0.271466,0.9547
371,243.12,575.96,223.8,223.83,0.126624,0.533292,0.116561,0.207249,0.9534
371,1427.22,281.58,269.71,268.95,0.743345,0.260723,0.140473,0.249031,0.9534
371,536.74,631.23,80.28,78.78,0.279551,0.584473,0.041811,0.072941,0.9261
371,1813.88,997.18,211.53,165.54,0.944731,0.923315,0.110172,0.153273,0.9258
371,328.05,269.93,103.96,103.89,0.170862,0.249938,0.054144,0.096196,0.9245
371,1230.2,67.02,79.56,81.14,0.64073,0.062058,0.041439,0.075127,0.9209
371,1745.51,327.79,84.79,84.2,0.909122,0.30351,0.044161,0.077965,0.9183
371,1496.03,493.88,67.72,68.68,0.779185,0.457293,0.03527,0.063593,0.9169
371,530.43,982.37,195.74,194.74,0.276264,0.909602,0.101949,0.180318,0.9114
371,755.6,58.57,195.0,115.33,0.393541,0.054228,0.101563,0.106789,0.9104
371,1096.51,416.79,89.52,90.1,0.571097,0.385913,0.046623,0.083424,0.9098
371,252.42,197.5,69.85,70.48,0.131469,0.182868,0.03638,0.065258,0.8997
371,133.66,64.37,267.17,128.74,0.069615,0.059602,0.139151,0.119204,0.8967
371,809.44,394.98,66.13,66.16,0.421583,0.36572,0.034444,0.061258,0.8812
371,1566.35,707.12,75.1,74.2,0.815809,0.654744,0.039113,0.068706,0.8527
371,51.56,1051.04,101.35,57.58,0.026855,0.973184,0.052787,0.053311,0.7628
372,1417.1,305.51,270.71,272.22,0.738075,0.282884,0.140997,0.252059,0.9595
372,800.48,519.89,291.14,297.55,0.416917,0.481382,0.151637,0.275507,0.9556
372,231.05,599.26,224.84,223.35,0.12034,0.554872,0.117105,0.206809,0.9428
372,518.26,995.35,190.34,168.79,0.269927,0.921619,0.099137,0.156289,0.9299
372,1735.53,353.69,81.64,83.4,0.903923,0.327493,0.042523,0.077225,0.9295
372,1807.89,1008.56,224.22,142.89,0.941609,0.933848,0.116782,0.132304,0.929
372,131.93,77.67,263.85,155.34,0.068711,0.071917,0.137423,0.143834,0.9217
372,315.86,294.4,104.02,104.88,0.16451,0.272593,0.054175,0.097112,0.9216
372,1218.86,91.95,81.9,79.72,0.634824,0.085143,0.042659,0.073817,0.9207
372,746.36,74.77,193.77,141.01,0.388728,0.069228,0.100922,0.130561,0.9199
372,798.33,420.81,65.47,65.35,0.415795,0.389639,0.034098,0.060511,0.9173
372,526.77,655.18,82.29,81.9,0.274361,0.606648,0.042859,0.075835,0.91
372,1085.36,441.14,90.32,90.88,0.56529,0.408461,0.047043,0.084149,0.9094
372,240.88,223.23,68.79,68.92,0.125457,0.206691,0.035827,0.063817,0.9054
372,1484.64,519.69,69.4,67.54,0.773248,0.481194,0.036144,0.06254,0.8997
372,1557.78,734.91,73.3,76.13,0.811344,0.680475,0.038178,0.070492,0.8795
372,1135.43,29.49,83.48,58.94,0.591372,0.027307,0.04348,0.054571,0.8569
373,789.75,545.84,292.49,294.92,0.411329,0.50541,0.152336,0.273074,0.9577
373,1406.32,330.64,272.65,274.33,0.732461,0.306148,0.142006,0.254011,0.9485
373,220.24,624.43,222.89,223.84,0.114707,0.57818,0.11609,0.207262,0.9415
373,231.02,248.92,69.92,68.78,0.120322,0.230479,0.036419,0.063687,0.9406
373,121.61,89.97,243.16,179.93,0.06334,0.083303,0.126646,0.166606,0.9385
373,1724.55,376.78,82.31,82.36,0.898204,0.348872,0.042869,0.076256,0.9363
373,305.28,319.68,103.33,105.73,0.159001,0.295996,0.053817,0.097895,0.924
373,1474.53,544.79,68.88,69.12,0.767987,0.504436,0.035877,0.064,0.9235
373,787.15,447.24,61.2,62.49,0.409973,0.414112,0.031874,0.057862,0.9233
373,515.24,679.96,82.81,81.19,0.268355,0.629596,0.043132,0.075173,0.9192
373,1073.68,466.66,91.51,91.87,0.559209,0.432091,0.047663,0.085069,0.9072
373,735.23,81.57,199.35,163.13,0.382933,0.075527,0.103828,0.15105,0.9066
373,1208.62,118.42,77.88,80.36,0.629491,0.109649,0.040561,0.074408,0.9025
373,506.3,1008.46,192.41,143.09,0.263697,0.933756,0.100212,0.132488,0.9016
373,1124.58,42.89,81.94,80.08,0.585717,0.039715,0.042676,0.074148,0.8924
373,1804.9,1022.34,228.95,115.32,0.940052,0.946611,0.119246,0.106777,0.892
373,1545.35,757.93,73.12,73.56,0.80487,0.701787,0.038085,0.068111,0.8769
373,276.12,21.92,64.9,43.85,0.143811,0.0203,0.0338,0.040599,0.7914
373,1883.85,60.24,71.4,119.01,0.981174,0.055774,0.037187,0.11019,0.7295
374,779.91,569.57,295.68,297.01,0.406204,0.527378,0.153999,0.275006,0.9586
374,1395.41,355.72,271.89,273.48,0.726775,0.329372,0.14161,0.25322,0.9551
374,210.0,648.98,221.95,221.92,0.109375,0.600909,0.115598,0.205479,0.9522
374,118.69,103.12,237.39,206.24,0.06182,0.095483,0.12364,0.190966,0.9459
374,724.94,97.22,197.43,191.68,0.377574,0.090018,0.102827,0.177478,0.938
374,1715.16,402.68,84.47,84.17,0.893313,0.37285,0.043993,0.077936,0.9357
374,1197.8,142.37,79.13,81.67,0.623853,0.131827,0.041213,0.075623,0.9329
374,294.91,346.34,103.79,106.19,0.153598,0.320686,0.054056,0.098322,0.9267
374,219.74,272.43,70.9,70.19,0.114448,0.252249,0.036926,0.064995,0.9217
374,503.95,705.82,80.3,78.94,0.262476,0.653536,0.041821,0.073097,0.9065
374,1465.33,570.96,68.35,69.32,0.763195,0.528667,0.035601,0.064181,0.9042
374,1064.14,490.9,90.22,90.6,0.554238,0.454541,0.046991,0.083891,0.9034
374,776.25,470.66,64.21,64.98,0.404296,0.435796,0.033442,0.060168,0.9026
374,495.44,1020.92,197.74,118.17,0.258041,0.945293,0.10299,0.109414,0.8956
374,267.1,35.69,62.05,63.04,0.139117,0.033048,0.03232,0.058369,0.8798
374,1113.92,67.75,81.37,81.69,0.580167,0.062734,0.04238,0.075636,0.8678
374,1537.8,785.33,72.86,73.15,0.80094,0.727159,0.03795,0.067734,0.8527
374,1796.38,1035.56,231.22,88.89,0.935613,0.958848,0.120428,0.082305,0.8395
374,1872.34,82.25,94.87,162.56,0.975178,0.076158,0.049411,0.150516,0.8027
374,570.83,44.66,235.8,89.17,0.297306,0.041355,0.122814,0.082569,0.7347
375,197.31,672.61,217.8,223.13,0.102764,0.622785,0.113439,0.206599,0.9596
375,769.29,595.31,299.19,302.89,0.400674,0.55121,0.155828,0.280451,0.9575
375,1385.57,380.14,270.33,269.54,0.721649,0.351983,0.140797,0.249575,0.9552
375,111.6,113.9,223.2,227.79,0.058125,0.105461,0.11625,0.210921,0.9469
375,1706.12,427.52,82.44,84.19,0.888606,0.395851,0.042936,0.077958,0.9414
375,765.4,495.52,65.46,64.5,0.398648,0.458813,0.034092,0.059719,0.9274
375,493.78,731.24,82.15,80.78,0.257177,0.677078,0.042785,0.074794,0.9221
375,284.12,368.67,104.51,105.73,0.147978,0.341361,0.054435,0.097903,0.9199
375,714.52,116.55,196.39,199.96,0.372144,0.107921,0.102287,0.185146,0.9175
375,1187.55,165.74,79.03,79.05,0.618516,0.153462,0.041159,0.073192,0.9174
375,207.42,297.53,69.37,68.95,0.108029,0.275495,0.036132,0.063843,0.9172
375,1454.61,593.81,69.39,69.09,0.757611,0.549826,0.036142,0.063973,0.9158
375,1053.51,517.92,88.61,90.93,0.548702,0.479556,0.046153,0.084191,0.911
375,1100.57,91.03,82.06,82.43,0.573215,0.084288,0.04274,0.076321,0.9106
375,480.8,1033.41,210.61,91.5,0.250417,0.956865,0.109693,0.084721,0.884
375,562.98,55.72,215.61,111.42,0.293218,0.051591,0.112299,0.103164,0.8834
375,254.77,58.45,63.08,62.84,0.13269,0.054119,0.032852,0.058187,0.8729
375,1871.66,86.9,96.22,172.82,0.974825,0.080463,0.050115,0.160015,0.8492
375,1526.16,809.25,74.98,73.47,0.794872,0.749309,0.03905,0.068026,0.8424
375,763.99,43.3,119.18,85.96,0.397912,0.040089,0.062072,0.079591,0.7983
375,1783.14,1047.23,220.83,65.55,0.928719,0.969653,0.115015,0.060694,0.7751
376,1374.93,402.96,269.94,268.88,0.71611,0.37311,0.140593,0.248963,0.9532
376,187.42,698.36,222.1,223.48,0.097617,0.646631,0.115675,0.20693,0.953
376,106.71,128.07,213.42,254.05,0.055578,0.118587,0.111156,0.23523,0.9482
376,757.5,621.71,288.1,293.68,0.394529,0.57566,0.150052,0.271925,0.9463
376,1694.55,451.37,83.44,83.43,0.882581,0.417931,0.04346,0.077247,0.9435
376,1443.58,618.94,70.53,70.55,0.751863,0.573088,0.036733,0.065322,0.9313
376,482.79,755.19,82.33,81.37,0.251451,0.699253,0.042881,0.07534,0.926
376,755.12,521.34,63.7,64.5,0.393292,0.482723,0.033176,0.059723,0.9253
376,272.12,394.12,104.94,105.59,0.141728,0.36493,0.054657,0.097767,0.9211
376,702.36,143.32,197.17,190.08,0.365811,0.132705,0.102692,0.175996,0.9194
376,1042.53,541.41,93.31,92.68,0.542983,0.501308,0.048601,0.085814,0.9179
376,1091.68,116.45,81.76,82.4,0.568583,0.107823,0.042585,0.076296,0.9149
376,195.78,321.28,69.56,69.16,0.101968,0.297482,0.03623,0.064042,0.9121
376,553.29,66.66,223.94,131.85,0.288174,0.061719,0.116637,0.122083,0.9106
376,1176.08,192.08,78.5,80.59,0.612541,0.177851,0.040884,0.074621,0.9061
376,1515.86,834.7,72.48,73.11,0.789509,0.772872,0.037752,0.067691,0.8925
376,244.09,83.6,62.17,61.54,0.127129,0.077403,0.03238,0.05698,0.883
376,749.15,56.48,113.88,110.34,0.390184,0.052298,0.059313,0.10217,0.877
376,1867.34,97.65,105.27,193.68,0.972576,0.090419,0.054827,0.179335,0.8747
376,468.37,1044.86,189.09,70.29,0.243945,0.96746,0.098483,0.065081,0.839
377,1365.4,429.42,269.86,271.89,0.711146,0.397609,0.140553,0.251753,0.956
377,745.79,644.65,292.98,298.44,0.388432,0.596895,0.152596,0.276334,0.9514
377,101.33,139.56,202.65,276.59,0.052774,0.129224,0.105548,0.256103,0.9454
377,174.13,722.4,225.77,224.35,0.090691,0.668885,0.11759,0.207732,0.9397
377,692.83,166.72,194.24,194.46,0.360851,0.154367,0.101165,0.180057,0.9325
377,1166.6,214.6,80.18,81.24,0.607606,0.198702,0.041762,0.075221,0.9264
377,1685.01,476.66,84.74,84.8,0.877609,0.44135,0.044133,0.078515,0.9232
377,185.67,346.04,72.02,70.53,0.096705,0.320408,0.037509,0.065304,0.9213
377,1434.03,644.5,67.69,69.96,0.746893,0.596756,0.035255,0.064782,0.9198
377,743.81,545.71,62.65,64.03,0.3874,0.505283,0.032629,0.05929,0.9183
377,471.84,779.79,79.49,79.1,0.245749,0.722027,0.041403,0.073238,0.9182
377,260.35,418.09,104.39,103.63,0.135597,0.38712,0.054371,0.095949,0.9179
377,542.89,78.87,229.48,157.72,0.282756,0.073029,0.119522,0.146036,0.916
377,738.67,78.59,111.91,111.86,0.384723,0.072772,0.058288,0.103577,0.9131
377,1031.63,567.69,90.38,90.76,0.53731,0.52564,0.047073,0.084034,0.913
377,1862.81,108.27,114.38,214.73,0.970213,0.100251,0.059574,0.198828,0.8997
377,1081.89,140.33,83.21,82.16,0.563483,0.129934,0.04334,0.076079,0.8988
377,233.28,107.17,61.29,63.17,0.121499,0.09923,0.03192,0.05849,0.8778
377,1505.58,857.92,74.06,73.98,0.784154,0.794373,0.038575,0.068503,0.8739
377,1292.45,21.81,72.76,43.62,0.67315,0.020196,0.037895,0.040393,0.8355
377,455.78,1057.05,207.41,45.91,0.237387,0.978747,0.108026,0.042507,0.7143
378,166.61,745.39,219.39,221.04,0.086776,0.690175,0.114263,0.204669,0.9554
378,735.28,666.58,296.67,301.86,0.382959,0.617201,0.154517,0.279501,0.9527
378,1353.96,452.49,270.58,271.35,0.705188,0.418974,0.140926,0.251249,0.9486
378,94.19,151.07,188.39,289.95,0.049059,0.139878,0.098118,0.268468,0.9463
378,1675.51,500.26,82.19,83.6,0.87266,0.463208,0.042809,0.077406,0.9394
378,728.39,103.27,111.38,113.62,0.379371,0.095616,0.058013,0.105203,0.9341
378,174.47,370.06,70.27,70.05,0.090869,0.342647,0.036598,0.064864,0.9337
378,533.11,91.21,228.72,182.41,0.27766,0.084451,0.119126,0.168901,0.9327
378,1857.71,127.05,124.57,228.61,0.967559,0.117637,0.064882,0.211676,0.9287
378,249.86,442.42,104.3,106.74,0.130133,0.409649,0.054321,0.098831,0.9271
378,684.35,188.1,198.78,198.6,0.356431,0.174163,0.103533,0.183886,0.9253
378,1154.73,239.35,80.93,80.0,0.601422,0.221623,0.042152,0.074078,0.9173
378,1020.91,590.82,92.23,92.98,0.531723,0.54706,0.048035,0.086096,0.9154
378,460.43,804.43,82.25,81.01,0.239805,0.744842,0.042837,0.075006,0.9143
378,1421.93,668.07,69.23,68.65,0.740586,0.618588,0.036055,0.063568,0.9108
378,1070.5,165.0,81.84,81.13,0.557554,0.15278,0.042624,0.07512,0.9095
378,732.61,568.5,64.95,64.66,0.381569,0.52639,0.033826,0.059874,0.9087
378,1496.54,883.68,72.86,71.76,0.779447,0.818223,0.03795,0.066444,0.9077
378,1281.78,33.68,75.69,67.37,0.667596,0.031189,0.039423,0.062377,0.9038
378,221.45,131.71,61.82,61.56,0.115336,0.121954,0.032198,0.056996,0.8491
379,724.66,692.13,294.17,296.03,0.37743,0.64086,0.153212,0.2741,0.9579
379,1344.55,476.52,274.45,272.91,0.700285,0.441218,0.142941,0.252692,0.9512
379,154.53,770.3,225.73,225.01,0.080487,0.713244,0.117566,0.208346,0.9456
379,88.45,178.07,176.89,293.65,0.046065,0.164877,0.092131,0.271895,0.9429
379,1664.21,523.16,83.88,84.45,0.866775,0.484403,0.043689,0.078194,0.9415
379,521.96,103.17,224.18,206.33,0.271856,0.095524,0.116758,0.191049,0.9398
379,1412.3,693.05,70.64,70.82,0.735571,0.641713,0.036792,0.065575,0.9316
379,1852.67,148.16,134.66,239.83,0.964931,0.137181,0.070137,0.222061,0.9275
379,239.7,465.0,106.22,105.68,0.124846,0.430556,0.055322,0.097855,0.9254
379,717.48,128.58,112.66,112.8,0.37369,0.11906,0.058675,0.10444,0.924
379,449.83,827.23,80.79,79.38,0.234288,0.765953,0.042079,0.073503,0.9181
379,1272.49,52.09,77.98,78.54,0.662757,0.048228,0.040617,0.072725,0.9091
379,672.93,212.73,197.62,196.63,0.350487,0.196969,0.10293,0.182065,0.9084
379,1144.71,263.15,80.88,81.43,0.596205,0.243655,0.042124,0.075396,0.9052
379,162.57,393.08,70.49,70.58,0.084671,0.363961,0.036711,0.065348,0.9009
379,721.21,593.42,63.52,63.0,0.375632,0.549467,0.033086,0.058333,0.8985
379,1011.09,615.59,91.35,92.19,0.52661,0.569993,0.047579,0.085364,0.8967
379,1059.66,190.21,81.89,82.13,0.551908,0.176125,0.042652,0.076047,0.8959
379,209.04,155.41,63.94,65.24,0.108875,0.143899,0.033303,0.060408,0.8816
379,1484.48,906.05,73.74,75.3,0.773166,0.838935,0.038408,0.069722,0.8673
380,712.27,716.67,299.27,299.81,0.370977,0.663581,0.155869,0.277605,0.9577
380,1334.09,500.73,272.74,270.98,0.694837,0.463642,0.14205,0.25091,0.9569
380,83.14,197.9,166.27,295.67,0.043301,0.183244,0.086601,0.273764,0.9499
380,510.2,114.05,224.57,224.06,0.26573,0.105605,0.116965,0.207467,0.9459
380,143.31,794.92,219.38,220.73,0.074639,0.736036,0.114263,0.204382,0.9453
380,1654.7,548.07,83.38,83.41,0.861824,0.507476,0.043429,0.077236,0.933
380,1402.37,716.31,68.46,69.1,0.730402,0.663254,0.035656,0.063982,0.9317
380,710.98,617.22,64.55,64.73,0.370302,0.571503,0.033619,0.059937,0.9307
380,150.88,417.45,69.13,68.54,0.078581,0.386527,0.036005,0.063461,0.9245
380,1847.53,171.61,144.93,237.35,0.962257,0.158902,0.075486,0.219772,0.9233
380,704.95,150.41,112.59,111.8,0.367159,0.13927,0.058638,0.10352,0.9226
380,1134.32,287.18,79.76,80.2,0.590791,0.265904,0.041541,0.07426,0.9224
380,227.43,488.67,106.05,107.05,0.118454,0.452472,0.055234,0.099123,0.9209
380,1048.04,214.23,82.99,84.02,0.545855,0.198359,0.043221,0.077796,0.9201
380,660.11,236.48,194.08,193.73,0.343807,0.21896,0.101083,0.179379,0.9171
380,438.96,852.34,82.61,80.47,0.228623,0.789201,0.043024,0.074512,0.9158
380,999.55,639.47,92.31,91.71,0.520597,0.592098,0.048079,0.084913,0.9139
380,1262.43,75.36,79.28,78.56,0.657516,0.069778,0.041292,0.072742,0.9093
380,1474.92,932.0,73.17,72.45,0.768189,0.862962,0.03811,0.067087,0.8592
380,199.63,177.55,59.46,60.61,0.103972,0.164396,0.030968,0.056118,0.8413
381,1325.03,524.14,271.78,271.64,0.690119,0.485318,0.141554,0.251521,0.9557
381,130.97,817.91,224.72,225.69,0.068211,0.757326,0.117043,0.208975,0.9489
381,703.28,740.95,294.35,297.06,0.366291,0.68606,0.153309,0.275056,0.9484
381,498.08,136.96,224.94,225.95,0.259415,0.126812,0.117155,0.209214,0.9474
381,1842.61,196.97,154.71,241.15,0.959692,0.182377,0.08058,0.223285,0.9352
381,75.84,219.25,151.69,299.24,0.039502,0.203012,0.079003,0.277071,0.9296
381,1644.92,571.14,83.39,82.89,0.85673,0.528833,0.043432,0.076755,0.9283
381,215.0,513.1,105.35,104.96,0.111982,0.475096,0.054868,0.097181,0.925
381,427.11,874.97,83.8,82.54,0.222453,0.81016,0.043644,0.076423,0.924
381,1391.86,740.93,70.05,71.33,0.724927,0.686049,0.036483,0.066046,0.9199
381,649.37,260.6,197.75,193.96,0.338212,0.2413,0.102994,0.179594,0.9197
381,139.92,441.01,70.87,69.97,0.072873,0.408338,0.036914,0.06479,0.9181
381,1039.03,236.74,82.42,82.58,0.54116,0.219201,0.042925,0.076458,0.9156
381,695.86,173.85,114.27,114.0,0.362426,0.160976,0.059513,0.105553,0.9155
381,1252.27,99.26,75.0,76.2,0.652222,0.091905,0.039062,0.070552,0.9132
381,1123.92,309.79,83.28,83.62,0.585373,0.28684,0.043374,0.077427,0.9074
381,699.52,641.03,63.82,62.52,0.364332,0.593546,0.03324,0.05789,0.8989
381,988.67,661.75,91.57,92.32,0.514933,0.612728,0.047692,0.085477,0.8976
381,186.26,201.09,63.51,62.72,0.097011,0.186199,0.03308,0.058075,0.8915
381,1465.64,956.02,73.27,67.8,0.763352,0.885207,0.038159,0.062778,0.874
381,1253.12,101.11,59.73,60.44,0.652664,0.093619,0.031108,0.055963,0.7644
382,1310.86,546.37,275.45,277.24,0.682742,0.505896,0.143464,0.256703,0.9586
382,1635.12,594.92,83.02,84.96,0.851627,0.550852,0.043239,0.078666,0.9469
382,1381.13,763.97,70.99,70.34,0.719338,0.707382,0.036974,0.065126,0.9455
382,692.98,762.24,295.41,300.63,0.360925,0.705782,0.15386,0.278358,0.9453
382,488.99,160.26,224.3,225.74,0.254681,0.148387,0.116825,0.209015,0.941
382,119.7,840.65,227.68,226.15,0.062343,0.778376,0.118585,0.2094,0.9407
382,1836.97,218.57,165.76,236.87,0.956753,0.202379,0.086333,0.219327,0.9356
382,71.68,245.87,143.36,304.35,0.037334,0.227654,0.074669,0.281808,0.9313
382,128.43,464.28,69.27,70.16,0.066889,0.429891,0.036078,0.064966,0.93
382,684.19,196.5,113.67,113.69,0.356351,0.181942,0.059201,0.105272,0.9227
382,203.38,535.85,103.51,104.08,0.105925,0.496155,0.053911,0.096371,0.9212
382,689.8,663.23,67.05,65.58,0.359268,0.6141,0.034921,0.060722,0.9205
382,1241.15,122.11,78.26,78.3,0.64643,0.113068,0.040758,0.072498,0.9193
382,1113.6,332.6,81.65,80.94,0.580002,0.307965,0.042525,0.074943,0.9149
382,977.99,688.33,89.79,90.82,0.509369,0.63734,0.046763,0.084089,0.9077
382,636.92,281.26,193.65,193.23,0.331729,0.260422,0.10086,0.178916,0.905
382,416.56,899.54,81.91,81.58,0.216956,0.832908,0.042663,0.075537,0.9041
382,1026.54,259.28,81.06,81.74,0.534657,0.240077,0.042221,0.075686,0.9008
382,175.87,224.42,62.81,62.45,0.091599,0.207795,0.032714,0.057824,0.8382
382,1454.14,978.41,73.92,73.56,0.757363,0.905932,0.0385,0.06811,0.8302
383,681.24,785.28,295.21,301.81,0.354811,0.727108,0.153753,0.279454,0.9508
383,111.66,862.96,219.23,222.41,0.058157,0.799036,0.114182,0.205935,0.9504
383,1302.33,568.8,273.92,275.42,0.678299,0.52667,0.142664,0.255016,0.9499
383,673.47,220.58,112.0,113.78,0.350766,0.204243,0.058334,0.105353,0.9386
383,477.0,183.13,226.14,225.27,0.248436,0.169561,0.117782,0.208587,0.9383
383,117.43,486.67,68.94,68.98,0.061159,0.45062,0.035909,0.063874,0.9354
383,1831.97,242.06,176.07,236.63,0.954149,0.224131,0.091703,0.2191,0.9344
383,1624.07,616.29,85.07,84.35,0.845872,0.570641,0.044307,0.078106,0.9302
383,405.27,921.79,82.97,82.8,0.211079,0.853505,0.043213,0.076669,0.9298
383,1370.36,787.32,69.7,69.3,0.713729,0.729001,0.0363,0.064166,0.9296
383,628.93,301.98,198.09,198.22,0.32757,0.279611,0.103172,0.183535,0.9289
383,194.14,558.54,106.43,107.29,0.101116,0.51717,0.055433,0.099339,0.9238
383,64.72,265.39,129.44,300.19,0.033709,0.245732,0.067418,0.277952,0.9203
383,1102.67,357.26,79.76,79.48,0.574307,0.330799,0.041544,0.073592,0.9103
383,966.52,709.45,92.25,93.62,0.503398,0.656896,0.048049,0.086687,0.9047
383,1232.07,144.61,77.74,78.03,0.641702,0.133895,0.040492,0.072254,0.9019
383,677.44,687.12,63.8,64.9,0.352834,0.636221,0.033231,0.060092,0.8923
383,1014.71,282.94,82.82,81.7,0.528493,0.261978,0.043134,0.075644,0.8922
383,1443.44,1002.31,75.79,72.13,0.751791,0.928061,0.039476,0.066784,0.8602
383,163.9,247.64,63.8,64.1,0.085367,0.229301,0.033227,0.059349,0.8274
384,670.53,809.09,292.44,295.84,0.349237,0.749154,0.152311,0.273922,0.9552
384,1291.4,591.21,275.53,276.69,0.672602,0.54742,0.143504,0.256193,0.9444
384,106.04,887.12,212.09,226.15,0.055232,0.821408,0.110463,0.209399,0.9407
384,466.85,204.84,224.87,227.26,0.243149,0.189664,0.117121,0.210425,0.9403
384,1827.8,265.8,184.39,234.85,0.951981,0.246114,0.096038,0.217452,0.9398
384,1093.08,378.06,79.71,80.8,0.569314,0.350057,0.041515,0.074817,0.9253
384,1613.87,640.84,85.08,84.38,0.840558,0.593371,0.044312,0.078127,0.9233
384,183.58,580.89,108.56,108.88,0.095615,0.537861,0.056544,0.10081,0.9219
384,660.99,242.98,115.36,112.93,0.344265,0.224983,0.060081,0.104567,0.9216
384,58.81,286.22,117.62,305.49,0.03063,0.265018,0.061261,0.282863,0.9215
384,394.69,944.93,82.53,80.43,0.205569,0.874934,0.042986,0.074471,0.9208
384,105.81,509.16,69.24,69.73,0.05511,0.471446,0.036062,0.064567,0.9205
384,1360.04,810.86,70.24,70.42,0.708354,0.750795,0.036582,0.065204,0.918
384,616.47,326.3,192.61,192.21,0.321077,0.302127,0.100317,0.177971,0.9126
384,955.97,733.74,91.99,92.0,0.497899,0.67939,0.047911,0.085189,0.9102
384,152.46,270.26,64.11,64.71,0.079404,0.250236,0.033391,0.059918,0.8986
384,667.42,711.72,61.89,63.43,0.347614,0.658997,0.032236,0.058729,0.8975
384,1220.02,165.62,79.14,78.66,0.635429,0.153353,0.041218,0.07283,0.8907
384,1005.57,304.84,81.55,81.27,0.523733,0.282258,0.042474,0.075252,0.8858
384,1435.04,1026.33,74.65,70.01,0.747418,0.950301,0.038878,0.064821,0.8563
385,1281.48,614.59,276.27,275.21,0.667439,0.569064,0.143893,0.254825,0.9568
385,1822.75,286.48,194.45,234.2,0.949351,0.265256,0.101276,0.216853,0.9549
385,656.17,832.81,299.51,298.86,0.341757,0.771122,0.155997,0.27672,0.9526
385,456.76,224.53,223.15,225.32,0.237895,0.207899,0.116224,0.208628,0.9493
385,98.72,910.68,197.43,226.4,0.051414,0.843221,0.102828,0.209632,0.9472
385,1603.37,663.32,83.59,83.74,0.835089,0.614184,0.043538,0.077538,0.936
385,1211.5,189.07,77.38,77.57,0.630992,0.175068,0.040304,0.071821,0.9227
385,606.01,349.66,196.13,197.34,0.31563,0.323762,0.10215,0.182718,0.9227
385,1350.38,833.27,72.3,70.25,0.703325,0.77155,0.037657,0.065043,0.9204
385,170.34,604.56,106.63,103.32,0.088721,0.559776,0.055535,0.095666,0.9192
385,1081.36,401.37,81.6,82.06,0.56321,0.37164,0.042502,0.075985,0.9173
385,94.19,531.88,69.36,68.29,0.049055,0.492477,0.036123,0.063228,0.9127
385,995.03,329.54,84.41,85.37,0.518246,0.305128,0.043966,0.079046,0.9125
385,650.25,263.78,112.69,112.59,0.338674,0.244241,0.058694,0.104252,0.909
385,655.85,733.5,63.98,62.58,0.341586,0.679169,0.033324,0.057941,0.9055
385,382.07,969.13,83.36,83.0,0.198993,0.897341,0.043416,0.076854,0.9033
385,945.05,756.15,91.99,92.65,0.492212,0.700138,0.04791,0.085785,0.8988
385,54.37,313.73,108.75,313.54,0.02832,0.290486,0.056641,0.290312,0.8973
385,1424.67,1046.31,72.91,67.38,0.742017,0.968804,0.037975,0.062392,0.8935
385,142.83,291.32,62.59,63.51,0.074392,0.269741,0.032597,0.058809,0.8834
386,1271.96,636.56,273.24,273.9,0.662481,0.589409,0.142311,0.253609,0.9585
386,646.94,854.68,295.52,293.59,0.336947,0.791371,0.153918,0.271842,0.952
386,1593.28,684.72,84.0,85.16,0.829834,0.634,0.043749,0.078853,0.9484
386,1816.69,308.17,206.62,236.22,0.946192,0.285344,0.107616,0.218718,0.9469
386,94.39,931.65,188.77,228.0,0.049159,0.862643,0.098318,0.211113,0.946
386,445.22,249.74,227.54,228.3,0.231888,0.23124,0.118512,0.211392,0.9458
386,640.18,288.01,114.17,116.0,0.333429,0.266677,0.059462,0.107411,0.938
386,1338.69,856.27,71.17,70.73,0.697233,0.79284,0.03707,0.065486,0.9338
386,83.52,554.61,69.03,69.9,0.043497,0.513531,0.035955,0.064724,0.9258
386,644.77,756.52,63.24,62.68,0.335818,0.700478,0.032939,0.058033,0.9246
386,160.57,626.91,105.04,106.91,0.083631,0.580475,0.05471,0.098994,0.9244
386,593.89,370.83,198.59,196.91,0.309315,0.343365,0.103435,0.182324,0.9229
386,371.87,991.45,83.72,84.69,0.193684,0.918011,0.043606,0.078418,0.9206
386,935.48,779.9,92.02,93.39,0.487228,0.722132,0.047926,0.086475,0.9162
386,1070.16,424.58,83.5,81.87,0.557373,0.39313,0.04349,0.075806,0.912
386,983.31,351.94,83.97,84.08,0.512141,0.325868,0.043733,0.077856,0.9076
386,1199.33,209.92,78.87,77.64,0.624651,0.194366,0.041077,0.071891,0.9024
386,49.68,331.33,99.36,306.78,0.025875,0.306788,0.051751,0.284055,0.8996
386,131.1,314.0,63.57,63.41,0.068283,0.290742,0.033108,0.058712,0.8476
386,1411.15,1058.25,79.44,42.41,0.734974,0.979863,0.041376,0.039272,0.826
386,1333.72,52.33,360.45,104.66,0.694646,0.048455,0.187733,0.09691,0.7689
387,1260.21,658.48,274.39,277.82,0.656359,0.609707,0.142911,0.257239,0.9604
387,1811.45,330.58,217.11,238.93,0.943461,0.306089,0.113078,0.221234,0.9532
387,434.17,272.03,225.7,227.7,0.226129,0.251877,0.117551,0.210837,0.949
387,638.0,876.63,291.89,298.61,0.332292,0.811699,0.152024,0.276493,0.9443
387,89.18,952.64,178.35,230.97,0.046446,0.882072,0.092891,0.213857,0.9306
387,71.59,574.89,70.44,70.58,0.037286,0.532302,0.036689,0.065348,0.9299
387,1583.04,706.57,84.48,83.41,0.8245,0.654232,0.044001,0.077227,0.9264
387,583.37,393.02,199.17,197.67,0.303838,0.363908,0.103734,0.18303,0.9259
387,628.19,308.56,112.03,112.24,0.327185,0.285708,0.05835,0.103927,0.9244
387,1328.28,878.37,70.89,69.96,0.691813,0.813303,0.03692,0.064781,0.9206
387,147.74,647.71,106.24,106.78,0.07695,0.599729,0.055331,0.098866,0.9177
387,633.67,778.5,64.51,63.82,0.330035,0.720834,0.033598,0.059096,0.9145
387,1188.16,230.6,78.18,76.94,0.618835,0.213522,0.040719,0.071244,0.9089
387,1060.87,447.11,81.08,81.98,0.552536,0.413989,0.042231,0.075909,0.9071
387,973.47,372.36,81.7,81.96,0.507013,0.344782,0.042553,0.075893,0.9053
387,361.26,1012.41,81.83,81.92,0.188159,0.93742,0.042619,0.075849,0.8969
387,923.89,804.06,92.93,92.76,0.481195,0.744501,0.048401,0.085892,0.8942
387,44.61,355.67,89.23,335.6,0.023236,0.329325,0.046472,0.310737,0.8663
387,118.5,336.52,63.83,65.26,0.061717,0.311592,0.033244,0.06043,0.8641
387,1325.34,63.04,361.58,125.7,0.690282,0.058373,0.188324,0.116392,0.7806
388,1251.03,682.78,277.15,276.8,0.651578,0.632202,0.144351,0.256299,0.9572
388,425.16,292.21,227.94,228.91,0.221436,0.270565,0.11872,0.211955,0.9458
388,1807.63,352.56,224.74,235.56,0.941475,0.326442,0.11705,0.218108,0.9455
388,627.44,901.63,296.24,301.14,0.326791,0.83484,0.154292,0.27883,0.9433
388,1047.85,466.78,81.02,81.2,0.545755,0.4322,0.042197,0.075187,0.9399
388,82.95,969.84,165.91,217.16,0.043206,0.898004,0.086411,0.201075,0.9387
388,572.26,415.01,196.36,194.85,0.29805,0.384265,0.102272,0.180418,0.9354
388,1317.35,900.45,69.2,69.32,0.68612,0.833754,0.036043,0.064188,0.9345
388,1572.9,729.07,86.03,85.76,0.819219,0.675066,0.044806,0.079404,0.9342
388,60.43,598.31,68.61,68.63,0.031473,0.553995,0.035734,0.063547,0.9237
388,137.48,668.76,106.18,107.74,0.071605,0.619224,0.055303,0.09976,0.9231
388,622.66,800.41,63.22,64.84,0.324303,0.74112,0.032926,0.060041,0.9194
388,912.77,823.19,94.88,95.05,0.475402,0.762214,0.049418,0.088006,0.9178
388,617.18,329.87,113.99,113.23,0.321447,0.305438,0.059369,0.104839,0.9177
388,1181.15,252.69,77.23,78.99,0.615183,0.233971,0.040222,0.073136,0.9119
388,349.98,1034.86,80.92,79.28,0.182281,0.958206,0.042147,0.073403,0.9086
388,1317.91,74.1,357.29,147.76,0.686413,0.068611,0.186088,0.136815,0.903
388,961.16,394.59,84.63,83.76,0.500607,0.365365,0.044078,0.077558,0.8849
388,108.17,356.4,61.11,61.11,0.05634,0.329999,0.031828,0.056584,0.842
388,38.8,378.15,77.6,342.13,0.020209,0.350138,0.040418,0.316785,0.8024
389,1240.38,701.59,277.17,275.94,0.646031,0.649618,0.144361,0.255501,0.9508
389,615.9,920.58,295.59,298.03,0.320781,0.852392,0.153952,0.275951,0.9506
389,1801.8,372.5,233.79,237.01,0.938437,0.344909,0.121767,0.219458,0.9437
389,411.67,312.34,229.17,226.99,0.21441,0.2892,0.119361,0.210172,0.9412
389,562.37,437.21,198.19,199.02,0.2929,0.40482,0.103226,0.184281,0.9383
389,1561.34,749.54,85.83,86.32,0.813196,0.694015,0.044703,0.079922,0.9327
389,77.99,981.0,155.79,198.01,0.040619,0.908331,0.081143,0.183338,0.9273
389,126.28,692.13,106.48,105.9,0.065769,0.640864,0.055458,0.098055,0.9225
389,606.53,350.46,114.56,113.31,0.3159,0.324504,0.059664,0.104914,0.9199
389,1306.62,921.67,71.35,70.89,0.680531,0.853399,0.037161,0.06564,0.918
389,48.75,617.38,70.25,70.1,0.02539,0.571652,0.036588,0.064907,0.916
389,951.02,416.39,84.3,83.79,0.495325,0.385548,0.043905,0.077585,0.9134
389,901.55,845.97,93.13,94.26,0.46956,0.783302,0.048507,0.087279,0.9094
389,1037.88,489.68,82.19,82.72,0.54056,0.45341,0.042807,0.076594,0.9092
389,610.92,821.97,62.69,60.76,0.318185,0.761083,0.032652,0.056261,0.9
389,1308.63,83.72,357.13,167.43,0.681577,0.077514,0.186006,0.155028,0.8939
389,1168.22,273.19,78.72,78.13,0.608447,0.252954,0.040999,0.072342,0.8921
389,338.13,1048.03,84.31,63.93,0.176107,0.970402,0.043909,0.059197,0.8815
389,95.59,378.33,65.25,65.45,0.049786,0.350309,0.033984,0.060603,0.8628
389,32.55,388.81,65.11,350.55,0.016955,0.360006,0.033909,0.324587,0.7461
390,603.93,934.13,294.16,290.02,0.314548,0.864936,0.153209,0.268541,0.9554
390,1228.84,723.95,275.46,278.01,0.640022,0.670321,0.143467,0.257415,0.9551
390,402.28,334.01,226.1,230.68,0.209523,0.309269,0.11776,0.213595,0.9481
390,1792.97,392.34,239.85,240.48,0.933838,0.363274,0.124924,0.222664,0.9476
390,1297.24,944.12,69.93,70.23,0.675646,0.874181,0.03642,0.065026,0.9338
390,37.99,641.84,68.48,71.82,0.019789,0.594297,0.035666,0.066504,0.9323
390,596.38,373.61,113.65,115.57,0.310616,0.345936,0.059194,0.107012,0.928
390,72.21,992.25,144.39,175.5,0.037611,0.918751,0.075206,0.162498,0.9259
390,1552.44,771.51,84.6,85.72,0.808564,0.71436,0.044061,0.079366,0.9211
390,550.85,455.34,198.53,196.96,0.286899,0.421609,0.103402,0.182368,0.9208
390,1295.27,96.03,364.07,192.06,0.674618,0.088918,0.18962,0.177835,0.9203
390,601.22,844.01,62.59,62.36,0.313138,0.781491,0.032598,0.057745,0.9188
390,940.21,437.07,82.76,84.29,0.489695,0.404699,0.043102,0.078042,0.9171
390,113.79,712.21,106.35,106.67,0.059268,0.659451,0.055389,0.098766,0.917
390,1157.54,295.05,78.57,79.43,0.602885,0.27319,0.040919,0.073546,0.9164
390,890.91,868.53,91.02,91.78,0.464016,0.804195,0.047407,0.084979,0.899
390,1026.82,509.79,82.95,81.61,0.534803,0.472032,0.043204,0.07556,0.8974
390,85.69,399.16,63.63,63.0,0.044631,0.369589,0.033142,0.058335,0.8973
390,1722.3,28.05,151.71,56.04,0.897031,0.025969,0.079017,0.051885,0.8304
390,325.51,1058.22,87.59,42.85,0.169537,0.979838,0.045621,0.039674,0.7583
391,1219.11,744.7,277.74,282.59,0.634952,0.689538,0.144657,0.261662,0.9546
391,389.81,351.43,224.02,225.6,0.203026,0.3254,0.116675,0.20889,0.9536
391,590.73,945.61,301.56,266.7,0.307673,0.875569,0.15706,0.246946,0.9521
391,1782.57,413.24,235.76,235.52,0.92842,0.382633,0.12279,0.218071,0.9481
391,1542.0,791.85,83.58,85.09,0.803123,0.733192,0.043532,0.078789,0.9379
391,1290.34,106.65,357.71,213.29,0.672054,0.098746,0.186309,0.197493,0.9366
391,1285.59,964.93,71.06,72.19,0.669576,0.893454,0.037008,0.066839,0.9311
391,583.68,392.7,112.19,110.9,0.303997,0.363612,0.05843,0.102688,0.9309
391,539.86,476.41,195.57,193.29,0.28118,0.441121,0.101858,0.178969,0.9232
391,105.45,731.97,106.85,109.3,0.054922,0.677749,0.055653,0.101203,0.9215
391,588.88,864.33,63.18,63.33,0.306707,0.800309,0.032905,0.058635,0.9195
391,65.98,1003.17,131.49,153.18,0.034366,0.928864,0.068486,0.141837,0.9147
391,1016.14,531.54,81.92,82.46,0.52924,0.492165,0.042668,0.076355,0.914
391,879.22,887.75,94.07,96.12,0.457928,0.821987,0.048997,0.089003,0.9109
391,1147.64,315.3,77.47,79.58,0.597728,0.291941,0.040347,0.073682,0.9009
391,927.94,459.48,86.16,85.31,0.4833,0.425448,0.044875,0.078991,0.9005
391,72.26,420.28,66.26,65.86,0.037636,0.389148,0.034511,0.060979,0.8969
391,29.87,660.83,58.79,74.39,0.015559,0.611877,0.030619,0.068877,0.8831
391,1712.11,40.03,186.91,79.92,0.891726,0.037061,0.097348,0.074005,0.8716
392,1208.02,765.08,275.81,276.62,0.629176,0.708409,0.143651,0.256131,0.9584
392,378.24,372.72,224.22,229.29,0.197002,0.345111,0.11678,0.212305,0.9515
392,1772.9,433.77,238.36,239.8,0.923385,0.401638,0.124145,0.222036,0.9496
392,583.05,958.63,295.49,242.43,0.303672,0.88762,0.153899,0.224468,0.9447
392,1277.18,115.92,363.75,231.83,0.665198,0.107331,0.189453,0.214662,0.9372
392,1276.06,985.81,72.09,69.92,0.664614,0.912789,0.037549,0.064737,0.9333
392,1530.7,812.59,86.25,85.28,0.797241,0.752398,0.044924,0.078959,0.9309
392,572.12,412.89,114.16,112.97,0.297978,0.382309,0.05946,0.1046,0.924
392,527.39,499.97,199.78,196.04,0.274682,0.462934,0.10405,0.18152,0.9218
392,92.14,753.78,107.6,107.98,0.047991,0.697941,0.056043,0.09998,0.9199
392,576.98,884.66,64.04,62.6,0.300508,0.819132,0.033355,0.057959,0.9142
392,1005.22,551.8,82.49,83.31,0.523555,0.510922,0.042965,0.077138,0.9135
392,61.46,1012.07,122.28,135.25,0.032012,0.937105,0.063686,0.125234,0.9133
392,61.24,439.72,66.76,66.72,0.031894,0.407149,0.034771,0.061777,0.9114
392,917.18,480.07,85.3,84.8,0.4777,0.444513,0.044427,0.078522,0.9041
392,867.75,909.49,90.71,90.78,0.451952,0.842117,0.047247,0.084058,0.9025
392,1708.21,50.89,187.17,100.76,0.889695,0.047119,0.097487,0.093296,0.8896
392,1136.05,335.12,80.44,79.06,0.591695,0.310297,0.041898,0.073208,0.8822
392,1886.53,851.21,66.94,87.17,0.982568,0.788157,0.034864,0.080713,0.8417
392,51.97,14.94,96.16,29.88,0.027068,0.013835,0.050082,0.027671,0.7186
393,1195.43,783.45,276.87,278.59,0.622619,0.72542,0.144205,0.257952,0.9614
393,1763.68,452.94,238.01,240.17,0.918586,0.419388,0.123962,0.222376,0.9528
393,368.53,393.64,226.76,228.24,0.191943,0.364481,0.118105,0.211333,0.9482
393,1265.03,126.73,365.2,253.46,0.658871,0.117341,0.190206,0.234683,0.9436
393,561.57,431.66,113.01,113.19,0.292484,0.399688,0.058858,0.104809,0.9357
393,570.78,969.44,295.89,221.13,0.29728,0.897626,0.154109,0.204747,0.9354
393,1265.53,1006.38,70.18,70.8,0.659131,0.931837,0.03655,0.065553,0.9337
393,1521.63,832.74,85.84,84.96,0.792515,0.771052,0.04471,0.078663,0.9244
393,566.22,906.04,64.14,62.08,0.294906,0.838922,0.033407,0.057486,0.9191
393,1882.67,872.2,74.66,77.65,0.980558,0.807589,0.038883,0.071902,0.9144
393,993.97,570.87,83.27,83.2,0.517692,0.528587,0.043369,0.077041,0.9139
393,78.68,773.52,104.36,105.52,0.040977,0.71622,0.054356,0.097701,0.9127
393,515.77,517.58,199.0,195.27,0.26863,0.479237,0.103643,0.180806,0.9112
393,1695.27,58.34,176.92,115.24,0.882955,0.054016,0.092148,0.106706,0.9063
393,49.84,460.47,66.25,64.62,0.025959,0.426364,0.034503,0.059835,0.906
393,858.62,929.78,91.97,93.26,0.447199,0.860907,0.047903,0.086349,0.9052
393,906.2,498.86,84.39,84.15,0.471977,0.461904,0.043956,0.077914,0.8999
393,1126.58,355.45,78.34,79.07,0.586759,0.329123,0.040802,0.073215,0.8876
393,55.11,1025.05,109.56,108.99,0.028702,0.949124,0.057064,0.100919,0.8717
393,48.93,25.07,95.9,49.67,0.025482,0.023213,0.049945,0.045994,0.7797
394,1186.4,803.37,280.37,281.42,0.617919,0.743865,0.146028,0.260572,0.9569
394,355.71,411.82,227.35,227.71,0.185264,0.381314,0.118414,0.210842,0.9494
394,1257.5,136.67,362.36,273.34,0.654948,0.126545,0.18873,0.253089,0.9466
394,1752.43,473.18,236.8,235.69,0.912723,0.438131,0.123333,0.21823,0.9452
394,1511.41,852.62,84.39,85.63,0.787192,0.789465,0.043951,0.07929,0.9424
394,505.78,535.4,199.23,198.21,0.263428,0.495736,0.103763,0.18353,0.9413
394,557.64,977.38,297.35,205.25,0.290439,0.904977,0.15487,0.190046,0.941
394,550.71,453.17,113.32,112.66,0.286828,0.419603,0.059018,0.104313,0.9324
394,1254.15,1026.23,70.97,70.95,0.653201,0.950214,0.036961,0.065691,0.9288
394,70.5,793.25,109.55,109.51,0.036721,0.734491,0.05706,0.101402,0.9275
394,1684.77,69.18,184.08,136.95,0.877484,0.064053,0.095875,0.126807,0.9272
394,984.23,591.8,81.45,82.36,0.512621,0.547967,0.042422,0.07626,0.9202
394,846.34,949.94,91.76,94.2,0.440804,0.87957,0.047793,0.087222,0.9081
394,555.08,925.99,63.32,61.18,0.289103,0.857396,0.03298,0.056647,0.904
394,1114.45,374.47,79.2,78.65,0.580444,0.346732,0.04125,0.072821,0.8991
394,896.64,520.25,84.95,83.85,0.467001,0.481713,0.044245,0.077639,0.8968
394,37.44,480.48,65.41,67.3,0.019498,0.444892,0.034067,0.06231,0.8852
394,40.37,35.34,80.74,70.68,0.021026,0.032722,0.042051,0.065444,0.8839
394,1875.52,893.44,84.66,81.87,0.976833,0.827262,0.044096,0.075803,0.8821
394,46.69,1039.3,92.98,81.4,0.02432,0.962316,0.048427,0.075369,0.7921
395,1248.84,145.54,365.09,287.24,0.650436,0.134757,0.190153,0.265966,0.9475
395,1175.98,823.41,274.53,277.22,0.612487,0.762418,0.142985,0.256681,0.9458
395,1741.88,491.88,237.62,238.7,0.90723,0.455449,0.123758,0.221014,0.945
395,1499.84,872.76,85.97,85.2,0.781169,0.80811,0.044775,0.078887,0.9405
395,345.32,432.8,225.02,228.53,0.179855,0.400738,0.117198,0.211598,0.9393
395,1244.51,1045.54,70.18,66.85,0.64818,0.968095,0.03655,0.061895,0.9366
395,494.13,555.31,198.5,200.52,0.257362,0.514172,0.103384,0.185663,0.9303
395,546.6,988.32,295.65,183.36,0.284686,0.915111,0.153985,0.169778,0.9281
395,57.02,814.2,108.72,107.71,0.029696,0.753888,0.056625,0.099735,0.9229
395,1105.03,394.44,77.23,76.92,0.575537,0.365226,0.040223,0.071225,0.9224
395,1866.5,913.38,85.06,84.39,0.972136,0.845723,0.044301,0.078135,0.9196
395,537.86,472.17,111.33,112.0,0.280136,0.437192,0.057982,0.1037,0.9186
395,835.26,970.87,90.33,91.7,0.435032,0.898951,0.047048,0.084909,0.918
395,883.92,539.93,84.27,84.97,0.460375,0.499936,0.043888,0.078676,0.9139
395,973.59,612.01,81.77,82.86,0.50708,0.566678,0.042588,0.076724,0.9099
395,1679.4,78.61,183.35,156.84,0.874686,0.072791,0.095495,0.14522,0.9082
395,544.73,945.47,66.09,64.19,0.283712,0.875434,0.034424,0.059434,0.9063
395,30.08,501.58,60.15,65.43,0.015665,0.464428,0.03133,0.060588,0.8951
395,35.64,43.35,70.45,86.7,0.018561,0.04014,0.036695,0.08028,0.8746
396,1165.81,844.12,278.77,279.35,0.607192,0.781594,0.145193,0.258654,0.9571
396,1235.07,156.92,365.14,308.02,0.643265,0.145294,0.190177,0.285203,0.9556
396,332.99,450.63,231.12,229.69,0.173431,0.417248,0.120374,0.212674,0.9514
396,1732.33,510.28,241.49,241.55,0.902257,0.47248,0.125776,0.22366,0.9493
396,484.49,574.21,198.1,194.97,0.25234,0.531676,0.103177,0.180527,0.9366
396,528.49,491.49,113.86,114.66,0.275253,0.455088,0.059302,0.106164,0.934
396,1664.07,87.55,180.15,173.27,0.866701,0.081063,0.093827,0.160439,0.9267
396,961.95,629.99,83.63,82.88,0.501016,0.583323,0.043557,0.076745,0.9239
396,50.14,831.53,98.76,108.86,0.026114,0.769937,0.051436,0.100794,0.922
396,825.27,989.38,92.71,92.5,0.42983,0.916089,0.048284,0.085648,0.9219
396,535.34,998.4,290.65,163.19,0.278824,0.924448,0.15138,0.151105,0.9192
396,1489.6,891.96,84.36,85.39,0.775835,0.825888,0.043938,0.079065,0.9123
396,532.6,964.52,62.91,64.28,0.277395,0.89307,0.032767,0.059517,0.9117
396,1092.84,413.09,78.55,78.63,0.569185,0.382488,0.040913,0.072807,0.908
396,1856.18,932.92,82.0,79.98,0.96676,0.863814,0.042706,0.07406,0.9065
396,873.64,558.0,84.0,85.07,0.455019,0.516666,0.04375,0.078771,0.8946
396,1233.42,1055.19,69.78,49.61,0.642405,0.977031,0.036343,0.045939,0.8805
397,1226.41,164.25,368.86,328.51,0.638754,0.152086,0.192113,0.304173,0.9574
397,1155.97,863.08,279.21,280.07,0.602068,0.799149,0.145422,0.259324,0.9553
397,1722.44,530.13,239.17,237.02,0.897103,0.490859,0.12457,0.219458,0.9522
397,323.21,468.08,227.49,226.22,0.16834,0.433407,0.118487,0.209465,0.943
397,1653.86,100.48,185.67,187.18,0.861385,0.093038,0.096704,0.173316,0.9351
397,472.07,592.3,202.16,199.7,0.245869,0.548426,0.105293,0.184911,0.9318
397,1479.96,911.02,84.83,85.59,0.770812,0.843537,0.04418,0.079247,0.9304
397,515.77,509.62,112.45,110.2,0.268632,0.471871,0.05857,0.102033,0.9255
397,46.19,850.61,90.96,112.53,0.024056,0.787602,0.047375,0.104192,0.9247
397,1083.38,432.43,79.29,79.1,0.564261,0.400403,0.041299,0.073245,0.9179
397,950.52,649.42,82.1,82.54,0.495064,0.601314,0.042761,0.076427,0.9111
397,521.91,985.74,62.83,59.94,0.27183,0.912721,0.032723,0.055496,0.9091
397,862.4,578.04,84.57,82.78,0.449165,0.535219,0.044047,0.076647,0.9002
397,524.67,1008.53,288.9,142.78,0.273266,0.93382,0.150468,0.132202,0.8974
397,1845.71,952.06,84.77,80.67,0.961308,0.88154,0.044153,0.07469,0.8918
397,813.02,1009.4,93.35,95.54,0.423447,0.934629,0.04862,0.088466,0.8911
397,1223.65,1065.47,64.64,29.05,0.637318,0.986543,0.033665,0.0269,0.837
398,1144.43,879.93,275.55,276.91,0.596058,0.814748,0.143518,0.256398,0.9577
398,1215.99,173.44,368.65,346.88,0.63333,0.160591,0.192008,0.321182,0.9518
398,1712.54,548.21,238.21,239.49,0.891945,0.507605,0.124066,0.221747,0.95
398,312.77,486.88,229.36,230.31,0.162903,0.450811,0.119458,0.213252,0.9471
398,1469.27,929.95,84.5,83.25,0.765243,0.861067,0.044008,0.077084,0.9365
398,1835.45,970.78,83.6,82.89,0.955964,0.898866,0.043543,0.076753,0.9269
398,460.47,611.91,199.3,198.93,0.239826,0.566583,0.103802,0.184197,0.9217
398,851.96,597.21,84.78,85.73,0.443731,0.552968,0.044155,0.079384,0.92
398,1644.76,119.05,184.95,182.06,0.856647,0.110236,0.096326,0.168571,0.9186
398,1072.75,448.99,77.94,79.21,0.558726,0.415727,0.040593,0.073346,0.9125
398,506.15,529.71,114.66,114.89,0.263618,0.490475,0.059719,0.106382,0.9101
398,37.75,869.54,75.5,107.41,0.019663,0.805131,0.039325,0.099454,0.9081
398,940.67,669.93,82.4,83.64,0.489932,0.62031,0.042916,0.077448,0.9037
398,509.97,1003.51,63.2,60.9,0.265607,0.929175,0.032914,0.056385,0.8989
398,513.57,1018.18,296.76,123.65,0.267486,0.942755,0.154562,0.11449,0.8902
398,803.17,1027.78,90.82,91.89,0.418316,0.951652,0.047305,0.08508,0.884
399,1134.29,897.46,278.55,283.22,0.590777,0.830981,0.145079,0.262237,0.9601
399,1701.09,565.68,238.87,241.54,0.885983,0.523774,0.124412,0.223646,0.9524
399,1204.66,182.16,368.11,363.02,0.627427,0.168667,0.191724,0.336127,0.9523
399,298.86,504.95,228.3,227.7,0.155657,0.467544,0.118906,0.210834,0.9466
399,1636.49,136.37,186.96,182.96,0.852338,0.126269,0.097377,0.169411,0.9374
399,495.71,549.0,114.03,113.57,0.258184,0.508331,0.059391,0.105158,0.9292
399,451.27,629.93,198.27,198.32,0.235036,0.583268,0.103265,0.183633,0.9141
399,1825.71,988.54,84.61,84.51,0.950888,0.915318,0.044067,0.078254,0.9133
399,929.28,686.92,84.48,83.84,0.484,0.636039,0.044001,0.077625,0.9126
399,1459.13,947.52,83.92,85.56,0.759964,0.877337,0.043707,0.079219,0.9053
399,842.01,615.86,86.9,86.92,0.438548,0.570244,0.045263,0.080481,0.9034
399,498.88,1022.62,64.02,62.25,0.259836,0.946867,0.033341,0.057643,0.9028
399,790.97,1041.45,90.23,77.1,0.411963,0.964307,0.046994,0.071386,0.9017
399,1060.93,467.53,78.96,78.54,0.55257,0.432895,0.041126,0.072721,0.884
399,33.98,887.71,67.39,107.68,0.017697,0.821957,0.035098,0.099704,0.8827
399,503.97,1028.88,296.08,102.24,0.262485,0.952664,0.154208,0.094671,0.8101
400,1125.27,919.2,276.21,277.75,0.586079,0.851111,0.143859,0.257174,0.9557
400,1193.12,194.43,370.16,370.98,0.621419,0.180031,0.192794,0.343496,0.9538
400,288.46,522.69,228.62,226.87,0.150241,0.483972,0.119073,0.210064,0.9516
400,1692.21,582.1,240.73,238.97,0.881361,0.538984,0.125381,0.221268,0.9502
400,1626.75,153.47,186.64,185.65,0.847267,0.142102,0.097208,0.171901,0.9456
400,439.47,649.14,201.04,202.18,0.228889,0.601053,0.10471,0.187203,0.9271
400,481.36,563.84,112.82,110.95,0.250708,0.52207,0.05876,0.102727,0.9204
400,1446.74,965.11,87.4,85.52,0.753509,0.893621,0.045522,0.079181,0.92
400,487.08,1040.07,60.61,60.79,0.253689,0.963027,0.03157,0.056285,0.9055
400,828.76,633.48,84.36,83.9,0.431644,0.586557,0.043937,0.077683,0.9046
400,918.16,704.16,82.09,82.0,0.47821,0.652003,0.042756,0.075923,0.8986
400,1050.15,484.92,79.52,78.78,0.546954,0.448999,0.041414,0.072945,0.8877
400,779.72,1049.76,96.31,60.32,0.406102,0.972003,0.050161,0.055848,0.8743
400,1815.87,1007.79,88.85,82.98,0.945764,0.933135,0.046276,0.076832,0.8717
400,489.62,1038.31,271.36,83.38,0.255009,0.961396,0.141335,0.077208,0.7963
401,1184.4,212.49,370.1,373.59,0.616874,0.196747,0.192762,0.345921,0.9543
401,1681.52,599.77,241.56,238.57,0.87579,0.555344,0.125812,0.2209,0.9485
401,278.52,540.44,228.27,229.83,0.14506,0.500409,0.11889,0.212807,0.9481
401,1111.77,933.87,275.37,281.66,0.579046,0.864695,0.14342,0.2608,0.9459
401,1610.89,170.16,182.97,181.03,0.839007,0.157554,0.095297,0.167619,0.9361
401,472.28,581.11,112.11,114.17,0.245981,0.538068,0.058393,0.10571,0.9326
401,1437.34,982.17,85.05,86.48,0.748617,0.909418,0.044296,0.080071,0.932
401,427.56,663.36,199.85,197.6,0.222687,0.614223,0.104089,0.182961,0.9201
401,906.07,721.48,84.24,83.39,0.471913,0.668035,0.043875,0.077213,0.9054
401,817.2,650.12,84.08,83.75,0.425625,0.601959,0.043794,0.077543,0.9033
401,1040.24,502.18,78.52,78.18,0.541791,0.464985,0.040894,0.07239,0.8931
401,1804.45,1025.75,81.7,79.35,0.93982,0.949769,0.042552,0.073469,0.8724
401,767.25,1058.01,89.49,42.2,0.39961,0.979635,0.046609,0.03907,0.7752
401,479.1,1054.08,71.35,51.84,0.249532,0.976001,0.037159,0.047998,0.7627
402,1173.71,227.07,369.54,371.42,0.611308,0.210251,0.192468,0.34391,0.9507
402,1671.71,617.98,241.25,239.93,0.870685,0.572205,0.12565,0.222158,0.9481
402,1102.72,945.59,279.29,266.96,0.574331,0.875549,0.145464,0.247184,0.9479
402,266.0,556.52,230.4,230.42,0.138544,0.5153,0.120002,0.213351,0.9447
402,1603.35,187.48,190.32,186.18,0.835076,0.17359,0.099127,0.172387,0.9408
402,1426.96,999.7,85.27,86.23,0.743207,0.925649,0.044413,0.07984,0.9365
402,459.88,597.57,112.35,112.95,0.23952,0.553304,0.058516,0.104588,0.9251
402,417.9,681.08,201.87,200.15,0.217659,0.63063,0.105142,0.185322,0.9242
402,895.65,739.93,82.64,83.41,0.466484,0.685123,0.04304,0.077232,0.9237
402,1031.23,519.48,78.9,79.77,0.537098,0.481,0.041094,0.073862,0.9206
402,806.59,668.95,85.46,84.07,0.4201,0.6194,0.044511,0.077844,0.9054
402,1795.44,1041.42,83.49,77.16,0.935123,0.964277,0.043485,0.071446,0.8605
402,1748.62,14.92,59.21,29.85,0.910741,0.013817,0.03084,0.027635,0.828
402,753.86,1066.5,95.26,26.2,0.392638,0.987502,0.049614,0.024259,0.7742
403,1091.5,954.04,278.75,251.76,0.568491,0.883368,0.145184,0.233112,0.9549
403,1660.4,632.95,240.41,242.55,0.864789,0.586062,0.125213,0.224587,0.9537
403,256.4,574.34,228.11,230.56,0.133542,0.531797,0.118805,0.213477,0.9495
403,1163.04,241.06,369.16,374.18,0.60575,0.223205,0.192269,0.346463,0.9492
403,1594.14,203.6,188.43,186.88,0.830279,0.188517,0.098141,0.17304,0.9431
403,1416.39,1017.28,85.82,85.82,0.737702,0.941923,0.044699,0.079466,0.9274
403,447.84,615.68,114.2,114.79,0.233249,0.570073,0.059481,0.106282,0.9181
403,405.5,697.34,199.53,197.89,0.211197,0.645685,0.10392,0.183235,0.9158
403,883.95,756.6,84.4,83.57,0.460392,0.700556,0.043958,0.077382,0.9154
403,795.7,685.87,85.36,85.71,0.414425,0.635062,0.044458,0.079357,0.9012
403,1019.25,534.87,78.92,79.62,0.530859,0.495252,0.041104,0.073726,0.9009
403,1735.96,22.92,58.8,45.85,0.904147,0.021226,0.030624,0.042452,0.8335
403,1784.82,1050.21,83.83,58.38,0.929593,0.972415,0.043663,0.054059,0.8128
404,1080.72,962.36,277.7,232.76,0.562875,0.891076,0.144634,0.215519,0.9546
404,1649.88,647.79,238.27,238.1,0.859313,0.599804,0.124098,0.220463,0.9521
404,1151.92,259.6,371.74,376.41,0.599958,0.240366,0.193614,0.348528,0.9502
404,244.16,588.13,231.88,232.12,0.127165,0.54456,0.120773,0.214926,0.9477
404,393.94,714.24,199.16,196.78,0.205178,0.661331,0.103727,0.182201,0.9274
404,1586.24,220.45,189.68,188.36,0.826166,0.20412,0.098794,0.174408,0.9246
404,438.23,631.4,113.47,112.76,0.228243,0.58463,0.0591,0.104411,0.924
404,1405.53,1032.42,85.44,86.09,0.732047,0.955941,0.044498,0.079715,0.9228
404,1008.09,552.11,79.34,79.65,0.525045,0.511212,0.041325,0.07375,0.9169
404,786.5,703.1,86.33,85.86,0.409637,0.651022,0.044963,0.079496,0.9064
404,873.85,772.72,82.88,83.27,0.455132,0.715478,0.043166,0.077099,0.9035
404,716.7,26.55,60.82,53.11,0.373282,0.024588,0.031678,0.049176,0.9018
404,1725.11,30.14,61.97,59.3,0.898495,0.027906,0.032274,0.054905,0.9014
404,1890.59,380.92,58.81,66.19,0.984685,0.352702,0.03063,0.06129,0.8429
404,1772.69,1057.66,99.75,42.81,0.923278,0.979311,0.051953,0.03964,0.7538
405,1071.8,969.76,276.13,218.69,0.558229,0.897922,0.143818,0.202495,0.9553
405,1143.03,277.76,370.76,374.78,0.59533,0.257181,0.193106,0.347016,0.9526
405,1641.15,666.05,239.86,239.7,0.854764,0.61671,0.124927,0.221947,0.9485
405,233.81,605.38,231.61,230.6,0.121777,0.560539,0.120632,0.213515,0.946
405,1571.19,233.53,187.96,183.66,0.818329,0.216228,0.097893,0.170052,0.932
405,1716.94,45.68,61.66,61.33,0.894242,0.042295,0.032117,0.056784,0.9279
405,1394.72,1042.56,84.09,74.88,0.726417,0.965335,0.043799,0.06933,0.9277
405,426.44,647.57,114.01,113.22,0.222105,0.599598,0.059381,0.104834,0.9267
405,998.59,567.36,78.71,80.5,0.520099,0.525334,0.040993,0.074539,0.9203
405,386.72,728.08,201.14,201.44,0.201418,0.674148,0.104761,0.186514,0.9195
405,1882.67,395.46,65.46,68.25,0.980559,0.36617,0.034093,0.063191,0.9142
405,706.03,37.85,60.72,60.95,0.367725,0.035042,0.031627,0.056437,0.9136
405,772.28,717.33,85.78,85.27,0.402229,0.664195,0.044678,0.078952,0.9111
405,862.79,789.46,83.46,83.57,0.449369,0.730985,0.043467,0.077375,0.9075
405,1758.57,1065.39,104.25,29.23,0.915923,0.986468,0.054298,0.027063,0.7498
406,1131.63,288.22,369.27,372.03,0.589393,0.266871,0.192329,0.34447,0.953
406,1059.42,976.56,281.53,205.75,0.551784,0.904222,0.146631,0.19051,0.9505
406,1629.62,681.7,240.74,241.14,0.848759,0.631201,0.125386,0.223278,0.9485
406,1561.97,249.07,187.26,187.7,0.813526,0.230616,0.097529,0.173797,0.9478
406,221.75,619.75,231.55,231.0,0.115493,0.573846,0.1206,0.213889,0.9428
406,417.82,664.47,114.21,113.82,0.217615,0.615247,0.059485,0.105384,0.9321
406,375.22,745.54,201.32,202.62,0.195427,0.690318,0.104852,0.187612,0.9302
406,1705.66,61.11,60.68,60.91,0.888364,0.056586,0.031606,0.056395,0.9214
406,762.51,732.38,83.91,84.73,0.397141,0.678126,0.043704,0.078455,0.9152
406,694.43,52.55,61.5,61.2,0.361684,0.048661,0.032032,0.056663,0.9072
406,987.32,582.99,81.1,80.02,0.514227,0.539807,0.042238,0.074088,0.9014
406,852.69,804.44,83.23,85.28,0.444109,0.744853,0.043351,0.078963,0.9005
406,1386.32,1050.85,87.47,58.3,0.722043,0.97301,0.045557,0.053979,0.8988
406,1874.75,410.76,69.48,69.38,0.976435,0.380338,0.036187,0.064243,0.8845
406,141.83,40.86,283.13,81.65,0.073871,0.037832,0.147466,0.075604,0.7636
407,1117.43,305.47,370.4,374.7,0.581995,0.282846,0.192916,0.346944,0.955
407,1619.2,694.52,243.05,240.56,0.843331,0.643079,0.12659,0.222741,0.9529
407,209.3,635.52,229.97,231.29,0.109011,0.588443,0.119775,0.214162,0.9519
407,1048.61,985.64,279.79,186.92,0.546149,0.912632,0.145724,0.173072,0.9457
407,1551.34,263.75,185.68,182.17,0.807988,0.244218,0.096706,0.168672,0.9368
407,1695.44,74.83,61.9,60.72,0.883041,0.069284,0.032238,0.056226,0.9244
407,402.43,678.41,111.74,111.35,0.209598,0.628154,0.058197,0.103098,0.9206
407,360.23,757.94,199.09,201.15,0.187621,0.7018,0.103694,0.18625,0.9196
407,749.43,749.05,86.57,85.7,0.390329,0.693564,0.045088,0.079356,0.9164
407,683.78,66.91,60.93,59.88,0.356134,0.06195,0.031732,0.055444,0.9143
407,975.76,597.15,79.92,82.35,0.50821,0.552918,0.041626,0.076248,0.9044
407,841.17,820.49,83.25,85.1,0.43811,0.759711,0.043362,0.078801,0.9018
407,1375.34,1058.57,86.72,41.78,0.716324,0.980159,0.045164,0.038688,0.8815
407,1865.26,426.77,67.39,68.4,0.971492,0.395153,0.035099,0.063336,0.8793
407,141.26,48.97,282.52,97.95,0.073573,0.045346,0.147145,0.090691,0.8255
408,1109.48,318.85,373.77,377.43,0.577853,0.295232,0.194674,0.349476,0.9514
408,1608.74,708.45,243.04,244.57,0.837885,0.655969,0.126584,0.226455,0.9484
408,1542.44,277.08,189.31,190.2,0.803355,0.256555,0.0986,0.176115,0.9421
408,197.94,648.7,226.15,228.38,0.103094,0.600644,0.117786,0.21146,0.9401
408,350.02,774.63,201.23,200.86,0.1823,0.717254,0.10481,0.185981,0.9324
408,391.2,693.05,113.37,110.99,0.203749,0.641713,0.059047,0.102772,0.9288
408,1036.48,991.64,276.52,174.86,0.539833,0.918181,0.14402,0.161904,0.9227
408,739.96,765.1,85.35,86.08,0.385393,0.708426,0.044453,0.0797,0.9176
408,964.57,612.22,79.86,80.44,0.502382,0.566874,0.041596,0.074481,0.9157
408,1685.9,89.88,62.7,62.03,0.878071,0.08322,0.032654,0.05744,0.9096
408,1853.69,440.1,66.5,66.48,0.965463,0.407499,0.034635,0.061559,0.9074
408,672.27,80.46,61.36,61.12,0.35014,0.074502,0.031958,0.05659,0.9002
408,829.28,836.01,83.33,83.7,0.431917,0.77408,0.043403,0.077498,0.896
408,137.39,55.93,273.7,111.79,0.071559,0.051791,0.142552,0.103508,0.855
409,1098.52,335.13,373.2,373.36,0.572146,0.310301,0.194377,0.345707,0.9553
409,1599.19,724.53,240.21,240.35,0.832914,0.670859,0.125112,0.222542,0.9471
409,188.27,661.23,231.23,232.25,0.098058,0.612249,0.120432,0.215046,0.9464
409,1531.14,291.95,188.76,187.36,0.79747,0.270321,0.098314,0.17348,0.9345
409,1026.65,999.23,272.96,161.55,0.534716,0.92521,0.142165,0.14958,0.9332
409,1674.23,103.51,62.05,61.65,0.871994,0.095844,0.032316,0.057087,0.927
409,381.18,707.03,115.38,115.46,0.198533,0.654662,0.060096,0.106912,0.9223
409,728.01,777.23,84.39,84.34,0.379174,0.719657,0.043954,0.078097,0.9153
409,661.13,94.31,61.64,61.54,0.344337,0.087327,0.032102,0.056984,0.9102
409,955.09,626.33,79.18,80.41,0.497443,0.579937,0.041242,0.074456,0.9099
409,819.78,850.58,84.28,83.09,0.426967,0.787572,0.043895,0.07694,0.9033
409,1844.33,453.72,68.63,69.03,0.960587,0.420115,0.035743,0.063916,0.9003
409,337.98,787.73,201.12,203.04,0.176033,0.729382,0.10475,0.188001,0.897
409,131.5,62.28,261.69,124.48,0.068487,0.05767,0.136299,0.115259,0.8853
410,1587.35,738.26,241.29,242.89,0.826747,0.683574,0.125671,0.224895,0.9517
410,1089.19,345.63,371.11,375.13,0.567289,0.320027,0.193286,0.347341,0.9474
410,175.35,675.63,233.02,230.94,0.091326,0.625579,0.121362,0.213834,0.9461
410,327.23,803.67,204.4,203.39,0.170434,0.744134,0.106461,0.188325,0.938
410,1019.09,1006.38,266.73,147.23,0.530774,0.931837,0.138921,0.136326,0.9269
410,368.52,721.59,113.12,112.44,0.191936,0.668136,0.058915,0.104111,0.9265
410,943.77,640.19,80.31,80.37,0.491546,0.592772,0.041826,0.07442,0.9187
410,1522.85,305.59,188.29,185.39,0.793152,0.282955,0.098066,0.171654,0.918
410,1664.22,116.36,62.49,62.35,0.866782,0.107742,0.032544,0.057734,0.9166
410,716.51,792.18,86.55,85.88,0.373183,0.733502,0.04508,0.079517,0.9124
410,808.09,862.63,84.23,86.07,0.420882,0.798731,0.04387,0.079699,0.9062
410,1833.92,468.15,68.66,69.47,0.955167,0.433468,0.03576,0.064322,0.9023
410,649.93,107.22,61.83,61.89,0.338505,0.099281,0.032202,0.057301,0.8927
410,130.49,71.85,260.97,143.7,0.067962,0.06653,0.135924,0.13306,0.8798
410,1826.03,28.31,167.98,56.36,0.951057,0.026211,0.087491,0.052186,0.8061
411,1076.76,359.03,370.1,374.5,0.56081,0.332434,0.19276,0.34676,0.9531
411,1576.75,749.69,241.08,242.81,0.821224,0.694161,0.125562,0.224827,0.9528
411,165.53,691.25,230.15,232.06,0.086211,0.64005,0.119871,0.214873,0.9454
411,1510.49,316.77,191.48,188.2,0.786712,0.29331,0.09973,0.174259,0.9444
411,1654.66,129.29,62.16,61.78,0.861802,0.119711,0.032376,0.057208,0.9412
411,931.61,652.54,80.66,80.89,0.485213,0.604202,0.042011,0.074897,0.9303
411,1006.7,1014.3,265.67,131.41,0.524324,0.939162,0.13837,0.121675,0.9284
411,318.12,815.49,202.87,206.39,0.16569,0.755084,0.10566,0.191098,0.9233
411,357.34,735.71,113.93,115.34,0.186116,0.681208,0.059337,0.106792,0.9193
411,795.6,877.03,84.84,84.71,0.414377,0.812069,0.044187,0.078435,0.9102
411,706.16,806.76,85.1,85.73,0.367792,0.747002,0.044324,0.07938,0.9072
411,126.56,76.29,253.13,152.58,0.065919,0.070637,0.131837,0.141273,0.9043
411,1823.02,482.04,67.6,69.32,0.949487,0.446337,0.035209,0.064188,0.8951
411,638.92,120.38,61.56,60.96,0.332769,0.111465,0.032061,0.056445,0.892
411,1806.45,33.63,165.84,67.26,0.940858,0.03114,0.086376,0.06228,0.7559
412,1066.4,371.08,370.93,378.05,0.555417,0.343595,0.193191,0.350045,0.9547
412,1569.08,762.7,246.15,243.83,0.817231,0.7062,0.128206,0.225769,0.9521
412,152.25,700.92,230.29,229.68,0.079299,0.648998,0.11994,0.212665,0.946
412,1501.95,329.37,188.36,184.52,0.782265,0.304973,0.098106,0.170848,0.9369
412,1643.79,141.92,62.1,62.3,0.856143,0.131405,0.032343,0.057689,0.9273
412,304.47,827.87,200.09,202.2,0.15858,0.766548,0.104214,0.18722,0.9268
412,627.52,133.06,62.25,61.51,0.326835,0.123202,0.032421,0.056953,0.9166
412,345.39,745.08,115.56,111.3,0.179888,0.689891,0.060186,0.103052,0.9164
412,785.07,888.85,84.91,84.37,0.408893,0.823007,0.044226,0.078121,0.9149
412,995.5,1020.35,268.33,119.31,0.518491,0.944765,0.139753,0.11047,0.9109
412,920.78,666.11,79.61,77.41,0.479575,0.616772,0.041464,0.071674,0.9059
412,1811.2,494.04,66.82,67.78,0.943334,0.457448,0.034802,0.062763,0.8993
412,119.06,82.52,238.11,165.03,0.062008,0.076408,0.124017,0.152806,0.8941
412,695.9,820.09,86.54,86.77,0.362448,0.759344,0.045073,0.08034,0.8875
412,1796.63,38.92,176.12,77.54,0.935747,0.03604,0.091727,0.071801,0.8628
413,1056.59,384.32,372.47,373.6,0.55031,0.355847,0.193995,0.345924,0.9542
413,1557.45,775.69,243.25,240.83,0.811174,0.718229,0.126694,0.222989,0.9507
413,140.82,715.69,228.81,229.59,0.073346,0.662676,0.11917,0.212582,0.9468
413,1489.94,342.01,188.22,188.76,0.776008,0.316679,0.09803,0.174774,0.9368
413,295.16,837.93,202.87,203.36,0.153729,0.77586,0.105662,0.188296,0.9307
413,334.16,761.25,115.55,114.41,0.17404,0.704859,0.06018,0.105936,0.9256
413,1633.26,153.1,61.98,61.93,0.850654,0.141756,0.032283,0.057346,0.9177
413,616.31,146.05,61.77,61.22,0.320994,0.135232,0.032169,0.056687,0.916
413,114.77,89.52,229.54,179.05,0.059775,0.082892,0.119551,0.165783,0.9098
413,682.8,832.2,87.04,87.89,0.355627,0.77056,0.045334,0.081382,0.9075
413,772.46,902.44,85.52,83.99,0.402325,0.835591,0.044541,0.07777,0.9006
413,1791.23,44.38,202.0,88.75,0.932935,0.041089,0.10521,0.082179,0.8902
413,1802.85,504.26,68.06,67.49,0.938982,0.466906,0.035449,0.062495,0.8876
413,909.58,677.49,79.79,80.75,0.473741,0.627305,0.041558,0.074767,0.8858
413,990.52,1026.07,275.79,107.86,0.515894,0.950063,0.143639,0.099875,0.8834
414,1043.46,395.38,375.87,374.72,0.543471,0.366091,0.195765,0.346966,0.9524
414,1547.0,787.62,243.37,243.36,0.805728,0.729281,0.126754,0.225331,0.9492
414,129.54,723.01,233.15,233.06,0.067468,0.669454,0.121434,0.215798,0.9475
414,1479.92,353.75,189.61,186.87,0.770792,0.327545,0.098757,0.173028,0.9456
414,1790.99,516.76,67.95,66.09,0.932809,0.478483,0.035389,0.06119,0.9233
414,281.42,852.45,201.88,202.46,0.146575,0.789301,0.105143,0.187465,0.9228
414,1623.06,165.07,61.38,60.59,0.845342,0.152842,0.031967,0.056103,0.9157
414,323.38,771.62,113.52,112.38,0.168427,0.71446,0.059125,0.104059,0.9126
414,605.37,156.67,61.96,60.98,0.315294,0.145068,0.032268,0.056461,0.907
414,671.28,844.17,85.52,86.48,0.349627,0.781641,0.044541,0.080072,0.9049
414,107.12,93.56,214.24,187.12,0.055791,0.08663,0.111581,0.17326,0.9039
414,1778.22,50.85,192.67,101.38,0.926157,0.047085,0.100351,0.093871,0.8928
414,763.71,913.81,84.11,84.77,0.397766,0.846116,0.043806,0.078488,0.8913
414,899.36,690.76,79.63,79.35,0.468419,0.639592,0.041476,0.073471,0.8876
414,977.54,1032.98,250.3,94.04,0.509134,0.956461,0.130365,0.087078,0.8565
415,1536.22,799.5,244.13,243.63,0.800113,0.740278,0.127151,0.225586,0.9507
415,118.82,736.68,232.94,232.49,0.061886,0.682113,0.121325,0.215265,0.9471
415,1035.7,406.4,373.83,377.22,0.539427,0.376297,0.194703,0.349278,0.9453
415,270.49,866.39,201.77,200.87,0.14088,0.802217,0.105091,0.185989,0.9341
415,1470.36,364.42,190.68,189.14,0.765811,0.337424,0.09931,0.175129,0.9285
415,312.29,785.07,114.96,113.17,0.162653,0.726917,0.059873,0.104786,0.9233
415,1612.13,176.57,61.78,62.31,0.839652,0.163493,0.032176,0.057691,0.9225
415,887.73,702.02,79.84,80.05,0.462361,0.650019,0.041581,0.074118,0.9157
415,1782.92,528.99,70.26,69.27,0.928603,0.489801,0.036595,0.064143,0.9049
415,659.93,857.29,88.71,88.21,0.343716,0.793788,0.046205,0.081678,0.9043
415,105.16,101.84,210.32,203.69,0.05477,0.094299,0.109541,0.188598,0.8972
415,594.17,167.21,61.85,61.77,0.309462,0.154828,0.032211,0.057192,0.8961
415,750.62,926.14,85.3,85.24,0.390949,0.857541,0.044426,0.078922,0.896
415,1766.79,55.66,189.06,111.12,0.920203,0.051534,0.098469,0.102888,0.8958
415,960.48,1040.92,258.48,78.16,0.500251,0.963814,0.134626,0.072371,0.8061
416,1527.02,810.67,241.93,243.58,0.795323,0.750619,0.126006,0.225533,0.9534
416,1023.71,417.6,371.56,372.51,0.533184,0.386671,0.193519,0.34492,0.9528
416,111.69,750.3,223.38,235.57,0.058172,0.694722,0.116344,0.218116,0.946
416,1457.87,374.95,188.68,186.9,0.759305,0.347175,0.098269,0.173058,0.9374
416,1602.46,187.87,61.01,60.34,0.834617,0.173958,0.031774,0.05587,0.9346
416,263.13,874.51,201.55,206.54,0.137047,0.809728,0.104976,0.191236,0.9235
416,299.19,796.1,114.95,115.75,0.155827,0.737134,0.059869,0.107174,0.9212
416,582.91,178.44,62.21,61.64,0.303601,0.165223,0.032403,0.057071,0.9196
416,1760.88,60.42,201.68,120.85,0.917126,0.055948,0.105041,0.111896,0.9159
416,877.79,713.42,76.78,79.11,0.457181,0.660578,0.039988,0.073252,0.914
416,100.02,106.88,200.04,213.76,0.052095,0.098961,0.10419,0.197922,0.9121
416,648.44,867.81,87.35,87.64,0.337728,0.803529,0.045497,0.081151,0.9099
416,740.82,938.05,85.17,85.2,0.385846,0.86856,0.044361,0.078892,0.9049
416,1772.4,541.4,69.23,69.57,0.923123,0.501294,0.036057,0.064415,0.8958
416,956.22,1044.02,256.34,71.96,0.498034,0.966684,0.133511,0.066633,0.7495
417,1012.08,426.83,371.7,374.5,0.527127,0.395217,0.193595,0.346757,0.9542
417,1515.01,820.19,243.84,242.96,0.789066,0.759434,0.127,0.224961,0.9503
417,1449.06,387.39,188.89,185.84,0.754721,0.358694,0.098381,0.172072,0.9496
417,105.82,760.05,211.64,230.66,0.055115,0.703751,0.110231,0.213574,0.9475
417,1751.27,65.64,199.77,130.59,0.912119,0.060776,0.104048,0.120921,0.9247
417,246.57,887.42,202.08,203.27,0.128423,0.821685,0.105248,0.188215,0.9224
417,570.93,189.03,62.26,61.94,0.297359,0.175026,0.032427,0.057355,0.9142
417,1591.64,197.08,61.44,61.81,0.828979,0.182482,0.032001,0.05723,0.9126
417,1760.56,549.24,68.57,68.17,0.916958,0.508554,0.035715,0.063118,0.9121
417,865.0,722.77,80.18,79.13,0.450522,0.669231,0.041761,0.073273,0.9121
417,288.31,803.08,113.17,110.85,0.150162,0.743591,0.058941,0.102634,0.9083
417,91.05,111.43,182.1,222.87,0.047422,0.103179,0.094843,0.206359,0.9061
417,638.57,878.64,87.49,86.85,0.332589,0.813552,0.045568,0.080418,0.8973
417,728.96,948.73,87.53,86.23,0.379666,0.878451,0.04559,0.079842,0.8917
418,1002.83,438.57,373.28,375.36,0.522306,0.406082,0.194419,0.347552,0.9554
418,1504.78,830.53,244.37,242.78,0.783741,0.76901,0.127274,0.224795,0.9519
418,276.16,816.2,112.77,112.24,0.143832,0.755736,0.058733,0.103922,0.9396
418,99.65,769.42,199.3,229.79,0.051902,0.712422,0.103804,0.212768,0.939
418,1439.74,396.69,189.4,187.82,0.749864,0.367309,0.098646,0.17391,0.9297
418,1741.88,71.3,206.53,141.92,0.907228,0.066015,0.107569,0.131409,0.9203
418,234.99,895.26,198.54,197.18,0.122391,0.828944,0.103406,0.182578,0.9202
418,717.69,958.89,86.17,84.77,0.373796,0.887858,0.044882,0.078492,0.9132
418,1581.36,207.34,62.07,62.38,0.823626,0.191979,0.03233,0.057761,0.9105
418,1751.04,560.72,68.71,68.63,0.912,0.519189,0.035789,0.063542,0.909
418,561.04,198.32,61.71,62.1,0.292206,0.183632,0.032139,0.057503,0.9022
418,854.54,734.39,81.66,80.27,0.445074,0.679987,0.042532,0.074324,0.9007
418,624.56,889.2,88.5,87.45,0.32529,0.823336,0.046096,0.08097,0.8989
418,90.67,116.59,181.12,232.12,0.047222,0.107951,0.094333,0.214924,0.8241
418,1889.99,630.91,59.29,307.47,0.98437,0.584174,0.03088,0.284697,0.7767
419,991.08,447.93,375.19,377.58,0.516185,0.414754,0.195414,0.349611,0.9531
419,1495.67,841.21,244.52,243.28,0.778994,0.7789,0.127354,0.225259,0.9494
419,1732.09,76.06,206.52,151.99,0.902131,0.070425,0.107561,0.140736,0.9451
419,1425.95,403.8,186.87,188.28,0.742682,0.373886,0.097331,0.174332,0.9431
419,94.76,780.88,189.53,232.89,0.049356,0.723038,0.098712,0.215637,0.9384
419,1570.54,216.82,61.85,61.37,0.817991,0.200757,0.032215,0.056824,0.9277
419,265.18,825.02,114.95,116.68,0.138117,0.763907,0.059871,0.108039,0.9186
419,549.22,207.87,62.11,61.64,0.286051,0.192474,0.032348,0.057076,0.9126
419,614.51,899.77,87.33,88.23,0.320057,0.83312,0.045483,0.081692,0.9112
419,1741.88,570.77,68.49,69.38,0.907228,0.528487,0.035672,0.064243,0.9033
419,705.86,970.51,84.69,84.96,0.367636,0.898624,0.044111,0.078664,0.9027
419,843.6,742.74,80.3,80.84,0.439377,0.687718,0.041824,0.074855,0.9004
419,224.05,903.32,201.08,201.41,0.116694,0.836407,0.104731,0.186495,0.892
419,1884.66,641.33,69.8,283.92,0.981591,0.593824,0.036357,0.262885,0.8171
419,83.52,123.33,166.76,245.44,0.043502,0.114196,0.086853,0.227261,0.8112
420,979.05,456.76,375.38,376.14,0.509919,0.422922,0.19551,0.348282,0.9511
420,1485.21,849.63,243.62,243.43,0.773549,0.786691,0.126888,0.225398,0.9477
420,1415.89,415.36,190.25,187.44,0.737445,0.384592,0.099089,0.173556,0.9437
420,88.97,787.8,177.75,230.42,0.04634,0.729441,0.09258,0.213354,0.941
420,1559.52,224.68,61.93,61.5,0.812252,0.208034,0.032256,0.056943,0.9295
420,1720.89,79.19,200.32,156.1,0.896294,0.073328,0.104336,0.144534,0.9294
420,214.71,914.1,200.06,200.47,0.111829,0.846387,0.1042,0.185619,0.9281
420,253.22,833.9,114.6,114.23,0.131888,0.772126,0.059686,0.105766,0.9191
420,537.81,217.0,62.5,62.1,0.280108,0.200925,0.032554,0.057497,0.904
420,833.37,751.55,80.33,77.64,0.434047,0.695878,0.041838,0.071888,0.9002
420,695.75,977.94,85.88,85.17,0.362367,0.905501,0.04473,0.078864,0.8996
420,1730.19,578.56,67.99,68.09,0.901143,0.535703,0.035413,0.063044,0.893
420,603.05,909.25,85.27,86.68,0.31409,0.841895,0.044414,0.08026,0.8888
420,77.49,127.65,154.98,254.41,0.040359,0.118196,0.080717,0.235563,0.836
420,1877.45,647.91,84.11,291.12,0.977837,0.599915,0.043806,0.269551,0.8243
421,1473.23,858.57,243.94,246.12,0.767309,0.794974,0.127053,0.227893,0.9492
421,969.79,465.62,375.89,377.04,0.505101,0.431125,0.195774,0.349112,0.9451
421,82.96,794.96,165.55,225.53,0.043208,0.736078,0.086226,0.208821,0.9346
421,1406.58,421.94,189.41,186.07,0.732593,0.390689,0.098651,0.17229,0.9318
421,241.16,844.04,115.2,112.44,0.125605,0.781518,0.059999,0.104112,0.9311
421,1710.37,84.48,205.53,168.95,0.890816,0.078219,0.107045,0.156438,0.9246
421,1549.6,233.97,63.15,62.06,0.807085,0.216642,0.032889,0.057466,0.9246
421,201.9,925.81,201.55,203.31,0.105154,0.857234,0.104975,0.188253,0.9232
421,1720.18,587.7,68.7,69.43,0.895926,0.544168,0.035779,0.064288,0.9136
421,593.22,918.87,86.27,87.86,0.308966,0.850802,0.044933,0.081347,0.9078
421,526.04,224.82,61.92,61.91,0.273979,0.20817,0.03225,0.057322,0.9069
421,684.47,988.8,84.87,84.78,0.356493,0.915557,0.044202,0.078502,0.8959
421,822.36,761.62,80.03,80.66,0.428311,0.705202,0.041682,0.074689,0.895
421,1873.1,655.67,93.05,294.85,0.975573,0.607105,0.048461,0.27301,0.8458
421,70.51,131.46,141.01,262.33,0.036722,0.121721,0.073444,0.242902,0.8257
422,1463.3,866.41,242.32,245.49,0.762136,0.802228,0.126207,0.227305,0.9531
422,959.22,471.52,375.47,377.14,0.499595,0.436596,0.195556,0.349205,0.9509
422,1395.85,431.18,193.04,188.6,0.727003,0.399237,0.10054,0.174626,0.9415
422,1700.21,86.75,206.21,173.5,0.885525,0.080324,0.107399,0.160649,0.9313
422,76.21,804.98,151.73,228.52,0.039691,0.745348,0.079024,0.21159,0.9294
422,230.01,851.93,111.43,113.86,0.119799,0.788828,0.058036,0.105423,0.9234
422,580.5,926.89,88.11,88.12,0.302342,0.85823,0.045892,0.081594,0.9173
422,515.35,233.49,62.57,61.77,0.26841,0.216197,0.032588,0.057197,0.9169
422,672.51,997.72,86.18,85.8,0.350268,0.923814,0.044884,0.079444,0.9147
422,190.68,932.82,196.44,200.88,0.09931,0.863725,0.102312,0.185998,0.9093
422,811.47,769.08,80.92,79.39,0.422638,0.71211,0.042144,0.073509,0.9069
422,1710.4,596.76,71.7,69.97,0.890836,0.552553,0.037344,0.064783,0.9068
422,1538.98,241.45,62.93,62.38,0.801554,0.223568,0.032778,0.057756,0.9012
422,1866.81,667.28,106.37,286.35,0.972299,0.617856,0.055403,0.265137,0.9007
422,64.26,137.28,128.34,274.55,0.033467,0.127107,0.066844,0.254214,0.854
423,947.37,481.36,374.2,375.33,0.493421,0.445704,0.194893,0.347531,0.9553
423,1453.46,873.89,244.24,244.7,0.75701,0.809159,0.127209,0.226571,0.9504
423,1528.24,249.84,62.81,62.11,0.795957,0.23133,0.032713,0.057506,0.9371
423,1383.97,437.29,192.33,187.68,0.720816,0.404896,0.10017,0.173774,0.9371
423,70.94,815.88,141.88,239.82,0.036947,0.755447,0.073894,0.222055,0.9266
423,1690.94,91.97,201.57,183.94,0.880697,0.085158,0.104983,0.170315,0.9233
423,219.72,860.56,113.12,113.02,0.11444,0.796819,0.058917,0.10465,0.9229
423,179.75,937.07,201.02,199.44,0.09362,0.867656,0.104697,0.184669,0.9037
423,503.57,239.71,61.66,61.34,0.262277,0.221955,0.032114,0.056793,0.9031
423,567.42,934.33,88.85,86.38,0.295531,0.865118,0.046276,0.079979,0.9004
423,797.86,775.96,80.28,80.25,0.415554,0.718478,0.041812,0.074307,0.8969
423,1698.6,603.64,67.07,68.85,0.88469,0.558925,0.03493,0.06375,0.8952
423,661.24,1003.55,85.57,84.7,0.344395,0.929214,0.044568,0.078427,0.8945
423,1862.6,675.6,114.8,290.87,0.970104,0.625555,0.059792,0.269324,0.8905
423,1888.24,1041.46,61.34,77.07,0.983457,0.964318,0.031946,0.071364,0.8863
423,59.25,137.0,118.01,274.0,0.03086,0.12685,0.061463,0.253701,0.8851
424,935.7,488.14,375.21,378.68,0.487345,0.451979,0.195422,0.350626,0.9555
424,1442.26,880.9,244.52,241.86,0.751179,0.81565,0.127354,0.223943,0.952
424,1372.26,445.29,186.5,184.28,0.714718,0.412309,0.097135,0.170632,0.9457
424,64.83,822.62,128.64,236.63,0.033767,0.761689,0.067001,0.219103,0.9368
424,1678.12,93.6,204.48,187.2,0.874021,0.086669,0.1065,0.173338,0.9362
424,1517.32,255.59,61.83,62.13,0.790273,0.236657,0.032203,0.057525,0.9302
424,556.93,942.37,86.7,86.2,0.290069,0.872565,0.045155,0.079811,0.9259
424,492.42,247.86,61.55,61.2,0.256468,0.229497,0.032058,0.05667,0.9226
424,1686.55,610.28,69.31,68.38,0.878411,0.56507,0.036098,0.063312,0.922
424,206.44,866.33,113.85,115.65,0.10752,0.802154,0.059299,0.107087,0.9142
424,788.27,784.46,79.66,77.82,0.410559,0.726356,0.041492,0.07206,0.906
424,168.09,947.44,204.03,202.96,0.087545,0.877257,0.106267,0.187927,0.9025
424,650.26,1012.68,84.52,85.35,0.338675,0.937664,0.044019,0.079026,0.8888
424,1857.74,684.67,124.51,287.54,0.967575,0.633958,0.06485,0.266243,0.8879
424,1883.1,1045.16,73.41,69.68,0.980782,0.96774,0.038233,0.06452,0.8826
424,54.25,134.8,108.36,269.59,0.028253,0.12481,0.05644,0.24962,0.7365
425,1431.31,887.19,246.29,244.89,0.745476,0.821472,0.128275,0.226746,0.9533
425,924.18,493.11,375.95,380.53,0.481341,0.456581,0.195805,0.352347,0.9517
425,1667.7,99.31,203.56,191.59,0.868592,0.091953,0.10602,0.177396,0.9392
425,195.6,875.71,114.27,113.14,0.101874,0.810845,0.059515,0.104762,0.9348
425,1507.06,263.49,62.73,62.42,0.784926,0.243974,0.032674,0.057793,0.9336
425,1362.72,452.5,187.8,190.04,0.709749,0.418985,0.097812,0.175963,0.9313
425,1678.67,617.76,69.13,70.21,0.874307,0.571996,0.036007,0.06501,0.9168
425,638.04,1018.68,85.15,85.73,0.332311,0.943226,0.044347,0.079376,0.9131
425,480.93,253.69,63.29,63.08,0.250484,0.234898,0.032962,0.058412,0.9113
425,154.46,953.05,199.81,199.45,0.080446,0.882451,0.10407,0.184678,0.9037
425,58.64,826.02,117.29,228.88,0.030544,0.764832,0.061088,0.211929,0.9024
425,776.49,792.1,81.16,80.36,0.404421,0.733422,0.042273,0.074411,0.902
425,1851.75,680.37,136.5,285.38,0.964453,0.629969,0.071094,0.264243,0.8994
425,545.79,949.37,88.37,88.24,0.284263,0.879051,0.046026,0.081708,0.897
425,1878.7,1047.35,82.6,65.29,0.97849,0.969773,0.043021,0.060454,0.8865
425,48.68,145.59,97.26,291.17,0.025354,0.134802,0.050659,0.269604,0.7887
426,1422.37,894.97,246.42,244.01,0.740818,0.828673,0.128342,0.225938,0.9506
426,915.67,501.23,377.7,377.89,0.476914,0.464106,0.196717,0.349901,0.9481
426,1659.57,104.18,204.02,201.63,0.864361,0.096465,0.106261,0.186695,0.9356
426,1351.4,457.87,191.18,190.28,0.703854,0.423955,0.099574,0.176185,0.9355
426,183.11,882.5,117.22,115.95,0.095372,0.817132,0.061053,0.107363,0.9302
426,534.72,956.01,89.63,87.98,0.2785,0.885193,0.046682,0.081459,0.9173
426,1847.18,690.53,145.64,285.7,0.962073,0.639381,0.075855,0.264539,0.9144
426,1495.53,268.69,62.45,61.91,0.778921,0.248789,0.032524,0.057329,0.911
426,469.05,259.35,61.84,62.68,0.244296,0.240142,0.03221,0.058037,0.9101
426,145.48,956.24,198.26,204.46,0.075769,0.885408,0.103261,0.189319,0.9072
426,766.0,798.62,81.33,80.55,0.398959,0.739464,0.042359,0.074581,0.8964
426,626.68,1027.73,84.56,86.92,0.326396,0.951603,0.044043,0.08048,0.8949
426,52.97,828.2,105.94,230.99,0.02759,0.766853,0.05518,0.213877,0.8909
426,1873.83,1050.39,92.2,59.22,0.975952,0.972584,0.048023,0.054831,0.8766
426,1667.49,622.21,69.73,69.04,0.868486,0.576122,0.03632,0.063928,0.8764
427,904.84,508.14,376.03,377.58,0.471273,0.4705,0.19585,0.349609,0.9514
427,1411.48,901.28,245.51,243.71,0.735148,0.834519,0.12787,0.225655,0.9494
427,1344.78,465.16,190.71,189.59,0.700406,0.4307,0.099328,0.17555,0.9377
427,1649.87,106.23,202.42,198.3,0.859305,0.098358,0.105426,0.18361,0.9246
427,171.73,886.62,115.65,114.97,0.089444,0.820946,0.060236,0.106455,0.9229
427,1842.37,699.25,154.91,300.18,0.95957,0.647457,0.080683,0.277945,0.92
427,458.46,265.96,61.38,61.19,0.238782,0.246261,0.031966,0.05666,0.9196
427,1485.55,274.61,63.01,62.79,0.773723,0.254271,0.032818,0.05814,0.919
427,47.59,841.72,94.2,232.01,0.024789,0.779374,0.049063,0.214827,0.9126
427,1656.85,629.37,68.58,70.74,0.862944,0.582749,0.035719,0.065496,0.9109
427,522.2,961.03,87.33,88.03,0.271979,0.889843,0.045487,0.081509,0.9093
427,131.91,968.75,202.28,205.35,0.068703,0.896992,0.105352,0.190142,0.9086
427,754.52,803.64,80.38,81.38,0.392979,0.744115,0.041866,0.07535,0.8957
427,616.39,1032.72,87.78,88.73,0.321036,0.956219,0.045718,0.082156,0.8766
427,1888.42,543.64,62.65,68.67,0.98355,0.503374,0.03263,0.063587,0.8727
427,1863.06,1054.97,96.01,50.06,0.970346,0.976824,0.050006,0.046352,0.7991
428,892.74,511.16,378.41,379.74,0.464967,0.4733,0.197091,0.351615,0.9516
428,1399.08,907.17,244.01,245.5,0.72869,0.839969,0.12709,0.227314,0.9512
428,1331.38,467.95,191.83,188.48,0.693428,0.433289,0.099909,0.174522,0.947
428,1635.08,108.36,202.5,204.11,0.851606,0.100334,0.105468,0.188987,0.9417
428,1475.44,279.86,63.08,62.47,0.768459,0.259126,0.032852,0.057844,0.9342
428,1882.14,548.59,69.6,69.31,0.98028,0.507954,0.036248,0.064178,0.9306
428,1836.94,698.55,166.11,300.6,0.956742,0.646803,0.086516,0.27833,0.926
428,743.09,808.47,80.92,81.97,0.387027,0.748579,0.042144,0.075899,0.9181
428,447.12,270.08,63.43,62.33,0.232875,0.250077,0.033037,0.057713,0.912
428,160.22,892.22,115.2,116.49,0.083445,0.826133,0.060002,0.107864,0.909
428,119.34,970.73,208.98,208.01,0.062155,0.898823,0.108843,0.192601,0.9086
428,1647.18,634.87,68.97,69.16,0.857908,0.587845,0.035921,0.064041,0.9032
428,510.67,969.3,87.73,86.08,0.265974,0.897497,0.045692,0.079708,0.887
428,603.77,1036.46,85.9,84.03,0.314464,0.959682,0.044742,0.077802,0.8811
428,42.88,844.87,84.9,229.72,0.022333,0.782286,0.044219,0.212708,0.8522
428,1855.43,1056.49,96.0,46.75,0.966371,0.978234,0.049999,0.043286,0.8081
429,882.18,517.41,375.11,377.95,0.459471,0.479086,0.195368,0.349957,0.9529
429,1389.08,910.97,246.1,246.15,0.723477,0.843489,0.128175,0.227919,0.9524
429,1319.48,471.88,190.94,186.43,0.68723,0.436923,0.09945,0.172623,0.9441
429,1625.14,114.59,201.16,200.97,0.846425,0.106101,0.104769,0.186079,0.9409
429,1830.98,703.48,177.29,312.82,0.953636,0.651375,0.092337,0.289647,0.9326
429,1464.16,283.38,62.57,62.11,0.762582,0.26239,0.032587,0.057508,0.928
429,498.8,973.0,87.47,87.68,0.259793,0.900922,0.045557,0.081187,0.9248
429,434.61,274.27,62.36,61.95,0.226359,0.253953,0.03248,0.057357,0.9126
429,1872.82,553.32,70.68,69.68,0.975429,0.512332,0.036812,0.064522,0.91
429,147.99,897.3,112.99,113.94,0.077076,0.830836,0.058849,0.105499,0.9094
429,731.67,813.49,81.1,80.91,0.381077,0.753232,0.042238,0.074916,0.9049
429,1636.49,639.38,70.76,69.55,0.85234,0.592016,0.036855,0.064396,0.8943
429,110.19,973.34,209.67,210.68,0.057392,0.901243,0.109201,0.195073,0.8863
429,593.76,1041.01,84.18,77.98,0.309249,0.963897,0.043846,0.072206,0.8707
429,35.36,851.01,70.72,218.12,0.018417,0.787972,0.036834,0.201967,0.8304
429,1843.48,1059.77,98.03,39.47,0.960144,0.981269,0.051055,0.036546,0.8148
430,1378.8,916.55,246.76,246.08,0.718126,0.848661,0.128522,0.227854,0.9525
430,869.45,519.43,377.83,374.5,0.452837,0.480952,0.196786,0.346763,0.9501
430,1618.07,117.73,205.02,203.02,0.842743,0.109012,0.106782,0.187982,0.9477
430,1826.43,707.87,186.28,312.24,0.951265,0.655432,0.09702,0.289107,0.9379
430,1309.94,478.23,187.95,187.02,0.68226,0.442806,0.097889,0.173165,0.9328
430,1453.45,287.53,63.39,63.71,0.757003,0.266236,0.033018,0.058991,0.9274
430,720.97,819.64,84.11,83.29,0.375506,0.758925,0.043808,0.077122,0.9245
430,136.6,902.63,115.37,115.37,0.071146,0.835772,0.060089,0.106824,0.9233
430,423.11,278.95,62.06,61.31,0.22037,0.25829,0.032324,0.05677,0.9209
430,487.59,977.46,88.01,88.07,0.253955,0.905059,0.045837,0.081547,0.911
430,582.61,1043.76,83.45,72.49,0.303441,0.966441,0.043464,0.067118,0.899
430,1861.64,559.05,71.14,70.49,0.969606,0.517637,0.037053,0.065273,0.8875
430,1625.29,644.53,70.58,71.13,0.846507,0.59679,0.036759,0.065862,0.8861
430,98.96,980.77,196.27,198.01,0.051544,0.908119,0.102222,0.183343,0.8707
430,1834.13,1061.8,114.64,35.97,0.955276,0.983152,0.05971,0.033306,0.7995
430,30.01,858.76,59.11,221.56,0.015632,0.79515,0.030785,0.205145,0.7977
431,1367.96,920.06,244.63,245.65,0.712479,0.851903,0.127411,0.227453,0.9496
431,858.83,524.73,376.39,379.44,0.447308,0.485857,0.196035,0.351334,0.9472
431,1819.26,709.93,201.29,307.55,0.947529,0.657342,0.104836,0.284766,0.9432
431,1299.72,481.18,190.84,189.89,0.676937,0.445533,0.099397,0.175826,0.9406
431,1604.58,123.41,203.27,201.7,0.835718,0.114265,0.105872,0.186761,0.94
431,125.17,907.58,116.14,115.83,0.065194,0.840352,0.060491,0.107254,0.929
431,412.8,281.94,61.02,61.41,0.215001,0.261051,0.031783,0.056864,0.9183
431,1442.98,291.94,63.57,62.46,0.75155,0.270317,0.033109,0.05783,0.9176
431,1849.52,561.31,69.64,68.7,0.963292,0.519734,0.036271,0.063608,0.9114
431,94.93,982.3,189.85,195.4,0.049441,0.909536,0.098881,0.180927,0.9084
431,476.27,981.77,88.48,87.62,0.248057,0.909046,0.046082,0.081128,0.9025
431,1614.76,647.61,68.84,69.53,0.841021,0.599644,0.035852,0.064377,0.9016
431,709.79,822.85,81.42,82.15,0.36968,0.761895,0.042407,0.076064,0.8957
431,571.06,1043.65,84.0,72.69,0.297429,0.966346,0.043748,0.067307,0.8949
431,1822.39,1063.82,144.61,32.02,0.949163,0.985021,0.075319,0.029648,0.7499
432,1357.93,923.85,248.87,246.97,0.707253,0.855415,0.129619,0.228679,0.9498
432,848.51,526.08,379.56,379.05,0.441934,0.48711,0.197686,0.350976,0.9465
432,1815.8,714.81,207.72,300.27,0.945732,0.661863,0.108188,0.278024,0.9462
432,1595.36,125.19,197.85,200.12,0.830914,0.11592,0.103046,0.185292,0.9396
432,1432.17,294.25,63.02,63.18,0.745922,0.27245,0.032824,0.058504,0.9275
432,1291.86,485.09,190.19,188.96,0.672845,0.449161,0.099057,0.174962,0.9251
432,114.72,911.09,115.55,116.32,0.059749,0.843604,0.060184,0.1077,0.9244
432,1603.67,650.09,69.54,69.48,0.835243,0.601933,0.036219,0.064333,0.914
432,465.08,986.15,88.59,87.99,0.242231,0.913098,0.04614,0.081469,0.9118
432,400.43,284.73,62.46,61.65,0.208559,0.263643,0.032532,0.057084,0.9062
432,1840.53,564.93,69.29,69.14,0.958609,0.523081,0.036091,0.064019,0.9039
432,698.65,825.38,80.42,80.24,0.363882,0.764245,0.041886,0.0743,0.9005
432,87.33,983.47,174.66,191.53,0.045483,0.910617,0.090966,0.177345,0.8966
432,559.75,1047.63,83.7,64.74,0.291538,0.970026,0.043596,0.059948,0.8639
433,1347.88,926.14,248.0,247.46,0.702021,0.857538,0.129167,0.229127,0.9539
433,839.11,529.59,378.57,380.38,0.437035,0.490361,0.197174,0.352208,0.9505
433,1810.04,716.05,219.92,308.76,0.94273,0.66301,0.114541,0.285892,0.9487
433,1585.08,126.11,202.29,201.44,0.825561,0.116768,0.105361,0.186516,0.9422
433,1277.14,487.38,196.5,189.55,0.665178,0.451282,0.102343,0.175509,0.9293
433,451.32,988.59,89.29,88.22,0.235063,0.915362,0.046506,0.081687,0.9275
433,99.89,913.78,112.63,114.98,0.052024,0.846094,0.058662,0.106461,0.9232
433,1421.2,297.18,63.94,63.05,0.740206,0.275168,0.033302,0.058376,0.9193
433,1829.8,567.66,70.47,68.78,0.95302,0.525612,0.036701,0.063687,0.9081
433,81.5,985.16,163.0,189.15,0.042447,0.912184,0.084893,0.175137,0.9078
433,389.37,286.91,62.95,62.74,0.202798,0.265653,0.032785,0.058097,0.9057
433,686.67,829.51,81.25,78.94,0.357642,0.768063,0.042315,0.073093,0.8965
433,1593.59,653.28,68.84,68.92,0.829995,0.60489,0.035855,0.063811,0.8912
433,548.32,1048.55,86.28,62.9,0.285584,0.970878,0.044935,0.058243,0.8555
434,826.11,531.11,377.35,380.49,0.430267,0.491765,0.196538,0.352307,0.9515
434,1803.7,718.77,232.59,311.05,0.939429,0.665532,0.121142,0.288009,0.9501
434,1335.41,928.29,245.01,246.68,0.695524,0.859529,0.127608,0.228409,0.9496
434,1266.72,489.81,191.81,191.42,0.659748,0.453528,0.099902,0.177244,0.9484
434,1572.34,129.27,199.49,203.04,0.818928,0.119698,0.103899,0.188003,0.9351
434,1820.68,570.43,72.71,71.25,0.948271,0.528179,0.03787,0.06597,0.9252
434,88.93,915.64,111.29,113.8,0.046318,0.847819,0.057963,0.105371,0.9208
434,1409.92,298.93,63.35,62.5,0.734333,0.276783,0.032993,0.057868,0.9154
434,1581.3,655.1,67.26,68.25,0.823591,0.60657,0.035032,0.063193,0.9146
434,441.53,991.1,87.52,89.29,0.229965,0.917682,0.045585,0.08268,0.908
434,377.4,289.32,62.03,62.11,0.196565,0.267885,0.032307,0.057506,0.9065
434,77.41,984.71,154.82,190.59,0.040318,0.911764,0.080635,0.176471,0.904
434,676.46,832.49,82.54,83.5,0.352325,0.770828,0.042991,0.077315,0.8994
434,536.85,1049.24,80.86,61.53,0.27961,0.971515,0.042114,0.05697,0.8502
435,1799.23,721.33,241.54,305.65,0.9371,0.667896,0.125801,0.283008,0.9571
435,815.08,536.22,377.2,380.14,0.424521,0.496496,0.196461,0.351985,0.9541
435,1326.68,928.87,247.09,245.48,0.690982,0.860068,0.128694,0.227301,0.9492
435,1563.91,132.08,207.96,204.44,0.814536,0.122299,0.108312,0.189295,0.9435
435,1258.25,492.03,190.01,189.57,0.65534,0.45558,0.098965,0.175531,0.9373
435,1572.08,657.91,69.86,69.97,0.81879,0.609174,0.036385,0.064788,0.9252
435,1400.32,300.46,62.87,61.88,0.729335,0.278202,0.032746,0.057297,0.9186
435,429.28,992.38,88.71,89.31,0.223583,0.91887,0.046203,0.082692,0.9178
435,77.33,917.47,112.73,113.08,0.040274,0.849509,0.058716,0.104699,0.9123
435,365.99,291.22,62.6,63.58,0.190621,0.269646,0.032604,0.058869,0.9057
435,67.71,987.94,135.38,184.13,0.035264,0.914755,0.070508,0.17049,0.8958
435,1808.59,572.08,69.4,68.85,0.941975,0.529705,0.036144,0.063751,0.8955
435,664.33,833.06,80.77,81.32,0.346004,0.77135,0.042066,0.075299,0.8946
435,523.99,1049.99,83.44,60.02,0.272913,0.972215,0.043458,0.055571,0.8497
436,1794.81,724.27,250.37,303.58,0.934798,0.670616,0.130404,0.281089,0.9564
436,1316.47,931.44,247.24,246.69,0.685662,0.862442,0.128769,0.228416,0.9477
436,802.67,533.44,377.85,382.87,0.418056,0.493925,0.196794,0.354512,0.9452
436,1245.75,490.93,189.44,192.47,0.648827,0.454564,0.098664,0.178217,0.9423
436,1551.57,130.81,205.06,203.42,0.808109,0.121125,0.106804,0.188348,0.9413
436,355.44,293.42,61.99,61.23,0.185124,0.271686,0.032288,0.056691,0.9238
436,1562.67,659.65,70.06,70.37,0.813893,0.61079,0.036489,0.065155,0.92
436,66.73,916.98,112.71,112.31,0.034753,0.849058,0.058701,0.103989,0.913
436,417.69,994.14,89.06,86.94,0.217545,0.920501,0.046386,0.080497,0.9091
436,1388.89,301.24,62.75,62.4,0.723378,0.278929,0.032681,0.057781,0.9024
436,653.01,834.77,79.46,81.25,0.34011,0.772938,0.041386,0.075233,0.9004
436,64.02,987.73,127.64,183.83,0.033346,0.914562,0.06648,0.170213,0.8821
436,1797.84,573.12,70.46,69.0,0.936373,0.530671,0.0367,0.063886,0.8439
436,511.83,1050.7,85.0,58.59,0.266576,0.972875,0.044269,0.054251,0.8071
437,1789.97,725.8,260.05,301.12,0.932278,0.67204,0.135444,0.278815,0.9571
437,1304.8,932.0,246.36,243.78,0.679585,0.86296,0.128315,0.225725,0.9524
437,793.55,536.02,379.59,381.09,0.413308,0.496311,0.197702,0.352861,0.947
437,1235.54,492.07,192.19,190.78,0.643508,0.455624,0.1001,0.176646,0.9404
437,1541.57,130.4,201.64,203.81,0.802899,0.120743,0.105023,0.18871,0.9354
437,1378.39,301.62,62.78,62.71,0.717913,0.279276,0.032697,0.058069,0.9275
437,56.54,918.51,109.87,111.82,0.029447,0.850472,0.057225,0.103537,0.9164
437,343.38,294.19,62.37,62.3,0.178843,0.272395,0.032485,0.05769,0.9157
437,1787.31,574.05,72.34,72.13,0.930889,0.531526,0.037679,0.066785,0.9058
437,1550.52,658.81,68.61,69.97,0.807562,0.610005,0.035733,0.06479,0.9046
437,641.7,836.04,81.66,82.32,0.334219,0.774114,0.04253,0.076218,0.9005
437,59.28,988.74,118.56,182.52,0.030876,0.9155,0.061751,0.169001,0.899
437,404.88,995.44,88.88,88.39,0.210874,0.921705,0.046292,0.08184,0.8925
437,500.76,1050.45,86.06,58.75,0.260814,0.972637,0.044823,0.054402,0.8265
438,1784.92,725.53,270.16,304.22,0.929645,0.671785,0.140709,0.281687,0.957
438,1294.74,933.81,247.17,245.89,0.674344,0.864638,0.128736,0.227675,0.9536
438,781.53,536.52,379.4,379.85,0.407045,0.496778,0.197605,0.351715,0.9521
438,1226.35,494.96,191.9,190.38,0.638726,0.458299,0.09995,0.176278,0.9381
438,1530.52,131.39,202.0,204.35,0.797147,0.121659,0.105208,0.189213,0.9268
438,1539.02,659.8,68.48,69.62,0.801573,0.610924,0.035666,0.064464,0.9185
438,330.72,293.73,62.99,62.34,0.17225,0.271975,0.032809,0.057725,0.9157
438,394.67,997.47,89.11,88.34,0.205558,0.923587,0.046414,0.081796,0.9078
438,1366.97,301.76,63.18,63.39,0.711966,0.279409,0.032904,0.058696,0.9
438,631.62,836.56,80.78,80.9,0.328966,0.774592,0.042072,0.07491,0.89
438,48.1,918.72,96.2,113.23,0.025051,0.850666,0.050103,0.104843,0.8844
438,1777.68,574.85,70.68,69.9,0.925877,0.532264,0.036814,0.064719,0.8777
438,51.62,988.57,103.24,181.71,0.026884,0.915347,0.053769,0.16825,0.8576
438,487.84,1050.39,86.38,59.21,0.254083,0.972586,0.044991,0.054828,0.819
439,1779.92,725.16,280.16,304.89,0.927041,0.671445,0.145918,0.282304,0.9556
439,770.57,535.45,380.88,380.88,0.401339,0.495782,0.198374,0.352668,0.9528
439,1281.61,932.65,247.15,246.62,0.667504,0.863568,0.128723,0.228356,0.9522
439,1212.4,490.15,191.95,193.75,0.631456,0.453844,0.099975,0.179395,0.9479
439,1520.73,130.1,203.37,206.0,0.792045,0.12046,0.105923,0.190743,0.9365
439,382.95,996.47,88.77,86.16,0.199453,0.922659,0.046234,0.079778,0.9208
439,1530.45,660.15,69.48,71.38,0.79711,0.611246,0.03619,0.066089,0.9194
439,319.85,293.65,62.96,61.39,0.166588,0.271897,0.03279,0.056847,0.9159
439,1357.17,301.65,62.52,62.77,0.706857,0.279309,0.032564,0.05812,0.9026
439,618.19,835.88,80.71,81.21,0.321975,0.773966,0.042039,0.075193,0.9006
439,1766.78,573.82,69.93,69.29,0.920196,0.531316,0.036424,0.064157,0.8831
439,476.44,1051.82,86.63,56.37,0.248146,0.973904,0.045117,0.052192,0.8483
439,43.41,918.37,86.82,113.66,0.022611,0.850342,0.045221,0.105244,0.8384
439,43.99,983.07,86.79,189.16,0.022912,0.910251,0.045201,0.175146,0.8103
440,1773.75,724.48,292.5,307.46,0.923827,0.670815,0.152345,0.284681,0.9574
440,757.22,536.22,376.21,381.38,0.394384,0.496502,0.195941,0.353129,0.9538
440,1271.49,931.11,246.58,246.4,0.662235,0.862143,0.128429,0.22815,0.9497
440,1201.44,491.84,191.44,190.89,0.625751,0.455412,0.099709,0.176753,0.9432
440,1509.84,129.46,203.6,205.63,0.786375,0.119867,0.106041,0.190397,0.9357
440,1518.87,658.73,72.21,71.2,0.791077,0.609936,0.037608,0.065923,0.9189
440,308.56,291.24,61.99,62.81,0.160708,0.26967,0.032285,0.058162,0.9176
440,1346.16,300.95,63.56,62.87,0.701124,0.278658,0.033102,0.058215,0.9154
440,369.63,994.61,88.93,89.3,0.192516,0.920932,0.046319,0.082681,0.9105
440,1756.29,573.8,72.14,71.54,0.914734,0.531293,0.037575,0.066241,0.9044
440,608.22,835.49,81.77,82.55,0.316782,0.773603,0.04259,0.076438,0.9036
440,37.68,921.54,74.58,118.27,0.019626,0.853281,0.038842,0.109505,0.8634
440,465.65,1050.57,85.95,58.31,0.242525,0.972746,0.044767,0.053991,0.8343
440,38.0,985.93,75.52,188.14,0.019792,0.912897,0.039334,0.174206,0.7861
441,1768.61,723.0,302.77,308.52,0.921154,0.669446,0.157693,0.285663,0.9497
441,1263.5,931.38,247.03,245.38,0.658074,0.862389,0.128662,0.227208,0.9493
441,746.24,531.97,380.83,385.78,0.388666,0.49256,0.198351,0.357208,0.9485
441,1194.27,490.91,193.79,192.1,0.622014,0.45455,0.10093,0.177872,0.9385
441,1499.77,128.9,204.52,206.03,0.781131,0.119349,0.106522,0.190767,0.9379
441,1506.69,658.16,68.8,69.87,0.784737,0.609405,0.035835,0.064696,0.9249
441,1334.33,298.6,63.52,62.85,0.694965,0.276477,0.033082,0.058192,0.909
441,358.72,993.97,89.42,87.03,0.186832,0.920339,0.046575,0.080583,0.9085
441,596.34,834.22,81.74,81.81,0.310596,0.772425,0.042575,0.075751,0.9016
441,1744.96,572.85,71.47,71.81,0.908835,0.53042,0.037223,0.066487,0.9011
441,296.91,289.81,63.45,63.14,0.154638,0.268346,0.033047,0.058466,0.901
441,32.44,920.09,63.67,120.88,0.016895,0.851937,0.033161,0.111923,0.8739
441,453.14,1051.15,86.1,57.71,0.23601,0.973282,0.044844,0.053435,0.8064
441,31.58,1002.56,63.0,154.5,0.016448,0.928298,0.03281,0.143057,0.735
442,1759.6,719.73,302.93,306.25,0.916459,0.666413,0.157777,0.283564,0.9524
442,1250.56,929.16,247.66,246.46,0.651333,0.860335,0.128988,0.228202,0.9477
442,736.19,530.06,379.96,385.04,0.383435,0.490797,0.197896,0.356517,0.9466
442,1181.95,487.06,192.72,193.07,0.6156,0.450986,0.100377,0.178766,0.9439
442,1487.89,126.82,207.93,205.07,0.774942,0.117428,0.108294,0.189878,0.942
442,1323.82,297.59,63.65,63.1,0.689491,0.275549,0.033151,0.058428,0.9227
442,1497.31,655.41,71.49,69.83,0.77985,0.606862,0.037236,0.064654,0.9216
442,1734.27,569.01,69.84,69.37,0.903267,0.526861,0.036375,0.064231,0.9156
442,283.88,286.94,63.21,62.48,0.147854,0.265683,0.032921,0.057849,0.9069
442,347.15,993.0,87.21,87.63,0.18081,0.919448,0.045421,0.081138,0.8995
442,584.54,833.13,83.15,83.77,0.304448,0.771415,0.043309,0.077561,0.8968
442,442.57,1049.59,85.09,60.82,0.230507,0.971841,0.044316,0.056318,0.8457
443,1749.93,718.65,312.84,309.52,0.911424,0.665413,0.162936,0.286597,0.9562
443,1239.11,927.78,249.17,246.64,0.645368,0.859056,0.129778,0.228366,0.9505
443,725.99,529.44,381.67,384.44,0.378117,0.490227,0.198788,0.355966,0.9479
443,1476.69,124.19,204.66,204.12,0.769111,0.114991,0.106592,0.189002,0.9352
443,1724.46,567.03,71.89,69.55,0.898157,0.525032,0.037445,0.064401,0.9332
443,1172.55,485.29,188.81,188.37,0.610702,0.449344,0.09834,0.174412,0.9319
443,334.93,990.76,91.7,90.11,0.174443,0.917372,0.047759,0.083431,0.9264
443,1312.72,294.5,62.95,63.97,0.683708,0.272684,0.032789,0.059228,0.9239
443,573.38,830.16,81.89,82.35,0.298635,0.768668,0.04265,0.076249,0.8981
443,272.76,284.61,64.37,63.59,0.14206,0.263531,0.033527,0.058876,0.8968
443,1486.46,651.96,70.73,70.12,0.774197,0.603665,0.036841,0.064924,0.8961
443,432.33,1050.02,86.22,59.97,0.225172,0.972238,0.044907,0.055523,0.8796
444,1740.5,717.22,310.99,308.63,0.906509,0.664092,0.161972,0.285768,0.9586
444,1229.32,925.95,250.37,248.66,0.640269,0.857365,0.130398,0.23024,0.953
444,713.98,525.53,378.84,379.72,0.371866,0.486598,0.197315,0.351593,0.9521
444,1467.66,120.58,207.73,205.9,0.764405,0.111649,0.10819,0.190645,0.9403
444,1159.84,482.48,194.39,193.75,0.604082,0.44674,0.101245,0.179402,0.9326
444,1713.39,563.86,69.37,68.48,0.892392,0.522089,0.03613,0.063403,0.9242
444,1302.43,291.86,63.53,62.86,0.678351,0.27024,0.03309,0.058203,0.9219
444,323.35,987.77,90.66,89.95,0.168412,0.914599,0.047217,0.083283,0.9192
444,261.68,281.72,62.23,62.78,0.136294,0.260856,0.032413,0.058133,0.9187
444,1474.17,650.69,68.17,68.28,0.767799,0.602488,0.035507,0.063218,0.8998
444,562.46,827.92,82.17,81.58,0.292948,0.766592,0.042797,0.075537,0.8914
444,420.79,1047.87,85.98,64.25,0.21916,0.970253,0.044782,0.059495,0.8559
445,1728.88,713.17,309.85,309.14,0.900458,0.660341,0.161382,0.28624,0.9585
445,703.0,523.05,382.17,381.64,0.366146,0.484308,0.199046,0.353366,0.9534
445,1216.02,923.19,248.98,249.43,0.633342,0.854809,0.129678,0.230951,0.9493
445,1148.79,479.62,192.81,191.93,0.598327,0.444091,0.100424,0.177714,0.9477
445,1456.55,116.95,207.59,208.66,0.758618,0.108288,0.108119,0.193201,0.9459
445,1290.97,288.17,64.22,64.39,0.672381,0.266821,0.033449,0.059618,0.9229
445,249.81,278.68,62.98,62.05,0.130109,0.258041,0.032803,0.057453,0.919
445,311.35,984.67,89.43,89.11,0.162163,0.911734,0.046577,0.082506,0.9132
445,549.99,822.97,81.56,83.29,0.286454,0.762009,0.04248,0.077124,0.9035
445,1465.43,647.64,69.27,69.46,0.763243,0.599668,0.036076,0.064318,0.8968
445,1702.09,561.04,70.87,69.58,0.886505,0.519478,0.036911,0.064428,0.8912
445,408.65,1047.86,84.24,64.28,0.212838,0.970239,0.043877,0.059523,0.8609
445,1671.22,1065.41,102.8,28.83,0.870429,0.986493,0.053542,0.026699,0.7262
446,1206.69,919.24,248.03,248.17,0.628484,0.851148,0.129184,0.229792,0.9509
446,690.22,517.85,382.61,383.54,0.35949,0.479489,0.199275,0.355132,0.9505
446,1717.2,708.39,309.09,311.18,0.894375,0.655917,0.160982,0.288126,0.9484
446,1280.49,283.72,63.24,62.75,0.66692,0.262701,0.032939,0.058102,0.9368
446,1136.04,476.65,190.15,190.89,0.591689,0.441345,0.099038,0.176749,0.9364
446,1443.35,113.08,208.26,206.31,0.751745,0.1047,0.108468,0.191029,0.9321
446,237.72,273.9,64.24,63.86,0.123814,0.253614,0.033459,0.059129,0.9161
446,1454.5,644.71,72.23,71.88,0.757552,0.596957,0.037622,0.066557,0.9103
446,298.64,981.29,90.76,90.1,0.155539,0.908606,0.047271,0.083427,0.9034
446,540.42,820.8,83.39,84.69,0.281471,0.759998,0.043431,0.078418,0.8997
446,1692.57,557.76,70.93,70.19,0.881547,0.516449,0.036941,0.06499,0.894
446,396.22,1044.38,84.28,71.23,0.206363,0.967023,0.043895,0.065955,0.8362
446,1662.03,1063.6,112.75,31.88,0.865639,0.984815,0.058722,0.029515,0.705
447,1196.79,915.57,251.7,249.29,0.623329,0.847746,0.131094,0.230824,0.9535
447,1709.41,705.26,310.14,308.56,0.890319,0.65302,0.161529,0.285701,0.9509
447,679.85,515.84,383.57,385.76,0.354088,0.477628,0.199776,0.357184,0.9445
447,1681.67,552.49,71.53,69.63,0.875871,0.511561,0.037256,0.064474,0.9388
447,1269.37,279.59,63.01,62.88,0.661133,0.258876,0.032819,0.058227,0.9379
447,1126.68,468.97,185.75,188.49,0.586813,0.434227,0.096745,0.174524,0.9324
447,1436.56,109.41,208.88,204.78,0.74821,0.101307,0.108789,0.189615,0.9221
447,288.1,978.09,88.04,89.55,0.150054,0.90564,0.045853,0.082915,0.9197
447,225.42,269.18,63.31,62.91,0.117404,0.249244,0.032974,0.058253,0.9055
447,527.19,817.34,82.36,81.45,0.274579,0.756793,0.042894,0.075416,0.9002
447,1444.07,638.61,70.77,70.24,0.752121,0.591302,0.036859,0.065039,0.8867
447,384.14,1042.66,86.43,74.69,0.200071,0.965422,0.045015,0.069156,0.8596
447,1651.69,1062.12,118.66,35.4,0.860255,0.983441,0.061804,0.032782,0.7703
448,1700.1,700.04,308.88,308.03,0.885469,0.648189,0.160873,0.285209,0.9554
448,1185.38,909.43,250.21,249.24,0.617384,0.842069,0.130316,0.23078,0.9526
448,669.18,511.3,381.81,385.72,0.348534,0.473427,0.198862,0.357146,0.9495
448,1113.39,465.43,194.0,190.53,0.579891,0.43095,0.101041,0.176413,0.9469
448,1258.36,274.49,63.22,63.13,0.655396,0.25416,0.032929,0.058451,0.932
448,1425.09,105.68,206.07,202.11,0.742233,0.097855,0.107328,0.187143,0.9298
448,1431.88,634.1,68.46,70.83,0.745772,0.587128,0.035657,0.065583,0.92
448,516.06,811.61,81.16,81.9,0.268781,0.751493,0.042268,0.075832,0.9172
448,214.0,264.86,64.33,62.35,0.111459,0.245241,0.033508,0.057729,0.9167
448,276.03,973.5,90.46,90.72,0.143768,0.901386,0.047116,0.084004,0.9113
448,372.03,1040.55,86.2,78.91,0.193765,0.963468,0.044895,0.073064,0.8882
448,1670.75,547.64,71.91,70.14,0.87018,0.507071,0.037454,0.064946,0.8796
448,1643.09,1059.91,95.38,40.17,0.855775,0.981402,0.049675,0.037196,0.7896
449,1685.83,695.87,309.59,312.79,0.878035,0.644328,0.161244,0.289618,0.9572
449,1174.75,906.52,251.48,249.72,0.611846,0.839366,0.130978,0.231221,0.9486
449,657.72,505.78,386.47,389.31,0.342561,0.468319,0.201287,0.360474,0.9468
449,1107.23,462.03,191.67,192.49,0.576681,0.427806,0.099828,0.178234,0.9402
449,1414.19,103.88,203.8,200.98,0.736555,0.096188,0.106147,0.186088,0.9359
449,1421.52,629.94,70.7,70.94,0.740377,0.583276,0.036823,0.065688,0.9291
449,1246.23,268.01,63.61,63.63,0.64908,0.248155,0.033131,0.058913,0.9218
449,263.92,968.07,90.43,87.05,0.137456,0.89636,0.047097,0.080605,0.9161
449,202.61,258.96,62.47,63.31,0.105527,0.239774,0.032534,0.05862,0.9101
449,1659.57,542.33,70.71,69.5,0.864362,0.502153,0.036829,0.064348,0.8978
449,502.73,806.86,82.47,82.66,0.261838,0.747095,0.042951,0.076537,0.8972
449,360.24,1036.2,90.41,86.52,0.187627,0.959448,0.047087,0.080112,0.8748
449,1630.65,1057.09,93.66,45.71,0.849299,0.978787,0.048779,0.04232,0.8061
450,1675.93,692.09,313.23,311.45,0.872878,0.640821,0.163142,0.28838,0.9574
450,1162.58,900.37,250.94,249.43,0.605512,0.833672,0.130699,0.230957,0.9531
450,645.48,499.85,381.24,384.87,0.336189,0.462823,0.198562,0.356362,0.9525
450,1404.97,98.66,209.74,197.14,0.731755,0.091354,0.109241,0.182535,0.9398
450,1236.4,262.43,63.52,63.27,0.643958,0.242991,0.033085,0.058587,0.9343
450,1096.08,454.9,189.81,191.32,0.570874,0.421204,0.098857,0.17715,0.9269
450,1648.47,536.65,70.69,68.42,0.85858,0.4969,0.036816,0.063348,0.9253
450,250.09,960.48,89.97,90.44,0.130253,0.889335,0.046858,0.083738,0.9172
450,190.79,253.12,63.73,62.98,0.099369,0.234366,0.033193,0.058313,0.911
450,1411.44,622.25,69.77,71.47,0.735123,0.57616,0.03634,0.066181,0.8963
450,493.01,801.0,81.88,82.68,0.256777,0.741669,0.042648,0.076559,0.8955
450,348.51,1034.16,89.35,89.27,0.181517,0.957558,0.046537,0.082657,0.8856
450,1621.28,1054.71,96.84,50.58,0.844415,0.976584,0.05044,0.046832,0.8462
451,1667.35,683.61,312.96,308.37,0.86841,0.632969,0.162999,0.285531,0.9559
451,634.73,492.75,379.36,387.1,0.330591,0.456254,0.197584,0.35843,0.9544
451,1151.71,892.43,254.59,250.68,0.599848,0.826322,0.132598,0.232111,0.9514
451,1084.2,448.46,190.75,193.86,0.564685,0.415245,0.09935,0.179501,0.9436
451,1392.02,95.18,205.9,190.36,0.725011,0.088131,0.107242,0.176262,0.9358
451,238.91,955.8,91.64,90.68,0.124434,0.885002,0.047729,0.083962,0.9293
451,336.99,1027.92,89.36,91.08,0.175516,0.951775,0.046541,0.084335,0.9189
451,1224.73,255.59,63.82,62.96,0.637882,0.23666,0.033239,0.058296,0.9148
451,178.48,246.63,63.39,63.03,0.092959,0.228362,0.033017,0.058357,0.905
451,1399.54,617.35,69.29,70.06,0.728928,0.571618,0.03609,0.064871,0.8988
451,482.18,795.36,81.97,81.85,0.251134,0.736447,0.042692,0.075783,0.8952
451,1637.53,530.66,71.73,71.58,0.852882,0.49135,0.037357,0.066279,0.8923
451,1611.57,1051.07,96.55,57.87,0.839359,0.973209,0.050289,0.053583,0.8516
452,1655.15,675.46,314.37,310.74,0.862055,0.625429,0.163733,0.28772,0.954
452,1141.08,886.23,253.23,249.28,0.594315,0.820582,0.131893,0.230813,0.9539
452,621.65,486.8,383.56,389.02,0.323775,0.450742,0.199773,0.360202,0.947
452,1214.19,248.97,64.24,63.35,0.632392,0.230529,0.033459,0.058655,0.9344
452,166.94,238.59,63.14,62.93,0.086947,0.220914,0.032887,0.05827,0.9245
452,1071.59,440.73,194.14,192.88,0.558121,0.408082,0.101112,0.178596,0.9232
452,1382.52,90.85,210.79,181.7,0.720063,0.08412,0.109788,0.168241,0.9225
452,1387.89,609.67,70.41,69.98,0.722857,0.564508,0.036671,0.0648,0.9214
452,228.12,948.78,89.01,90.06,0.118814,0.878504,0.046357,0.083386,0.9187
452,1627.27,522.32,70.68,69.18,0.847539,0.483628,0.036812,0.064057,0.9151
452,468.63,788.12,82.91,82.25,0.244076,0.729739,0.043181,0.076159,0.9012
452,324.21,1020.32,90.64,89.84,0.168858,0.944736,0.047206,0.083189,0.8825
452,1599.38,1048.01,99.73,61.73,0.83301,0.97038,0.051943,0.057153,0.8513
453,1646.22,669.85,311.11,310.68,0.857407,0.620227,0.162035,0.287666,0.954
453,1130.69,878.85,251.62,249.09,0.588902,0.813754,0.131052,0.230639,0.9517
453,1059.19,431.03,194.48,194.4,0.551663,0.399104,0.10129,0.180004,0.9507
453,611.47,476.29,382.3,384.56,0.318475,0.44101,0.199113,0.356075,0.9479
453,1370.64,85.48,210.89,170.85,0.713875,0.079152,0.109838,0.158194,0.9339
453,1202.58,240.42,63.53,63.14,0.626345,0.222609,0.033089,0.058461,0.9244
453,458.41,779.76,82.77,83.72,0.238755,0.721999,0.043112,0.077517,0.9185
453,1380.14,603.39,71.98,71.89,0.71882,0.558692,0.037487,0.066565,0.9179
453,216.86,942.55,91.18,90.58,0.112949,0.872728,0.047487,0.083866,0.9124
453,155.09,231.27,64.89,63.92,0.080776,0.214142,0.033798,0.059188,0.8993
453,312.68,1012.67,89.12,89.24,0.162854,0.937658,0.046415,0.08263,0.8867
453,1587.47,1045.19,95.84,69.63,0.826808,0.967765,0.049919,0.06447,0.8812
453,1616.94,516.01,70.48,68.91,0.842154,0.477788,0.036708,0.063801,0.8783
454,1119.7,872.62,249.22,247.82,0.583178,0.807983,0.129801,0.229464,0.9523
454,1633.14,662.38,313.97,311.11,0.850596,0.613317,0.163526,0.288061,0.9508
454,600.85,468.35,385.64,388.25,0.312943,0.433661,0.200856,0.359495,0.949
454,1605.71,506.98,72.16,70.02,0.836309,0.469423,0.037582,0.064833,0.9439
454,1050.63,425.73,189.77,191.58,0.547205,0.394196,0.098836,0.177389,0.9368
454,1192.56,232.22,62.99,63.31,0.621123,0.215018,0.032808,0.058616,0.9354
454,1360.01,83.94,212.45,167.31,0.708341,0.077727,0.110652,0.154917,0.9322
454,203.38,932.52,91.2,89.75,0.105929,0.863445,0.047498,0.083099,0.9161
454,1576.59,1041.08,96.52,77.84,0.82114,0.963964,0.050268,0.072073,0.9106
454,143.26,222.82,62.82,63.3,0.074615,0.206316,0.032718,0.058612,0.9087
454,1367.52,592.48,70.52,70.33,0.712248,0.548595,0.036728,0.065122,0.9045
454,445.81,772.92,83.35,82.63,0.232192,0.715666,0.043414,0.076514,0.8995
454,300.83,1004.98,90.04,89.87,0.156684,0.930535,0.046895,0.083217,0.8843
455,1623.29,653.55,312.56,311.58,0.845461,0.605143,0.162792,0.288501,0.9583
455,1108.67,864.3,249.95,249.9,0.577433,0.800275,0.130182,0.231392,0.952
455,589.5,461.42,385.75,385.91,0.307032,0.427242,0.200913,0.357327,0.9497
455,1040.62,417.09,193.66,190.59,0.541987,0.386198,0.100863,0.176469,0.9372
455,1349.28,79.71,208.9,159.42,0.702748,0.073806,0.1088,0.147613,0.9207
455,1180.77,223.91,65.36,64.01,0.614984,0.207321,0.034041,0.059269,0.9186
455,191.39,924.97,91.11,90.66,0.09968,0.856454,0.047452,0.083948,0.9151
455,132.13,214.2,64.15,63.56,0.068815,0.198337,0.033412,0.058852,0.9056
455,1565.66,1036.97,96.86,86.07,0.815449,0.960153,0.050446,0.079694,0.9017
455,433.69,762.6,81.3,82.77,0.225881,0.706114,0.042343,0.07664,0.9006
455,289.23,997.25,90.06,89.11,0.150641,0.923382,0.046908,0.082508,0.8983
455,1594.29,499.41,72.72,71.7,0.83036,0.462413,0.037877,0.066387,0.8909
455,1355.13,586.68,69.64,70.59,0.705796,0.543226,0.03627,0.065364,0.8806
456,1612.96,643.84,314.13,311.09,0.840084,0.59615,0.16361,0.28805,0.9612
456,1097.22,855.95,251.99,252.72,0.571471,0.792543,0.131245,0.233999,0.9539
456,575.43,451.93,382.79,388.36,0.299705,0.418458,0.199372,0.35959,0.9462
456,1029.17,406.81,195.43,193.07,0.536027,0.376678,0.101785,0.178765,0.9424
456,1170.07,214.7,65.1,64.79,0.60941,0.198798,0.033906,0.059994,0.9317
456,1339.21,74.63,211.63,149.13,0.697507,0.069103,0.110224,0.138083,0.9273
456,1584.01,489.1,70.77,69.93,0.825007,0.452866,0.036857,0.064754,0.9247
456,119.35,206.69,64.12,64.02,0.062162,0.191375,0.033397,0.059278,0.9243
456,277.47,988.56,91.8,91.63,0.144516,0.915337,0.047814,0.084839,0.9223
456,1345.89,577.43,71.21,70.45,0.700984,0.534654,0.037087,0.065236,0.9193
456,1553.86,1031.92,94.44,93.03,0.809302,0.955486,0.049189,0.086143,0.9105
456,178.45,916.58,93.49,93.47,0.092945,0.848682,0.048691,0.086548,0.9055
456,422.38,756.02,83.66,84.45,0.219989,0.700018,0.043571,0.078193,0.901
457,1086.7,847.18,249.27,252.04,0.565989,0.784428,0.129829,0.23337,0.9551
457,1601.36,634.75,314.23,312.59,0.834042,0.587727,0.163662,0.289437,0.9536
457,564.19,443.95,385.36,389.03,0.29385,0.411066,0.200708,0.360209,0.9488
457,1019.62,398.59,192.65,193.44,0.531053,0.369064,0.100338,0.17911,0.9359
457,1158.88,204.98,64.52,63.75,0.603584,0.189798,0.033603,0.059024,0.9332
457,1573.91,480.27,72.27,71.44,0.819746,0.444692,0.037642,0.066153,0.9321
457,1326.26,69.33,210.8,137.82,0.69076,0.064194,0.10979,0.12761,0.9173
457,1544.39,1024.02,95.5,97.21,0.804368,0.948168,0.049741,0.090008,0.9157
457,1334.72,567.56,72.72,72.33,0.695169,0.525518,0.037875,0.066974,0.9152
457,410.42,745.89,82.81,83.04,0.213762,0.690642,0.043128,0.076893,0.9075
457,107.03,195.29,63.03,62.77,0.055747,0.180824,0.03283,0.058119,0.9034
457,265.23,978.56,91.24,90.67,0.138142,0.906071,0.04752,0.083949,0.8959
457,166.18,906.31,88.3,88.28,0.086552,0.839176,0.04599,0.081741,0.8948
458,1076.3,837.17,253.16,250.3,0.560571,0.775157,0.131856,0.231759,0.9538
458,1594.21,624.85,314.33,310.87,0.830317,0.578562,0.163713,0.287846,0.9504
458,554.69,432.26,387.76,390.17,0.288902,0.400245,0.201956,0.361272,0.9501
458,1006.05,388.4,187.74,190.64,0.523983,0.359626,0.097784,0.176514,0.9434
458,1533.34,1014.87,96.13,96.91,0.798613,0.939698,0.050066,0.089735,0.9219
458,154.56,897.99,91.22,90.84,0.080499,0.831475,0.04751,0.084108,0.9215
458,251.55,968.2,93.4,91.95,0.131013,0.896485,0.048647,0.085137,0.9211
458,1316.37,62.82,209.44,124.24,0.685607,0.058162,0.109084,0.11504,0.9197
458,1148.07,194.34,63.48,63.6,0.597951,0.179946,0.033063,0.058889,0.9146
458,1323.01,557.75,69.18,70.92,0.68907,0.516434,0.036031,0.065668,0.9034
458,95.03,185.3,65.25,64.76,0.049494,0.171579,0.033983,0.059963,0.9008
458,398.99,736.15,82.07,82.85,0.207808,0.681622,0.042746,0.076713,0.8991
458,1561.63,470.23,70.54,69.63,0.813348,0.435399,0.036738,0.064474,0.8978
459,1581.32,613.94,314.06,311.02,0.823606,0.56846,0.16357,0.287984,0.9574
459,1063.98,824.92,252.03,250.19,0.554155,0.763812,0.131266,0.231657,0.951
459,543.72,421.92,386.16,385.98,0.283188,0.390669,0.201127,0.357387,0.9504
459,1550.68,458.61,71.89,69.77,0.807644,0.424635,0.037443,0.064606,0.9421
459,993.8,377.67,193.07,192.32,0.517606,0.349691,0.100556,0.178073,0.9362
459,1136.42,184.73,64.25,64.01,0.591885,0.17105,0.033463,0.05927,0.9275
459,1310.75,546.6,69.2,69.82,0.682685,0.506112,0.036043,0.064649,0.9273
459,1307.4,57.97,213.28,115.67,0.680939,0.053678,0.111082,0.107101,0.9244
459,83.98,174.8,63.22,63.23,0.043739,0.161855,0.032928,0.058542,0.9132
459,143.21,886.83,91.45,92.81,0.074591,0.821134,0.04763,0.085931,0.9113
459,387.62,726.69,83.62,80.89,0.201884,0.672863,0.043554,0.074901,0.9001
459,1522.38,1003.47,95.11,95.64,0.792904,0.929138,0.049538,0.088554,0.8991
459,240.5,959.27,89.58,88.99,0.125258,0.888215,0.046658,0.082399,0.8896
460,1571.35,605.0,314.95,309.56,0.818411,0.560184,0.164037,0.28663,0.9546
460,1054.7,815.52,252.92,251.8,0.549322,0.755108,0.131728,0.23315,0.9535
460,532.2,410.45,388.43,388.97,0.277186,0.380046,0.202307,0.360153,0.9495
460,988.29,367.22,193.54,193.65,0.514736,0.340019,0.100805,0.179301,0.9375
460,1512.21,993.62,96.87,98.28,0.787608,0.920022,0.050453,0.091002,0.9293
460,1125.52,172.66,65.09,63.65,0.586208,0.15987,0.033903,0.058935,0.9178
460,1540.06,447.76,69.86,69.81,0.802116,0.414592,0.036386,0.064637,0.911
460,1302.57,536.3,73.9,72.7,0.678422,0.496575,0.038491,0.067314,0.9087
460,375.71,715.24,84.39,84.57,0.195682,0.662259,0.043951,0.078302,0.9079
460,71.79,163.51,64.38,63.68,0.037391,0.1514,0.033533,0.058962,0.9075
460,229.13,947.31,93.33,91.22,0.119337,0.877138,0.048611,0.084459,0.9039
460,1293.82,53.64,207.22,106.58,0.673866,0.049667,0.107929,0.098681,0.9022
460,130.12,875.74,91.07,90.0,0.067771,0.810874,0.047431,0.083332,0.9004
461,1558.14,592.16,318.21,315.48,0.811532,0.548298,0.165734,0.292107,0.96
461,1041.91,805.56,249.04,249.72,0.54266,0.745885,0.12971,0.23122,0.953
461,518.92,400.55,387.18,388.76,0.270269,0.370876,0.201655,0.359961,0.9473
461,971.94,356.25,193.75,193.88,0.506216,0.329862,0.100911,0.179518,0.9423
461,1113.99,161.58,65.05,64.86,0.580205,0.14961,0.033878,0.060054,0.9414
461,216.59,937.44,90.26,90.57,0.112809,0.868002,0.047009,0.083862,0.9271
461,1529.09,437.43,71.36,70.54,0.796401,0.405027,0.037167,0.065311,0.9213
461,118.16,864.19,92.84,90.86,0.06154,0.800176,0.048356,0.084134,0.9212
461,1500.93,983.29,95.18,95.37,0.781734,0.910456,0.049574,0.088301,0.9184
461,59.27,149.95,64.92,63.81,0.030871,0.138839,0.033812,0.059085,0.9101
461,363.71,704.76,82.59,82.85,0.189432,0.652554,0.043015,0.07671,0.9096
461,1290.54,525.37,72.48,73.21,0.672158,0.486451,0.037749,0.067786,0.9038
461,1279.37,48.16,201.61,96.31,0.666336,0.044589,0.105007,0.089179,0.9008
461,447.9,1046.06,277.42,67.88,0.233279,0.968573,0.144492,0.062855,0.7759
462,1549.03,581.29,314.81,311.83,0.806784,0.538229,0.163963,0.288729,0.9598
462,1031.14,793.59,251.01,251.3,0.537053,0.734801,0.130736,0.232687,0.9545
462,507.05,388.56,390.06,392.22,0.26409,0.359779,0.203159,0.363165,0.9506
462,961.94,343.79,192.86,192.92,0.501009,0.318326,0.10045,0.178629,0.9348
462,105.72,852.53,91.62,91.32,0.055064,0.789381,0.047717,0.084552,0.917
462,351.7,691.75,83.66,84.06,0.183179,0.640505,0.043572,0.077832,0.9072
462,1491.19,969.85,96.09,98.91,0.776661,0.898007,0.050046,0.091582,0.9036
462,46.99,138.71,63.83,63.09,0.024472,0.128438,0.033246,0.058412,0.9001
462,1278.73,512.42,69.65,71.44,0.666003,0.47446,0.036278,0.06615,0.8974
462,204.97,925.72,89.95,89.14,0.106757,0.857146,0.04685,0.082538,0.8967
462,1102.76,148.58,63.91,64.08,0.574355,0.137578,0.033285,0.059338,0.8963
462,1519.23,425.58,73.36,72.36,0.791267,0.394054,0.038206,0.066998,0.8882
462,1274.64,42.79,214.46,85.45,0.663876,0.039621,0.1117,0.079124,0.8618
462,438.53,1040.97,283.32,78.06,0.228402,0.963861,0.147564,0.072279,0.7847
463,1019.13,781.96,254.05,250.24,0.530799,0.724034,0.132318,0.231704,0.9545
463,1537.68,567.48,314.4,311.98,0.800876,0.525446,0.163751,0.288871,0.9475
463,496.33,374.41,388.83,390.01,0.258503,0.34668,0.202514,0.361123,0.9473
463,1478.55,958.83,98.91,98.03,0.770077,0.887804,0.051515,0.090768,0.9301
463,93.3,840.67,94.31,92.39,0.048596,0.778395,0.049117,0.085549,0.9275
463,954.14,331.55,194.73,193.51,0.49695,0.306987,0.101421,0.17918,0.9243
463,1091.78,135.92,65.07,63.95,0.568635,0.125849,0.033891,0.059217,0.9168
463,1266.46,500.47,69.46,69.29,0.659616,0.463401,0.036178,0.064156,0.9152
463,36.2,126.76,62.5,63.42,0.018852,0.117369,0.032551,0.058719,0.9137
463,192.61,912.15,91.01,92.27,0.100316,0.844587,0.047402,0.085438,0.9125
463,1506.56,412.37,71.84,70.13,0.784669,0.381825,0.037417,0.064939,0.9041
463,340.46,680.82,82.78,83.57,0.177325,0.630386,0.043113,0.077384,0.894
463,1256.65,36.93,180.45,73.85,0.654504,0.034191,0.093985,0.068381,0.8307
463,423.24,1035.87,276.08,88.26,0.220438,0.959137,0.143792,0.081725,0.8223
464,1526.72,554.89,315.33,311.26,0.795165,0.513788,0.164234,0.288199,0.9576
464,1010.1,769.1,257.79,254.58,0.526096,0.712134,0.134264,0.235719,0.9546
464,485.7,364.42,388.13,392.19,0.252967,0.337424,0.202151,0.363143,0.9507
464,940.25,315.2,194.41,193.32,0.489715,0.291854,0.101253,0.178998,0.9416
464,1496.48,399.19,70.55,70.4,0.779416,0.369624,0.036745,0.065185,0.9196
464,1257.73,488.33,71.9,70.4,0.655068,0.452161,0.037445,0.065182,0.918
464,1080.25,122.91,65.0,65.0,0.562632,0.113806,0.033852,0.060182,0.9161
464,329.85,668.58,84.1,83.05,0.171795,0.619054,0.0438,0.076897,0.912
464,1467.64,945.69,95.21,95.55,0.764396,0.875639,0.04959,0.088475,0.9093
464,82.65,827.39,90.33,92.03,0.043049,0.766098,0.047049,0.085215,0.9053
464,180.58,900.24,90.07,89.37,0.094052,0.833555,0.046914,0.082747,0.8915
464,409.23,1026.24,277.93,107.51,0.213139,0.950225,0.144757,0.09955,0.8862
464,1247.82,28.49,185.54,56.92,0.649907,0.026382,0.096636,0.052704,0.7643
465,1517.55,543.36,314.08,310.58,0.790389,0.503113,0.163582,0.287571,0.9527
465,997.7,755.16,253.11,251.52,0.519638,0.699218,0.13183,0.232885,0.952
465,473.54,348.67,390.16,391.35,0.246634,0.322846,0.20321,0.362364,0.947
465,931.68,304.65,191.24,193.89,0.485251,0.282083,0.099603,0.179531,0.9363
465,1485.58,385.73,72.91,71.03,0.77374,0.357153,0.037972,0.065767,0.9331
465,1069.17,109.41,65.44,65.65,0.556858,0.101304,0.034081,0.060789,0.9276
465,69.65,812.34,92.36,91.72,0.036276,0.752164,0.048105,0.084923,0.9196
465,1457.06,932.94,97.23,97.68,0.758883,0.86383,0.05064,0.090447,0.9153
465,1245.99,473.02,73.16,72.74,0.648953,0.437982,0.038105,0.067348,0.9144
465,168.94,885.69,93.62,92.3,0.087987,0.820084,0.048759,0.085459,0.9069
465,400.51,1019.73,285.3,120.51,0.208598,0.944194,0.148592,0.111579,0.9027
465,315.84,653.63,84.02,84.24,0.164499,0.605212,0.043759,0.078002,0.9012
465,1229.35,22.29,163.06,44.58,0.640284,0.020637,0.084925,0.041274,0.7707
466,1504.08,530.02,312.82,310.33,0.783377,0.490761,0.162925,0.287345,0.9579
466,986.56,742.86,252.3,252.68,0.513831,0.687836,0.131409,0.233962,0.9532
466,462.14,335.98,384.62,389.81,0.240696,0.311095,0.200323,0.360933,0.944
466,916.32,289.6,194.22,194.04,0.477252,0.268149,0.101157,0.179665,0.9353
466,1474.6,372.19,72.34,70.95,0.76802,0.344622,0.037676,0.065693,0.9338
466,156.52,872.74,91.45,91.03,0.081521,0.808095,0.047632,0.084285,0.9278
466,1058.31,94.66,64.3,65.16,0.551204,0.087649,0.033488,0.060333,0.9221
466,387.34,1014.51,288.49,130.99,0.201741,0.939357,0.150258,0.121286,0.9137
466,1446.19,918.48,96.81,98.34,0.753227,0.850444,0.050422,0.091054,0.9128
466,304.92,639.92,85.17,86.26,0.158812,0.592522,0.044361,0.079874,0.8979
466,57.75,799.68,94.13,90.42,0.030078,0.740448,0.049028,0.083721,0.8955
466,1234.11,459.64,69.16,69.89,0.642765,0.42559,0.036018,0.064717,0.891
467,1494.44,514.53,316.17,310.9,0.778356,0.476421,0.164671,0.287867,0.959
467,974.82,728.36,251.46,252.22,0.507721,0.674406,0.130967,0.233534,0.9561
467,448.9,320.81,390.81,394.06,0.233801,0.29705,0.203548,0.364871,0.9502
467,1463.21,357.24,72.95,70.71,0.762089,0.330773,0.037993,0.065476,0.9442
467,906.44,276.58,193.97,197.68,0.472103,0.256089,0.101024,0.183041,0.9329
467,381.71,1006.38,290.16,147.24,0.198808,0.931832,0.151127,0.136336,0.9277
467,1435.82,904.55,97.23,97.89,0.747826,0.83755,0.05064,0.090639,0.9276
467,1046.96,80.98,64.15,63.46,0.54529,0.074984,0.033412,0.058762,0.9225
467,45.99,785.62,88.76,89.84,0.023952,0.727422,0.046231,0.083189,0.9122
467,292.32,625.79,83.81,83.76,0.152252,0.579434,0.043652,0.077553,0.9107
467,1222.18,445.97,70.44,70.81,0.636552,0.412933,0.036687,0.065564,0.9054
467,145.0,858.06,93.38,92.38,0.075521,0.794502,0.048635,0.085539,0.9008
468,1483.24,499.94,317.1,317.55,0.772523,0.462909,0.165158,0.294028,0.9557
468,963.73,712.83,256.98,255.74,0.501942,0.660024,0.133844,0.236798,0.9535
468,436.9,306.05,387.76,395.79,0.22755,0.283381,0.20196,0.366474,0.9462
468,895.35,261.54,194.23,196.46,0.466326,0.242163,0.101162,0.181908,0.9414
468,362.26,999.21,286.83,161.58,0.18868,0.925196,0.149391,0.149609,0.933
468,1035.48,65.49,65.52,64.4,0.539314,0.060637,0.034124,0.059627,0.9239
468,133.0,844.47,93.46,92.81,0.069273,0.781916,0.048676,0.085935,0.9233
468,1452.5,341.94,70.11,69.6,0.756511,0.316608,0.036514,0.064441,0.9229
468,1422.8,891.0,95.74,97.62,0.741042,0.824998,0.049864,0.090387,0.9176
468,1212.63,432.04,73.55,72.35,0.631578,0.40004,0.038306,0.066991,0.9103
468,39.5,772.19,78.3,89.65,0.020571,0.714987,0.04078,0.083009,0.9065
468,280.81,610.03,83.17,85.6,0.146257,0.564846,0.043318,0.079259,0.8924
469,952.99,697.08,253.94,252.28,0.496349,0.645441,0.132262,0.233592,0.9529
469,1473.98,485.47,315.85,313.77,0.7677,0.449512,0.164505,0.290531,0.9521
469,1441.67,327.05,72.31,70.33,0.750868,0.302827,0.03766,0.065117,0.949
469,426.27,291.32,388.54,395.99,0.222015,0.269738,0.202364,0.366659,0.9466
469,349.81,990.89,293.54,175.33,0.182194,0.917486,0.152886,0.162341,0.9439
469,883.49,246.21,195.76,195.83,0.460153,0.227968,0.10196,0.181327,0.937
469,1024.7,50.01,65.07,65.02,0.533697,0.046301,0.033889,0.060204,0.9298
469,1411.7,876.16,96.32,97.92,0.735263,0.811263,0.050164,0.090666,0.9208
469,1203.03,415.54,72.89,73.94,0.626577,0.384762,0.037965,0.068466,0.9164
469,120.24,827.1,92.92,92.52,0.062624,0.765829,0.048398,0.085668,0.9016
469,269.29,595.73,84.88,83.81,0.140253,0.551605,0.044207,0.077602,0.8998
469,33.64,756.48,65.17,88.52,0.017521,0.700442,0.033942,0.081966,0.8837
470,1462.13,469.27,314.46,313.29,0.761524,0.434511,0.163782,0.290087,0.9558
470,941.27,683.89,256.1,254.1,0.490244,0.633233,0.133385,0.23528,0.9504
470,873.09,229.42,194.98,195.26,0.454733,0.212427,0.101552,0.180793,0.9463
470,337.84,983.52,298.61,190.51,0.175961,0.910669,0.155528,0.176402,0.9443
470,414.84,272.91,392.69,395.68,0.216061,0.25269,0.204526,0.366369,0.9443
470,1431.21,311.06,72.15,70.61,0.74542,0.28802,0.037577,0.06538,0.9183
470,1013.09,34.54,63.35,63.74,0.52765,0.031979,0.032994,0.059019,0.9172
470,107.13,812.25,92.93,92.35,0.055797,0.75208,0.0484,0.085507,0.9124
470,1401.76,859.33,97.3,98.61,0.730084,0.795676,0.050679,0.091304,0.9123
470,256.54,579.44,85.0,86.68,0.133617,0.536522,0.04427,0.080261,0.8942
470,1189.48,399.1,70.42,70.2,0.619522,0.369541,0.036676,0.065,0.8916
470,675.73,1060.44,101.18,37.8,0.351945,0.981887,0.052696,0.034996,0.7216
471,1450.93,452.77,312.52,314.45,0.755692,0.419231,0.162769,0.291155,0.9544
471,930.61,667.96,252.55,253.86,0.48469,0.618484,0.131535,0.235056,0.9526
471,403.45,258.71,386.99,394.88,0.21013,0.239547,0.201557,0.365626,0.9482
471,326.54,975.34,299.47,209.33,0.170075,0.903089,0.155973,0.193822,0.9481
471,865.25,214.29,194.23,194.5,0.450652,0.198416,0.101161,0.180092,0.9384
471,1391.27,844.85,97.24,99.05,0.724622,0.782264,0.050645,0.091709,0.9262
471,1419.35,294.55,71.18,71.2,0.739246,0.272732,0.037071,0.065921,0.9166
471,1179.71,383.93,73.22,71.19,0.614431,0.355487,0.038134,0.065917,0.9131
471,95.0,795.57,93.83,93.37,0.04948,0.736641,0.048868,0.086451,0.903
471,245.47,562.66,85.01,86.49,0.127848,0.520977,0.044278,0.080088,0.9022
471,1001.24,25.12,63.16,50.24,0.521481,0.023261,0.032894,0.046521,0.8675
471,663.2,1052.28,94.26,53.81,0.345419,0.974331,0.049093,0.049827,0.8374
472,312.47,966.85,299.5,225.33,0.162745,0.895228,0.155989,0.208635,0.9576
472,1439.54,436.6,315.9,311.68,0.74976,0.40426,0.164531,0.288594,0.9571
472,918.39,651.23,257.56,254.96,0.478328,0.602994,0.134148,0.236072,0.9493
472,848.96,196.85,196.46,197.64,0.442167,0.182271,0.102325,0.182998,0.9452
472,388.6,240.52,388.65,394.21,0.202398,0.222706,0.202421,0.365013,0.945
472,1168.32,368.52,73.07,71.38,0.6085,0.341225,0.038059,0.066091,0.9177
472,1379.0,828.13,95.76,96.08,0.718232,0.766783,0.049874,0.088961,0.9151
472,1408.08,278.48,71.47,70.41,0.733373,0.257848,0.037223,0.065191,0.9057
472,83.4,779.41,92.09,91.42,0.043436,0.72168,0.047964,0.084653,0.9045
472,233.91,547.53,85.26,84.03,0.121831,0.506976,0.044404,0.077804,0.8987
472,988.97,16.67,60.94,33.33,0.515087,0.015433,0.031739,0.030865,0.8723
472,652.53,1044.54,89.08,70.91,0.33986,0.96717,0.046394,0.06566,0.8461
473,298.98,958.86,302.23,240.47,0.155718,0.887829,0.157411,0.22266,0.9585
473,1428.35,416.15,317.67,315.91,0.743933,0.385323,0.165451,0.292513,0.9575
473,907.59,634.09,255.82,253.41,0.472705,0.587121,0.133238,0.234639,0.9533
473,377.8,224.81,391.07,395.79,0.19677,0.208156,0.203683,0.366468,0.9464
473,838.65,180.49,197.48,197.85,0.436798,0.167116,0.102855,0.183194,0.9331
473,1369.34,810.88,97.67,98.15,0.713196,0.750819,0.050871,0.090879,0.9184
473,1156.94,350.14,73.18,73.34,0.602575,0.324203,0.038113,0.06791,0.9119
473,70.72,762.83,91.2,92.66,0.036835,0.706327,0.047498,0.085792,0.9115
473,1398.38,261.21,72.89,71.76,0.728325,0.241858,0.037964,0.066444,0.9089
473,221.79,530.88,83.63,84.23,0.115517,0.49156,0.043556,0.077992,0.8924
473,641.03,1036.02,89.35,86.87,0.333869,0.959273,0.046535,0.080432,0.8873
473,1018.97,1060.61,102.05,38.77,0.530712,0.98205,0.053151,0.0359,0.7493
474,288.63,949.75,298.95,257.76,0.150328,0.879402,0.155704,0.238668,0.9545
474,897.56,617.92,255.57,252.78,0.467481,0.572152,0.13311,0.234056,0.9532
474,1417.47,402.1,320.16,317.6,0.738263,0.372316,0.16675,0.294073,0.9481
474,366.91,206.35,392.31,396.52,0.191102,0.191069,0.204326,0.367149,0.944
474,825.7,164.38,198.54,197.27,0.430051,0.152199,0.103406,0.182657,0.9318
474,1356.14,793.94,97.34,99.01,0.706325,0.735132,0.050696,0.091677,0.9111
474,1145.18,332.8,70.31,71.48,0.596446,0.308146,0.036621,0.066186,0.9023
474,1385.95,244.52,72.21,72.24,0.721851,0.226404,0.037608,0.06689,0.8961
474,58.84,744.73,92.46,91.0,0.030644,0.689567,0.048157,0.084261,0.8846
474,208.93,512.69,86.87,85.96,0.108817,0.47471,0.045245,0.079591,0.8843
474,627.39,1020.34,91.53,90.65,0.326765,0.944762,0.047669,0.083931,0.8798
474,1011.82,1051.93,87.11,56.15,0.526991,0.974006,0.045371,0.051989,0.8718
475,885.04,599.51,256.27,256.21,0.460959,0.555104,0.133472,0.237234,0.954
475,1406.88,384.3,318.34,313.55,0.73275,0.355836,0.165801,0.290327,0.9522
475,355.85,195.51,396.13,388.56,0.185339,0.181029,0.206316,0.35978,0.9493
475,278.21,940.66,303.41,277.18,0.144903,0.87098,0.158026,0.256644,0.9468
475,815.58,144.21,193.54,197.2,0.42478,0.133525,0.1008,0.182594,0.9394
475,1374.35,224.56,71.63,70.82,0.71581,0.207922,0.037307,0.065578,0.9276
475,1345.49,776.9,96.0,96.89,0.700778,0.719355,0.050002,0.089711,0.9186
475,46.8,728.1,91.03,91.26,0.024374,0.674168,0.047414,0.084497,0.9185
475,1133.71,315.35,73.13,72.54,0.590474,0.291987,0.038087,0.067169,0.9052
475,198.3,494.92,84.25,83.79,0.103283,0.458255,0.043878,0.077581,0.9036
475,616.8,1003.12,90.69,91.42,0.321249,0.928811,0.047233,0.084648,0.8846
475,1000.99,1042.76,83.44,74.48,0.521349,0.965521,0.04346,0.068959,0.8688
475,1466.93,1004.63,384.56,150.75,0.764028,0.93021,0.200293,0.13958,0.701
476,1396.0,366.79,316.69,314.68,0.727083,0.339616,0.164944,0.291367,0.9546
476,874.32,579.95,255.29,255.56,0.455373,0.536994,0.132962,0.236627,0.9511
476,344.47,183.91,389.45,367.81,0.179412,0.170285,0.202841,0.340569,0.9498
476,264.6,930.69,300.98,293.38,0.137811,0.861752,0.156763,0.271647,0.9489
476,806.92,126.94,196.12,197.03,0.42027,0.117537,0.102144,0.182431,0.9359
476,1364.42,206.56,73.02,71.6,0.710638,0.19126,0.038033,0.066292,0.9289
476,184.85,475.53,84.58,86.43,0.096275,0.440303,0.044054,0.080028,0.918
476,1335.55,757.7,97.21,98.06,0.695599,0.701576,0.050633,0.090798,0.9153
476,604.59,984.38,89.24,89.55,0.314892,0.911463,0.046482,0.082913,0.9151
476,1123.54,296.59,74.03,74.1,0.585175,0.274616,0.038556,0.068615,0.9145
476,988.73,1028.99,86.49,86.53,0.514962,0.952772,0.045049,0.080118,0.914
476,39.46,709.8,77.87,90.54,0.020551,0.657219,0.040556,0.08383,0.8836
476,1455.47,998.43,386.55,163.14,0.758056,0.924472,0.201326,0.151056,0.8468
477,1384.76,349.22,315.77,314.2,0.721229,0.323354,0.164466,0.290922,0.96
477,862.89,563.58,255.11,254.55,0.449422,0.521835,0.13287,0.23569,0.9533
477,254.77,917.45,295.86,299.89,0.132694,0.849492,0.154094,0.277675,0.9533
477,330.47,174.05,391.2,347.97,0.172119,0.161157,0.203748,0.322196,0.951
477,792.25,104.9,198.4,200.04,0.41263,0.097132,0.103336,0.185219,0.9481
477,1324.44,741.39,98.48,97.28,0.68981,0.686471,0.051294,0.090077,0.9187
477,1112.12,277.19,73.34,72.78,0.57923,0.256653,0.0382,0.067388,0.9186
477,1353.12,187.84,72.24,70.5,0.704749,0.173925,0.037623,0.065278,0.9152
477,592.91,965.59,93.43,92.2,0.308809,0.894061,0.048663,0.085368,0.9076
477,173.92,457.31,85.92,84.81,0.090585,0.423432,0.044751,0.078531,0.9011
477,34.68,689.81,68.65,93.08,0.018063,0.638715,0.035757,0.086188,0.8976
477,1457.39,992.46,351.32,175.09,0.759056,0.918941,0.18298,0.162118,0.8912
477,977.56,1011.58,86.07,84.45,0.509146,0.936646,0.044827,0.078191,0.8667
477,1215.53,1055.8,61.22,47.78,0.633088,0.97759,0.031885,0.044241,0.7472
478,1374.23,328.25,318.06,314.93,0.715746,0.303938,0.165657,0.291604,0.9578
478,852.03,545.18,255.56,254.18,0.443764,0.5048,0.133102,0.235352,0.9553
478,242.15,897.26,297.78,296.53,0.126122,0.830798,0.155094,0.274561,0.9549
478,783.58,94.97,196.18,186.48,0.408116,0.087937,0.102178,0.172671,0.9431
478,318.82,168.0,387.09,329.21,0.16605,0.155552,0.201607,0.304826,0.9397
478,1341.51,169.25,74.0,73.59,0.698702,0.156714,0.038541,0.068141,0.92
478,581.92,948.1,89.28,89.04,0.303083,0.87787,0.046498,0.082446,0.9185
478,1313.29,721.29,98.45,97.72,0.684005,0.667859,0.051278,0.09048,0.9148
478,1100.43,257.38,71.48,72.04,0.573141,0.238315,0.037227,0.066703,0.8975
478,1444.03,978.69,357.66,202.62,0.752097,0.906193,0.186281,0.187614,0.8958
478,160.86,438.27,85.18,84.65,0.083783,0.405805,0.044366,0.078384,0.8939
478,965.46,991.24,86.49,86.88,0.502843,0.917811,0.045048,0.080445,0.8865
478,1205.1,1042.58,59.35,59.18,0.627654,0.965353,0.03091,0.054793,0.8189
479,1364.07,308.27,318.18,313.82,0.710452,0.285435,0.165717,0.29057,0.9607
479,229.31,877.36,301.28,297.36,0.119435,0.812369,0.156915,0.275333,0.9557
479,839.55,523.9,257.11,255.78,0.437263,0.485088,0.133912,0.236838,0.9538
479,307.64,159.24,389.6,309.43,0.160229,0.147448,0.202915,0.286507,0.9412
479,1433.63,968.02,357.1,223.96,0.74668,0.896316,0.18599,0.207369,0.9305
479,1330.88,148.64,73.18,72.43,0.693169,0.137631,0.038116,0.067062,0.9163
479,1301.03,701.22,96.75,97.49,0.677622,0.649282,0.050392,0.090268,0.9149
479,954.33,973.89,85.96,84.78,0.497045,0.901749,0.044772,0.078504,0.9147
479,1089.94,239.23,74.04,73.15,0.567677,0.221506,0.038564,0.067732,0.9118
479,769.0,86.0,198.95,169.14,0.400522,0.079633,0.103621,0.156611,0.9084
479,569.44,928.85,89.91,91.73,0.296581,0.860048,0.046827,0.08494,0.9024
479,148.64,418.21,85.91,85.08,0.077414,0.387233,0.044743,0.078774,0.8928
479,1193.05,1022.35,59.14,58.81,0.621383,0.946619,0.030805,0.054451,0.8534
480,829.69,504.5,258.12,254.64,0.43213,0.467125,0.134438,0.235776,0.9512
480,1352.14,289.68,317.5,317.26,0.704239,0.268223,0.165365,0.293762,0.9492
480,221.19,857.55,299.33,299.02,0.115202,0.794028,0.155899,0.276873,0.9488
480,1417.32,958.87,365.96,241.81,0.738189,0.887842,0.190606,0.223895,0.9413
480,758.77,75.89,198.63,148.94,0.395193,0.07027,0.103455,0.137906,0.938
480,1079.24,218.74,73.57,73.19,0.562106,0.202537,0.038316,0.067773,0.9365
480,299.63,144.71,383.24,289.21,0.156057,0.133989,0.199604,0.267783,0.934
480,1289.89,682.45,95.95,96.15,0.671816,0.631899,0.049975,0.089027,0.9226
480,1180.82,1003.9,60.18,58.89,0.615013,0.929536,0.031342,0.054529,0.9088
480,1319.59,128.67,72.64,71.18,0.687286,0.119143,0.037835,0.06591,0.9052
480,557.35,908.64,89.67,88.89,0.290289,0.841337,0.046702,0.082305,0.9028
480,943.01,952.09,87.12,87.78,0.491152,0.881563,0.045374,0.081278,0.9024
480,137.12,398.47,85.81,84.88,0.071419,0.368955,0.04469,0.07859,0.9023
481,1339.9,267.74,317.28,317.71,0.697865,0.247907,0.165249,0.294173,0.9537
481,818.04,484.48,256.63,257.7,0.426064,0.448591,0.133661,0.23861,0.953
481,206.43,838.27,299.98,301.81,0.107514,0.776174,0.156238,0.279451,0.9461
481,546.44,889.53,90.54,90.99,0.284605,0.823635,0.047157,0.084248,0.9436
481,284.74,135.68,380.83,271.35,0.148302,0.125627,0.19835,0.251253,0.9425
481,1406.42,947.43,367.69,263.44,0.732511,0.877254,0.191508,0.243924,0.9409
481,745.47,65.92,195.49,127.62,0.388264,0.061039,0.101819,0.118168,0.9368
481,1307.84,107.69,73.84,73.08,0.681166,0.099709,0.038458,0.067663,0.9354
481,1280.74,660.96,98.47,98.53,0.66705,0.612003,0.051287,0.091229,0.9164
481,124.52,378.14,84.87,85.57,0.064853,0.35013,0.044203,0.079231,0.9039
481,929.74,932.37,87.43,86.43,0.48424,0.863306,0.045537,0.08003,0.8975
481,1067.74,198.51,74.34,75.54,0.556114,0.183801,0.038716,0.069948,0.8806
481,1169.66,982.16,57.98,58.93,0.609198,0.909409,0.0302,0.054567,0.8688
481,263.87,1057.63,73.04,43.47,0.137431,0.979285,0.038041,0.040248,0.8325
481,1885.72,916.6,67.82,283.86,0.982146,0.848705,0.035323,0.262834,0.788
482,192.83,818.03,300.92,303.48,0.10043,0.757431,0.156728,0.281002,0.9578
482,1329.72,247.72,320.06,319.18,0.692563,0.22937,0.1667,0.295542,0.9523
482,805.12,462.68,256.5,254.4,0.419336,0.428412,0.133593,0.235558,0.9517
482,1395.99,937.79,365.86,284.08,0.727077,0.86832,0.190551,0.26304,0.9496
482,1056.43,177.06,73.48,73.34,0.550226,0.163949,0.038269,0.067903,0.9356
482,273.74,125.55,385.74,251.11,0.142571,0.116253,0.200905,0.232507,0.931
482,1269.05,640.76,97.28,98.17,0.660965,0.593296,0.050665,0.090899,0.9219
482,731.78,55.85,202.05,110.95,0.381137,0.051717,0.105234,0.102732,0.9148
482,1158.8,961.78,59.63,59.63,0.603541,0.890539,0.03106,0.055216,0.9137
482,534.41,868.29,90.65,91.72,0.278341,0.803969,0.047212,0.084922,0.9113
482,1297.27,86.1,73.6,73.31,0.675664,0.07972,0.038332,0.067875,0.9097
482,920.49,912.07,86.93,87.42,0.479423,0.844509,0.045275,0.080945,0.9078
482,112.93,356.74,87.14,85.69,0.058817,0.330317,0.045386,0.079341,0.9078
482,250.15,1047.86,77.89,62.54,0.130285,0.970245,0.040565,0.057904,0.8445
482,1879.2,885.49,80.69,291.48,0.978747,0.819896,0.042026,0.269892,0.8111
483,1318.17,226.22,317.53,313.43,0.686549,0.209465,0.165378,0.290215,0.9624
483,181.57,795.07,298.83,300.65,0.094568,0.736177,0.155641,0.278382,0.9581
483,794.95,443.3,255.16,254.24,0.414037,0.410463,0.132898,0.235407,0.9533
483,1043.73,154.93,72.71,70.86,0.543612,0.143449,0.037871,0.065614,0.9351
483,1389.68,927.53,360.68,302.81,0.723792,0.858825,0.187852,0.280384,0.9342
483,259.11,113.87,389.33,227.73,0.134955,0.105433,0.202777,0.210865,0.9333
483,1256.54,619.07,96.1,96.84,0.654448,0.573217,0.050054,0.089667,0.912
483,522.69,847.38,90.8,91.19,0.272235,0.78461,0.047294,0.084439,0.9099
483,239.2,1032.04,77.5,79.02,0.124585,0.955588,0.040363,0.073165,0.9098
483,101.19,335.69,84.38,83.5,0.052701,0.310821,0.043946,0.077314,0.9054
483,907.49,891.33,85.1,85.35,0.472653,0.825301,0.044321,0.079023,0.9006
483,1147.39,940.63,59.96,59.48,0.597597,0.870954,0.031228,0.055072,0.8973
483,722.8,44.05,200.67,88.09,0.376459,0.040783,0.104518,0.081565,0.89
483,1285.12,65.03,72.12,71.3,0.669333,0.060212,0.037564,0.066022,0.8896
483,1873.47,867.93,92.59,292.7,0.975765,0.803643,0.048225,0.271017,0.8325
484,170.14,774.78,301.4,300.58,0.088614,0.717385,0.156977,0.278313,0.9575
484,1306.88,205.08,318.16,317.78,0.680667,0.189892,0.165708,0.294237,0.9552
484,782.45,421.98,257.47,255.36,0.407524,0.390721,0.134101,0.236448,0.9544
484,1274.58,42.88,72.56,70.86,0.663845,0.039699,0.037789,0.065607,0.9358
484,1378.0,915.37,366.19,329.25,0.717706,0.847567,0.190725,0.304866,0.9352
484,1245.87,598.68,96.9,99.32,0.648892,0.554338,0.050467,0.091961,0.9211
484,511.31,825.49,90.95,90.58,0.266309,0.764341,0.047369,0.083867,0.919
484,243.86,104.76,386.67,209.43,0.127008,0.097004,0.20139,0.193921,0.9183
484,1032.94,134.09,74.03,74.02,0.537987,0.124154,0.038555,0.068537,0.9007
484,1866.17,851.64,107.66,274.32,0.971964,0.788553,0.056072,0.254004,0.8988
484,895.96,869.97,86.83,84.98,0.466645,0.805527,0.045225,0.078688,0.8985
484,225.72,1010.49,77.81,77.66,0.117562,0.935642,0.040528,0.071911,0.8927
484,88.06,313.4,85.75,85.78,0.045864,0.290184,0.044661,0.07943,0.8884
484,1134.96,918.58,60.26,59.61,0.591123,0.850534,0.031383,0.055197,0.8559
484,710.38,31.53,200.03,63.06,0.369991,0.029195,0.104182,0.05839,0.8191
485,1364.3,904.59,365.12,350.07,0.710571,0.83758,0.190169,0.324139,0.953
485,1297.3,185.46,318.9,316.52,0.675678,0.171718,0.166096,0.293077,0.9529
485,771.61,398.37,257.6,254.68,0.401883,0.36886,0.134166,0.235815,0.9519
485,160.03,754.66,299.49,301.2,0.083347,0.698757,0.155983,0.278885,0.9477
485,1234.15,577.44,98.43,99.7,0.642785,0.534662,0.051268,0.09231,0.9251
485,1124.8,898.1,61.19,59.74,0.585831,0.83157,0.031869,0.055316,0.9234
485,499.05,804.6,89.53,91.11,0.259923,0.745,0.046629,0.084357,0.9199
485,1021.19,111.02,74.41,74.62,0.531872,0.102798,0.038757,0.069093,0.9145
485,215.2,989.79,79.41,78.99,0.112083,0.916476,0.041361,0.073142,0.9066
485,1862.28,823.57,115.43,287.86,0.96994,0.762564,0.06012,0.266534,0.9045
485,76.85,292.8,85.59,85.34,0.040025,0.271115,0.044579,0.079018,0.9027
485,884.59,848.88,88.19,86.0,0.460723,0.786002,0.045932,0.07963,0.8938
485,231.94,91.86,382.74,183.37,0.120805,0.085053,0.199344,0.169783,0.8936
485,1263.78,27.83,72.89,55.66,0.658219,0.025766,0.037962,0.051533,0.8645
485,693.69,20.8,181.25,41.59,0.361297,0.019256,0.094401,0.038513,0.7113
486,1285.56,161.99,320.31,315.42,0.66956,0.149992,0.166829,0.292052,0.9584
486,760.37,377.83,257.67,258.43,0.396027,0.34984,0.134202,0.239287,0.9516
486,150.76,731.23,289.72,300.45,0.078519,0.677067,0.150898,0.278196,0.947
486,1356.73,887.26,355.03,355.74,0.706631,0.821539,0.184911,0.329393,0.9463
486,487.67,782.39,91.76,92.47,0.253995,0.724439,0.047792,0.085617,0.925
486,65.49,268.56,85.36,87.45,0.034112,0.248669,0.044458,0.080971,0.922
486,1222.37,553.63,97.99,99.06,0.63665,0.512619,0.051036,0.091719,0.9058
486,1008.9,87.71,72.09,73.68,0.525471,0.081212,0.037549,0.068219,0.9014
486,203.25,967.62,78.37,78.34,0.105858,0.895944,0.040819,0.072541,0.8993
486,872.33,826.21,87.92,87.13,0.45434,0.765014,0.045791,0.080679,0.8953
486,1854.78,800.68,130.43,310.71,0.966033,0.741369,0.067934,0.287692,0.8942
486,1112.52,875.28,60.2,60.48,0.579436,0.810445,0.031355,0.056002,0.8903
486,226.17,81.91,376.43,163.35,0.117797,0.075841,0.19606,0.151252,0.8558
486,1252.08,16.05,76.31,32.09,0.652126,0.014857,0.039747,0.029714,0.7706
487,1272.44,149.37,319.46,296.27,0.662727,0.138309,0.166384,0.274321,0.9557
487,143.42,708.77,283.83,304.73,0.0747,0.656272,0.14783,0.282154,0.9514
487,1338.45,866.89,366.19,353.83,0.697109,0.802674,0.190722,0.327619,0.9507
487,749.07,354.74,260.74,256.13,0.390139,0.328465,0.135801,0.237157,0.9483
487,1100.65,853.22,59.57,60.06,0.573257,0.79002,0.031028,0.055612,0.9313
487,1210.59,531.82,98.38,100.05,0.630515,0.492428,0.05124,0.092639,0.924
487,997.88,65.23,73.42,71.8,0.519727,0.060398,0.038242,0.066484,0.9225
487,189.72,946.32,79.6,77.73,0.09881,0.87622,0.041458,0.071975,0.9109
487,474.29,759.44,90.19,89.03,0.247028,0.703185,0.046974,0.082437,0.9069
487,1849.8,776.77,140.4,311.37,0.963437,0.719229,0.073125,0.288309,0.9008
487,51.87,247.88,86.4,84.93,0.027014,0.229519,0.045,0.07864,0.8947
487,861.81,803.44,88.98,87.15,0.448857,0.743923,0.046343,0.080694,0.8862
487,210.09,68.18,358.85,136.19,0.10942,0.06313,0.186899,0.126101,0.8136
488,137.23,686.09,270.25,303.48,0.071474,0.635265,0.140753,0.281004,0.9559
488,738.0,331.6,257.35,257.02,0.384378,0.307037,0.134039,0.237979,0.9549
488,1259.39,136.42,323.24,272.45,0.655934,0.126317,0.168356,0.252269,0.9545
488,1330.7,840.95,366.09,358.26,0.693072,0.778653,0.190671,0.331724,0.943
488,462.38,737.47,92.26,91.85,0.240824,0.682839,0.048052,0.085048,0.9213
488,1199.85,509.8,98.8,98.02,0.624922,0.472033,0.051457,0.090755,0.9162
488,1846.08,754.73,147.85,308.8,0.961498,0.698824,0.077005,0.285925,0.9154
488,1089.36,829.58,59.88,59.31,0.567377,0.768126,0.031186,0.054915,0.9079
488,41.08,223.58,81.43,87.74,0.021398,0.20702,0.042411,0.081243,0.9011
488,986.39,43.54,74.15,73.44,0.513744,0.040318,0.038622,0.068004,0.8989
488,850.21,780.0,87.34,87.25,0.442815,0.722219,0.045492,0.080789,0.8936
488,177.25,923.36,78.49,80.07,0.09232,0.854961,0.04088,0.074139,0.888
488,265.95,1066.25,68.28,27.46,0.138513,0.987271,0.035562,0.025428,0.7209
489,725.35,309.13,258.54,257.44,0.377785,0.286229,0.134657,0.238367,0.9563
489,130.21,662.55,260.42,302.45,0.067819,0.613474,0.135637,0.280044,0.9526
489,1321.8,823.45,363.26,359.6,0.688436,0.762451,0.1892,0.332962,0.9496
489,1250.32,125.91,325.64,251.26,0.651206,0.116579,0.169603,0.232648,0.9473
489,1838.3,735.34,163.12,303.49,0.957449,0.680873,0.084958,0.281007,0.9244
489,1188.14,485.34,100.53,99.8,0.618822,0.449385,0.052361,0.092411,0.9208
489,451.08,713.37,91.85,91.97,0.234939,0.660531,0.047841,0.085154,0.9164
489,838.12,758.16,88.72,86.47,0.43652,0.702,0.04621,0.080066,0.9009
489,165.21,899.49,79.24,79.89,0.086046,0.832864,0.041271,0.073973,0.8943
489,35.05,202.59,69.95,83.13,0.018256,0.187584,0.036434,0.076971,0.8745
489,976.82,29.04,75.23,57.09,0.508762,0.026891,0.039182,0.052865,0.8713
489,1076.62,806.28,60.21,59.4,0.560739,0.746553,0.031359,0.054999,0.8123
489,187.94,40.92,361.22,81.84,0.097887,0.037888,0.188134,0.075777,0.7793
490,123.8,641.12,247.61,302.93,0.064481,0.593633,0.128962,0.280492,0.9553
490,715.13,283.45,259.55,257.18,0.372464,0.262453,0.135182,0.238131,0.9545
490,1309.77,796.36,363.58,357.12,0.682172,0.73737,0.189363,0.330669,0.9513
490,1236.86,113.36,321.64,226.72,0.644197,0.104962,0.167522,0.209925,0.9433
490,1833.49,710.35,172.66,312.52,0.954941,0.657731,0.089928,0.289372,0.9369
490,1177.35,461.57,97.97,98.31,0.613203,0.427377,0.051024,0.091032,0.9254
490,439.04,689.86,91.24,92.18,0.228666,0.63876,0.047519,0.085355,0.9175
490,241.62,1036.76,59.53,59.12,0.125846,0.959966,0.031007,0.054737,0.907
490,1066.33,781.87,60.19,60.77,0.55538,0.723957,0.031348,0.056272,0.9039
490,152.58,874.75,81.49,80.28,0.079469,0.809949,0.042444,0.074334,0.9039
490,826.42,732.59,88.39,88.35,0.430427,0.678328,0.046035,0.081806,0.8899
490,961.37,15.57,72.77,31.14,0.500713,0.014416,0.037903,0.028832,0.8319
490,1015.85,1046.5,252.5,66.99,0.529091,0.968985,0.131512,0.06203,0.7734
491,1299.72,769.38,364.21,359.12,0.676939,0.712393,0.189691,0.33252,0.957
491,117.73,615.75,235.47,299.44,0.06132,0.570135,0.12264,0.277258,0.9521
491,702.38,261.21,258.4,258.51,0.365823,0.241857,0.134585,0.23936,0.9493
491,1228.81,101.56,325.19,203.13,0.640005,0.09404,0.169371,0.188081,0.9475
491,1828.63,686.38,182.01,307.91,0.952413,0.635541,0.094798,0.285098,0.9467
491,427.64,666.87,92.97,93.47,0.222728,0.617469,0.048421,0.086545,0.9298
491,231.1,1012.62,58.13,58.66,0.120364,0.937607,0.030278,0.054315,0.9169
491,1166.64,437.58,97.66,98.92,0.607623,0.40517,0.050867,0.09159,0.9151
491,140.42,851.88,79.49,80.04,0.073136,0.788777,0.041399,0.07411,0.9104
491,1055.55,758.15,60.7,60.49,0.549768,0.701989,0.031613,0.056007,0.9078
491,814.73,709.73,86.62,85.97,0.42434,0.657158,0.045113,0.079605,0.8853
491,1002.01,1036.02,257.59,87.96,0.521878,0.959276,0.134159,0.081448,0.8408
491,230.42,1062.0,84.41,36.01,0.12001,0.98333,0.043961,0.033339,0.7485
492,112.74,589.96,225.48,305.09,0.058718,0.546259,0.117437,0.282495,0.9585
492,1284.12,748.38,365.79,354.82,0.668811,0.692947,0.190517,0.32854,0.955
492,691.32,235.47,261.91,259.34,0.360064,0.218025,0.136411,0.240131,0.947
492,1823.02,660.35,193.32,311.25,0.949492,0.611436,0.100686,0.288191,0.9446
492,1217.31,91.57,331.82,183.14,0.634016,0.084785,0.172824,0.16957,0.9312
492,1042.43,733.81,59.45,59.23,0.542932,0.679456,0.030963,0.054846,0.9232
492,219.42,989.37,59.45,60.13,0.114279,0.91608,0.030964,0.055673,0.9192
492,415.78,641.56,94.13,92.73,0.216552,0.59404,0.049024,0.085864,0.9192
492,1154.65,412.95,99.18,100.9,0.60138,0.382359,0.051656,0.093429,0.918
492,129.25,827.35,77.9,78.27,0.067317,0.766063,0.040574,0.072473,0.9108
492,987.1,1021.86,268.76,116.27,0.514115,0.94617,0.139981,0.107659,0.9056
492,803.37,685.98,87.64,87.02,0.418424,0.635163,0.045643,0.080572,0.887
493,679.83,212.06,259.18,258.78,0.354078,0.196348,0.13499,0.239608,0.9531
493,1817.79,636.49,204.07,307.09,0.946766,0.589339,0.106285,0.284345,0.9515
493,106.04,566.6,212.07,294.6,0.055228,0.524632,0.110455,0.272775,0.9495
493,1282.37,724.01,354.37,347.95,0.667901,0.67038,0.184569,0.322175,0.9457
493,978.27,1010.31,268.94,139.39,0.509517,0.935468,0.140072,0.129064,0.9361
493,1204.85,77.68,334.76,155.36,0.627526,0.071924,0.174352,0.143848,0.9229
493,402.72,618.34,92.0,91.8,0.209751,0.572533,0.047914,0.084996,0.9225
493,206.95,964.61,60.03,58.99,0.107786,0.893155,0.031266,0.054623,0.9214
493,1142.91,390.01,99.18,98.24,0.595265,0.361122,0.051657,0.090961,0.92
493,115.69,802.55,79.66,81.28,0.060256,0.743098,0.041491,0.075255,0.8978
493,791.21,660.21,87.49,87.19,0.412091,0.611302,0.045568,0.080736,0.8974
493,1031.32,708.6,60.24,60.18,0.537147,0.656114,0.031377,0.055726,0.8864
493,209.11,1035.18,80.15,80.96,0.108909,0.958497,0.041744,0.074965,0.8551
494,667.16,187.96,258.25,258.87,0.347482,0.17404,0.134504,0.239697,0.9563
494,100.36,542.98,200.73,296.29,0.052273,0.502758,0.104546,0.274338,0.9505
494,1266.65,700.38,363.83,358.05,0.659712,0.648496,0.189493,0.33153,0.948
494,966.93,997.39,272.65,162.42,0.503608,0.923509,0.142007,0.150388,0.9473
494,1811.5,613.49,215.83,306.78,0.94349,0.568045,0.112411,0.284057,0.9456
494,103.4,777.28,80.4,80.21,0.053853,0.719705,0.041877,0.074273,0.9161
494,391.64,592.23,91.36,91.94,0.20398,0.548357,0.047584,0.085128,0.9159
494,1131.93,364.37,99.81,98.97,0.589546,0.337376,0.051984,0.091637,0.9154
494,194.29,939.12,59.32,57.47,0.101193,0.869558,0.030894,0.053213,0.9075
494,779.0,635.95,88.26,87.91,0.405727,0.588841,0.045967,0.081401,0.9037
494,1192.65,64.97,329.89,129.64,0.621173,0.060153,0.17182,0.120039,0.893
494,1018.45,683.18,59.5,59.96,0.530443,0.632577,0.030989,0.055519,0.8221
494,195.79,1009.88,79.91,79.71,0.101972,0.935077,0.041621,0.073806,0.8216
495,656.63,161.38,259.65,256.67,0.341992,0.149426,0.135234,0.237654,0.953
495,1251.81,676.11,365.03,356.96,0.651987,0.626026,0.190121,0.330521,0.9527
495,955.62,985.22,276.19,187.23,0.497718,0.912242,0.143848,0.173357,0.9507
495,1805.6,584.14,228.8,312.85,0.940418,0.540868,0.119165,0.289673,0.9477
495,94.57,516.27,189.15,300.78,0.049257,0.478028,0.098515,0.278502,0.9438
495,1120.0,336.82,97.59,99.57,0.583332,0.311868,0.050829,0.092194,0.927
495,378.94,567.1,90.97,92.63,0.197364,0.525089,0.047379,0.085766,0.9152
495,90.91,752.1,78.7,77.68,0.04735,0.696389,0.040992,0.07193,0.9101
495,767.4,610.57,87.46,87.51,0.399688,0.56534,0.045553,0.081029,0.8929
495,1008.26,659.02,60.01,59.74,0.525136,0.610207,0.031256,0.055316,0.8874
495,183.38,986.54,82.47,81.61,0.095511,0.913459,0.042953,0.075566,0.8575
495,1171.6,51.97,313.2,103.67,0.61021,0.048124,0.163126,0.095989,0.8218
496,942.66,973.09,279.18,212.49,0.490971,0.901006,0.145406,0.196749,0.9586
496,1242.28,644.33,363.47,363.18,0.647019,0.596606,0.18931,0.336282,0.9547
496,1800.17,561.54,239.39,310.69,0.937588,0.519944,0.124683,0.28768,0.9508
496,644.98,137.27,260.76,257.85,0.335929,0.127105,0.135814,0.23875,0.9504
496,86.75,490.12,173.49,295.33,0.045181,0.453819,0.090362,0.273453,0.9407
496,367.68,541.81,93.7,93.4,0.191497,0.501673,0.0488,0.086479,0.9299
496,1109.98,311.61,99.25,99.16,0.578113,0.288526,0.051694,0.091819,0.917
496,996.15,631.87,61.24,62.34,0.518828,0.585063,0.031898,0.057724,0.8976
496,755.88,583.89,87.91,88.33,0.39369,0.540639,0.045786,0.081787,0.8902
496,169.79,889.25,59.63,58.41,0.088433,0.823378,0.03106,0.054088,0.8887
496,77.31,725.34,80.12,80.05,0.040265,0.671611,0.04173,0.074123,0.8881
496,169.96,962.66,81.35,75.75,0.08852,0.89135,0.042372,0.070142,0.8541
496,1159.64,36.22,322.07,72.44,0.603979,0.033538,0.167745,0.067076,0.7809
497,1796.0,537.53,248.0,307.7,0.935416,0.497715,0.129169,0.284904,0.9591
497,1226.95,623.03,368.75,358.87,0.639035,0.576882,0.19206,0.332289,0.9521
497,930.48,961.32,276.46,237.22,0.484625,0.890107,0.143991,0.219652,0.9484
497,633.84,119.91,258.98,239.08,0.330123,0.111024,0.134883,0.221367,0.9481
497,82.54,462.09,165.08,288.08,0.042991,0.427862,0.085982,0.266739,0.9409
497,983.42,605.73,60.36,59.92,0.5122,0.560857,0.031438,0.055485,0.9392
497,157.76,863.44,59.82,60.18,0.082167,0.799478,0.031154,0.055723,0.9147
497,356.02,514.89,93.32,90.69,0.185428,0.476751,0.048606,0.083976,0.9144
497,1096.75,285.67,99.3,100.5,0.571223,0.264511,0.051719,0.093052,0.9036
497,65.03,702.15,80.78,79.07,0.033867,0.650137,0.042073,0.073211,0.9005
497,744.65,558.99,87.64,87.11,0.387839,0.517579,0.045645,0.080661,0.899
497,159.25,934.41,85.11,85.35,0.082942,0.865191,0.044329,0.079026,0.7463
498,1790.52,511.07,258.97,315.49,0.93256,0.473213,0.134879,0.292119,0.9566
498,919.5,948.71,277.54,261.73,0.478905,0.878439,0.144553,0.24234,0.9469
498,620.87,106.22,261.66,212.43,0.323369,0.098349,0.136281,0.196698,0.9468
498,1216.66,596.11,364.02,358.11,0.633676,0.551958,0.189591,0.331582,0.9456
498,75.55,434.04,151.09,293.69,0.039347,0.401888,0.078693,0.271938,0.939
498,1086.15,259.84,98.77,100.28,0.565704,0.240597,0.051443,0.09285,0.9248
498,343.71,489.52,91.4,91.31,0.179014,0.453264,0.047606,0.084548,0.9121
498,733.05,532.56,89.73,88.69,0.381799,0.493108,0.046733,0.082118,0.904
498,53.1,674.47,79.25,78.48,0.027658,0.624512,0.041277,0.072665,0.9025
498,971.34,579.86,61.09,60.66,0.505906,0.536908,0.031817,0.056171,0.9011
498,145.2,838.58,61.29,61.54,0.075625,0.776464,0.031924,0.056979,0.8989
498,145.51,908.82,83.34,80.08,0.075787,0.841502,0.043406,0.074146,0.8871
499,1784.38,484.94,271.25,313.29,0.929362,0.449022,0.141276,0.290086,0.9592
499,905.6,930.29,272.79,277.57,0.471665,0.861383,0.142078,0.257005,0.9507
499,1209.67,572.72,364.83,358.03,0.630037,0.530292,0.190013,0.331511,0.9496
499,610.52,94.49,263.56,187.75,0.317978,0.087488,0.137269,0.173845,0.9439
499,331.6,462.55,94.08,93.6,0.172711,0.428285,0.048999,0.086665,0.9285
499,67.62,408.04,134.67,298.87,0.03522,0.377815,0.07014,0.27673,0.9268
499,41.35,648.46,78.35,79.94,0.021538,0.600423,0.040806,0.074022,0.9189
499,1073.77,233.77,98.06,98.22,0.559255,0.216453,0.051074,0.090946,0.912
499,133.47,811.73,61.29,61.34,0.069516,0.751603,0.031922,0.0568,0.9058
499,720.38,506.43,89.35,88.22,0.375199,0.468914,0.046534,0.081689,0.9018
499,961.19,553.48,60.33,59.3,0.500622,0.512485,0.03142,0.054911,0.8782
499,134.14,882.73,82.24,80.31,0.069867,0.817342,0.042833,0.074362,0.8645
500,895.79,902.01,275.21,276.94,0.466558,0.835191,0.14334,0.256423,0.9585
500,1778.51,458.37,282.99,315.19,0.926306,0.424413,0.147389,0.291846,0.9584
500,1200.22,542.23,361.63,353.6,0.625116,0.502069,0.188347,0.327403,0.9493
500,596.96,80.52,268.46,161.05,0.310918,0.074559,0.139824,0.149119,0.9398
500,1062.98,206.06,99.5,100.13,0.553634,0.190793,0.051822,0.092711,0.9273
500,64.22,381.04,128.43,297.0,0.033446,0.35281,0.066892,0.275004,0.9229
500,949.67,525.85,62.2,62.02,0.494618,0.486895,0.032396,0.057422,0.9007
500,319.35,436.9,92.88,92.68,0.16633,0.404537,0.048377,0.085811,0.8944
500,121.75,853.34,85.24,85.63,0.063409,0.79013,0.044396,0.079286,0.8938
500,120.83,783.53,58.66,59.77,0.06293,0.725487,0.03055,0.055341,0.8934
500,709.0,480.51,92.56,89.22,0.369269,0.444917,0.048207,0.082609,0.8904
500,34.64,622.15,68.68,78.24,0.018043,0.576061,0.035773,0.072445,0.8621
500,1519.69,1065.94,83.81,28.11,0.791503,0.986984,0.043653,0.026032,0.7584
501,1188.9,519.05,356.39,357.08,0.619217,0.480604,0.185619,0.330628,0.956
501,1773.34,431.79,293.32,313.65,0.923614,0.399801,0.152773,0.290419,0.9552
501,885.4,875.55,277.24,273.1,0.461147,0.810691,0.144398,0.25287,0.9551
501,309.18,412.13,92.29,90.58,0.161031,0.381599,0.048065,0.083874,0.9283
501,585.59,66.57,255.23,132.95,0.304994,0.061642,0.132935,0.123106,0.9271
501,1051.93,181.05,99.45,99.0,0.547882,0.167643,0.051797,0.091665,0.9186
501,56.23,356.74,112.33,303.57,0.029288,0.330317,0.058504,0.281088,0.9094
501,697.22,451.48,89.2,89.48,0.363135,0.418037,0.046459,0.082851,0.9005
501,936.74,498.88,60.16,61.28,0.487886,0.461931,0.031331,0.05674,0.8997
501,108.2,758.47,60.86,60.34,0.056354,0.702292,0.0317,0.055873,0.8784
501,109.63,829.24,82.39,82.16,0.0571,0.767811,0.04291,0.07607,0.8504
501,1508.07,1054.33,80.25,51.34,0.785451,0.976233,0.041798,0.047535,0.8465
501,1346.49,1041.45,311.82,77.1,0.701295,0.964305,0.162406,0.071389,0.8043
502,1173.76,491.64,368.25,359.6,0.611333,0.455226,0.191796,0.332966,0.9605
502,872.54,849.44,275.66,279.08,0.454448,0.786523,0.143571,0.258408,0.9501
502,1768.1,406.21,303.81,313.02,0.920883,0.376124,0.158233,0.289837,0.9487
502,96.44,729.39,59.37,59.68,0.050228,0.675358,0.03092,0.055263,0.925
502,1496.34,1039.54,79.4,77.25,0.779344,0.962539,0.041355,0.071529,0.9234
502,1040.43,152.81,100.7,98.86,0.541891,0.141495,0.052447,0.091536,0.9137
502,295.64,383.13,92.68,92.94,0.153979,0.35475,0.048273,0.086054,0.9096
502,685.43,424.45,89.23,87.4,0.356994,0.393006,0.046476,0.080926,0.8998
502,575.08,55.19,261.78,110.12,0.299523,0.051099,0.136343,0.101963,0.8984
502,924.32,471.48,61.26,60.66,0.481417,0.436559,0.031908,0.05617,0.8938
502,50.85,339.46,101.7,307.99,0.026483,0.314313,0.052966,0.285176,0.8901
502,1320.89,1023.55,269.51,112.89,0.687965,0.947735,0.140371,0.10453,0.8897
502,98.11,803.06,83.42,83.15,0.0511,0.743579,0.043447,0.076988,0.7578
502,387.84,1051.59,232.69,56.82,0.201999,0.973695,0.121191,0.052609,0.7443
503,1759.85,376.96,308.55,314.74,0.916588,0.349035,0.160704,0.291429,0.9583
503,1161.57,462.67,369.43,361.13,0.604986,0.428402,0.192411,0.334376,0.9507
503,860.84,823.47,275.81,276.28,0.448357,0.762474,0.14365,0.25581,0.9505
503,1027.68,125.89,98.66,100.17,0.535252,0.116562,0.051384,0.092747,0.9343
503,283.77,355.8,92.58,93.03,0.147795,0.329446,0.048217,0.086142,0.9314
503,84.43,702.57,59.11,60.2,0.043974,0.65053,0.030787,0.055742,0.9228
503,1308.54,1011.2,279.63,137.61,0.681533,0.936292,0.14564,0.127416,0.9198
503,1485.55,1014.59,80.62,83.95,0.773723,0.939432,0.04199,0.077728,0.9006
503,673.88,396.88,91.11,91.93,0.350981,0.36748,0.047452,0.085119,0.8937
503,913.89,443.63,63.16,62.43,0.475984,0.410768,0.032894,0.057803,0.8664
503,85.55,776.19,80.04,81.59,0.044556,0.718694,0.041689,0.075551,0.855
503,46.06,316.27,92.12,334.94,0.02399,0.292839,0.04798,0.310127,0.846
503,383.2,1038.9,253.7,82.2,0.199582,0.961944,0.132135,0.076112,0.7919
503,554.96,38.02,251.86,76.05,0.289041,0.035206,0.131178,0.070413,0.7885
504,1750.22,350.2,312.78,315.0,0.911572,0.324255,0.162907,0.291668,0.9566
504,849.55,797.52,274.86,274.91,0.442473,0.738442,0.143155,0.254543,0.9554
504,1152.48,436.4,361.7,358.78,0.60025,0.404077,0.188386,0.332202,0.9511
504,1302.71,996.66,286.38,164.95,0.678493,0.922837,0.149155,0.152727,0.9345
504,1017.6,96.84,98.76,99.74,0.529998,0.08967,0.051436,0.09235,0.9307
504,270.04,327.98,92.83,92.56,0.140646,0.303681,0.048349,0.085704,0.9152
504,72.13,674.78,60.18,60.49,0.037568,0.624795,0.031342,0.056007,0.913
504,1473.37,987.29,81.97,84.27,0.76738,0.914157,0.042694,0.078026,0.9114
504,379.12,1023.41,247.26,113.17,0.197456,0.947606,0.128779,0.104788,0.9114
504,660.43,370.04,88.82,88.56,0.343975,0.342626,0.046259,0.081998,0.9081
504,75.09,749.7,80.76,76.96,0.039111,0.694168,0.04206,0.071262,0.8744
504,901.58,415.55,60.91,60.85,0.46957,0.384765,0.031724,0.056341,0.8567
504,40.23,278.1,80.47,295.2,0.020954,0.257499,0.041909,0.273335,0.8223
505,837.39,768.25,277.44,278.72,0.436141,0.711339,0.144501,0.258075,0.959
505,1738.54,321.45,316.99,314.45,0.905491,0.297637,0.1651,0.291161,0.9562
505,1141.27,412.11,360.92,356.94,0.594411,0.381584,0.187977,0.330501,0.9504
505,1294.8,984.39,291.67,188.83,0.674373,0.911468,0.151911,0.174844,0.9432
505,364.3,1011.19,256.8,137.63,0.189737,0.936283,0.133752,0.127434,0.9364
505,890.49,388.56,61.8,61.72,0.463795,0.359781,0.032189,0.057144,0.9201
505,259.16,298.01,92.01,93.24,0.13498,0.275939,0.047921,0.086333,0.9192
505,1004.81,69.82,99.01,100.33,0.523341,0.064649,0.05157,0.092898,0.9153
505,1461.13,960.13,81.13,83.75,0.761006,0.889009,0.042256,0.077545,0.9103
505,58.87,646.14,62.13,61.38,0.03066,0.598278,0.032359,0.05683,0.9046
505,649.66,342.92,88.86,87.45,0.338364,0.317519,0.046283,0.080973,0.8949
505,60.72,720.24,79.75,81.11,0.031624,0.666889,0.041538,0.075102,0.8642
505,33.31,261.96,66.63,323.14,0.017351,0.24256,0.034701,0.299202,0.7931
506,1727.72,295.1,313.86,315.14,0.899852,0.273242,0.163469,0.291796,0.9568
506,827.82,742.0,279.92,277.1,0.431156,0.687038,0.145794,0.256576,0.9559
506,1134.98,381.0,351.3,351.72,0.591135,0.35278,0.182969,0.32567,0.9557
506,1284.7,970.2,294.64,219.59,0.669113,0.898336,0.153457,0.203327,0.9489
506,353.65,994.88,262.69,167.8,0.184194,0.921183,0.136819,0.15537,0.9488
506,247.18,270.89,94.14,93.58,0.128742,0.250828,0.049031,0.086646,0.9354
506,877.89,359.0,60.83,60.93,0.457233,0.332408,0.031682,0.056416,0.9295
506,1450.43,932.58,84.03,84.1,0.755431,0.8635,0.043764,0.07787,0.9083
506,994.04,45.19,99.38,90.38,0.517727,0.041843,0.051759,0.083685,0.9069
506,638.12,312.4,90.66,91.84,0.332353,0.289255,0.04722,0.085039,0.8972
506,1668.67,679.95,65.57,66.07,0.869101,0.62958,0.03415,0.061174,0.8671
506,46.45,616.75,58.97,57.46,0.024192,0.571065,0.030714,0.053205,0.8492
506,48.91,693.92,83.74,75.83,0.025473,0.642518,0.043615,0.070216,0.7955
507,1118.08,351.53,368.12,357.11,0.582333,0.325491,0.191729,0.330653,0.9577
507,1273.28,956.09,290.66,247.75,0.663168,0.885266,0.151388,0.229401,0.957
507,342.24,983.36,262.96,191.31,0.178248,0.910516,0.136958,0.177135,0.956
507,1716.71,265.41,314.79,315.76,0.894117,0.245749,0.163955,0.292367,0.9501
507,815.38,714.48,278.57,281.74,0.424678,0.661554,0.145091,0.260869,0.9499
507,625.57,284.48,88.91,89.33,0.325817,0.263404,0.04631,0.082712,0.9212
507,1439.89,905.79,82.42,83.37,0.749945,0.838696,0.042929,0.077197,0.9171
507,235.98,241.33,92.48,91.91,0.122908,0.223451,0.048165,0.085105,0.9069
507,865.85,330.55,62.12,61.12,0.450965,0.306065,0.032353,0.056593,0.8879
507,981.42,31.81,101.94,63.4,0.511157,0.029452,0.053091,0.058708,0.8827
507,34.29,591.55,59.64,60.31,0.01786,0.547734,0.031061,0.05584,0.8713
508,1103.31,326.73,373.41,359.85,0.574639,0.30253,0.194483,0.333199,0.9562
508,1262.41,942.59,296.85,274.27,0.657507,0.872771,0.15461,0.253952,0.9544
508,1709.3,238.74,316.68,312.08,0.89026,0.221058,0.164937,0.288961,0.9537
508,803.36,686.45,276.34,275.34,0.418416,0.635602,0.143926,0.254941,0.9516
508,331.52,969.12,263.91,221.16,0.172667,0.897336,0.137455,0.204776,0.9467
508,222.69,213.44,92.3,92.28,0.115982,0.197632,0.048071,0.085447,0.9229
508,854.27,301.02,61.7,61.51,0.444933,0.278724,0.032134,0.056956,0.9056
508,614.36,254.88,88.81,89.94,0.31998,0.236003,0.046256,0.083278,0.8975
508,1427.43,877.53,82.38,85.31,0.743452,0.812532,0.042907,0.078995,0.8898
509,790.54,657.77,275.35,277.42,0.411738,0.609046,0.143411,0.256866,0.9601
509,317.47,955.78,259.25,246.29,0.165348,0.884982,0.135027,0.228043,0.9541
509,1249.85,924.65,301.41,296.64,0.650965,0.856153,0.156983,0.274668,0.953
509,1694.85,207.29,315.33,317.06,0.882732,0.191936,0.164236,0.29357,0.9526
509,1093.78,294.23,363.02,356.02,0.569676,0.272437,0.189074,0.329652,0.9458
509,209.68,184.97,93.66,92.73,0.10921,0.171265,0.048783,0.085863,0.9193
509,600.62,227.08,90.3,90.7,0.312825,0.210263,0.04703,0.083986,0.9173
509,1416.06,848.8,80.81,83.56,0.737534,0.785927,0.042089,0.077374,0.9053
509,842.71,272.78,62.83,64.41,0.43891,0.252573,0.032725,0.059643,0.9048
510,1682.18,180.07,318.45,315.24,0.876136,0.166727,0.165857,0.291887,0.9571
510,779.78,629.58,277.6,277.1,0.406136,0.582945,0.144582,0.256576,0.9564
510,1240.07,898.11,297.93,301.06,0.645869,0.83158,0.15517,0.278759,0.9553
510,1087.78,268.49,358.49,351.96,0.566553,0.248598,0.186711,0.325888,0.9516
510,305.6,933.73,264.1,265.18,0.159167,0.864562,0.13755,0.245537,0.9489
510,830.31,242.96,61.55,62.26,0.432451,0.224962,0.032059,0.057648,0.9122
510,197.82,155.01,93.29,92.81,0.103033,0.143525,0.048587,0.085939,0.9077
510,1404.76,820.49,83.26,85.32,0.731646,0.75971,0.043365,0.079001,0.9071
510,589.63,197.78,89.62,89.01,0.307101,0.183127,0.046675,0.082413,0.8906
511,769.13,599.64,279.05,277.55,0.40059,0.555224,0.145341,0.256991,0.9591
511,1671.51,155.26,318.86,308.57,0.870578,0.143761,0.166072,0.285709,0.9578
511,292.96,905.97,261.35,257.82,0.152582,0.838865,0.13612,0.238727,0.9552
511,1075.17,238.01,359.57,356.89,0.559984,0.220376,0.187278,0.330454,0.9505
511,1226.93,868.4,299.7,299.07,0.639028,0.804078,0.156094,0.276918,0.9476
511,185.45,127.21,94.94,94.25,0.096587,0.117789,0.049447,0.087267,0.9323
511,1393.86,790.48,83.03,83.45,0.725971,0.731923,0.043242,0.077271,0.9223
511,818.3,213.21,61.79,62.94,0.426199,0.197418,0.03218,0.058274,0.9188
511,577.51,168.32,88.59,89.38,0.300788,0.155848,0.046142,0.082761,0.9108
512,1216.8,841.65,297.38,301.44,0.633749,0.779306,0.154885,0.279114,0.9586
512,1659.31,140.49,319.06,279.65,0.864227,0.130085,0.166178,0.258934,0.9542
512,1060.37,208.9,372.5,356.48,0.552275,0.193422,0.194012,0.330075,0.9517
512,756.11,571.7,277.08,273.18,0.393809,0.529352,0.144315,0.252944,0.9495
512,281.7,874.79,264.33,261.19,0.146721,0.809994,0.137674,0.241842,0.9491
512,1381.92,761.27,81.85,84.54,0.719749,0.704884,0.04263,0.078279,0.9197
512,174.23,96.21,92.59,92.17,0.090744,0.089085,0.048222,0.08534,0.9137
512,564.5,139.64,89.59,88.7,0.294009,0.129297,0.046659,0.082127,0.9082
512,805.92,183.43,62.4,61.56,0.41975,0.169839,0.0325,0.056995,0.9034
512,1622.84,1046.72,250.78,66.57,0.845231,0.969181,0.130613,0.061638,0.7911
513,1204.51,812.27,297.05,302.52,0.627351,0.752106,0.154712,0.280112,0.96
513,744.89,544.18,276.17,280.52,0.387962,0.503867,0.143839,0.259742,0.9538
513,1049.66,182.51,367.29,347.88,0.5467,0.168992,0.191298,0.322112,0.9538
513,1649.8,126.07,318.17,250.37,0.859271,0.116731,0.165711,0.23182,0.9518
513,269.5,849.32,262.27,262.14,0.140362,0.786403,0.1366,0.242724,0.9504
513,161.1,68.47,93.73,93.7,0.083907,0.0634,0.048816,0.086763,0.925
513,794.14,154.18,63.55,62.72,0.413617,0.142761,0.033101,0.058073,0.9085
513,1369.68,733.37,82.57,84.87,0.713377,0.679047,0.043003,0.078588,0.8992
513,554.97,109.79,89.28,90.13,0.289046,0.101656,0.046502,0.083451,0.8981
513,1612.0,1034.59,270.23,90.82,0.839583,0.957955,0.140746,0.08409,0.8423
513,1774.65,1038.14,66.27,65.87,0.924298,0.961242,0.034517,0.060987,0.731
514,1193.25,784.01,300.59,301.05,0.621487,0.725933,0.156556,0.278745,0.9582
514,731.82,514.26,278.66,280.06,0.381156,0.476169,0.145136,0.259317,0.9571
514,257.24,819.08,263.89,262.46,0.133979,0.758411,0.137445,0.243016,0.953
514,1041.94,165.13,358.67,328.91,0.542678,0.152895,0.186805,0.304549,0.9525
514,1639.84,111.58,317.2,223.06,0.854086,0.103318,0.165206,0.206535,0.9493
514,782.86,124.63,62.49,63.54,0.407739,0.115403,0.032546,0.05883,0.9159
514,1595.6,1016.97,268.48,126.06,0.831043,0.941641,0.139834,0.116718,0.9156
514,1358.65,704.32,81.44,83.2,0.707628,0.652144,0.042417,0.077036,0.9147
514,149.14,42.28,93.73,84.55,0.077678,0.039144,0.048818,0.078289,0.9129
514,541.54,79.4,90.26,90.14,0.282053,0.073514,0.047008,0.083468,0.9057
514,1763.53,1010.01,65.51,66.74,0.918507,0.935195,0.03412,0.061794,0.7316
515,721.21,485.49,280.39,280.8,0.375629,0.449528,0.146035,0.259997,0.9601
515,244.74,789.66,263.43,261.36,0.127469,0.731165,0.137203,0.241997,0.9559
515,1181.59,755.18,297.13,300.71,0.615411,0.699242,0.154754,0.278439,0.9559
515,1034.02,149.87,357.24,298.54,0.538552,0.138766,0.186064,0.27643,0.9416
515,1628.05,96.49,323.35,192.99,0.847944,0.089347,0.168412,0.178694,0.94
515,1591.41,1003.83,271.28,152.35,0.828858,0.929469,0.141293,0.141063,0.9378
515,1347.55,673.48,83.02,85.0,0.70185,0.623595,0.043241,0.078707,0.9263
515,770.45,93.99,61.95,62.43,0.401275,0.087031,0.032266,0.057806,0.9201
515,529.27,50.52,90.81,90.05,0.275661,0.04678,0.047297,0.083383,0.8977
515,1751.82,981.18,67.17,67.5,0.912405,0.908498,0.034982,0.062504,0.8599
515,137.8,26.73,93.5,53.1,0.071769,0.024749,0.048696,0.049167,0.8461
516,710.14,454.49,278.1,277.21,0.369867,0.420822,0.144846,0.256673,0.9555
516,232.01,761.32,264.37,262.37,0.12084,0.704927,0.137695,0.242939,0.9538
516,1171.49,725.43,301.21,302.02,0.61015,0.671699,0.156878,0.279652,0.9518
516,1019.06,135.01,354.74,270.03,0.530762,0.125013,0.184759,0.250025,0.9467
516,1577.95,988.68,266.76,180.47,0.821851,0.915443,0.138938,0.167098,0.9391
516,758.71,64.52,62.24,63.57,0.395164,0.059741,0.032417,0.05886,0.9287
516,1612.01,81.31,315.21,162.62,0.839591,0.075288,0.164173,0.150577,0.9208
516,1337.63,644.06,82.48,85.62,0.696685,0.596353,0.04296,0.079281,0.9014
516,519.8,32.5,90.7,63.06,0.270731,0.03009,0.047242,0.058386,0.879
516,1740.32,951.94,67.47,68.03,0.906415,0.881428,0.035142,0.062993,0.8777
517,1564.1,973.55,267.73,212.19,0.814636,0.901434,0.139443,0.196473,0.9584
517,695.63,425.27,279.32,283.07,0.362308,0.393769,0.145477,0.262101,0.9574
517,1158.69,697.22,299.22,304.38,0.603486,0.645572,0.155845,0.281836,0.9567
517,221.04,732.21,263.02,265.61,0.115123,0.677968,0.136992,0.245937,0.9522
517,1016.02,119.69,347.64,238.57,0.529179,0.110821,0.181064,0.220898,0.9391
517,1324.27,615.03,83.96,86.16,0.689725,0.56947,0.043731,0.079781,0.9111
517,1604.1,65.97,314.57,131.55,0.83547,0.061082,0.163837,0.121809,0.8956
517,746.58,34.29,62.63,60.42,0.388844,0.031753,0.032622,0.055943,0.8926
517,1729.62,922.42,66.77,67.55,0.900843,0.854088,0.034776,0.062545,0.8774
517,502.68,17.33,84.98,34.66,0.261814,0.016048,0.04426,0.032097,0.8358
518,1146.51,665.27,295.23,300.21,0.59714,0.615988,0.153765,0.27797,0.9611
518,1554.99,958.63,269.93,242.74,0.809889,0.887622,0.140587,0.224755,0.9523
518,686.33,396.32,277.08,276.53,0.357465,0.366966,0.144311,0.256047,0.9506
518,208.24,702.44,265.19,263.42,0.108461,0.65041,0.13812,0.243912,0.9474
518,995.94,104.82,365.03,209.57,0.518719,0.097051,0.19012,0.194042,0.9241
518,1312.41,585.74,84.48,84.69,0.683544,0.542348,0.043999,0.078417,0.9069
518,734.17,17.09,62.13,34.01,0.382381,0.015822,0.03236,0.031492,0.8586
518,45.15,1018.76,89.48,122.45,0.023517,0.943294,0.046603,0.113383,0.8274
518,1589.52,51.76,319.74,103.53,0.827874,0.04793,0.166531,0.095859,0.8229
518,1717.94,892.74,67.01,67.56,0.894759,0.826615,0.034901,0.062553,0.7798
519,673.52,366.34,279.55,281.34,0.35079,0.339205,0.1456,0.260505,0.9613
519,1136.73,637.41,302.75,304.12,0.592047,0.590191,0.157682,0.281592,0.9611
519,196.01,673.68,261.78,263.24,0.102087,0.623775,0.136343,0.243737,0.9522
519,1542.94,941.2,268.25,264.43,0.803617,0.871483,0.139712,0.244844,0.9449
519,1301.45,555.61,82.94,84.94,0.677838,0.514455,0.043198,0.078649,0.9088
519,981.11,89.92,391.86,179.84,0.510997,0.08326,0.204094,0.166521,0.8853
519,38.99,1004.84,77.77,150.32,0.020308,0.930407,0.040504,0.139187,0.8376
519,1706.14,862.98,67.58,68.27,0.888615,0.799051,0.035196,0.063213,0.8012
519,1579.36,36.71,317.19,73.43,0.822586,0.033995,0.165206,0.067991,0.7642
520,1124.37,607.78,300.6,300.44,0.58561,0.562763,0.156563,0.278187,0.9611
520,183.54,643.33,265.99,263.92,0.095593,0.595676,0.138538,0.244372,0.9565
520,662.37,336.12,282.01,283.09,0.344982,0.31122,0.146878,0.262122,0.9563
520,1530.43,911.49,267.04,269.33,0.7971,0.843974,0.139081,0.249383,0.9534
520,1695.22,832.68,67.62,67.97,0.882926,0.771004,0.03522,0.06294,0.9142
520,1288.91,525.14,85.31,86.53,0.671308,0.486245,0.044432,0.080121,0.9082
520,980.12,73.77,373.43,147.34,0.510478,0.068304,0.194493,0.136427,0.8108
520,32.6,984.88,64.77,190.23,0.016978,0.91193,0.033737,0.17614,0.7913
521,650.95,305.62,279.94,280.78,0.339036,0.282983,0.145802,0.25998,0.957
521,172.09,614.0,262.02,261.54,0.089629,0.568522,0.13647,0.242167,0.9549
521,1518.78,881.29,268.51,264.83,0.79103,0.81601,0.139847,0.245217,0.9502
521,1113.95,577.86,298.96,302.45,0.580183,0.53506,0.155707,0.28005,0.947
521,1278.62,494.64,83.69,86.32,0.665947,0.457999,0.043591,0.079923,0.8992
521,1684.2,804.01,67.75,68.36,0.877188,0.744453,0.035288,0.063293,0.804
521,948.76,58.14,357.11,115.67,0.494146,0.053833,0.185994,0.107098,0.7256
522,1508.57,852.7,267.84,266.49,0.785716,0.789537,0.139502,0.246753,0.9582
522,1102.23,548.38,300.1,302.47,0.57408,0.507758,0.156301,0.280066,0.9562
522,637.38,277.22,277.32,279.01,0.331971,0.256682,0.144439,0.258339,0.9527
522,159.18,584.13,267.62,263.91,0.082907,0.540857,0.139386,0.244364,0.9473
522,1266.48,465.56,85.02,85.88,0.659623,0.431076,0.044279,0.079515,0.9012
522,1672.67,773.34,66.58,67.7,0.871184,0.716056,0.034675,0.062687,0.8535
522,938.89,43.34,350.98,86.68,0.489007,0.040131,0.182801,0.080262,0.8003
523,1089.48,518.09,298.06,303.14,0.567437,0.479715,0.155239,0.280681,0.9609
523,1499.23,822.75,269.26,265.89,0.780848,0.761805,0.140241,0.246195,0.9562
523,628.71,246.71,280.05,284.51,0.327454,0.228436,0.14586,0.263438,0.9531
523,148.29,555.23,261.84,262.33,0.077236,0.514101,0.136375,0.242898,0.9443
523,1255.02,435.39,83.06,84.07,0.653655,0.403139,0.043259,0.077845,0.914
523,1833.61,1010.15,172.79,139.71,0.955003,0.935321,0.089994,0.129358,0.8636
523,1661.22,743.7,67.6,68.23,0.865221,0.688615,0.035207,0.063172,0.7928
524,1079.2,488.24,301.41,302.27,0.562083,0.452072,0.156985,0.279878,0.9591
524,1486.57,794.53,271.69,267.1,0.774256,0.735676,0.141504,0.247316,0.9557
524,615.16,216.64,281.69,283.97,0.320397,0.200589,0.146715,0.262932,0.9552
524,135.11,523.45,264.31,264.62,0.07037,0.484679,0.13766,0.24502,0.9523
524,1244.74,404.09,85.57,84.81,0.648302,0.374153,0.044566,0.078527,0.8985
524,1827.96,995.21,184.07,169.58,0.952065,0.921491,0.095871,0.157018,0.875
524,1649.74,713.49,68.38,68.91,0.859241,0.660641,0.035614,0.063803,0.8003
525,603.21,187.53,282.77,283.98,0.314169,0.173643,0.147277,0.262945,0.9607
525,1067.99,458.45,301.45,301.34,0.556246,0.424495,0.157003,0.279022,0.9599
525,127.96,495.44,253.7,261.4,0.066647,0.458742,0.132137,0.242037,0.9524
525,1473.51,763.53,270.31,266.13,0.767454,0.706968,0.140785,0.246421,0.9479
525,1232.7,373.64,83.72,83.75,0.642033,0.345967,0.043602,0.077543,0.913
525,1822.85,979.24,194.3,201.51,0.949401,0.906708,0.101197,0.186583,0.8942
525,1638.53,682.75,67.49,68.07,0.853403,0.632176,0.035151,0.063028,0.8913
525,278.01,1049.99,100.21,58.54,0.144796,0.972215,0.052193,0.054207,0.852
526,592.11,155.94,283.16,283.33,0.308389,0.144388,0.147479,0.262338,0.9566
526,121.35,464.05,242.69,264.22,0.063201,0.429673,0.126402,0.24465,0.954
526,1055.2,427.51,298.87,301.58,0.549585,0.395842,0.155663,0.279245,0.9536
526,1462.97,734.4,270.23,268.71,0.761963,0.679999,0.140746,0.248805,0.9534
526,1817.02,964.89,205.68,230.23,0.946367,0.893413,0.107125,0.213174,0.9231
526,1220.12,343.71,84.11,86.31,0.635477,0.318253,0.043806,0.079913,0.9056
526,267.58,1035.1,98.13,89.8,0.139364,0.958426,0.05111,0.083148,0.8989
526,1627.35,652.95,66.2,67.65,0.847579,0.604584,0.03448,0.062641,0.8066
527,577.51,134.63,282.49,269.26,0.300785,0.124659,0.14713,0.249318,0.9593
527,115.18,435.79,230.36,266.08,0.059991,0.403514,0.119981,0.24637,0.955
527,1452.75,703.38,272.31,269.79,0.756641,0.651275,0.141829,0.249806,0.9545
527,1043.03,397.82,299.72,304.38,0.543243,0.36835,0.156102,0.281835,0.9531
527,1810.0,948.19,220.0,261.8,0.942708,0.877955,0.114585,0.242403,0.9289
527,1207.78,313.91,84.17,84.07,0.629052,0.290661,0.043837,0.077847,0.9087
527,257.87,1007.72,98.59,98.22,0.134307,0.933079,0.051351,0.090947,0.8965
527,1615.09,622.27,68.21,68.12,0.841191,0.576179,0.035528,0.06307,0.7777
528,1032.32,368.33,297.69,301.24,0.537666,0.341048,0.155048,0.278925,0.9597
528,1440.83,674.37,271.32,267.87,0.750432,0.624415,0.141315,0.248029,0.9588
528,109.15,403.14,218.3,264.12,0.056848,0.373276,0.113697,0.244555,0.9545
528,565.85,119.11,282.99,238.23,0.294713,0.110291,0.147391,0.220582,0.9454
528,1806.37,932.68,227.26,291.36,0.940818,0.863588,0.118365,0.269778,0.945
528,1196.45,283.28,82.71,84.38,0.623151,0.262297,0.043077,0.078131,0.9146
528,243.38,978.33,97.75,99.17,0.126762,0.90586,0.050912,0.091825,0.9141
528,1604.52,591.81,67.36,67.43,0.835687,0.547971,0.035081,0.062435,0.8599
529,1021.15,337.12,299.96,304.88,0.531848,0.312152,0.156231,0.282292,0.9607
529,1429.37,644.45,272.55,268.34,0.744462,0.596714,0.141954,0.24846,0.9555
529,102.7,375.24,205.4,264.56,0.05349,0.347447,0.106981,0.244962,0.9539
529,554.25,104.6,282.23,209.19,0.288671,0.096849,0.146993,0.193698,0.9503
529,1799.67,911.24,240.67,312.75,0.937327,0.843742,0.125347,0.289587,0.9485
529,232.24,948.14,101.83,101.24,0.12096,0.877911,0.053034,0.093737,0.911
529,1187.62,252.24,84.09,84.31,0.61855,0.233559,0.043798,0.078063,0.8846
529,1593.02,561.95,68.15,68.87,0.829696,0.520326,0.035494,0.06377,0.8346
529,102.78,1038.87,205.56,82.06,0.053531,0.961921,0.107063,0.075981,0.7133
530,1008.68,306.88,302.69,304.26,0.525353,0.284144,0.157652,0.281719,0.9584
530,1416.05,614.26,273.01,272.13,0.737525,0.568755,0.142194,0.251976,0.9549
530,1794.91,878.6,250.18,313.21,0.934848,0.813517,0.130304,0.290013,0.9545
530,97.08,343.55,194.17,261.53,0.050564,0.318105,0.101128,0.242157,0.9502
530,542.96,90.29,288.53,180.59,0.282793,0.083606,0.150274,0.167212,0.9409
530,218.86,918.05,96.85,97.64,0.11399,0.850043,0.05044,0.090406,0.9191
530,1173.02,221.63,82.87,84.91,0.610949,0.205209,0.043161,0.078616,0.9158
530,97.78,1022.17,195.55,115.49,0.050925,0.94645,0.10185,0.106934,0.885
530,1581.03,531.26,67.09,67.94,0.823454,0.491904,0.034941,0.062905,0.8668
531,1788.42,851.57,263.16,311.73,0.931469,0.788486,0.137062,0.288642,0.953
531,998.79,276.81,297.2,301.17,0.520203,0.256305,0.154792,0.278865,0.9524
531,1406.93,582.69,272.84,268.85,0.732778,0.539525,0.142106,0.248936,0.9465
531,90.52,313.86,180.22,269.71,0.047147,0.290615,0.093864,0.249732,0.9455
531,530.11,73.91,285.44,147.82,0.276099,0.068437,0.148668,0.136875,0.9339
531,89.41,1006.96,178.79,145.73,0.046567,0.932373,0.093118,0.134934,0.9151
531,205.97,888.37,101.25,99.84,0.107274,0.822569,0.052734,0.092441,0.915
531,1161.96,192.37,84.44,85.6,0.605189,0.178122,0.043977,0.079259,0.9018
531,1569.79,501.39,66.84,67.45,0.8176,0.464248,0.034814,0.062454,0.8589
531,702.62,1053.88,153.77,52.24,0.365947,0.975815,0.080091,0.048369,0.808
532,1783.77,822.13,272.46,314.1,0.929048,0.761228,0.141905,0.290833,0.9559
532,1394.78,554.35,268.06,269.06,0.726446,0.513283,0.139616,0.249131,0.9556
532,987.48,246.93,303.52,306.4,0.514315,0.228639,0.158083,0.283704,0.9524
532,85.64,282.11,171.28,263.6,0.044605,0.26121,0.089211,0.24407,0.9403
532,193.2,858.9,98.09,99.16,0.100626,0.795281,0.051088,0.091817,0.9134
532,1150.62,162.4,83.09,84.53,0.599279,0.150368,0.043274,0.078266,0.9051
532,515.38,59.76,279.22,119.27,0.268425,0.055333,0.145429,0.110439,0.9022
532,691.59,1037.31,148.71,85.38,0.360205,0.960474,0.077451,0.079053,0.8882
532,82.23,991.76,164.04,174.43,0.042829,0.918293,0.085436,0.161506,0.8722
532,1558.19,471.22,67.44,67.72,0.811558,0.436318,0.035126,0.062706,0.8261
532,244.27,1045.84,202.99,68.32,0.127222,0.96837,0.105726,0.063261,0.7058
533,973.8,216.37,299.16,305.09,0.507186,0.200339,0.15581,0.282489,0.9598
533,1382.8,523.82,269.95,267.74,0.720209,0.48502,0.140601,0.247906,0.9566
533,1778.51,794.31,282.98,316.06,0.926306,0.735473,0.147387,0.292646,0.9476
533,78.57,254.7,157.14,264.46,0.040921,0.23583,0.081842,0.244868,0.9459
533,181.71,828.89,98.26,99.36,0.094642,0.767495,0.051179,0.091997,0.9137
533,1137.88,131.62,84.95,87.3,0.592645,0.121874,0.044245,0.080836,0.9084
533,1547.47,440.24,67.02,67.67,0.805972,0.407631,0.034908,0.062659,0.8807
533,677.84,1022.35,151.85,115.23,0.353043,0.946622,0.07909,0.106697,0.8789
533,224.54,1032.61,256.88,94.77,0.116947,0.956124,0.13379,0.087751,0.8716
533,499.5,44.15,269.32,88.3,0.260158,0.040881,0.140273,0.081763,0.8255
533,77.31,977.89,151.41,203.61,0.040266,0.905457,0.078861,0.188526,0.8253
533,263.8,1021.69,65.94,62.96,0.137394,0.946008,0.034342,0.058298,0.7917
534,961.95,186.05,301.47,304.3,0.501013,0.172273,0.157016,0.281757,0.96
534,1372.6,495.82,273.16,268.92,0.714898,0.459093,0.142273,0.249004,0.9572
534,1772.91,764.76,294.17,312.3,0.923393,0.708108,0.153215,0.289165,0.955
534,72.11,219.43,144.22,262.25,0.037556,0.203177,0.075112,0.242825,0.9316
534,665.33,1008.66,153.03,142.69,0.346526,0.933941,0.079705,0.132118,0.9273
534,203.28,1017.51,281.21,124.63,0.105873,0.942135,0.146462,0.115403,0.9147
534,170.09,797.56,99.68,101.04,0.088586,0.738482,0.051919,0.093556,0.9102
534,1127.73,101.89,85.34,85.72,0.587361,0.094345,0.04445,0.07937,0.8955
534,138.67,987.96,235.91,182.91,0.072223,0.914779,0.12287,0.169362,0.8764
534,68.23,960.76,136.47,234.7,0.035538,0.889596,0.071077,0.21731,0.8636
534,252.02,993.83,66.92,65.08,0.131261,0.920213,0.034854,0.060258,0.8273
534,1535.49,410.16,67.16,68.24,0.799733,0.379777,0.034981,0.063186,0.8041
535,950.78,157.69,301.69,299.56,0.495198,0.146014,0.15713,0.27737,0.9604
535,1361.19,466.08,270.86,269.67,0.708954,0.431557,0.141074,0.249693,0.9548
535,1765.88,732.88,308.24,314.72,0.91973,0.678597,0.160541,0.291404,0.9483
535,190.26,1000.85,278.74,158.02,0.099095,0.926712,0.145177,0.146312,0.9396
535,655.8,982.85,153.44,154.19,0.341563,0.910047,0.079918,0.142765,0.9309
535,66.11,192.51,132.09,260.71,0.034432,0.178247,0.068799,0.241396,0.9273
535,156.58,769.07,97.91,98.47,0.08155,0.712104,0.050996,0.091173,0.9247
535,1114.96,70.23,84.11,85.56,0.580711,0.06503,0.043809,0.079219,0.904
535,66.67,940.66,133.33,258.39,0.034722,0.87098,0.069445,0.239248,0.8787
535,1524.05,380.21,66.92,67.72,0.793778,0.352047,0.034855,0.062704,0.8653
535,239.8,963.71,67.08,65.55,0.124895,0.892324,0.034937,0.060697,0.8501
535,887.45,1052.7,136.53,53.46,0.462214,0.974721,0.071109,0.049498,0.8165
535,1059.88,1018.3,305.27,123.39,0.552022,0.942875,0.158993,0.11425,0.8128
535,1886.51,97.77,66.21,193.17,0.982559,0.090528,0.034486,0.178858,0.7993
536,940.64,139.05,302.0,276.81,0.489917,0.128748,0.15729,0.25631,0.9607
536,1757.73,704.47,311.26,315.9,0.915482,0.652283,0.162116,0.292498,0.9563
536,1351.04,435.78,269.0,269.83,0.703665,0.403498,0.140105,0.249838,0.951
536,179.73,986.24,275.3,187.53,0.09361,0.913181,0.143387,0.173638,0.9425
536,641.69,954.67,153.94,156.51,0.334213,0.883953,0.080175,0.144919,0.9345
536,144.95,739.49,101.19,100.01,0.075492,0.684714,0.052701,0.092605,0.9236
536,60.64,162.05,121.29,262.74,0.031586,0.150042,0.063171,0.243274,0.9184
536,1105.77,43.16,83.94,81.08,0.575924,0.039963,0.04372,0.075073,0.8908
536,1042.47,1003.96,308.36,152.08,0.542953,0.929591,0.160604,0.140817,0.888
536,56.48,918.42,112.78,267.82,0.029419,0.850389,0.058741,0.247977,0.8684
536,229.14,935.91,65.09,64.34,0.119341,0.866582,0.033903,0.059574,0.8659
536,1512.14,350.21,67.67,68.29,0.787571,0.324269,0.035244,0.06323,0.8426
536,1878.85,82.62,81.31,163.66,0.978569,0.076496,0.042348,0.151541,0.7903
536,876.9,1039.12,144.35,81.77,0.45672,0.962145,0.075182,0.075709,0.7884
536,1147.32,1022.68,61.52,58.11,0.597564,0.946922,0.032041,0.053806,0.7196
537,1336.77,405.17,270.67,269.35,0.696235,0.375159,0.140974,0.2494,0.9547
537,926.06,125.83,303.84,250.95,0.482325,0.116508,0.158248,0.232363,0.9524
537,1747.58,675.35,319.85,317.82,0.910196,0.625327,0.16659,0.294276,0.9509
537,164.92,970.04,286.88,219.93,0.085895,0.898182,0.149418,0.203636,0.9483
537,629.74,924.45,154.51,160.17,0.327992,0.855976,0.080475,0.148309,0.9335
537,131.48,709.61,98.57,99.79,0.068478,0.657048,0.05134,0.092398,0.9232
537,1025.14,987.26,332.73,185.49,0.53393,0.914125,0.173295,0.17175,0.9138
537,53.96,134.3,107.93,264.91,0.028106,0.124347,0.056212,0.24529,0.9078
537,216.7,906.45,63.04,63.01,0.112867,0.839303,0.032832,0.058346,0.9035
537,869.17,1022.5,136.56,115.0,0.452694,0.946761,0.071123,0.106478,0.8902
537,1500.57,319.97,68.06,68.86,0.781549,0.296271,0.035448,0.063756,0.8519
537,51.99,881.95,103.99,257.43,0.02708,0.816621,0.05416,0.238357,0.842
537,1092.06,28.12,82.95,55.83,0.568782,0.026034,0.043203,0.051699,0.829
537,1133.78,992.09,60.01,56.87,0.590513,0.918601,0.031254,0.052658,0.8046
537,1873.7,62.37,91.97,123.04,0.975884,0.05775,0.047901,0.11393,0.7235
538,1738.0,645.59,318.94,315.65,0.905209,0.597771,0.166113,0.292272,0.9564
538,1326.48,376.98,271.09,268.59,0.690874,0.349052,0.141192,0.248694,0.9549
538,916.28,110.46,300.02,220.66,0.477231,0.102275,0.156262,0.204313,0.9496
538,153.69,956.01,280.01,247.38,0.080049,0.885195,0.145841,0.22906,0.9489
538,1014.8,972.74,324.63,212.81,0.528543,0.900681,0.169078,0.197043,0.947
538,621.23,895.63,158.53,159.54,0.323556,0.82929,0.082569,0.147723,0.943
538,119.17,681.33,100.23,99.28,0.062069,0.630864,0.052202,0.091924,0.9114
538,859.85,1007.67,136.12,137.89,0.447839,0.93303,0.070897,0.127672,0.9
538,47.73,116.08,94.93,232.16,0.024861,0.10748,0.049444,0.214961,0.8829
538,202.65,875.81,64.79,65.21,0.105545,0.810939,0.033744,0.060381,0.868
538,1489.28,289.97,66.81,67.27,0.775669,0.268489,0.034795,0.062287,0.8649
538,45.89,865.02,91.14,253.62,0.023902,0.800948,0.047471,0.234833,0.8451
538,1629.67,1040.99,305.46,78.01,0.848785,0.963883,0.159095,0.072235,0.7857
538,1871.16,46.39,97.69,91.44,0.974561,0.042956,0.050879,0.084664,0.7208
539,1315.48,345.33,272.88,268.15,0.685147,0.319752,0.142128,0.248287,0.9565
539,1006.14,958.68,326.84,240.63,0.524033,0.887664,0.170228,0.222808,0.9553
539,1729.24,615.38,323.85,318.77,0.900645,0.569794,0.168674,0.29516,0.9542
539,907.1,95.87,304.78,191.74,0.47245,0.088768,0.15874,0.177535,0.9459
539,144.91,941.23,278.3,274.62,0.075472,0.871507,0.144948,0.25428,0.9415
539,607.28,869.86,153.11,156.93,0.316292,0.805425,0.079744,0.145308,0.9376
539,108.27,650.8,99.05,99.42,0.056391,0.602588,0.05159,0.092054,0.9086
539,192.03,847.64,67.74,66.14,0.100018,0.784851,0.035282,0.061241,0.8786
539,42.91,104.29,85.29,208.57,0.02235,0.096561,0.044422,0.193122,0.8608
539,1109.06,933.38,60.91,59.01,0.577637,0.864238,0.031726,0.054637,0.8394
539,844.44,976.94,139.11,139.35,0.43981,0.904571,0.072454,0.129024,0.8179
539,35.78,819.25,71.56,210.16,0.018635,0.758562,0.03727,0.194588,0.8027
539,1617.58,1024.27,323.12,111.46,0.84249,0.948399,0.168294,0.103202,0.7994
539,1477.45,260.25,66.16,67.47,0.769504,0.240969,0.034459,0.062477,0.7437
540,1715.74,585.6,320.4,318.76,0.893613,0.542221,0.166878,0.295145,0.9535
540,1305.21,317.26,272.95,269.33,0.679798,0.293757,0.142161,0.249384,0.9527
540,993.44,945.67,325.48,268.12,0.517419,0.875621,0.169518,0.24826,0.9523
540,136.97,912.59,268.41,282.69,0.071339,0.84499,0.139794,0.261748,0.9511
540,595.9,838.38,155.57,158.04,0.310363,0.776274,0.081028,0.146336,0.9304
540,94.03,621.67,98.79,99.5,0.048975,0.57562,0.051454,0.092131,0.9297
540,892.52,80.9,310.86,161.8,0.464854,0.074912,0.161908,0.149813,0.9282
540,1601.36,1008.15,339.75,143.7,0.834042,0.933472,0.176952,0.133056,0.8873
540,832.76,946.63,134.68,138.05,0.433727,0.876513,0.070145,0.127829,0.8619
540,33.67,92.21,66.91,184.42,0.017535,0.085382,0.034847,0.170764,0.8121
540,1465.65,231.09,67.09,67.77,0.76336,0.21397,0.034943,0.062747,0.7949
540,178.19,817.13,66.14,64.7,0.092805,0.756598,0.03445,0.059908,0.7869
540,31.44,809.37,62.45,252.33,0.016376,0.749421,0.032528,0.233637,0.7617
540,1100.26,902.9,62.9,60.28,0.573055,0.836016,0.032761,0.055814,0.7229
541,982.44,928.81,327.28,302.38,0.511688,0.860009,0.170458,0.279981,0.9534
541,130.11,884.26,258.61,283.04,0.067765,0.818764,0.134692,0.262074,0.9516
541,1704.81,555.59,322.77,318.59,0.887923,0.514438,0.168109,0.294989,0.9486
541,1291.02,286.64,269.76,268.81,0.672407,0.265412,0.140501,0.248899,0.9464
541,583.26,809.49,155.35,157.49,0.303783,0.749531,0.080911,0.145824,0.9287
541,82.3,591.82,101.18,101.38,0.042864,0.547979,0.052698,0.093873,0.9124
541,1587.0,995.76,356.55,168.48,0.826565,0.922002,0.185705,0.155996,0.9079
541,877.41,67.08,311.34,134.06,0.456986,0.062113,0.162154,0.124126,0.9076
541,165.3,787.83,67.87,66.05,0.086096,0.729468,0.035349,0.061157,0.8899
541,1454.46,201.54,68.82,68.62,0.757529,0.186613,0.035841,0.063538,0.8737
541,1086.72,874.4,61.47,60.63,0.566002,0.809627,0.032016,0.056142,0.8557
541,821.01,918.59,133.1,134.53,0.427607,0.850546,0.069322,0.124567,0.8547
541,29.86,80.81,58.8,160.6,0.015553,0.074824,0.030627,0.148701,0.7869
542,968.83,915.7,324.03,328.4,0.504599,0.84787,0.168764,0.304073,0.9545
542,1279.16,258.69,269.02,268.45,0.666228,0.239529,0.140114,0.248568,0.9528
542,123.09,855.98,246.0,280.43,0.064108,0.792578,0.128123,0.259654,0.9522
542,1695.23,530.52,326.22,321.17,0.882934,0.49122,0.169908,0.297377,0.9502
542,571.67,783.24,158.29,156.88,0.297747,0.725222,0.082443,0.145261,0.9342
542,69.5,563.28,98.38,99.09,0.036197,0.521559,0.051237,0.091747,0.9298
542,1571.46,979.23,345.62,201.54,0.818469,0.906694,0.180011,0.186613,0.9246
542,811.1,890.62,136.97,137.5,0.422447,0.824651,0.071339,0.127319,0.8915
542,867.44,51.79,295.63,102.79,0.451793,0.047955,0.153972,0.095172,0.8605
542,1074.33,845.55,60.64,61.69,0.559546,0.782916,0.031584,0.057117,0.8144
542,1442.42,172.67,68.71,69.42,0.751261,0.159878,0.035785,0.064275,0.7969
542,154.11,760.76,65.73,64.65,0.080265,0.704403,0.034236,0.059859,0.7045
543,1267.84,228.66,268.91,268.37,0.660333,0.211725,0.14006,0.248489,0.9575
543,117.54,828.55,235.09,285.04,0.061221,0.767173,0.122442,0.26393,0.9569
543,957.31,890.41,327.32,337.23,0.498598,0.824458,0.170482,0.312246,0.9554
543,1683.87,500.55,326.2,316.65,0.877014,0.463476,0.169896,0.293197,0.9475
543,1561.27,964.58,349.29,230.83,0.813162,0.893134,0.18192,0.213732,0.9419
543,558.79,751.75,157.78,156.83,0.291036,0.69606,0.082178,0.145209,0.9356
543,55.89,535.01,99.14,98.85,0.029109,0.495375,0.051634,0.091527,0.9094
543,796.6,859.82,134.57,135.74,0.414894,0.796133,0.07009,0.125689,0.8537
543,1431.04,142.26,68.01,69.31,0.745332,0.131718,0.035419,0.064172,0.8513
543,861.66,37.93,321.31,75.86,0.448781,0.035118,0.167349,0.070236,0.7659
543,434.13,1039.37,314.87,81.26,0.226108,0.962378,0.163995,0.075243,0.7443
544,1671.99,469.62,325.16,320.33,0.870826,0.434835,0.169353,0.296599,0.9593
544,947.02,864.23,323.25,334.18,0.493238,0.800217,0.168362,0.309424,0.9568
544,1257.84,200.41,272.85,269.35,0.655124,0.185562,0.142108,0.249398,0.9554
544,111.55,798.86,223.09,286.04,0.058098,0.739688,0.116195,0.264853,0.9519
544,1549.43,951.59,347.31,255.87,0.806997,0.8811,0.180893,0.236918,0.9367
544,547.33,725.02,154.51,156.19,0.285067,0.671313,0.080475,0.144616,0.9363
544,47.7,506.36,94.02,98.23,0.024842,0.468853,0.048967,0.090952,0.9099
544,432.99,1023.9,317.59,112.2,0.225518,0.948057,0.16541,0.103885,0.8577
544,1569.51,1034.4,382.75,91.21,0.817452,0.957773,0.199348,0.084453,0.8462
544,784.82,833.23,135.56,135.01,0.40876,0.771514,0.070605,0.125005,0.7968
544,1419.23,114.14,67.54,67.42,0.739182,0.105685,0.035176,0.062425,0.7871
544,129.48,703.09,69.93,69.6,0.067435,0.65101,0.03642,0.064442,0.7391
545,1244.95,172.26,270.56,268.52,0.648414,0.159503,0.140915,0.248634,0.9556
545,105.21,768.63,210.43,290.4,0.054799,0.711697,0.109598,0.268892,0.9536
545,935.98,834.1,327.66,338.59,0.487489,0.772311,0.170654,0.313508,0.9533
545,1661.86,442.39,329.02,319.7,0.865554,0.409617,0.171363,0.296015,0.9512
545,1537.94,934.82,342.09,289.45,0.801009,0.865575,0.178171,0.268008,0.9503
545,534.95,695.48,158.18,157.38,0.278619,0.643961,0.082384,0.145718,0.9264
545,39.6,479.75,79.16,96.12,0.020627,0.444216,0.041227,0.089005,0.9192
545,417.0,1007.07,324.49,145.86,0.217186,0.932471,0.169006,0.135058,0.894
545,773.98,803.28,135.68,136.43,0.403114,0.743774,0.070669,0.126323,0.8192
545,1407.02,85.19,69.16,69.28,0.732825,0.078881,0.036021,0.064148,0.8026
545,1674.99,1038.95,213.63,82.11,0.872392,0.961988,0.111268,0.076024,0.7314
546,923.78,806.27,326.12,336.18,0.481134,0.746544,0.169856,0.311276,0.954
546,1648.12,415.44,323.2,316.59,0.858398,0.384663,0.168336,0.293139,0.9492
546,1232.29,142.89,271.41,266.78,0.641818,0.132303,0.141361,0.247016,0.9482
546,98.57,740.81,197.14,285.35,0.051339,0.685937,0.102677,0.264216,0.9448
546,1528.23,921.4,346.0,316.97,0.795954,0.853152,0.180206,0.293489,0.9413
546,521.34,665.97,156.4,156.51,0.271531,0.616636,0.081456,0.144914,0.9349
546,405.87,994.33,324.63,171.2,0.211392,0.920675,0.16908,0.158514,0.9205
546,34.83,450.18,69.56,99.25,0.018142,0.416836,0.036232,0.091895,0.9183
546,1026.46,731.3,59.73,59.35,0.534614,0.677129,0.03111,0.054952,0.8397
546,761.59,775.04,133.08,134.0,0.396661,0.717629,0.069311,0.124078,0.8357
546,1667.34,1023.7,212.18,112.6,0.868409,0.947871,0.11051,0.104259,0.8141
546,1396.36,56.13,68.76,68.07,0.72727,0.051975,0.035814,0.06303,0.8117
546,104.63,647.81,67.21,64.51,0.054496,0.599824,0.035007,0.059733,0.7249
547,1635.58,385.77,318.37,317.85,0.851866,0.357195,0.16582,0.294308,0.9515
547,92.99,712.04,185.99,283.85,0.048435,0.659293,0.096869,0.262822,0.95
547,1220.6,125.26,271.18,249.93,0.635728,0.115979,0.141239,0.231415,0.9499
547,909.75,778.31,327.71,337.23,0.47383,0.720661,0.17068,0.312249,0.9495
547,1513.8,908.12,348.79,339.74,0.788436,0.840854,0.18166,0.314575,0.939
547,391.08,979.14,329.7,201.71,0.203689,0.906615,0.171716,0.18677,0.9373
547,508.7,637.36,157.99,158.65,0.264948,0.590144,0.082284,0.146896,0.9351
547,29.52,418.86,58.21,101.61,0.015376,0.387834,0.03032,0.094081,0.8897
547,1014.86,704.09,61.23,59.5,0.528575,0.651932,0.03189,0.055096,0.855
547,751.17,746.39,140.64,138.34,0.391236,0.691105,0.073248,0.128089,0.7426
547,1655.96,1010.14,211.21,139.73,0.862479,0.935312,0.110006,0.129375,0.723
547,1058.76,1051.63,84.31,56.74,0.551436,0.973731,0.043911,0.052537,0.7161
548,897.92,750.39,327.05,339.36,0.467664,0.694803,0.170336,0.314226,0.9652
548,1622.96,358.11,325.32,318.42,0.845294,0.331581,0.169438,0.294832,0.9542
548,380.91,966.19,336.72,226.21,0.198392,0.894621,0.175375,0.209456,0.9538
548,1206.19,110.36,272.82,220.71,0.628224,0.102182,0.142094,0.204365,0.9495
548,1502.11,884.77,349.78,348.11,0.782347,0.819233,0.182177,0.322327,0.9486
548,86.29,684.44,172.59,280.0,0.044945,0.633738,0.08989,0.259257,0.9442
548,496.44,610.04,157.13,156.33,0.258563,0.564852,0.081839,0.144755,0.9311
548,80.28,591.6,64.5,63.65,0.041812,0.547775,0.033594,0.058935,0.8782
548,737.48,716.48,135.18,136.38,0.384104,0.663407,0.070405,0.126274,0.842
548,1371.52,16.31,64.13,32.63,0.714334,0.015105,0.033399,0.030211,0.8127
549,367.16,951.57,340.65,255.95,0.191229,0.88108,0.177424,0.236995,0.9569
549,887.87,723.67,322.67,335.18,0.462435,0.670069,0.168057,0.310356,0.9565
549,1614.41,330.26,326.04,320.44,0.84084,0.305796,0.169814,0.2967,0.9523
549,1196.87,97.56,270.95,195.11,0.623369,0.09033,0.141118,0.180659,0.9514
549,81.24,654.76,162.49,282.63,0.042315,0.606263,0.08463,0.261693,0.9456
549,1492.91,857.16,353.64,347.96,0.777559,0.79367,0.184186,0.322185,0.9354
549,485.59,581.5,154.5,156.52,0.252914,0.538424,0.080471,0.144925,0.9281
549,1586.67,917.93,286.47,285.81,0.826389,0.849937,0.149203,0.264637,0.9014
549,724.47,688.87,137.34,133.71,0.377327,0.637846,0.071533,0.123802,0.8368
549,1638.57,978.99,199.02,201.25,0.853424,0.906475,0.103659,0.186346,0.8258
549,989.28,648.21,58.41,56.96,0.515251,0.600194,0.030424,0.052737,0.8001
549,1034.9,1008.87,83.66,85.03,0.53901,0.93414,0.043573,0.078735,0.7306
550,1604.45,303.48,326.09,315.89,0.835649,0.281004,0.16984,0.292493,0.9593
550,876.43,695.94,328.13,342.1,0.456472,0.64439,0.1709,0.316764,0.9542
550,355.15,938.24,335.93,282.37,0.184974,0.868742,0.174963,0.261458,0.9528
550,1483.02,826.9,350.64,352.95,0.772404,0.765647,0.182624,0.326801,0.9441
550,1185.68,83.26,272.21,166.49,0.617542,0.077096,0.141777,0.154156,0.9346
550,472.7,555.14,158.98,158.99,0.246198,0.514016,0.082802,0.147217,0.9331
550,71.66,629.94,143.33,278.71,0.037325,0.583278,0.07465,0.258062,0.928
550,980.69,619.39,62.87,60.34,0.510777,0.573513,0.032745,0.055872,0.8976
550,54.1,535.18,63.18,64.36,0.028175,0.49554,0.032908,0.059592,0.7981
550,1024.16,983.88,86.87,88.32,0.533419,0.911002,0.045244,0.081781,0.7877
550,1627.62,953.17,195.33,195.86,0.84772,0.88256,0.101736,0.18135,0.7179
551,862.44,669.39,322.83,334.2,0.449189,0.619809,0.168141,0.309448,0.9564
551,344.15,923.36,334.11,311.12,0.179247,0.854963,0.174015,0.28807,0.9525
551,1470.31,798.92,346.96,344.5,0.765788,0.739743,0.180708,0.318985,0.9473
551,1593.2,275.21,323.0,317.55,0.829792,0.254825,0.168229,0.294029,0.9467
551,462.72,528.01,155.21,157.51,0.241001,0.488898,0.080836,0.145842,0.9375
551,66.55,602.54,133.1,286.03,0.03466,0.557907,0.06932,0.26484,0.9284
551,1171.83,70.68,289.23,141.36,0.610328,0.065444,0.150641,0.130888,0.9219
551,1011.28,956.12,84.5,85.22,0.52671,0.885298,0.044012,0.07891,0.8724
551,968.08,591.07,63.01,62.75,0.50421,0.547289,0.032818,0.058102,0.8699
551,1615.41,929.59,195.8,203.08,0.841357,0.860733,0.101977,0.188037,0.8549
551,700.09,633.49,135.34,135.46,0.364632,0.586562,0.070489,0.125425,0.7456
552,850.59,641.25,325.46,341.38,0.443015,0.593746,0.169511,0.316093,0.9579
552,1581.79,247.62,326.38,316.6,0.823852,0.229273,0.16999,0.293144,0.9531
552,331.0,907.82,337.67,330.38,0.172397,0.840578,0.175868,0.305904,0.9523
552,1457.74,771.98,354.69,352.35,0.759238,0.7148,0.184736,0.326248,0.9449
552,449.0,497.52,157.5,157.54,0.233852,0.46067,0.082029,0.145869,0.9363
552,60.31,573.13,120.48,280.27,0.03141,0.53068,0.06275,0.259512,0.9173
552,1156.7,56.86,285.97,113.73,0.602449,0.052652,0.148943,0.105305,0.8895
552,1605.43,904.29,197.01,199.84,0.836162,0.837309,0.102611,0.18504,0.839
552,1000.01,926.76,87.54,89.77,0.520836,0.858111,0.045594,0.083118,0.7506
552,689.47,607.36,137.04,136.13,0.3591,0.562367,0.071373,0.126046,0.7266
553,839.33,616.54,325.04,336.44,0.43715,0.570867,0.16929,0.311514,0.9603
553,1567.8,220.95,327.76,319.27,0.81656,0.204587,0.170707,0.295617,0.9579
553,319.54,878.48,335.51,327.99,0.166428,0.813405,0.174747,0.303696,0.9525
553,437.37,471.9,158.18,157.35,0.227799,0.436942,0.082387,0.145698,0.9479
553,1445.87,746.41,351.79,350.35,0.753057,0.691117,0.183222,0.324402,0.9417
553,53.12,552.21,106.24,285.36,0.027666,0.511304,0.055332,0.264219,0.9077
553,1141.74,42.47,274.03,84.93,0.594657,0.039321,0.142723,0.078643,0.8321
553,988.85,902.11,87.38,88.22,0.515026,0.835285,0.045513,0.081688,0.8232
553,1590.34,874.13,202.13,205.14,0.828305,0.80938,0.105275,0.189948,0.7986
553,678.65,580.1,139.17,138.95,0.353461,0.537127,0.072483,0.128658,0.7753
554,828.11,589.59,322.24,335.15,0.431306,0.545915,0.167832,0.310321,0.9583
554,1557.63,191.84,329.36,320.24,0.811264,0.177633,0.17154,0.296521,0.9518
554,306.9,852.62,336.85,328.23,0.159842,0.78946,0.175441,0.303916,0.951
554,1435.0,718.45,353.24,348.25,0.747397,0.66523,0.183977,0.322452,0.9452
554,425.32,446.29,159.58,161.45,0.221522,0.413234,0.083116,0.149488,0.9428
554,48.98,519.65,97.97,286.2,0.025512,0.481158,0.051025,0.264999,0.894
554,1578.35,848.81,202.99,203.42,0.822056,0.785932,0.105725,0.18835,0.8181
554,664.63,554.15,139.44,139.2,0.346159,0.513101,0.072625,0.128892,0.7547
554,974.77,873.8,86.21,87.95,0.507693,0.809073,0.044901,0.081433,0.7159
555,293.97,826.24,335.57,331.49,0.153109,0.765035,0.174777,0.306935,0.9605
555,1546.08,166.93,330.56,321.85,0.805252,0.154562,0.172167,0.298005,0.9582
555,816.61,563.04,325.99,338.19,0.425317,0.521333,0.169787,0.313135,0.952
555,412.16,418.68,158.19,158.9,0.214668,0.38767,0.082392,0.147131,0.9492
555,1423.89,692.81,347.12,351.01,0.741607,0.641487,0.18079,0.325008,0.949
555,1452.06,779.24,361.07,250.33,0.756283,0.721522,0.18806,0.231783,0.8878
555,42.44,495.85,84.78,300.33,0.022103,0.459118,0.044154,0.278084,0.8527
555,964.86,848.17,84.73,89.03,0.502532,0.785344,0.044128,0.082436,0.8013
555,920.41,484.25,63.93,61.5,0.479381,0.448382,0.033297,0.056947,0.8007
555,1569.74,825.85,194.76,198.06,0.81757,0.764679,0.101437,0.183393,0.7982
556,281.86,801.29,337.66,333.89,0.146802,0.741931,0.175866,0.309161,0.9584
556,804.37,536.13,329.11,337.85,0.418941,0.496416,0.171414,0.312821,0.9552
556,1412.48,666.65,353.9,350.11,0.735669,0.61727,0.184322,0.324175,0.9498
556,1534.45,148.18,327.55,296.36,0.79919,0.137203,0.170601,0.274407,0.9479
556,400.14,393.61,154.54,158.08,0.208405,0.364456,0.080487,0.146374,0.9377
556,1556.93,796.31,199.43,201.07,0.810901,0.737327,0.10387,0.186177,0.8379
556,35.66,472.03,71.32,301.85,0.018574,0.437067,0.037148,0.279487,0.8123
557,788.99,509.61,325.46,340.86,0.410932,0.471865,0.169512,0.315613,0.9619
557,1520.61,137.21,325.67,270.11,0.791983,0.12705,0.169619,0.250103,0.9581
557,269.39,774.2,337.22,332.95,0.140307,0.716851,0.175635,0.30829,0.9532
557,1399.12,645.09,352.69,355.0,0.728706,0.597304,0.183691,0.328699,0.9461
557,385.47,367.57,159.85,158.52,0.200768,0.340342,0.083256,0.146776,0.9366
557,1546.68,770.21,197.05,198.63,0.80556,0.713157,0.102628,0.183919,0.8791
557,938.36,794.84,85.49,88.83,0.488728,0.735965,0.044524,0.082251,0.8469
557,29.51,443.79,59.02,288.21,0.015371,0.410917,0.030741,0.266858,0.7915
557,628.82,474.66,139.71,138.49,0.32751,0.439503,0.072765,0.128227,0.7113
558,780.16,484.0,328.6,339.96,0.406332,0.448148,0.171145,0.314775,0.9583
558,256.87,748.8,338.89,331.83,0.133789,0.69333,0.176506,0.307251,0.9538
558,1509.34,126.1,330.22,249.33,0.786115,0.116762,0.171991,0.230862,0.9504
558,1389.23,616.7,352.56,350.22,0.723557,0.571022,0.183623,0.324281,0.9422
558,374.94,341.95,156.85,157.35,0.195282,0.316619,0.081692,0.145695,0.934
558,1530.22,742.66,200.16,202.75,0.796988,0.687648,0.10425,0.187728,0.88
558,927.74,770.49,87.31,87.75,0.483197,0.713417,0.045472,0.081247,0.8063
558,616.14,447.91,135.39,136.32,0.320907,0.414731,0.070514,0.126227,0.7761
558,882.91,408.25,61.74,60.16,0.459847,0.378011,0.032157,0.0557,0.7184
559,769.33,459.84,322.18,337.8,0.400691,0.425778,0.1678,0.312782,0.961
559,243.9,723.01,341.27,332.23,0.12703,0.669452,0.177745,0.307618,0.952
559,1376.32,590.73,350.78,352.88,0.716831,0.546975,0.182697,0.326743,0.9461
559,1499.85,111.69,328.15,223.37,0.78117,0.103413,0.170913,0.206826,0.9454
559,364.14,315.15,159.48,161.24,0.189657,0.291805,0.083063,0.149293,0.9367
559,1521.18,719.97,198.56,201.12,0.792282,0.666635,0.103419,0.186219,0.8865
559,870.29,381.16,62.87,60.58,0.453274,0.352927,0.032746,0.056096,0.8494
559,602.79,420.95,138.48,135.81,0.313954,0.389765,0.072125,0.125746,0.7285
560,232.83,699.59,334.81,329.0,0.121267,0.647772,0.17438,0.304631,0.9622
560,755.1,435.29,329.24,336.67,0.393282,0.403043,0.171481,0.311731,0.9522
560,1368.16,566.28,356.35,353.33,0.712582,0.524334,0.185599,0.327154,0.9481
560,348.28,290.81,159.87,158.66,0.181395,0.269271,0.083266,0.146904,0.945
560,1489.42,99.67,333.22,199.34,0.775739,0.092287,0.173553,0.184573,0.9416
560,1414.98,642.17,352.86,274.15,0.736969,0.594601,0.183783,0.25384,0.9088
560,904.82,721.32,87.52,91.13,0.471259,0.667888,0.045582,0.084379,0.8289
560,1510.81,695.14,196.84,199.92,0.786878,0.64365,0.102521,0.185115,0.8089
560,590.17,398.47,131.63,133.91,0.307381,0.368958,0.068557,0.123993,0.7463
561,218.94,673.55,338.45,332.6,0.11403,0.623657,0.176277,0.307967,0.9591
561,744.63,408.58,328.94,341.59,0.387831,0.378312,0.171321,0.316286,0.9549
561,1352.43,538.77,355.7,352.99,0.704393,0.498864,0.18526,0.326843,0.9499
561,338.38,266.41,158.73,162.94,0.17624,0.246677,0.082672,0.150873,0.9377
561,1472.83,85.99,325.9,171.98,0.767101,0.079619,0.169738,0.159239,0.9177
561,1497.31,670.74,200.79,200.39,0.779847,0.621058,0.104579,0.185547,0.7367
562,730.44,385.21,324.34,337.77,0.380439,0.35668,0.168929,0.312754,0.9606
562,209.11,648.87,336.52,332.54,0.108911,0.600803,0.17527,0.307911,0.9532
562,1342.25,519.73,349.49,354.81,0.699088,0.481233,0.182028,0.328523,0.9469
562,325.85,241.96,159.25,160.0,0.169714,0.224033,0.082941,0.148152,0.9449
562,1468.9,74.46,356.4,148.91,0.765051,0.06894,0.185625,0.13788,0.9205
562,1487.58,646.97,199.06,202.21,0.77478,0.599051,0.103677,0.187233,0.892
562,1587.09,1042.1,260.88,75.8,0.826611,0.964907,0.135875,0.070186,0.8058
562,878.38,670.13,84.65,87.88,0.457489,0.620494,0.044088,0.08137,0.7995
562,835.19,305.78,65.48,66.0,0.434995,0.283129,0.034106,0.061107,0.7916
563,718.35,359.87,328.52,339.54,0.37414,0.333209,0.171105,0.314387,0.9563
563,193.89,625.47,342.97,335.16,0.100984,0.579143,0.178629,0.310335,0.9522
563,1332.08,493.35,357.14,357.24,0.69379,0.456804,0.18601,0.330777,0.944
563,311.65,216.92,157.83,159.4,0.162318,0.200847,0.082201,0.147592,0.9313
563,1575.52,1028.98,237.67,102.04,0.820585,0.952758,0.123786,0.094484,0.8873
563,1454.21,62.67,335.35,125.13,0.757399,0.058031,0.174659,0.115861,0.8673
563,867.5,646.17,85.52,84.32,0.451821,0.598307,0.044541,0.07807,0.8101
563,1474.9,621.16,197.36,200.55,0.768177,0.575147,0.10279,0.185692,0.8092
563,560.64,1043.99,301.07,72.02,0.292,0.966659,0.156806,0.066682,0.7256
564,709.24,339.73,326.43,338.97,0.369398,0.314564,0.170017,0.313859,0.9613
564,182.3,601.68,341.93,333.46,0.094946,0.55711,0.178091,0.308757,0.9489
564,1318.54,468.11,351.43,350.71,0.686742,0.433433,0.183038,0.324733,0.9464
564,302.32,193.27,159.41,160.67,0.15746,0.178953,0.083028,0.148768,0.9412
564,1564.31,1015.36,234.88,129.28,0.814746,0.940148,0.122331,0.119703,0.9284
564,1464.48,599.76,197.55,198.53,0.762749,0.555334,0.102891,0.183827,0.8863
564,1431.83,49.11,300.39,98.15,0.745747,0.045468,0.156452,0.090878,0.8022
564,541.68,298.95,138.13,135.31,0.282127,0.276806,0.071942,0.125289,0.8012
564,542.12,1034.11,319.62,91.78,0.282357,0.957511,0.166469,0.084979,0.7036
565,173.42,580.8,331.13,330.57,0.090324,0.537778,0.172464,0.306084,0.964
565,694.42,313.08,332.61,342.22,0.361676,0.289889,0.173233,0.316868,0.9504
565,1306.71,445.4,353.65,353.41,0.68058,0.412403,0.184194,0.327233,0.9484
565,287.56,170.57,159.31,159.49,0.149772,0.157934,0.082976,0.147673,0.9438
565,1551.27,1005.73,238.77,148.53,0.807954,0.931235,0.124361,0.13753,0.9282
565,1352.54,511.67,363.66,293.85,0.704449,0.473773,0.189406,0.272081,0.9078
565,844.16,599.8,87.32,90.19,0.439669,0.555372,0.045481,0.083511,0.8154
565,1450.32,575.74,195.82,198.93,0.755374,0.53309,0.101987,0.184193,0.8018
565,1429.43,35.86,300.44,71.72,0.744494,0.033202,0.156477,0.066403,0.7475
566,164.1,555.63,328.21,333.32,0.085471,0.514472,0.170943,0.308634,0.9535
566,683.71,288.63,330.4,343.61,0.356101,0.267252,0.172083,0.31816,0.9521
566,1293.37,420.83,352.52,353.19,0.673629,0.389657,0.183606,0.327025,0.9499
566,276.51,146.3,159.34,161.18,0.144018,0.13546,0.082991,0.149242,0.947
566,1536.2,994.54,235.81,169.1,0.800106,0.920866,0.122819,0.156578,0.937
566,1437.7,551.32,201.69,203.08,0.748802,0.510484,0.105047,0.18804,0.8534
566,514.91,1006.5,322.43,146.69,0.268182,0.931944,0.167935,0.135823,0.7117
567,669.75,266.9,327.13,339.96,0.348827,0.247125,0.170381,0.314777,0.9602
567,157.91,533.08,315.82,338.31,0.082245,0.493594,0.16449,0.313251,0.9537
567,1282.8,403.47,350.39,356.13,0.668123,0.373585,0.182495,0.329753,0.9491
567,1525.15,983.32,237.64,193.36,0.794347,0.910483,0.123772,0.179034,0.9416
567,263.45,124.34,160.36,160.14,0.137214,0.115132,0.083521,0.148278,0.9385
567,1428.22,527.45,199.39,201.77,0.743863,0.488384,0.103847,0.18682,0.9023
567,817.98,552.33,85.42,89.84,0.426032,0.511417,0.044488,0.083185,0.8475
567,500.13,996.51,337.12,166.87,0.260483,0.922691,0.175586,0.154505,0.7763
568,660.22,245.39,333.13,343.25,0.343863,0.227211,0.173506,0.317821,0.9569
568,151.82,511.89,303.64,334.51,0.079073,0.47397,0.158145,0.309735,0.9505
568,1513.82,972.0,241.36,215.39,0.788448,0.9,0.125706,0.199437,0.948
568,1270.42,378.72,352.63,353.36,0.661676,0.350663,0.183661,0.327181,0.9416
568,251.04,103.32,156.17,156.61,0.13075,0.095667,0.081339,0.145012,0.9375
568,1414.41,507.31,199.21,199.59,0.736673,0.469731,0.103757,0.184805,0.9112
568,488.39,985.5,348.27,188.99,0.254368,0.912504,0.18139,0.174992,0.8844
568,806.68,531.0,87.53,89.54,0.420145,0.491664,0.045587,0.082909,0.8068
569,648.73,222.85,326.62,343.14,0.337882,0.206343,0.170117,0.317719,0.9586
569,145.28,490.2,289.64,333.65,0.075668,0.453893,0.150852,0.308933,0.9509
569,1500.42,960.75,241.91,236.44,0.781469,0.889584,0.125995,0.218924,0.9485
569,239.06,81.01,163.98,158.77,0.124511,0.075007,0.085407,0.147009,0.9459
569,1258.65,355.9,353.13,354.54,0.655549,0.329539,0.18392,0.328275,0.9458
569,480.78,973.55,353.86,212.43,0.250409,0.901436,0.184304,0.196698,0.8899
569,1401.28,485.76,200.93,204.9,0.729835,0.449781,0.104651,0.189724,0.8414
569,794.4,507.5,86.82,88.25,0.413751,0.46991,0.045218,0.081711,0.7696
570,139.47,465.92,276.6,334.36,0.072639,0.431403,0.144062,0.309589,0.959
570,633.31,200.53,330.41,341.99,0.329847,0.185674,0.172087,0.316657,0.9517
570,1248.21,333.43,356.4,356.85,0.650109,0.308735,0.185625,0.330416,0.9492
570,1489.63,941.74,238.76,241.49,0.775848,0.871978,0.124352,0.223604,0.945
570,470.71,963.95,360.72,232.1,0.24516,0.892548,0.187877,0.214903,0.9136
570,227.32,71.1,159.87,138.45,0.118394,0.065833,0.083266,0.12819,0.9105
570,1392.98,466.29,197.01,198.29,0.725509,0.43175,0.102607,0.183606,0.8455
570,783.7,486.99,87.32,90.52,0.408178,0.450913,0.045481,0.083816,0.8275
571,1235.47,311.15,352.47,354.0,0.643473,0.288101,0.183577,0.327774,0.9566
571,132.84,446.7,265.67,335.7,0.069189,0.41361,0.138371,0.310832,0.953
571,623.29,181.45,334.83,340.82,0.324628,0.168012,0.174389,0.315575,0.9521
571,1478.62,920.76,239.97,243.17,0.770112,0.852552,0.124982,0.225156,0.9452
571,211.63,59.01,163.28,116.86,0.110225,0.054643,0.08504,0.108207,0.9299
571,460.42,952.2,358.5,254.73,0.239803,0.881665,0.186717,0.235859,0.9281
571,1379.11,443.15,199.47,197.67,0.718284,0.410321,0.103893,0.183027,0.8193
571,769.28,464.67,84.58,85.92,0.400664,0.430251,0.044053,0.079558,0.7961
571,454.08,142.26,135.36,134.85,0.236499,0.131718,0.070499,0.124858,0.7789
571,554.37,958.43,95.59,95.13,0.288737,0.887435,0.049786,0.088084,0.7305
572,610.56,166.53,330.09,329.79,0.318,0.154194,0.17192,0.305358,0.9631
572,127.63,425.39,255.27,334.02,0.066476,0.393878,0.132952,0.309273,0.9493
572,1222.09,292.06,356.45,352.85,0.636504,0.270429,0.185654,0.326714,0.949
572,445.41,942.17,363.98,275.54,0.231986,0.872377,0.189571,0.255128,0.9478
572,1466.06,900.62,238.41,238.53,0.763573,0.833909,0.12417,0.220861,0.9467
572,1369.85,420.54,196.04,200.44,0.713462,0.389389,0.102106,0.185593,0.8871
572,201.26,48.52,165.91,97.04,0.104825,0.044928,0.08641,0.089856,0.885
572,758.11,445.49,90.21,89.87,0.394848,0.412489,0.046984,0.08321,0.81
573,597.89,154.43,327.37,307.64,0.311402,0.14299,0.170505,0.284851,0.9595
573,434.16,930.97,365.5,297.01,0.226127,0.862006,0.190362,0.275012,0.9536
573,121.26,406.1,242.51,333.49,0.063155,0.376014,0.126309,0.308791,0.9506
573,1453.9,879.71,240.29,239.6,0.757237,0.814542,0.125152,0.221855,0.95
573,1210.76,272.57,353.96,353.61,0.630605,0.252378,0.184354,0.327412,0.9454
573,1359.06,404.42,198.5,194.12,0.707841,0.374461,0.103387,0.179744,0.8775
573,188.05,37.92,167.31,75.1,0.097942,0.035114,0.08714,0.069535,0.8728
573,744.51,423.25,86.97,87.33,0.387766,0.391894,0.045295,0.080858,0.8529
573,430.18,97.9,136.84,140.65,0.224051,0.090647,0.071273,0.130229,0.7768
574,586.26,144.37,329.17,288.74,0.305345,0.133677,0.171441,0.267354,0.9544
574,1443.99,861.03,243.34,245.23,0.752076,0.797253,0.126742,0.227066,0.9501
574,1197.71,248.3,353.22,350.17,0.623809,0.229907,0.183969,0.324234,0.9482
574,113.82,388.69,227.64,339.28,0.059283,0.359901,0.118565,0.314144,0.9437
574,423.28,921.98,364.08,316.05,0.220458,0.853681,0.189624,0.292638,0.9416
574,1344.55,381.71,198.44,200.88,0.700285,0.353432,0.103355,0.185996,0.8544
574,732.35,403.53,86.41,88.75,0.38143,0.373641,0.045006,0.082177,0.8452
574,176.05,26.9,172.68,53.43,0.091691,0.024911,0.089935,0.049468,0.8242
574,416.9,79.76,141.27,140.11,0.217136,0.073854,0.073576,0.129732,0.7813
574,517.7,899.3,90.92,91.87,0.269634,0.832688,0.047353,0.085064,0.7614
575,1186.61,231.07,351.21,354.87,0.618026,0.213956,0.182924,0.328582,0.9519
575,1430.58,842.66,238.94,240.41,0.745095,0.780243,0.124446,0.222604,0.9507
575,575.78,135.88,336.42,271.75,0.299887,0.125811,0.175217,0.251623,0.948
575,106.96,368.43,213.93,334.45,0.05571,0.341138,0.111421,0.309676,0.9476
575,407.67,911.94,358.93,336.12,0.212326,0.844388,0.186944,0.311224,0.9463
575,1335.17,362.84,198.15,196.9,0.695403,0.335959,0.103201,0.182314,0.8722
575,722.03,385.36,88.64,88.88,0.376057,0.356818,0.046165,0.082294,0.8185
575,404.87,64.54,132.53,125.87,0.210869,0.059763,0.069024,0.116549,0.746
575,1869.93,1020.25,100.14,119.5,0.973922,0.944675,0.052157,0.110651,0.7368
576,395.42,902.31,358.49,355.39,0.205948,0.835469,0.186715,0.329063,0.9585
576,1418.19,823.89,239.34,239.49,0.738643,0.762864,0.124658,0.221751,0.9552
576,563.08,125.69,330.19,250.17,0.293268,0.116384,0.171977,0.231637,0.9531
576,1177.94,214.64,350.02,356.79,0.61351,0.198745,0.182304,0.330359,0.952
576,101.91,346.24,203.82,331.58,0.053079,0.320591,0.106157,0.307019,0.946
576,393.24,55.29,139.24,110.58,0.204814,0.051192,0.07252,0.102385,0.871
576,1321.7,343.16,196.42,196.57,0.688384,0.317744,0.1023,0.182009,0.862
576,1862.79,1005.88,114.41,148.25,0.970205,0.931367,0.05959,0.137265,0.8331
576,708.95,364.6,87.55,88.1,0.369243,0.337592,0.045598,0.08157,0.8132
577,1408.01,804.54,238.94,242.77,0.733336,0.744948,0.12445,0.224784,0.951
577,552.47,116.56,327.72,233.11,0.287747,0.107924,0.170688,0.215847,0.9492
577,384.57,886.29,358.29,363.06,0.200298,0.820642,0.186608,0.336171,0.9489
577,1164.62,193.28,354.72,352.98,0.606574,0.178962,0.18475,0.326834,0.9477
577,96.84,330.92,193.69,335.94,0.05044,0.306411,0.10088,0.311053,0.9375
577,696.41,347.93,86.7,89.1,0.362714,0.322161,0.045156,0.082498,0.8758
577,1854.21,995.16,131.27,169.67,0.965736,0.921447,0.068372,0.157106,0.8603
577,1309.01,322.62,201.45,199.77,0.681774,0.298719,0.104923,0.184969,0.851
577,382.14,45.14,137.08,89.87,0.199033,0.041798,0.071393,0.083208,0.8209
578,540.54,107.32,323.22,214.64,0.28153,0.099368,0.168345,0.198737,0.9493
578,372.95,872.25,362.62,364.37,0.194243,0.807637,0.188864,0.337381,0.9491
578,1393.93,786.92,239.64,240.97,0.726003,0.72863,0.124814,0.223124,0.9472
578,90.18,307.34,180.37,330.21,0.046971,0.284574,0.093941,0.30575,0.9434
578,1152.58,179.17,359.53,352.64,0.600301,0.165902,0.187253,0.326515,0.9428
578,684.29,328.76,88.92,89.06,0.356401,0.30441,0.046313,0.082459,0.8951
578,1299.43,308.4,195.68,198.89,0.676785,0.285552,0.101918,0.18416,0.8663
578,1848.56,986.62,140.86,186.62,0.96279,0.913539,0.073363,0.172796,0.8628
578,364.13,34.36,128.71,66.85,0.189651,0.031818,0.067037,0.061897,0.8027
579,1383.6,767.62,242.64,244.1,0.720627,0.710761,0.126375,0.226015,0.9527
579,358.91,853.37,359.64,360.65,0.186932,0.790159,0.187314,0.333932,0.9503
579,1139.96,167.9,355.38,334.27,0.593727,0.15546,0.185093,0.309507,0.9476
579,530.16,98.72,321.86,197.45,0.276126,0.091411,0.167638,0.182822,0.9415
579,83.6,292.39,167.2,334.81,0.043541,0.270729,0.087083,0.310013,0.9399
579,1286.3,290.82,197.05,197.7,0.669948,0.269275,0.102628,0.183055,0.8896
579,1839.77,973.06,158.62,213.88,0.958212,0.900983,0.082615,0.198034,0.8846
579,671.27,308.78,85.04,88.35,0.349621,0.285909,0.044293,0.081803,0.8065
579,944.7,1049.72,288.54,60.57,0.492032,0.97196,0.150282,0.056081,0.7659
579,349.83,24.2,123.5,48.17,0.182202,0.022404,0.064324,0.044606,0.7276
580,346.98,834.4,359.37,361.84,0.180717,0.772593,0.187172,0.335036,0.9502
580,1370.45,752.14,239.39,240.82,0.713777,0.696428,0.124684,0.222978,0.9473
580,1129.69,158.63,358.85,316.83,0.588382,0.14688,0.186898,0.293364,0.943
580,76.02,270.44,152.05,334.91,0.039595,0.250408,0.07919,0.3101,0.9299
580,516.79,91.35,325.06,182.71,0.269164,0.084586,0.169303,0.169171,0.9297
580,1834.28,962.52,171.43,234.95,0.955356,0.891226,0.089288,0.217549,0.9075
580,1169.66,207.83,368.85,276.29,0.609199,0.192434,0.19211,0.255824,0.8787
580,1275.26,268.96,197.89,198.67,0.664197,0.249041,0.103066,0.183954,0.8752
580,660.95,293.0,89.65,89.55,0.344246,0.271293,0.046691,0.08292,0.859
580,942.2,1044.6,291.21,70.8,0.49073,0.967221,0.151672,0.065558,0.7827
581,1360.03,735.42,241.99,244.26,0.708346,0.680944,0.126037,0.226162,0.9513
581,333.86,818.57,358.32,366.52,0.173884,0.757937,0.186623,0.339373,0.9508
581,1118.08,152.01,361.16,299.54,0.582334,0.140751,0.188104,0.277353,0.9487
581,501.3,81.32,324.04,162.65,0.261093,0.075299,0.168769,0.150599,0.9224
581,70.35,256.56,140.7,322.19,0.036642,0.237556,0.073284,0.298321,0.9209
581,1829.36,953.85,180.09,252.31,0.95279,0.883191,0.093795,0.233618,0.9196
581,646.97,274.4,87.92,88.41,0.336964,0.254075,0.045794,0.081858,0.848
581,1262.93,253.98,199.18,196.49,0.657775,0.235166,0.10374,0.18194,0.8202
581,932.99,1035.62,295.31,88.76,0.485931,0.958909,0.153807,0.082182,0.8186
582,320.38,802.89,358.2,360.87,0.166864,0.743417,0.186561,0.334139,0.9517
582,1347.84,718.25,237.51,238.72,0.701998,0.665047,0.123705,0.221036,0.9485
582,1105.57,144.44,369.16,287.53,0.57582,0.133738,0.192273,0.266228,0.9351
582,1823.76,943.69,192.48,270.91,0.949875,0.873786,0.10025,0.25084,0.9229
582,493.28,71.68,323.28,143.34,0.256915,0.066372,0.168377,0.132719,0.9168
582,63.7,239.53,127.39,340.06,0.033175,0.221791,0.06635,0.314874,0.9064
582,1249.96,232.73,199.31,200.17,0.651022,0.215489,0.103806,0.185343,0.8924
582,635.28,261.44,87.46,89.63,0.330876,0.242076,0.045552,0.082986,0.8795
582,922.61,1027.81,316.3,104.38,0.480524,0.951677,0.164738,0.096647,0.8503
582,421.22,753.58,95.72,101.24,0.219386,0.697761,0.049852,0.093739,0.7161
583,1335.42,701.64,241.8,242.15,0.695532,0.649669,0.125938,0.224214,0.9498
583,309.91,788.89,362.75,367.34,0.161412,0.730452,0.188932,0.340133,0.9481
583,1094.23,134.06,362.39,267.79,0.569911,0.124128,0.188744,0.247952,0.9385
583,1816.19,935.75,207.61,284.72,0.945934,0.866434,0.108132,0.263626,0.9325
583,58.68,223.08,117.36,339.82,0.030564,0.206555,0.061128,0.314648,0.8995
583,477.02,63.76,319.79,127.23,0.248448,0.059034,0.16656,0.117809,0.8863
583,623.06,241.65,87.14,87.78,0.324509,0.22375,0.045385,0.081275,0.8791
583,913.76,1019.67,322.66,120.67,0.475918,0.944136,0.16805,0.111728,0.8716
583,1241.59,221.71,196.89,194.45,0.64666,0.205288,0.102545,0.180049,0.8466
583,1888.23,347.88,62.71,262.5,0.983454,0.322114,0.032661,0.243052,0.7949
584,1325.57,685.79,244.08,246.68,0.690403,0.634994,0.127125,0.22841,0.9505
584,1809.66,927.7,220.68,301.34,0.942531,0.858979,0.114937,0.279019,0.9405
584,300.94,769.22,364.52,366.72,0.15674,0.712242,0.189855,0.339553,0.9403
584,1084.84,123.78,354.35,247.56,0.565019,0.114613,0.184556,0.229226,0.9366
584,609.98,227.02,87.74,88.17,0.317697,0.210208,0.0457,0.081636,0.9111
584,900.52,1010.25,321.78,139.5,0.469021,0.935416,0.167595,0.129168,0.8963
584,51.42,215.52,102.83,332.15,0.026779,0.199555,0.053558,0.307544,0.8754
584,1227.13,203.28,195.8,196.61,0.639133,0.188224,0.101981,0.182049,0.8653
584,466.98,56.26,315.67,112.28,0.243217,0.052092,0.164409,0.103962,0.8238
584,1882.89,341.47,73.27,257.9,0.980672,0.31618,0.038161,0.238798,0.8109
585,1310.95,673.84,239.08,241.28,0.682787,0.62393,0.124519,0.223411,0.949
585,287.67,758.37,365.56,367.65,0.149827,0.702194,0.190393,0.340415,0.9466
585,1804.48,921.21,230.71,312.28,0.939831,0.852972,0.12016,0.289149,0.9459
585,1065.7,118.05,347.43,236.1,0.555054,0.109307,0.180954,0.218615,0.9239
585,887.17,1004.96,323.53,150.08,0.462068,0.93052,0.168507,0.13896,0.9086
585,598.59,211.48,89.38,90.58,0.311768,0.195818,0.04655,0.08387,0.8792
585,1213.53,186.91,196.97,198.59,0.632048,0.173064,0.102586,0.183877,0.8467
585,1875.04,321.23,89.35,265.16,0.976584,0.297431,0.046539,0.245517,0.8355
585,46.67,197.71,93.33,353.96,0.024306,0.183062,0.048612,0.327741,0.8337
585,445.96,48.3,303.01,96.59,0.232269,0.044719,0.157816,0.089438,0.7911
586,271.46,740.68,360.61,365.53,0.141386,0.685817,0.187817,0.338458,0.9604
586,1301.09,655.92,243.86,245.93,0.677651,0.607335,0.127012,0.227717,0.9492
586,1798.73,914.04,242.54,325.46,0.936838,0.846337,0.126325,0.301355,0.9485
586,1057.17,108.75,354.52,217.49,0.550611,0.100692,0.184645,0.201383,0.9302
586,875.5,995.91,325.7,166.58,0.455988,0.922139,0.169637,0.154237,0.9195
586,1867.72,306.46,104.55,273.35,0.972773,0.283759,0.054455,0.253106,0.9001
586,1203.14,170.24,198.21,199.25,0.626635,0.157628,0.103235,0.184488,0.8856
586,585.22,196.03,88.33,87.37,0.304803,0.18151,0.046006,0.080899,0.8725
586,369.86,695.41,93.35,95.28,0.192634,0.643902,0.048618,0.08822,0.815
586,40.86,193.95,81.72,356.93,0.021281,0.17958,0.042562,0.330488,0.7993
586,428.52,37.74,288.83,75.48,0.223186,0.034943,0.150432,0.069885,0.7914
587,258.84,730.41,363.12,365.56,0.13481,0.676305,0.189127,0.338481,0.9537
587,1289.46,643.57,240.13,242.93,0.671595,0.595897,0.125066,0.224937,0.9535
587,1793.3,900.78,253.41,335.68,0.934008,0.834058,0.131984,0.310819,0.9506
587,867.3,990.7,330.7,176.8,0.451717,0.917317,0.17224,0.163707,0.9324
587,1047.02,105.21,356.57,210.42,0.545323,0.097418,0.185712,0.194836,0.923
587,1862.56,286.23,114.87,286.61,0.970085,0.265027,0.05983,0.265377,0.8999
587,575.87,182.64,89.79,92.39,0.299934,0.169111,0.046763,0.085551,0.8741
587,1190.97,159.85,198.91,200.36,0.6203,0.148006,0.103598,0.185517,0.8681
587,1169.5,141.76,228.9,210.34,0.609115,0.131263,0.119219,0.194757,0.7896
587,429.37,34.71,293.55,69.36,0.223629,0.032137,0.152892,0.064226,0.7545
587,31.37,179.4,62.74,344.09,0.016338,0.166112,0.032677,0.318601,0.721
588,1276.1,629.6,241.9,243.91,0.664637,0.58296,0.125991,0.225845,0.9546
588,1787.26,889.7,265.48,337.47,0.930866,0.823794,0.138269,0.312471,0.9498
588,247.79,716.38,363.22,367.54,0.129057,0.663313,0.189175,0.34031,0.9432
588,850.61,983.27,336.8,193.45,0.443026,0.910438,0.175416,0.179119,0.9293
588,1856.32,276.6,127.36,284.13,0.966832,0.256115,0.066336,0.26308,0.9131
588,1179.37,145.0,198.1,196.5,0.614254,0.134257,0.103179,0.181943,0.8867
588,1037.5,97.48,366.21,194.95,0.540366,0.090255,0.190732,0.180511,0.8626
588,560.98,168.16,85.93,86.7,0.292175,0.155699,0.044756,0.080279,0.8485
589,1264.35,617.8,244.61,247.67,0.658516,0.572033,0.127401,0.229327,0.9514
589,1779.91,875.71,280.17,338.6,0.927038,0.810846,0.145924,0.313518,0.9504
589,837.79,975.47,338.89,208.59,0.436349,0.903217,0.176506,0.193143,0.9477
589,233.65,701.14,360.14,367.62,0.121692,0.649201,0.187575,0.340387,0.9422
589,1849.82,261.39,140.36,295.84,0.963449,0.242031,0.073103,0.273929,0.9101
589,549.19,154.82,87.24,91.39,0.286035,0.143353,0.045436,0.084621,0.8938
589,1086.69,107.49,342.1,200.21,0.565986,0.099527,0.178176,0.185383,0.8647
589,1164.88,130.32,200.64,206.12,0.60671,0.120666,0.104501,0.190856,0.8443
589,1014.94,89.41,358.01,178.69,0.528616,0.082791,0.186465,0.165455,0.8017
589,1870.46,687.0,61.1,61.38,0.974198,0.63611,0.031821,0.056829,0.777
590,828.88,970.21,336.78,218.95,0.431709,0.898341,0.175406,0.202732,0.9544
590,222.21,688.36,367.79,370.13,0.115734,0.637373,0.191557,0.342714,0.9517
590,1251.85,605.09,238.91,241.74,0.652006,0.56027,0.124432,0.22383,0.9511
590,1776.26,863.87,287.47,330.38,0.925137,0.799876,0.149725,0.30591,0.9446
590,1844.29,250.95,151.42,300.54,0.960568,0.232364,0.078864,0.278281,0.9089
590,1153.03,113.81,203.12,205.51,0.600538,0.105381,0.105793,0.190284,0.9028
590,537.44,143.18,87.89,87.45,0.279916,0.132572,0.045778,0.080975,0.878
590,1015.43,88.28,375.15,176.45,0.528871,0.081745,0.195393,0.163382,0.7612
591,209.86,678.35,362.79,366.45,0.109303,0.628106,0.188951,0.339304,0.9595
591,816.2,963.28,333.75,231.63,0.425104,0.891923,0.173831,0.214473,0.9537
591,1769.99,852.17,300.03,334.55,0.921868,0.789047,0.156264,0.309772,0.9502
591,1240.13,592.5,241.38,241.85,0.645902,0.548608,0.125719,0.223932,0.949
591,1838.45,235.78,163.1,300.9,0.957526,0.218315,0.084948,0.278608,0.9259
591,1141.22,107.49,204.06,201.61,0.594387,0.09953,0.106279,0.186676,0.8897
591,522.92,128.65,85.57,87.47,0.272354,0.11912,0.044569,0.080989,0.865
591,1017.63,82.23,368.99,164.46,0.530015,0.076141,0.19218,0.152281,0.8301
592,804.31,958.35,341.75,241.91,0.41891,0.887357,0.177994,0.223993,0.9558
592,1229.47,580.27,238.2,242.6,0.640349,0.537292,0.124063,0.224626,0.9532
592,1764.88,840.39,310.24,333.6,0.919207,0.77814,0.161586,0.308885,0.9523
592,198.33,667.78,365.51,372.17,0.103296,0.618312,0.190369,0.344605,0.9468
592,1833.57,227.21,172.86,297.74,0.954985,0.210377,0.09003,0.27569,0.9325
592,1129.81,100.25,199.65,193.52,0.58844,0.092825,0.103987,0.179186,0.8962
592,513.09,120.1,89.83,90.99,0.267233,0.111206,0.046788,0.084251,0.8649
592,1095.23,80.74,231.11,161.48,0.570435,0.074761,0.12037,0.149522,0.8403
592,975.32,71.84,354.56,143.68,0.507979,0.066519,0.184666,0.133038,0.817
593,789.54,952.69,342.56,253.09,0.41122,0.882121,0.178414,0.234345,0.9552
593,1216.43,568.75,243.11,244.43,0.633557,0.526622,0.126618,0.226326,0.9543
593,1757.8,828.6,324.4,334.88,0.915522,0.767222,0.168956,0.310076,0.9456
593,187.76,655.15,358.53,364.52,0.097793,0.606621,0.186736,0.33752,0.9431
593,1826.46,213.46,185.59,283.85,0.951282,0.197646,0.096664,0.26282,0.9387
593,1117.93,92.2,195.82,183.27,0.582257,0.08537,0.101988,0.169691,0.8848
593,498.79,107.36,87.89,88.13,0.259788,0.099405,0.045777,0.081598,0.8687
594,1748.3,819.94,334.16,336.69,0.910575,0.759206,0.174042,0.31175,0.9555
594,778.86,946.78,342.57,263.91,0.405656,0.876647,0.178421,0.244364,0.955
594,1206.24,561.22,244.11,245.48,0.628248,0.519646,0.127141,0.227297,0.9502
594,1821.58,205.65,195.39,285.44,0.948741,0.190412,0.101764,0.264298,0.9397
594,178.47,644.34,353.92,365.18,0.092952,0.596608,0.184335,0.338128,0.9348
594,1104.95,87.34,199.64,174.69,0.575493,0.080875,0.103978,0.161749,0.892
594,488.0,96.46,86.85,91.4,0.254166,0.089313,0.045235,0.08463,0.8873
594,270.56,598.71,94.12,93.81,0.140917,0.554363,0.04902,0.086864,0.7923
594,221.69,1045.27,245.0,69.47,0.115465,0.967839,0.127603,0.064323,0.7234
594,944.59,57.82,328.69,115.6,0.491973,0.053533,0.17119,0.107034,0.7092
595,765.77,943.68,334.07,269.73,0.39884,0.87378,0.173997,0.24975,0.9539
595,1741.21,809.17,339.57,335.99,0.90688,0.749229,0.176859,0.311106,0.9519
595,1192.59,550.54,240.32,241.92,0.621141,0.509762,0.125165,0.224001,0.9508
595,1815.41,194.66,208.02,292.8,0.945528,0.180239,0.108343,0.271113,0.9457
595,171.0,636.23,342.0,368.61,0.089062,0.5891,0.178123,0.341306,0.9414
595,474.94,88.89,89.42,89.5,0.247365,0.082305,0.046573,0.082867,0.8999
595,1091.52,81.46,203.48,162.92,0.568501,0.075428,0.105978,0.150856,0.8923
595,202.64,1041.4,245.04,77.2,0.105544,0.96426,0.127624,0.071481,0.7535
595,922.78,58.02,294.92,115.53,0.480616,0.053719,0.153604,0.106969,0.7076
596,753.94,936.97,334.83,284.5,0.392679,0.867564,0.174392,0.26343,0.9602
596,1730.98,802.64,342.41,335.98,0.901553,0.743182,0.178338,0.311092,0.9564
596,1181.25,539.2,242.31,244.47,0.615233,0.499263,0.126201,0.226362,0.9532
596,164.03,627.81,328.07,365.09,0.085435,0.581302,0.17087,0.338045,0.9499
596,1808.25,183.3,223.49,288.57,0.941799,0.169726,0.116402,0.267196,0.949
596,460.92,77.23,88.92,88.86,0.240061,0.071512,0.046314,0.082276,0.9143
596,1080.78,75.46,202.15,150.92,0.562908,0.069871,0.105284,0.139742,0.8931
596,186.75,1036.37,261.14,87.26,0.097263,0.959604,0.13601,0.080793,0.7981
596,909.45,54.02,282.42,107.79,0.473671,0.05002,0.147096,0.099808,0.7649
596,247.87,576.85,98.98,101.53,0.129099,0.534121,0.051554,0.094013,0.7121
597,1719.22,790.36,342.62,337.09,0.895427,0.731812,0.178447,0.312121,0.9566
597,1169.26,530.39,241.75,244.1,0.608991,0.491105,0.125914,0.226015,0.954
597,743.33,933.54,337.44,291.88,0.387149,0.864389,0.175751,0.270261,0.9535
597,1803.12,175.51,233.76,291.66,0.939126,0.16251,0.121748,0.27006,0.9534
597,157.94,617.98,315.88,368.03,0.082262,0.572201,0.164523,0.340765,0.9471
597,1071.87,73.84,205.29,146.84,0.558266,0.068373,0.106921,0.135961,0.8941
597,450.19,67.27,88.98,90.03,0.234476,0.062291,0.046343,0.083363,0.8675
597,183.15,1034.16,241.98,91.69,0.095388,0.957551,0.126034,0.084898,0.8359
597,929.41,52.72,329.91,105.43,0.484068,0.048817,0.171826,0.097621,0.7942
597,897.79,41.96,293.45,83.91,0.467598,0.038848,0.152838,0.077697,0.7422
598,1796.66,165.62,246.67,299.68,0.935762,0.153354,0.128475,0.27748,0.957
598,1706.53,782.53,343.22,339.65,0.888817,0.724564,0.178759,0.314486,0.9526
598,1157.5,522.51,241.05,240.92,0.602866,0.483808,0.125547,0.223075,0.9498
598,729.55,929.57,341.28,300.69,0.379976,0.860717,0.177752,0.278413,0.9497
598,152.77,610.56,305.55,366.56,0.079569,0.565334,0.159138,0.339409,0.9426
598,437.19,59.23,90.07,89.19,0.227705,0.054846,0.04691,0.08258,0.9073
598,1056.59,69.36,202.82,137.55,0.550308,0.064223,0.105633,0.127364,0.8983
598,169.69,1029.9,248.42,100.21,0.088382,0.953606,0.129386,0.092787,0.8833
598,1763.45,592.07,60.52,62.47,0.918462,0.548217,0.031523,0.057839,0.821
598,883.43,38.64,281.17,77.27,0.460117,0.035775,0.146445,0.071551,0.7549
599,1790.68,157.41,258.64,296.83,0.932645,0.145748,0.134709,0.274838,0.9603
599,717.51,925.85,338.99,308.28,0.373704,0.85727,0.176555,0.285441,0.9562
599,1145.99,514.13,244.32,243.06,0.596869,0.476045,0.127248,0.225053,0.9522
599,1696.23,779.73,341.68,338.36,0.883452,0.721972,0.177957,0.313293,0.95
599,145.25,600.6,290.51,360.13,0.075653,0.556115,0.151306,0.333457,0.9442
599,425.62,53.81,90.9,90.74,0.221677,0.049824,0.047344,0.084014,0.9179
599,151.4,1024.32,273.52,111.37,0.078854,0.948441,0.142457,0.103119,0.8977
599,1048.13,64.31,201.32,127.11,0.5459,0.059549,0.104853,0.117698,0.8773
599,871.19,34.33,292.92,68.65,0.453747,0.031784,0.152564,0.063568,0.7047
600,1784.8,152.12,270.39,291.58,0.929586,0.140849,0.140828,0.269979,0.9578
600,706.89,921.89,338.12,316.23,0.36817,0.853597,0.176106,0.292806,0.9542
600,1134.15,507.36,245.18,245.72,0.590706,0.469773,0.127699,0.22752,0.9507
600,1684.65,767.05,343.78,336.78,0.877422,0.710229,0.179051,0.31183,0.95
600,138.98,592.8,277.97,365.45,0.072387,0.548889,0.144774,0.338377,0.949
600,139.77,1021.37,263.02,117.27,0.072797,0.94571,0.136991,0.108579,0.9043
600,1033.19,62.18,206.25,118.71,0.53812,0.057576,0.107424,0.10992,0.8857
600,412.07,42.75,86.64,84.86,0.214622,0.039585,0.045126,0.078574,0.8822
600,455.72,1064.06,96.48,31.89,0.237355,0.985237,0.050251,0.029526,0.7268
601,1669.59,759.53,344.97,341.07,0.86958,0.703269,0.179673,0.315802,0.9609
601,694.35,918.52,335.12,322.97,0.36164,0.850479,0.17454,0.299042,0.9562
601,1119.57,502.26,243.45,244.99,0.583109,0.465057,0.126799,0.226846,0.9534
601,1779.66,148.79,280.68,286.21,0.926905,0.137771,0.146189,0.265008,0.9521
601,132.79,588.36,265.58,367.61,0.06916,0.544775,0.138321,0.340376,0.9371
601,131.35,1017.43,258.51,125.14,0.06841,0.942063,0.134639,0.115873,0.92
601,398.97,39.94,87.91,79.88,0.207797,0.036979,0.045789,0.073959,0.8795
601,1022.6,57.13,202.74,113.09,0.532602,0.052894,0.105593,0.104716,0.8709
601,185.09,541.44,97.01,97.79,0.0964,0.501337,0.050528,0.090547,0.7883
601,440.32,1060.88,87.48,38.1,0.229334,0.982293,0.045563,0.035274,0.7783
602,1660.07,758.78,341.85,340.98,0.864619,0.702572,0.178048,0.315725,0.9556
602,1769.32,143.12,286.8,283.23,0.92152,0.132519,0.149373,0.262253,0.9528
602,685.5,915.21,337.2,326.06,0.357033,0.847417,0.175627,0.301905,0.9525
602,1109.58,496.09,240.7,243.33,0.577906,0.459341,0.125364,0.225304,0.9515
602,128.8,584.09,257.6,378.74,0.067083,0.54082,0.134166,0.350688,0.9387
602,123.47,1014.8,246.95,130.4,0.064309,0.939631,0.128617,0.120739,0.9218
602,388.0,37.96,94.54,75.91,0.202085,0.035146,0.049241,0.070291,0.8708
602,1011.3,56.48,208.38,111.21,0.526718,0.052296,0.108532,0.102974,0.8643
602,429.9,1057.43,91.34,43.93,0.223905,0.979104,0.047574,0.040675,0.7877
602,174.26,532.49,101.24,105.71,0.090759,0.493048,0.052728,0.097879,0.7322
603,1647.43,749.19,341.86,338.0,0.858034,0.693696,0.178054,0.312961,0.9532
603,1761.32,139.62,290.07,279.25,0.917352,0.129282,0.151078,0.258564,0.9528
603,1097.33,490.89,241.37,244.53,0.571528,0.454527,0.125715,0.226419,0.9527
603,669.8,912.73,339.53,330.89,0.348854,0.845124,0.176841,0.306376,0.9522
603,121.86,577.18,243.71,367.95,0.063467,0.534428,0.126933,0.340697,0.931
603,118.23,1013.55,236.46,132.9,0.061577,0.93847,0.123155,0.123059,0.9266
603,999.0,52.8,207.37,105.51,0.52031,0.048884,0.108006,0.097695,0.8519
603,374.6,34.0,92.67,67.86,0.195106,0.031478,0.048264,0.062837,0.8447
603,419.43,1053.91,92.91,52.19,0.218452,0.97584,0.048389,0.04832,0.805
603,1702.93,558.3,61.68,64.63,0.886942,0.516946,0.032125,0.059847,0.7826
603,159.34,528.19,92.82,95.84,0.082989,0.489068,0.048344,0.088738,0.7171
604,1748.87,136.71,290.0,272.77,0.91087,0.126584,0.151043,0.252562,0.9569
604,657.0,908.42,339.43,332.22,0.342187,0.841128,0.176785,0.307607,0.9542
604,1085.19,483.95,245.41,245.59,0.565201,0.4481,0.12782,0.2274,0.9517
604,1636.8,745.01,343.53,336.55,0.852499,0.689827,0.178923,0.31162,0.9513
604,115.48,575.45,230.96,371.93,0.060146,0.532822,0.120292,0.344384,0.9315
604,113.25,1010.9,226.49,138.2,0.058982,0.936019,0.117965,0.127962,0.9215
604,986.01,48.45,199.64,96.9,0.513545,0.044861,0.10398,0.089721,0.8488
604,363.87,32.51,93.75,62.98,0.189515,0.030099,0.04883,0.058316,0.8359
604,1691.29,553.7,61.25,62.22,0.880881,0.512682,0.031902,0.057612,0.8038
604,402.57,1051.65,86.6,56.7,0.209672,0.973749,0.045105,0.052502,0.8
605,644.31,903.1,339.49,333.53,0.33558,0.836201,0.176818,0.308827,0.9577
605,1737.2,134.97,292.3,269.81,0.904792,0.124968,0.15224,0.249828,0.9559
605,1625.16,741.22,346.75,337.01,0.846435,0.686315,0.1806,0.312048,0.953
605,1073.33,479.44,245.56,244.76,0.559026,0.443927,0.127894,0.226629,0.9529
605,107.41,565.29,214.82,370.99,0.055943,0.523418,0.111886,0.343506,0.9359
605,105.46,1007.67,210.92,143.71,0.054927,0.933028,0.109855,0.133066,0.9152
605,392.69,1050.0,89.83,59.3,0.204525,0.972223,0.046788,0.054905,0.859
605,976.38,46.42,198.33,92.84,0.508532,0.04298,0.103294,0.08596,0.85
605,351.26,28.85,96.92,56.34,0.18295,0.026712,0.050477,0.052171,0.8126
606,1611.71,736.94,345.85,336.97,0.839432,0.682351,0.180131,0.312006,0.9569
606,632.84,901.52,340.52,338.14,0.329607,0.834739,0.177354,0.313091,0.9549
606,1061.45,475.17,245.1,244.59,0.552838,0.439975,0.127657,0.226469,0.9505
606,1726.7,134.35,295.74,268.7,0.899325,0.124396,0.154033,0.248793,0.9503
606,101.19,565.87,202.39,366.47,0.052705,0.523957,0.105409,0.339319,0.9161
606,101.67,1006.01,203.34,147.32,0.052953,0.931493,0.105905,0.136409,0.9149
606,380.34,1047.25,91.34,65.51,0.198095,0.969673,0.047573,0.060655,0.8584
606,967.86,45.13,201.41,90.27,0.504096,0.04179,0.104903,0.08358,0.8337
606,340.53,28.47,93.12,53.55,0.177362,0.02636,0.048502,0.049587,0.8196
607,1599.35,731.53,345.81,339.09,0.832993,0.677343,0.18011,0.313976,0.9581
607,1048.18,471.62,242.18,244.39,0.545927,0.436683,0.126135,0.226287,0.9549
607,1715.13,131.88,293.88,263.19,0.893299,0.122114,0.153062,0.243695,0.9534
607,621.5,899.39,339.82,336.16,0.3237,0.832768,0.176987,0.311257,0.9532
607,94.73,1004.25,189.46,151.19,0.049338,0.929862,0.098677,0.139986,0.9132
607,95.94,564.09,191.89,366.66,0.049971,0.522304,0.099942,0.339501,0.9125
607,951.71,42.45,206.79,84.89,0.495683,0.039302,0.107703,0.078604,0.8464
607,367.63,1045.99,93.26,68.01,0.191472,0.968514,0.048573,0.062973,0.837
607,320.83,25.4,88.05,49.74,0.167097,0.023523,0.04586,0.046056,0.7399
607,110.6,510.78,96.62,100.77,0.057603,0.472949,0.050325,0.093303,0.72
608,1702.6,131.13,294.21,260.84,0.88677,0.121421,0.153236,0.241518,0.9586
608,1587.98,730.84,344.03,337.27,0.827074,0.676704,0.179185,0.312287,0.9526
608,605.61,896.01,343.7,340.49,0.315423,0.829636,0.179013,0.315268,0.9522
608,1036.53,467.6,245.35,245.02,0.539859,0.432965,0.127788,0.226875,0.9522
608,89.72,1002.52,179.35,154.71,0.046728,0.928255,0.093412,0.143248,0.9232
608,88.25,556.15,176.51,370.6,0.045965,0.51495,0.091931,0.34315,0.9171
608,939.72,41.6,206.39,83.08,0.489439,0.038522,0.107492,0.076928,0.8438
608,355.39,1045.86,92.35,68.23,0.185097,0.968384,0.048101,0.063173,0.8087
608,312.3,25.64,93.02,51.27,0.162658,0.023737,0.04845,0.047473,0.7635
608,98.36,510.04,95.72,97.34,0.051231,0.472262,0.049853,0.090133,0.7313
609,1690.4,129.84,291.63,258.47,0.880416,0.120223,0.151891,0.239324,0.959
609,1025.59,467.69,248.25,246.92,0.534161,0.433045,0.129299,0.228631,0.9537
609,1576.21,727.86,346.72,340.96,0.820944,0.67394,0.180584,0.315703,0.9512
609,595.71,896.11,337.28,336.26,0.310268,0.829735,0.175668,0.311353,0.9488
609,82.4,1001.92,164.81,156.16,0.042918,0.927705,0.085836,0.14459,0.9276
609,82.97,559.42,165.94,372.08,0.043213,0.517977,0.086426,0.34452,0.9222
609,341.49,1043.52,91.11,72.95,0.177861,0.966225,0.047452,0.067549,0.8345
609,925.6,39.42,209.68,78.84,0.482086,0.0365,0.109209,0.073001,0.7951
609,297.85,23.04,89.77,45.34,0.155129,0.021334,0.046753,0.04198,0.7934
609,1630.81,535.79,62.04,62.57,0.84938,0.4961,0.032313,0.057936,0.7795
610,1678.07,128.98,296.63,256.08,0.873995,0.119426,0.154493,0.237107,0.9564
610,582.87,889.74,338.17,338.43,0.30358,0.823835,0.17613,0.313365,0.9559
610,1012.86,464.18,245.21,245.32,0.527533,0.429796,0.127715,0.227144,0.9517
610,1564.9,726.16,344.11,339.22,0.815053,0.672374,0.179222,0.31409,0.9513
610,76.28,1000.2,152.43,159.61,0.039728,0.926108,0.079391,0.147783,0.9269
610,76.29,553.08,152.58,367.0,0.039733,0.51211,0.079466,0.339814,0.9104
610,331.0,1042.76,90.55,74.49,0.172394,0.965516,0.047163,0.068969,0.8525
610,913.61,38.91,202.23,77.82,0.47584,0.03603,0.10533,0.07206,0.8317
610,73.32,505.28,93.72,95.45,0.038189,0.467856,0.048815,0.088384,0.7931
610,278.06,19.54,80.74,39.09,0.144821,0.018097,0.042052,0.036193,0.7708
610,1618.76,533.71,61.21,61.66,0.843105,0.494176,0.031882,0.05709,0.7097
611,1000.47,464.28,240.94,242.65,0.521079,0.429888,0.125489,0.224677,0.9561
611,1550.53,723.18,344.49,340.23,0.807567,0.669612,0.179421,0.315024,0.9559
611,1665.4,129.22,298.19,258.1,0.867395,0.119647,0.155308,0.238978,0.9551
611,572.02,889.97,341.51,334.87,0.297929,0.824047,0.177872,0.310067,0.9518
611,69.66,1001.17,139.08,157.4,0.036282,0.927012,0.072436,0.14574,0.9212
611,70.72,552.6,141.28,381.27,0.036834,0.51167,0.073584,0.35303,0.911
611,318.81,1042.17,89.76,75.67,0.166046,0.964969,0.046752,0.070062,0.8346
611,903.53,38.91,208.49,77.81,0.470591,0.036025,0.108589,0.07205,0.8142
611,55.4,502.1,99.05,106.43,0.028852,0.464904,0.051589,0.098542,0.8132
611,275.66,18.63,98.16,36.63,0.143574,0.017253,0.051124,0.03392,0.7227
612,1539.39,724.49,344.88,339.02,0.801767,0.670826,0.179626,0.313912,0.9549
612,988.71,462.5,239.56,243.28,0.514952,0.428244,0.124772,0.225256,0.9544
612,1653.23,128.08,294.65,255.16,0.861059,0.118595,0.153465,0.236263,0.9498
612,558.57,887.56,341.52,335.84,0.290923,0.821814,0.177874,0.310966,0.949
612,64.27,1002.52,128.15,154.41,0.033473,0.92826,0.066744,0.142973,0.9172
612,63.33,543.81,126.66,365.64,0.032984,0.503529,0.065969,0.338555,0.897
612,305.99,1041.4,91.78,77.19,0.159367,0.964262,0.047802,0.071477,0.8609
612,890.64,37.45,196.67,74.89,0.463877,0.034673,0.102433,0.069347,0.8194
612,1594.76,532.02,60.88,60.64,0.830603,0.492615,0.031706,0.056151,0.7598
612,262.01,20.02,96.15,39.88,0.136462,0.018533,0.050078,0.036928,0.7576
612,50.67,460.69,101.16,188.95,0.026388,0.426564,0.05269,0.174957,0.7284
613,1641.79,128.07,292.77,255.04,0.855098,0.118579,0.152482,0.236147,0.9559
613,1528.31,723.8,346.95,341.74,0.795993,0.670187,0.180701,0.316422,0.9534
613,975.99,462.45,242.68,242.75,0.508327,0.428199,0.126397,0.224772,0.95
613,544.92,888.23,341.34,340.09,0.283811,0.822431,0.177782,0.314899,0.9479
613,58.28,1004.21,116.07,150.94,0.030352,0.929827,0.060451,0.139757,0.915
613,58.02,542.48,116.03,365.19,0.030217,0.502295,0.060435,0.338136,0.8879
613,1582.5,531.84,61.44,62.82,0.824218,0.492446,0.032002,0.058164,0.8427
613,291.39,1042.77,89.36,74.46,0.151766,0.965527,0.046539,0.068945,0.8419
613,876.16,38.81,201.32,77.18,0.456335,0.035934,0.104856,0.071467,0.8097
613,251.39,19.55,95.94,38.42,0.13093,0.018106,0.049967,0.035577,0.7389
614,1630.22,128.59,293.16,256.3,0.849075,0.119068,0.152689,0.237313,0.9572
614,963.73,463.73,246.51,244.93,0.501941,0.429383,0.128393,0.226784,0.9532
614,534.75,893.4,337.84,336.08,0.278517,0.827225,0.175957,0.311182,0.953
614,1515.78,726.01,347.87,341.38,0.789467,0.67223,0.181183,0.316097,0.9526
614,52.32,1007.91,104.2,144.07,0.027252,0.933246,0.054272,0.133402,0.9052
614,280.05,1042.36,92.2,75.28,0.145861,0.965149,0.048019,0.069701,0.8587
614,51.82,545.0,103.65,383.17,0.026991,0.504634,0.053983,0.354784,0.8514
614,867.55,38.24,227.11,76.48,0.451851,0.035407,0.118288,0.070815,0.7895
614,228.66,18.93,79.69,37.31,0.119093,0.017528,0.041506,0.034542,0.7736
614,31.74,519.02,62.68,70.42,0.016532,0.480578,0.032648,0.0652,0.7649
614,1569.94,532.51,61.58,62.8,0.817677,0.493067,0.032074,0.05815,0.7427
615,520.88,889.59,338.67,340.33,0.271292,0.823693,0.176389,0.315121,0.9593
615,1617.97,128.79,297.58,256.13,0.84269,0.119249,0.154989,0.237156,0.9554
615,952.61,464.06,244.54,244.9,0.496153,0.429683,0.127363,0.226761,0.9515
615,1504.76,726.67,345.23,340.3,0.783731,0.672839,0.179805,0.315092,0.9515
615,47.53,1007.0,94.5,145.76,0.024753,0.932409,0.04922,0.134965,0.8833
615,267.14,1043.1,90.71,73.8,0.139138,0.965834,0.047243,0.068332,0.8466
615,45.04,546.33,90.09,359.82,0.02346,0.505857,0.04692,0.333164,0.8367
615,856.06,39.2,207.31,78.41,0.445862,0.036299,0.107971,0.072598,0.8244
615,1558.05,533.74,61.4,62.0,0.811483,0.494201,0.031978,0.057404,0.7644
616,1491.33,727.13,345.96,341.31,0.776734,0.67327,0.180187,0.316025,0.9565
616,1605.94,130.59,298.59,260.53,0.836429,0.120918,0.155517,0.241235,0.9553
616,510.72,893.49,341.73,337.64,0.265999,0.827307,0.177984,0.312632,0.9529
616,941.41,465.8,244.08,246.13,0.490318,0.4313,0.127123,0.2279,0.9527
616,1888.73,230.8,62.54,74.34,0.983713,0.213701,0.032575,0.068834,0.8663
616,39.04,1008.68,77.7,142.42,0.020333,0.933966,0.040467,0.131874,0.8559
616,253.71,1043.85,92.0,72.3,0.132139,0.966527,0.047916,0.066947,0.8362
616,842.25,40.06,213.78,80.12,0.438669,0.037092,0.111344,0.074183,0.8212
616,1545.45,535.84,61.12,62.06,0.80492,0.496146,0.031834,0.057465,0.7985
616,41.56,570.26,83.11,380.2,0.021644,0.528022,0.043288,0.352041,0.7941
616,201.04,19.59,75.72,39.18,0.104706,0.01814,0.039438,0.036281,0.7573
617,1479.46,729.58,344.68,338.46,0.770552,0.675538,0.179519,0.313387,0.9567
617,928.69,469.32,245.9,244.9,0.483694,0.434559,0.128072,0.22676,0.9545
617,495.58,896.33,344.58,338.04,0.258114,0.829937,0.179468,0.312996,0.9502
617,1593.32,129.74,295.88,257.93,0.829856,0.120125,0.154103,0.238827,0.9489
617,1881.17,231.0,71.06,72.84,0.979776,0.213893,0.037013,0.067443,0.8626
617,243.17,1046.89,94.86,66.21,0.12665,0.969345,0.049404,0.061309,0.8506
617,35.46,1016.17,70.52,126.55,0.018471,0.940894,0.03673,0.117174,0.8382
617,826.25,39.23,200.96,78.46,0.430337,0.036322,0.104666,0.072644,0.8347
617,201.26,22.63,102.27,45.03,0.104822,0.020955,0.053266,0.041698,0.7506
617,32.23,574.9,64.45,371.85,0.016785,0.532312,0.03357,0.344301,0.7354
618,1581.77,131.52,292.99,261.84,0.823837,0.121778,0.152597,0.24244,0.9582
618,482.63,900.69,344.69,340.96,0.251369,0.833976,0.179524,0.315702,0.9535
618,1467.56,732.08,346.6,338.03,0.764355,0.677854,0.18052,0.312989,0.9531
618,913.06,469.84,243.38,243.25,0.47555,0.435037,0.12676,0.225234,0.9502
618,1869.21,234.05,72.17,71.33,0.973547,0.216713,0.03759,0.066043,0.9008
618,229.22,1045.66,93.46,68.68,0.119387,0.968206,0.048677,0.063588,0.8455
618,815.1,40.19,207.6,80.36,0.42453,0.037209,0.108125,0.07441,0.8249
618,187.97,24.12,97.74,47.66,0.097904,0.022332,0.050905,0.044126,0.783
619,1570.97,132.34,293.75,264.2,0.818211,0.122536,0.152995,0.244632,0.9601
619,1458.26,736.68,347.13,339.69,0.759512,0.682115,0.180798,0.314531,0.9551
619,903.57,473.81,248.6,247.17,0.470609,0.438712,0.12948,0.228865,0.9532
619,472.54,900.65,342.31,340.02,0.246117,0.833935,0.178289,0.314838,0.952
619,1858.3,235.97,73.53,72.89,0.967867,0.218491,0.038298,0.06749,0.8859
619,216.26,1049.1,92.73,61.78,0.112633,0.971393,0.048296,0.057205,0.8543
619,801.57,42.53,219.43,85.06,0.417484,0.039378,0.114288,0.078755,0.8308
619,170.81,25.87,91.97,51.01,0.088965,0.023951,0.047901,0.047229,0.7903
620,1558.95,134.8,299.27,269.28,0.811955,0.12481,0.15587,0.249335,0.9566
620,1444.45,739.96,346.23,339.32,0.752317,0.68515,0.180326,0.314186,0.9558
620,458.05,902.61,340.0,337.11,0.23857,0.835754,0.177086,0.312138,0.9528
620,892.08,478.96,246.54,244.75,0.464622,0.443481,0.128408,0.226616,0.9521
620,1845.63,241.23,73.95,72.97,0.961264,0.223363,0.038516,0.067564,0.9046
620,790.7,44.8,205.57,89.61,0.411821,0.041485,0.107069,0.08297,0.8466
620,203.35,1049.66,90.92,60.68,0.105913,0.971906,0.047352,0.056188,0.8425
620,162.69,29.11,91.7,53.51,0.084732,0.026958,0.047758,0.049549,0.7972
621,1430.16,745.52,346.33,341.5,0.744873,0.690298,0.180383,0.316206,0.9588
621,1545.52,135.82,296.14,271.64,0.804959,0.125758,0.154239,0.251517,0.9555
621,879.46,481.34,245.55,246.92,0.458055,0.445681,0.12789,0.228627,0.9533
621,446.8,909.52,338.96,331.18,0.232708,0.842149,0.176543,0.30665,0.9512
621,1833.43,242.03,72.92,71.63,0.954911,0.224106,0.037977,0.06632,0.8842
621,778.21,47.32,212.97,94.63,0.405319,0.043811,0.110924,0.087623,0.8616
621,148.48,29.59,96.1,56.57,0.077333,0.027396,0.050051,0.052379,0.847
621,192.1,1053.21,97.05,52.64,0.100052,0.975195,0.050546,0.048739,0.834
622,1420.05,753.61,343.05,341.46,0.739607,0.697784,0.178671,0.316171,0.9553
622,1535.98,137.38,297.47,274.76,0.799992,0.127206,0.154934,0.254411,0.9545
622,865.29,487.66,243.53,245.69,0.450674,0.45154,0.126839,0.227489,0.9535
622,433.84,913.84,343.76,331.5,0.22596,0.846144,0.17904,0.306941,0.9527
622,1822.82,247.96,72.96,71.64,0.949386,0.229595,0.037999,0.066333,0.8828
622,133.82,31.69,93.04,63.39,0.069697,0.029345,0.04846,0.05869,0.863
622,765.19,48.7,200.91,95.18,0.398537,0.045096,0.10464,0.088129,0.8485
622,180.08,1055.4,93.0,49.2,0.09379,0.977224,0.048435,0.045551,0.8016
622,1472.86,557.55,62.36,64.54,0.767116,0.516247,0.032478,0.059757,0.7235
623,1407.71,753.97,344.94,343.21,0.733183,0.698117,0.179654,0.317792,0.9567
623,1521.9,142.28,293.85,284.55,0.792655,0.131737,0.153049,0.263475,0.9562
623,853.26,494.55,242.22,244.91,0.444407,0.457919,0.126156,0.226764,0.9527
623,421.6,916.03,340.93,327.93,0.219583,0.848171,0.177568,0.303643,0.9498
623,1809.48,256.95,72.47,72.79,0.942438,0.237915,0.037742,0.067397,0.8815
623,753.67,53.2,202.39,106.41,0.392537,0.049262,0.10541,0.098525,0.8476
623,122.97,33.21,97.29,66.23,0.064046,0.030749,0.050669,0.061325,0.8441
623,164.24,1058.03,87.44,43.49,0.085542,0.979655,0.045542,0.040265,0.8048
623,1460.59,561.96,61.58,63.24,0.760724,0.520337,0.032073,0.05856,0.7645
624,1393.33,761.85,348.64,342.49,0.725695,0.705415,0.181584,0.317124,0.9564
624,1510.1,145.21,294.84,286.68,0.78651,0.134458,0.153564,0.265445,0.9557
624,410.39,919.6,347.99,320.81,0.213745,0.851477,0.181244,0.297045,0.9539
624,842.6,499.55,247.87,247.84,0.438853,0.462551,0.129099,0.229485,0.9514
624,1796.76,260.71,71.97,71.38,0.935814,0.241395,0.037487,0.066088,0.8899
624,739.93,54.3,204.79,107.14,0.385379,0.050281,0.106662,0.099201,0.8828
624,109.94,37.47,92.29,73.1,0.057262,0.034691,0.048066,0.067683,0.8595
624,1889.89,200.54,60.23,128.14,0.984316,0.185688,0.031369,0.118652,0.8575
624,150.91,1062.22,83.69,35.56,0.0786,0.983536,0.043591,0.032928,0.7381
625,396.62,920.58,344.07,318.85,0.206574,0.852386,0.179201,0.295228,0.9551
625,1496.87,148.53,296.17,289.76,0.779619,0.137524,0.154253,0.268298,0.9541
625,1384.16,767.0,345.46,341.3,0.720916,0.710188,0.179928,0.316021,0.9522
625,830.43,505.89,248.08,247.96,0.432516,0.468413,0.12921,0.229597,0.9497
625,1785.13,268.69,74.04,73.91,0.929755,0.248784,0.038563,0.068437,0.9085
625,1884.92,208.04,69.6,124.23,0.981729,0.192632,0.036248,0.115028,0.8757
625,99.95,41.39,94.49,82.74,0.052059,0.038325,0.049214,0.076613,0.8732
625,726.57,59.49,210.2,118.44,0.378424,0.055083,0.109478,0.109665,0.8627
625,139.47,1065.33,101.9,28.94,0.07264,0.986418,0.053075,0.0268,0.7128
626,384.99,926.26,343.66,306.58,0.200513,0.85765,0.178989,0.283872,0.955
626,1370.39,775.34,344.77,340.93,0.713744,0.717909,0.179569,0.315672,0.9535
626,818.71,512.04,245.47,245.88,0.42641,0.474108,0.127847,0.227664,0.9534
626,1484.43,154.51,298.04,296.31,0.773139,0.143064,0.15523,0.274364,0.9502
626,713.27,62.76,213.46,122.51,0.371493,0.058107,0.111179,0.113434,0.9071
626,1771.83,273.64,71.72,71.91,0.92283,0.253366,0.037357,0.066582,0.8857
626,1878.91,212.46,82.1,119.93,0.978598,0.196723,0.042761,0.111042,0.8813
626,84.08,43.1,89.18,85.93,0.043792,0.039906,0.046446,0.079566,0.8744
626,1423.02,584.26,64.06,64.59,0.741156,0.54098,0.033364,0.05981,0.8153
627,1359.38,784.26,344.02,341.47,0.70801,0.726166,0.179179,0.316176,0.9554
627,370.15,928.59,347.09,302.39,0.192787,0.859806,0.180776,0.279987,0.952
627,804.27,520.01,243.27,243.91,0.418889,0.48149,0.126703,0.225841,0.9516
627,1471.04,161.34,295.94,302.62,0.766168,0.149391,0.154135,0.280205,0.9477
627,1872.63,222.6,94.74,118.23,0.975328,0.206115,0.049344,0.109475,0.9163
627,700.85,65.13,211.54,129.75,0.365028,0.060301,0.110178,0.12014,0.9007
627,71.09,54.0,90.33,90.94,0.037024,0.049996,0.047044,0.084207,0.896
627,1759.98,282.13,73.32,73.1,0.916655,0.261232,0.03819,0.067681,0.8848
627,524.38,37.7,287.49,75.39,0.273113,0.034905,0.149735,0.069809,0.7287
627,1410.65,590.84,61.81,63.23,0.734715,0.547072,0.032195,0.058544,0.7281
628,1460.83,169.74,294.32,302.65,0.760848,0.157171,0.15329,0.280227,0.9578
628,791.71,528.88,247.3,246.54,0.412348,0.489702,0.128803,0.228278,0.9526
628,359.13,933.85,344.93,290.43,0.187048,0.864676,0.179652,0.268913,0.9526
628,1347.22,790.51,346.63,340.95,0.701679,0.731953,0.180538,0.315699,0.9525
628,1867.31,232.21,105.15,120.63,0.972559,0.215009,0.054768,0.11169,0.9178
628,1748.2,291.21,72.17,70.87,0.91052,0.269641,0.037586,0.065618,0.9051
628,688.67,69.8,209.63,138.89,0.35868,0.064628,0.109182,0.128602,0.8965
628,58.95,60.84,91.39,92.91,0.030701,0.056332,0.047601,0.086027,0.8698
628,506.57,39.82,301.22,79.64,0.263839,0.036873,0.156884,0.073741,0.7423
629,1450.64,180.14,293.8,298.09,0.755544,0.166798,0.153021,0.276005,0.9615
629,1336.94,801.08,347.76,339.93,0.696321,0.741739,0.181126,0.314746,0.9535
629,780.68,539.5,247.63,245.89,0.406603,0.499535,0.128975,0.227674,0.9514
629,345.09,938.39,344.53,280.43,0.179734,0.868879,0.179444,0.259657,0.9513
629,1860.62,240.69,117.68,121.08,0.969075,0.22286,0.061294,0.112111,0.9424
629,1736.62,300.31,71.89,71.24,0.904492,0.278062,0.037442,0.065962,0.8941
629,674.49,75.44,207.58,149.42,0.351295,0.069851,0.108116,0.138356,0.8928
629,44.38,66.43,86.53,90.66,0.023113,0.061511,0.045068,0.083944,0.8768
629,494.08,46.88,275.09,93.77,0.257334,0.043411,0.143279,0.086822,0.7665
629,1885.37,543.97,68.67,346.58,0.981964,0.503677,0.035764,0.320906,0.7543
629,1386.89,608.01,60.69,61.1,0.722337,0.562968,0.031608,0.056577,0.7289
630,1437.55,186.68,297.22,299.66,0.748725,0.172853,0.1548,0.277459,0.9606
630,335.48,942.98,343.89,269.79,0.174727,0.873127,0.17911,0.249807,0.9579
630,1321.18,810.67,345.59,339.88,0.688113,0.750618,0.179996,0.314704,0.9573
630,767.19,547.62,245.77,244.96,0.399579,0.50706,0.128007,0.226814,0.9515
630,1849.4,248.95,118.89,119.73,0.963232,0.23051,0.061921,0.110861,0.9387
630,660.45,78.02,204.92,156.03,0.343985,0.072237,0.106731,0.144473,0.9023
630,1725.22,308.45,72.99,72.36,0.898553,0.285602,0.038015,0.067001,0.8959
630,1882.72,548.6,73.77,341.23,0.980586,0.507964,0.038423,0.31595,0.7855
631,1308.98,820.4,347.8,342.01,0.681761,0.75963,0.181147,0.316677,0.9602
631,1425.9,197.49,296.98,298.17,0.742654,0.182858,0.154678,0.276082,0.9572
631,755.49,558.47,246.12,246.19,0.393483,0.517106,0.128186,0.227951,0.9542
631,320.77,947.63,350.43,262.03,0.167068,0.877432,0.182516,0.24262,0.9528
631,1837.34,258.67,119.86,120.11,0.956948,0.23951,0.062429,0.111216,0.9351
631,648.21,83.83,207.44,167.66,0.337608,0.077622,0.108041,0.155245,0.8944
631,1711.58,318.99,73.16,73.17,0.891448,0.295361,0.038102,0.067752,0.8808
631,1361.5,627.73,62.7,62.54,0.709117,0.581234,0.032656,0.057909,0.8218
631,1876.68,559.83,86.2,342.19,0.977439,0.518365,0.044894,0.316839,0.8021
631,31.76,89.13,63.52,96.79,0.016541,0.082531,0.033081,0.08962,0.7261
632,308.31,953.97,348.68,250.73,0.160576,0.883302,0.181604,0.232161,0.9611
632,1299.58,829.89,344.67,342.28,0.676867,0.76842,0.179516,0.316925,0.9586
632,743.56,567.83,247.64,247.66,0.38727,0.525765,0.128978,0.229319,0.9532
632,1414.77,207.61,297.91,296.38,0.736859,0.192234,0.155161,0.274427,0.9476
632,1825.33,269.56,117.94,118.97,0.950693,0.249588,0.061425,0.110155,0.9472
632,638.41,89.35,208.34,178.69,0.332507,0.082728,0.108509,0.165456,0.8767
632,1699.39,330.02,71.75,72.8,0.885097,0.30557,0.03737,0.067406,0.8614
632,1869.05,584.65,101.91,367.05,0.973462,0.541344,0.053076,0.339865,0.8476
632,530.12,71.46,353.63,142.48,0.276105,0.066169,0.18418,0.131928,0.7511
632,1348.85,639.33,62.09,62.9,0.702526,0.591969,0.032339,0.058237,0.7311
633,296.46,960.57,346.18,237.9,0.154408,0.889421,0.180301,0.220276,0.9611
633,1399.41,218.45,293.86,300.61,0.72886,0.202272,0.153052,0.278345,0.9558
633,1285.64,844.56,345.47,344.39,0.669606,0.781998,0.179933,0.318879,0.9545
633,731.37,578.96,247.32,245.8,0.380924,0.536073,0.128815,0.227593,0.953
633,1812.46,280.35,120.4,121.02,0.943991,0.259584,0.062709,0.112058,0.9442
633,1687.95,339.3,72.91,69.36,0.87914,0.314165,0.037974,0.06422,0.8872
633,1862.1,593.68,115.8,380.76,0.969844,0.5497,0.060311,0.352556,0.878
633,621.81,95.32,201.64,188.67,0.323857,0.088262,0.10502,0.174697,0.8739
633,1337.19,650.27,62.23,63.62,0.696451,0.602103,0.032411,0.058905,0.8098
633,470.94,66.57,356.01,133.04,0.245282,0.061638,0.185423,0.123183,0.7757
633,508.74,78.43,369.3,156.56,0.26497,0.072617,0.192342,0.144959,0.7696
634,283.4,965.76,338.37,227.3,0.147605,0.894225,0.176235,0.21046,0.961
634,1389.23,230.04,294.18,299.26,0.723556,0.213001,0.15322,0.277093,0.9608
634,720.31,591.25,250.48,246.2,0.375162,0.547458,0.130458,0.227958,0.9545
634,1274.65,854.64,348.73,339.98,0.663878,0.791334,0.181629,0.314795,0.9533
634,1798.84,292.51,120.54,121.86,0.936896,0.270844,0.062782,0.112834,0.9301
634,1675.1,351.91,72.37,71.17,0.872447,0.325841,0.037693,0.065895,0.9075
634,1855.87,597.45,128.26,396.58,0.966599,0.553193,0.066801,0.367208,0.8609
634,612.5,99.25,208.78,198.5,0.319009,0.0919,0.108741,0.183799,0.8378
634,509.71,85.14,371.72,169.85,0.265476,0.078831,0.193605,0.157268,0.8285
634,469.23,72.31,366.73,144.59,0.244393,0.066952,0.191003,0.133877,0.7961
635,1376.52,241.93,295.39,298.78,0.716937,0.224009,0.153848,0.276648,0.9606
635,272.32,972.17,337.53,214.5,0.141835,0.900155,0.175799,0.198608,0.9562
635,1259.59,866.95,345.59,337.71,0.656034,0.802729,0.179996,0.312693,0.952
635,705.86,603.53,247.15,246.5,0.367637,0.558823,0.128725,0.228241,0.9512
635,1788.4,305.57,120.73,119.56,0.931456,0.282938,0.062879,0.110704,0.9346
635,598.23,108.07,209.4,208.61,0.31158,0.100068,0.109065,0.193155,0.9007
635,1662.46,365.16,73.05,72.9,0.865866,0.338109,0.038048,0.067498,0.8958
635,1851.79,609.39,136.41,408.74,0.964476,0.564252,0.071047,0.378462,0.8777
635,493.89,86.1,394.31,172.2,0.257233,0.079721,0.205367,0.159442,0.8339
636,1363.61,255.97,299.05,299.79,0.710216,0.237011,0.155753,0.277585,0.9575
636,1248.44,879.18,347.78,342.82,0.650228,0.814054,0.181134,0.31743,0.957
636,693.24,617.41,245.63,246.24,0.361063,0.571677,0.12793,0.228002,0.9546
636,1776.24,317.6,122.21,122.26,0.925123,0.294077,0.063648,0.113201,0.9401
636,260.61,977.79,343.95,203.87,0.135733,0.905361,0.179142,0.188772,0.9364
636,1650.6,377.96,73.37,72.52,0.859686,0.349961,0.038212,0.067152,0.9261
636,1843.38,618.38,153.24,398.85,0.960094,0.572571,0.079811,0.369308,0.8879
636,587.04,120.76,204.2,209.41,0.305749,0.111811,0.106357,0.193899,0.8801
636,444.99,86.46,378.0,172.92,0.231766,0.080056,0.196874,0.160112,0.8648
637,1238.57,892.1,345.46,342.0,0.645091,0.826018,0.179926,0.316663,0.9572
637,682.23,628.43,249.57,247.97,0.35533,0.581882,0.129983,0.229601,0.9544
637,1352.19,267.28,296.63,296.8,0.704265,0.247483,0.154497,0.274814,0.9492
637,1763.55,330.75,118.63,120.68,0.918514,0.306251,0.061789,0.111736,0.9463
637,245.94,984.65,351.35,190.7,0.128096,0.911714,0.182996,0.176572,0.9237
637,1837.01,628.03,165.98,416.99,0.956777,0.581511,0.086447,0.386099,0.8994
637,1638.41,391.2,72.72,73.78,0.853337,0.362225,0.037876,0.068311,0.8953
637,434.51,95.13,388.94,189.7,0.226307,0.088087,0.202572,0.175651,0.8722
637,559.63,109.7,229.37,204.01,0.291473,0.101577,0.119461,0.188901,0.8258
637,1287.03,700.31,63.17,63.52,0.670328,0.648438,0.032903,0.058814,0.7786
638,1339.73,282.58,295.04,301.83,0.697777,0.261652,0.153664,0.279468,0.9574
638,1224.31,905.97,346.63,342.47,0.637664,0.838857,0.180538,0.317105,0.9541
638,670.48,641.76,249.33,248.33,0.349209,0.594219,0.129858,0.229936,0.9536
638,1752.4,344.13,120.68,122.21,0.912708,0.318635,0.062852,0.113161,0.948
638,235.4,992.32,340.12,175.37,0.122604,0.918812,0.177147,0.162376,0.926
638,1830.38,647.11,178.29,416.68,0.953325,0.59918,0.092858,0.385816,0.9191
638,426.04,98.31,381.69,196.61,0.221898,0.091025,0.198796,0.18205,0.9039
638,1625.58,404.24,72.93,73.14,0.846656,0.374295,0.037985,0.067718,0.8845
638,561.63,145.24,210.13,210.71,0.292516,0.134483,0.109444,0.195099,0.807
638,1274.7,714.04,63.51,62.55,0.663904,0.661144,0.033076,0.057917,0.7429
639,1328.78,295.71,296.23,299.67,0.692075,0.27381,0.154284,0.277471,0.9604
639,1214.69,914.36,349.73,330.27,0.632651,0.846634,0.182149,0.305801,0.9524
639,658.08,657.12,251.59,246.39,0.342751,0.608441,0.131035,0.228137,0.9513
639,1740.77,359.3,121.62,121.85,0.906649,0.332688,0.063344,0.112822,0.9447
639,1824.66,652.09,189.4,413.54,0.950345,0.603784,0.098648,0.382904,0.9261
639,412.5,106.6,371.98,213.2,0.214842,0.098704,0.193739,0.197409,0.9253
639,1613.74,418.29,71.76,71.84,0.840492,0.387303,0.037373,0.066517,0.9213
639,218.72,998.22,349.72,163.39,0.113916,0.924278,0.182146,0.151284,0.8969
639,552.68,163.89,210.05,206.9,0.287853,0.15175,0.109399,0.191573,0.8481
639,1262.06,728.63,62.1,61.89,0.657324,0.674658,0.032342,0.057306,0.7981
640,1314.03,309.71,298.87,303.38,0.684388,0.286767,0.155661,0.280903,0.9577
640,1199.99,921.94,350.14,316.13,0.624993,0.853645,0.182367,0.29271,0.9544
640,643.74,672.35,246.51,245.0,0.335281,0.622547,0.12839,0.226848,0.9526
640,1728.42,374.19,119.9,121.27,0.900219,0.346473,0.062447,0.112291,0.9464
640,1821.06,663.96,196.09,425.77,0.948468,0.614782,0.102133,0.394228,0.9406
640,400.24,115.84,379.96,231.69,0.208456,0.107263,0.197897,0.214526,0.9298
640,1601.94,434.36,72.59,73.48,0.834344,0.402186,0.037806,0.068034,0.9041
640,209.85,1005.23,336.37,149.01,0.109296,0.930768,0.175193,0.137973,0.8962
640,540.38,176.21,203.78,198.74,0.28145,0.163161,0.106133,0.184022,0.862
640,1250.92,743.42,62.41,62.6,0.651519,0.688348,0.032506,0.057961,0.7776
641,1305.02,326.15,298.31,297.36,0.6797,0.301994,0.155369,0.275335,0.9569
641,633.38,686.89,249.23,249.21,0.329884,0.636007,0.129807,0.230746,0.9521
641,1188.2,929.48,347.22,301.03,0.618855,0.860633,0.180843,0.278735,0.9515
641,1813.66,679.99,211.04,418.12,0.944616,0.629622,0.109917,0.387144,0.9455
641,383.67,122.89,371.21,245.77,0.199829,0.113784,0.193339,0.227569,0.9411
641,1717.34,390.56,120.01,121.91,0.894449,0.36163,0.062503,0.112881,0.9285
641,1589.53,449.42,73.39,73.03,0.827882,0.416134,0.038223,0.067624,0.914
641,195.69,1014.33,337.0,131.35,0.101924,0.939191,0.175519,0.121617,0.8639
641,526.38,195.84,201.16,197.69,0.274159,0.181337,0.104769,0.183047,0.756
641,1238.26,757.57,61.21,60.42,0.644929,0.70145,0.031882,0.055943,0.7145
642,1175.4,937.37,350.16,284.86,0.61219,0.867935,0.182377,0.263758,0.9571
642,618.87,701.35,247.04,245.52,0.32233,0.649396,0.128669,0.227336,0.9502
642,1702.81,405.09,118.89,120.79,0.886882,0.375082,0.061922,0.111845,0.9479
642,1290.35,341.54,296.47,301.73,0.672055,0.31624,0.154409,0.279381,0.9474
642,1807.71,699.81,224.54,427.96,0.941516,0.647969,0.116947,0.396257,0.9391
642,372.81,127.62,368.98,255.24,0.194171,0.118168,0.192175,0.236336,0.9355
642,1576.73,465.19,72.44,73.77,0.821212,0.430729,0.037727,0.068302,0.9173
642,510.57,211.06,203.94,200.79,0.26592,0.19543,0.10622,0.185917,0.9013
642,184.83,1023.0,348.24,113.99,0.096266,0.947225,0.181375,0.105551,0.8475
642,1225.32,774.0,62.67,62.6,0.638186,0.716664,0.032641,0.057963,0.7422
643,1278.74,358.38,295.87,299.99,0.666009,0.331835,0.1541,0.27777,0.9576
643,1161.53,944.12,347.63,271.41,0.604965,0.874183,0.181058,0.251308,0.9572
643,607.09,719.13,250.52,247.71,0.316191,0.665865,0.130479,0.229363,0.952
643,359.19,138.32,365.74,276.53,0.18708,0.128073,0.190487,0.256044,0.9415
643,1799.33,709.73,241.34,429.78,0.937152,0.657157,0.125696,0.397944,0.936
643,1692.61,420.89,120.56,120.41,0.88157,0.389711,0.06279,0.111488,0.9349
643,499.11,226.78,204.98,205.09,0.259951,0.209982,0.106759,0.189899,0.8696
643,1564.76,480.81,73.48,72.27,0.814978,0.445195,0.038271,0.066921,0.8689
643,163.76,1032.47,327.51,95.05,0.085289,0.955995,0.170579,0.08801,0.747
643,1212.0,789.88,62.22,62.38,0.631248,0.731372,0.032406,0.057759,0.738
644,1151.66,953.14,350.89,253.3,0.599822,0.882541,0.182754,0.234533,0.9594
644,1266.21,372.76,296.64,300.16,0.659483,0.345147,0.1545,0.277926,0.9587
644,595.79,736.3,251.77,247.83,0.310308,0.681756,0.131129,0.229468,0.9529
644,1678.94,437.66,122.36,123.06,0.874449,0.405243,0.063727,0.113944,0.9398
644,343.16,145.02,373.38,288.66,0.178729,0.134277,0.194471,0.267274,0.9397
644,1793.9,727.57,252.21,420.69,0.934321,0.673675,0.131357,0.389528,0.9383
644,1552.9,497.3,72.66,72.38,0.8088,0.460461,0.037846,0.067016,0.8816
644,486.05,241.54,209.67,204.3,0.253152,0.223644,0.109202,0.189164,0.8298
644,1200.39,808.31,63.55,64.32,0.625202,0.748437,0.0331,0.059558,0.7913
644,154.55,1039.22,309.11,81.55,0.080497,0.962244,0.160993,0.075511,0.7678
645,1252.53,391.36,297.32,297.88,0.652359,0.362368,0.154852,0.275819,0.957
645,1138.56,963.56,345.73,232.23,0.592999,0.89219,0.180068,0.215031,0.9557
645,583.42,751.17,251.69,251.51,0.303865,0.695531,0.131087,0.232878,0.951
645,332.91,155.1,371.71,309.48,0.173392,0.143613,0.193597,0.286552,0.9475
645,1789.13,748.76,259.32,415.65,0.931837,0.693296,0.135064,0.384865,0.9348
645,1666.55,454.11,120.06,119.29,0.867997,0.42047,0.062533,0.110455,0.93
645,1540.18,514.6,72.96,72.13,0.802176,0.476485,0.037998,0.066788,0.9054
645,476.73,260.04,208.95,202.64,0.248297,0.240774,0.108828,0.187634,0.8678
645,140.2,1046.42,273.72,67.16,0.073019,0.968909,0.142564,0.062182,0.7916
645,1188.78,825.85,63.78,64.43,0.619154,0.764673,0.033219,0.059658,0.7775
646,1242.17,410.09,299.09,299.79,0.646965,0.379715,0.155774,0.277587,0.9547
646,570.28,771.19,249.82,248.6,0.297019,0.714069,0.130117,0.230188,0.9528
646,1124.86,970.78,344.08,218.2,0.585865,0.898868,0.179207,0.20204,0.9496
646,317.56,164.18,372.11,328.35,0.165398,0.152016,0.193806,0.304032,0.9472
646,1653.58,472.69,120.94,122.41,0.86124,0.437677,0.062989,0.113341,0.934
646,1780.26,768.38,278.79,423.94,0.927217,0.711466,0.145204,0.392537,0.9308
646,1527.54,532.21,72.26,71.85,0.795594,0.49279,0.037635,0.066524,0.9063
646,463.98,275.99,204.99,203.32,0.241654,0.255546,0.106765,0.188261,0.8517
646,1175.36,843.39,62.86,64.67,0.612169,0.780918,0.032742,0.059878,0.7268
646,127.91,1052.14,255.83,55.72,0.066622,0.974202,0.133244,0.051595,0.7126
647,1232.27,426.57,299.31,300.8,0.641805,0.39497,0.155893,0.278516,0.9522
647,555.56,789.08,248.96,248.65,0.289352,0.730632,0.129666,0.230231,0.9507
647,1641.78,491.21,119.41,120.44,0.855091,0.454827,0.062191,0.111523,0.9448
647,305.34,177.67,370.89,355.34,0.159033,0.164511,0.193171,0.329022,0.9445
647,1115.21,981.75,343.57,195.26,0.580837,0.909029,0.178945,0.180797,0.9373
647,1775.99,784.17,287.83,432.82,0.924994,0.72608,0.14991,0.400761,0.9319
647,1515.52,550.96,73.56,73.89,0.789336,0.510147,0.038313,0.068417,0.8943
647,447.89,294.58,206.52,206.45,0.233275,0.27276,0.107564,0.191154,0.8855
647,1163.92,861.22,63.15,64.5,0.606211,0.797429,0.032889,0.059719,0.7867
647,1822.84,25.36,194.32,49.96,0.949395,0.023481,0.101211,0.046257,0.7153
648,546.14,806.28,252.93,250.52,0.284449,0.74656,0.131733,0.231959,0.9555
648,1216.44,445.68,295.16,298.78,0.633562,0.412671,0.153731,0.276651,0.9542
648,294.26,183.27,368.85,361.8,0.153259,0.169697,0.192108,0.334997,0.9508
648,1631.27,509.74,120.77,120.64,0.849619,0.471981,0.062901,0.111706,0.9386
648,1769.89,804.61,297.86,421.78,0.92182,0.745005,0.155137,0.390539,0.9352
648,1102.31,990.22,340.53,179.56,0.574122,0.91687,0.177361,0.16626,0.9232
648,1503.03,568.77,73.73,73.73,0.782831,0.526636,0.038399,0.068272,0.8844
648,376.75,244.22,287.96,304.14,0.196224,0.226133,0.149981,0.28161,0.8725
648,436.04,312.0,205.82,204.18,0.227106,0.288892,0.107199,0.18906,0.8414
648,1813.35,37.11,213.31,74.21,0.944451,0.034358,0.111098,0.068716,0.7899
649,1203.65,464.27,297.6,300.57,0.626902,0.429877,0.155003,0.278309,0.9616
649,281.89,198.5,371.03,363.81,0.14682,0.183796,0.193245,0.336857,0.9592
649,533.3,825.36,251.58,247.79,0.27776,0.764223,0.131029,0.229433,0.9526
649,1617.65,528.3,120.82,122.23,0.842525,0.489164,0.062928,0.113176,0.9339
649,1764.6,823.16,310.8,420.72,0.919064,0.762181,0.161873,0.389555,0.9299
649,1088.45,999.13,347.98,161.75,0.566899,0.925118,0.18124,0.149764,0.9035
649,1490.26,589.19,72.88,73.08,0.776177,0.545543,0.037957,0.06767,0.8958
649,424.68,335.13,205.3,205.05,0.221188,0.310303,0.106926,0.189857,0.8901
649,1805.14,48.71,229.46,97.05,0.940176,0.045099,0.119513,0.089863,0.8415
650,1191.98,483.39,298.54,300.95,0.620825,0.447579,0.15549,0.278657,0.9579
650,266.69,217.52,366.94,360.86,0.138901,0.201409,0.191114,0.334125,0.951
650,520.27,847.71,249.01,248.96,0.270976,0.784915,0.129693,0.23052,0.9493
650,1604.63,547.87,121.46,120.5,0.835743,0.507283,0.063262,0.111578,0.9401
650,1761.29,845.16,317.41,429.47,0.91734,0.782556,0.16532,0.397653,0.9278
650,1478.94,606.42,73.73,71.35,0.77028,0.561499,0.038401,0.066069,0.91
650,412.97,348.68,204.17,204.71,0.21509,0.32285,0.106341,0.189542,0.8914
650,1076.43,1010.0,346.14,140.01,0.560643,0.935181,0.180282,0.129638,0.8828
650,1799.21,57.29,241.58,114.5,0.937089,0.053047,0.125823,0.106019,0.8485
650,1125.3,920.04,63.93,65.32,0.586096,0.851886,0.033298,0.060482,0.7947
651,257.62,239.9,370.06,364.16,0.134176,0.222133,0.192742,0.337189,0.9547
651,1181.9,504.09,297.75,295.93,0.615573,0.466754,0.155079,0.274006,0.9533
651,509.65,866.19,251.19,249.64,0.265444,0.802024,0.13083,0.231145,0.9517
651,1593.41,568.4,119.9,120.94,0.8299,0.5263,0.062449,0.111981,0.9386
651,1752.17,859.75,335.67,426.55,0.912586,0.796066,0.174827,0.394954,0.9374
651,1466.24,628.32,72.85,72.96,0.763667,0.581774,0.037943,0.067553,0.9173
651,1792.94,69.12,254.12,137.85,0.933822,0.063998,0.132356,0.127636,0.913
651,1062.74,1019.2,330.63,121.59,0.553513,0.943707,0.172205,0.112587,0.843
651,401.04,373.04,208.18,207.78,0.208874,0.34541,0.108425,0.192392,0.8002
651,1295.17,36.73,324.16,73.44,0.674565,0.034013,0.168831,0.068003,0.7515
651,1112.77,938.99,63.01,61.78,0.57957,0.869439,0.032818,0.0572,0.7389
652,243.21,260.45,375.03,371.06,0.126674,0.241153,0.195328,0.343571,0.9531
652,495.52,885.06,249.73,247.77,0.258082,0.819498,0.130068,0.229421,0.9503
652,1167.76,525.28,295.65,301.25,0.608208,0.486367,0.153983,0.278938,0.9501
652,1580.72,589.45,120.86,121.13,0.823293,0.545783,0.062946,0.112154,0.9355
652,1782.71,79.44,274.59,158.47,0.928493,0.07356,0.143014,0.146731,0.9166
652,1745.66,873.54,348.69,412.93,0.909195,0.808829,0.181609,0.382341,0.916
652,1452.68,649.79,72.84,73.38,0.756602,0.601654,0.037936,0.067945,0.9114
652,386.53,394.73,206.03,203.65,0.201318,0.365487,0.107306,0.188566,0.8598
652,1282.01,45.36,312.78,90.58,0.667713,0.041999,0.162906,0.08387,0.8293
652,1047.85,1030.12,345.1,99.76,0.545757,0.953816,0.179738,0.092367,0.7589
653,1156.39,544.68,297.68,299.33,0.602284,0.504335,0.155043,0.277161,0.9578
653,482.73,907.16,250.91,249.61,0.251423,0.839963,0.130682,0.231117,0.9524
653,230.84,281.63,368.72,369.25,0.120231,0.260772,0.192043,0.341897,0.9517
653,1567.51,609.98,120.36,120.88,0.816413,0.564794,0.062689,0.111928,0.9449
653,1739.72,884.58,360.56,390.85,0.906104,0.819053,0.187793,0.361894,0.938
653,1777.76,90.87,284.49,181.69,0.925915,0.084143,0.148171,0.168231,0.9201
653,1441.12,670.4,74.37,73.81,0.750583,0.620741,0.038735,0.068342,0.8993
653,1277.94,57.44,359.08,114.88,0.665594,0.053185,0.187021,0.106371,0.8544
653,374.71,414.5,205.3,204.26,0.195161,0.383793,0.10693,0.189131,0.843
653,1034.94,1041.1,331.57,77.8,0.539033,0.96398,0.17269,0.072039,0.7842
653,1088.76,981.49,63.58,64.44,0.567063,0.908786,0.033114,0.059664,0.7766
654,217.01,301.65,373.74,365.24,0.113026,0.279307,0.194659,0.338182,0.9599
654,1143.12,565.69,295.66,297.58,0.595377,0.523785,0.153989,0.275533,0.9586
654,472.07,926.19,250.9,248.57,0.24587,0.857586,0.130675,0.230158,0.9494
654,1555.56,631.18,119.57,121.28,0.810189,0.584428,0.062278,0.112299,0.9449
654,1773.32,100.59,293.35,201.18,0.923607,0.093137,0.152787,0.186275,0.9421
654,1734.5,893.2,371.0,373.6,0.903386,0.827035,0.193228,0.345929,0.9242
654,1265.08,68.73,341.93,137.46,0.658897,0.063637,0.178088,0.127275,0.9113
654,1427.64,692.63,73.47,73.06,0.743561,0.641328,0.038266,0.067652,0.9021
654,361.41,434.87,210.46,205.96,0.188236,0.402661,0.109616,0.190704,0.8219
654,1074.73,1001.63,63.05,64.89,0.559758,0.927431,0.032838,0.060087,0.773
655,1130.08,590.09,301.4,301.04,0.588584,0.54638,0.156981,0.278741,0.9603
655,203.86,319.76,370.6,361.56,0.106176,0.296078,0.193023,0.334779,0.9545
655,458.99,949.46,253.16,248.81,0.239056,0.879133,0.131855,0.230383,0.9488
655,1766.73,111.94,304.27,223.87,0.92017,0.103644,0.158476,0.207289,0.9423
655,1728.55,905.59,382.9,347.81,0.900286,0.838512,0.199429,0.322047,0.9339
655,1543.09,654.9,121.01,121.28,0.803695,0.606389,0.063024,0.112292,0.933
655,1253.88,78.44,342.81,156.89,0.653064,0.072633,0.178549,0.145265,0.9229
655,1416.06,713.82,74.31,74.88,0.737532,0.660945,0.038701,0.069335,0.9045
655,349.61,456.68,208.29,207.02,0.182087,0.42285,0.108483,0.191683,0.8757
656,1119.84,611.5,299.72,300.23,0.58325,0.566208,0.156103,0.277992,0.9572
656,1757.1,123.68,315.31,243.96,0.915158,0.114522,0.164224,0.22589,0.9526
656,446.86,963.66,254.14,232.67,0.232739,0.892281,0.132367,0.215438,0.9484
656,194.47,348.84,369.74,370.91,0.101288,0.323004,0.192571,0.343434,0.9467
656,1530.06,674.98,124.15,123.4,0.796904,0.624982,0.06466,0.114257,0.9404
656,1720.27,915.63,399.46,328.74,0.895975,0.847805,0.208051,0.30439,0.9254
656,1240.61,90.09,360.29,180.18,0.646151,0.083419,0.187654,0.166837,0.9178
656,1403.9,735.93,72.76,72.28,0.7312,0.681418,0.037895,0.066923,0.9131
656,1050.21,1046.73,62.81,63.39,0.546986,0.96919,0.032712,0.058695,0.882
656,334.1,479.97,207.28,209.06,0.17401,0.444414,0.107959,0.193569,0.8674
656,1873.67,436.33,59.97,59.39,0.97587,0.404013,0.031233,0.054993,0.8494
657,1748.08,134.47,326.03,266.15,0.910459,0.124512,0.169809,0.246438,0.9556
657,1104.58,633.9,293.65,297.25,0.575301,0.586941,0.152941,0.275227,0.9526
657,434.15,973.81,249.15,210.43,0.226119,0.901678,0.129767,0.194839,0.9497
657,183.39,364.78,364.32,363.78,0.095514,0.33776,0.189752,0.336835,0.9472
657,1228.66,100.04,359.85,200.08,0.639929,0.092631,0.18742,0.185263,0.9429
657,1518.98,698.48,120.47,119.79,0.791137,0.646738,0.062745,0.110921,0.9353
657,1713.78,927.3,410.67,305.39,0.892593,0.858615,0.213889,0.28277,0.9244
657,1390.33,759.25,72.85,71.81,0.724132,0.703005,0.037944,0.06649,0.9101
657,324.35,502.03,208.64,205.55,0.168933,0.46484,0.108669,0.190324,0.8114
657,1036.46,1058.64,59.03,42.72,0.539821,0.980221,0.030745,0.039558,0.7209
658,1094.73,654.87,298.15,300.54,0.570174,0.606362,0.155284,0.278281,0.96
658,422.27,985.76,254.44,188.47,0.21993,0.912739,0.132519,0.17451,0.9554
658,1737.52,145.24,326.57,290.48,0.90496,0.134483,0.170088,0.268966,0.9517
658,1213.26,113.13,357.53,226.26,0.631905,0.10475,0.186213,0.209499,0.9439
658,175.64,391.92,351.28,363.61,0.09148,0.362891,0.182961,0.336678,0.9428
658,1507.69,722.05,121.94,121.4,0.785253,0.668562,0.063511,0.112405,0.9308
658,1701.79,938.43,414.09,281.38,0.886347,0.86892,0.215674,0.260538,0.9203
658,1378.68,782.2,72.94,73.18,0.718063,0.724256,0.037992,0.067762,0.8978
658,309.98,524.54,210.89,207.65,0.161448,0.485685,0.109836,0.192272,0.8536
659,1082.15,679.23,296.25,300.29,0.563619,0.628915,0.154295,0.278044,0.9598
659,1727.06,158.15,326.12,316.31,0.899513,0.146438,0.169856,0.292876,0.957
659,171.15,413.54,342.31,364.79,0.089142,0.382909,0.178285,0.337773,0.957
659,1198.72,123.83,357.86,247.65,0.624336,0.114654,0.186383,0.229308,0.9496
659,409.77,996.83,251.32,163.96,0.213421,0.922991,0.130895,0.151818,0.9474
659,1493.73,744.74,118.34,119.27,0.777983,0.689572,0.061633,0.110431,0.9433
659,1366.28,804.97,74.33,75.35,0.711605,0.745342,0.038713,0.069766,0.9167
659,1889.11,484.28,60.89,65.07,0.983909,0.448411,0.031712,0.060247,0.9056
659,1698.95,952.41,421.4,255.18,0.884868,0.88186,0.219479,0.23628,0.901
659,1836.7,506.1,58.86,58.19,0.956616,0.468616,0.030657,0.053884,0.8769
660,1069.4,703.86,300.77,301.68,0.556979,0.651727,0.156651,0.279332,0.9611
660,1187.93,135.95,354.46,268.47,0.618711,0.125884,0.184612,0.248585,0.954
660,1712.52,174.68,328.48,330.73,0.891936,0.161745,0.171085,0.30623,0.9539
660,164.07,434.77,325.68,365.6,0.085453,0.402568,0.169625,0.338517,0.9457
660,395.61,1011.05,254.97,137.91,0.206049,0.936154,0.132799,0.127692,0.9361
660,1481.1,770.21,120.66,122.18,0.771407,0.713159,0.062843,0.113131,0.9344
660,1879.35,507.88,64.1,63.83,0.978829,0.470255,0.033386,0.059106,0.9091
660,1683.41,963.35,423.03,233.3,0.876778,0.89199,0.220327,0.216021,0.8961
660,1353.97,829.38,74.74,74.14,0.705192,0.767949,0.038927,0.06865,0.8938
660,287.52,572.06,206.54,202.27,0.149749,0.529689,0.107571,0.187289,0.8866
660,1824.25,529.95,58.56,58.73,0.950129,0.490695,0.0305,0.054375,0.8844
661,1701.08,199.44,328.54,330.44,0.885978,0.184664,0.171116,0.305961,0.9556
661,1055.56,727.79,297.21,299.99,0.549773,0.673876,0.154795,0.277767,0.954
661,1174.82,147.45,358.88,291.73,0.611886,0.13653,0.186915,0.270116,0.9501
661,1467.11,794.04,120.55,122.44,0.764122,0.73522,0.062789,0.113367,0.9406
661,158.0,463.42,316.0,368.18,0.082292,0.429089,0.164585,0.340904,0.9402
661,1866.26,532.16,64.62,66.32,0.972008,0.492741,0.033654,0.061404,0.9245
661,384.78,1022.52,256.88,114.96,0.200408,0.946776,0.133793,0.106447,0.9111
661,1342.52,854.24,72.97,73.15,0.699231,0.790962,0.038007,0.06773,0.9034
661,1673.36,974.29,423.86,211.41,0.87154,0.902124,0.220762,0.195751,0.8944
661,267.88,597.1,205.63,206.12,0.139518,0.552869,0.107097,0.19085,0.871
661,1811.08,553.71,58.38,58.5,0.943272,0.512697,0.030407,0.054167,0.8576
661,251.37,37.87,313.84,75.73,0.13092,0.035061,0.163456,0.070122,0.7743
662,1688.71,224.73,331.18,329.59,0.879539,0.20808,0.172492,0.305175,0.9552
662,1161.79,159.37,363.18,318.28,0.605099,0.147569,0.189158,0.294704,0.9547
662,1042.79,752.41,296.09,300.03,0.543118,0.696678,0.154215,0.277808,0.9546
662,151.74,487.69,303.47,365.71,0.079029,0.451565,0.158059,0.338621,0.943
662,1457.33,817.88,120.58,120.4,0.759025,0.757296,0.062802,0.111482,0.9408
662,181.94,523.51,286.42,344.81,0.09476,0.484736,0.149179,0.319268,0.9177
662,1329.24,878.45,73.35,72.27,0.692314,0.81338,0.038206,0.06692,0.9114
662,1853.69,556.99,63.06,63.96,0.965466,0.515736,0.032843,0.059225,0.8974
662,1665.38,989.86,421.14,180.27,0.867385,0.916542,0.219344,0.166917,0.8509
662,366.66,1034.93,244.68,90.13,0.19097,0.958271,0.127435,0.083458,0.828
662,254.44,618.98,210.93,212.33,0.132521,0.573132,0.109857,0.196606,0.7456
662,237.43,50.06,323.5,100.13,0.123661,0.046356,0.16849,0.092713,0.726
663,1033.74,775.43,298.76,302.15,0.538407,0.717994,0.155602,0.279767,0.96
663,1152.19,173.42,362.59,345.6,0.600098,0.160575,0.188851,0.320001,0.9568
663,1675.05,248.5,327.12,328.53,0.87242,0.230096,0.170374,0.30419,0.9526
663,145.46,514.05,290.93,366.45,0.075763,0.475968,0.151525,0.339307,0.9432
663,1444.04,842.99,120.93,121.22,0.752102,0.780549,0.062985,0.112242,0.9376
663,1316.15,904.83,72.64,73.22,0.685497,0.837805,0.037834,0.067792,0.9125
663,1840.86,582.28,64.35,63.59,0.958784,0.539151,0.033518,0.058879,0.9079
663,221.94,62.38,345.83,124.41,0.115596,0.057757,0.180121,0.115191,0.8583
663,248.22,646.8,213.36,209.43,0.129282,0.59889,0.111125,0.193916,0.8107
663,1652.69,1001.61,423.85,156.79,0.860777,0.927414,0.220755,0.145171,0.7466
663,351.19,1046.75,275.96,66.5,0.182912,0.969213,0.143727,0.061573,0.7141
664,1665.69,274.98,328.06,327.61,0.867546,0.254608,0.170864,0.303345,0.9585
664,1018.23,799.84,296.31,299.97,0.53033,0.740595,0.15433,0.277747,0.9571
664,1137.77,187.65,364.4,368.61,0.592591,0.173748,0.189791,0.341304,0.9527
664,140.25,534.82,280.49,359.43,0.073045,0.495203,0.146091,0.332801,0.9495
664,1431.31,869.28,117.81,119.02,0.745474,0.804892,0.061358,0.110201,0.9408
664,215.0,76.43,354.53,152.87,0.11198,0.070773,0.184653,0.141546,0.9259
664,1829.24,607.85,63.71,64.18,0.952729,0.562827,0.033181,0.059425,0.9124
664,1304.43,930.37,73.52,73.26,0.679391,0.861454,0.038292,0.067834,0.9035
664,1775.02,628.82,58.1,58.67,0.924489,0.582238,0.03026,0.05432,0.8549
665,1007.12,827.13,299.79,301.18,0.52454,0.765858,0.156141,0.278874,0.959
665,1126.95,207.04,364.79,375.05,0.586953,0.191706,0.189996,0.347271,0.9554
665,1653.86,303.48,331.37,331.01,0.861385,0.281004,0.172588,0.30649,0.9549
665,134.32,556.73,268.63,357.95,0.069957,0.51549,0.139914,0.331435,0.9352
665,1419.65,895.88,122.13,121.62,0.739403,0.829516,0.063612,0.112616,0.9303
665,198.65,88.99,348.11,177.97,0.103463,0.082394,0.181308,0.164788,0.9233
665,1291.07,955.22,73.95,73.35,0.672434,0.884462,0.038513,0.067913,0.9081
665,222.49,697.41,213.57,212.45,0.115879,0.645755,0.111235,0.196714,0.9036
665,1762.23,654.73,58.96,58.59,0.917826,0.60623,0.030706,0.054252,0.8979
665,1816.83,632.84,64.32,65.3,0.946268,0.58596,0.033502,0.060467,0.8952
666,1113.28,232.82,360.8,377.65,0.579834,0.215578,0.187917,0.349672,0.9572
666,1639.75,325.09,327.34,327.8,0.854037,0.301005,0.17049,0.303521,0.9548
666,996.46,853.5,298.13,299.13,0.518988,0.79028,0.155274,0.276971,0.9525
666,192.39,102.74,332.74,205.48,0.100203,0.095131,0.173303,0.190262,0.9448
666,1406.53,920.65,119.73,121.41,0.732567,0.852457,0.06236,0.112415,0.9415
666,127.98,599.75,255.95,383.84,0.066654,0.555324,0.133309,0.355409,0.9332
666,1279.52,981.21,74.13,73.43,0.666419,0.908531,0.03861,0.06799,0.9212
666,1750.03,681.05,58.59,58.55,0.911474,0.630598,0.030517,0.054213,0.9052
666,1809.44,24.97,57.73,49.93,0.942419,0.023116,0.030069,0.046232,0.8902
666,1803.65,659.29,62.83,64.16,0.939399,0.610453,0.032726,0.059405,0.8858
666,209.63,722.16,211.1,209.91,0.109182,0.66867,0.109946,0.19436,0.8641
667,1627.08,350.6,330.13,329.1,0.847437,0.324633,0.171945,0.304721,0.9557
667,1102.1,261.06,362.53,372.15,0.574008,0.241726,0.188818,0.34458,0.9551
667,982.29,879.16,296.88,298.39,0.511607,0.814033,0.154626,0.276283,0.9477
667,1393.56,946.53,121.54,122.34,0.725814,0.876421,0.063302,0.113279,0.9421
667,180.3,114.26,335.81,228.28,0.093908,0.1058,0.1749,0.21137,0.9413
667,119.81,607.25,239.62,357.53,0.062402,0.562269,0.124803,0.331043,0.9367
667,1799.04,48.12,58.05,56.51,0.936999,0.044555,0.030233,0.052327,0.9205
667,1266.94,1007.47,73.01,72.94,0.659862,0.932845,0.038024,0.067534,0.9138
667,145.83,636.79,232.05,366.51,0.075955,0.589624,0.12086,0.33936,0.9105
667,1791.14,686.08,63.96,64.67,0.932886,0.635257,0.033311,0.059883,0.9102
667,1737.14,707.02,58.71,58.73,0.904758,0.654646,0.030579,0.05438,0.8832
667,194.83,745.94,217.23,215.85,0.101473,0.690687,0.113138,0.199863,0.8683
668,970.44,903.89,295.65,297.49,0.505439,0.836937,0.153987,0.275454,0.9588
668,1614.4,379.49,329.51,330.41,0.840833,0.351378,0.171618,0.305933,0.9582
668,1089.88,286.5,361.36,374.15,0.567646,0.265282,0.188208,0.346438,0.9542
668,171.49,129.34,336.58,256.37,0.089316,0.119759,0.175304,0.237381,0.9428
668,1381.85,974.38,123.74,123.14,0.719716,0.902202,0.064447,0.11402,0.9426
668,119.83,670.06,239.66,379.0,0.062412,0.620425,0.124824,0.350925,0.9261
668,1779.26,711.93,64.73,65.31,0.926697,0.659196,0.033711,0.060471,0.9122
668,183.61,776.47,209.8,206.87,0.095631,0.718949,0.109269,0.191549,0.8923
668,1724.07,733.77,58.02,57.64,0.897955,0.679417,0.030218,0.053374,0.8852
668,1253.98,1034.13,71.73,72.29,0.653115,0.957531,0.037361,0.066939,0.8663
669,1076.39,314.37,362.09,373.95,0.560622,0.29108,0.188588,0.346252,0.959
669,1605.17,405.17,328.21,330.3,0.836026,0.375155,0.170945,0.30583,0.9567
669,164.56,141.04,327.2,281.01,0.085707,0.130594,0.170418,0.260191,0.9545
669,956.16,929.59,296.6,295.23,0.497998,0.860729,0.154479,0.273356,0.9527
669,1369.33,999.67,119.3,120.43,0.713191,0.925616,0.062136,0.111507,0.938
669,108.23,666.31,216.37,354.56,0.056368,0.61695,0.112691,0.328299,0.9372
669,1766.32,738.56,64.1,64.08,0.919959,0.683856,0.033387,0.059334,0.9173
669,1241.89,1053.02,71.83,53.97,0.64682,0.975014,0.037412,0.049972,0.8677
669,149.36,772.13,230.46,244.52,0.077793,0.714934,0.120032,0.226403,0.8214
669,172.64,803.69,212.62,209.45,0.089914,0.744158,0.110741,0.193937,0.7444
670,1065.44,339.29,361.61,373.54,0.554918,0.314154,0.188336,0.345873,0.9569
670,1590.76,432.46,328.5,327.68,0.828518,0.400426,0.171095,0.303406,0.9557
670,946.14,944.27,301.06,268.75,0.49278,0.874329,0.1568,0.248845,0.9544
670,156.21,155.1,310.01,308.76,0.081361,0.143611,0.161462,0.285886,0.9509
670,1354.76,1023.03,120.97,113.07,0.705605,0.947245,0.063007,0.104697,0.9333
670,102.5,705.5,204.99,377.99,0.053383,0.653238,0.106766,0.349993,0.9137
670,1754.62,766.21,64.6,66.14,0.913866,0.709458,0.033645,0.061245,0.9083
670,1699.92,788.28,57.86,57.97,0.885378,0.729889,0.030134,0.053675,0.9034
670,134.51,750.45,239.26,348.04,0.07006,0.694862,0.124616,0.322258,0.8725
670,123.4,822.95,222.31,216.72,0.064271,0.761989,0.115787,0.200668,0.8602
670,161.97,830.48,213.53,209.52,0.08436,0.768963,0.111214,0.194002,0.8541
670,1228.33,1065.53,73.04,28.1,0.639757,0.986605,0.03804,0.026015,0.7627
671,1577.55,459.39,328.99,328.76,0.821642,0.425365,0.171346,0.304412,0.959
671,1050.93,367.5,360.79,370.29,0.547358,0.34028,0.187914,0.342863,0.9552
671,933.59,958.1,299.96,243.65,0.486246,0.887134,0.15623,0.225602,0.9518
671,148.81,171.89,297.63,329.13,0.077507,0.159159,0.155014,0.304747,0.9464
671,96.87,719.14,193.74,355.14,0.050454,0.665873,0.100907,0.328835,0.9338
671,1748.68,155.96,57.74,57.64,0.91077,0.144406,0.030071,0.053372,0.9233
671,1344.86,1037.2,122.9,85.12,0.700446,0.960373,0.064011,0.078818,0.9116
671,1741.57,794.68,64.07,65.12,0.907066,0.735813,0.033372,0.060293,0.9111
671,1687.25,816.43,58.02,57.76,0.878778,0.755955,0.030218,0.053483,0.8901
671,146.87,859.36,212.91,209.47,0.076492,0.795704,0.11089,0.19395,0.7955
672,1040.18,398.49,366.67,376.1,0.541761,0.368975,0.190972,0.34824,0.9584
672,1563.9,487.37,327.97,324.13,0.81453,0.451269,0.170819,0.300121,0.9549
672,142.87,199.55,282.85,329.17,0.074412,0.184765,0.147318,0.304789,0.9546
672,920.54,972.74,300.87,213.51,0.479446,0.900685,0.156705,0.197693,0.9524
672,1729.34,822.1,64.7,64.39,0.9007,0.761204,0.033696,0.059625,0.9077
672,1736.74,183.84,57.62,56.62,0.90455,0.170224,0.030013,0.052425,0.9076
672,90.9,773.31,180.9,387.05,0.047342,0.716032,0.094221,0.358382,0.8907
672,133.93,883.43,216.2,213.67,0.069754,0.817993,0.112604,0.197838,0.8572
672,1330.1,1050.59,120.26,58.82,0.692759,0.972767,0.062637,0.054466,0.8533
672,1297.01,28.8,202.68,57.6,0.675526,0.026667,0.105563,0.053334,0.7669
673,1554.11,517.67,327.96,329.91,0.809434,0.479329,0.17081,0.305469,0.9634
673,137.37,229.36,274.75,333.95,0.071549,0.212368,0.143098,0.309211,0.9581
673,1026.48,425.36,360.5,371.73,0.534625,0.393848,0.187759,0.344195,0.9548
673,906.88,985.47,295.31,187.18,0.472333,0.912474,0.153806,0.173312,0.9513
673,1716.95,851.91,63.9,64.6,0.894247,0.788809,0.033282,0.05981,0.9181
673,1723.74,212.39,57.82,55.8,0.897782,0.196654,0.030114,0.051662,0.9122
673,85.83,786.47,171.66,383.22,0.044704,0.728214,0.089409,0.354838,0.9059
673,1284.02,42.7,221.85,85.39,0.668762,0.039533,0.115546,0.079066,0.8862
673,116.58,856.56,232.14,325.58,0.060718,0.793108,0.120908,0.30146,0.8518
673,1662.16,872.73,58.4,58.45,0.865711,0.808081,0.030418,0.05412,0.841
673,117.15,913.32,225.13,211.72,0.061014,0.845667,0.117255,0.19604,0.8251
673,1324.02,1064.14,137.26,31.71,0.689594,0.985319,0.071489,0.029362,0.7061
674,1013.38,454.69,365.57,374.46,0.527801,0.421007,0.190399,0.346718,0.957
674,1542.42,542.69,328.78,328.22,0.803341,0.50249,0.17124,0.303907,0.9556
674,130.63,259.99,261.14,327.53,0.068037,0.240729,0.136011,0.303273,0.947
674,895.18,1000.49,295.06,159.02,0.466242,0.926381,0.153676,0.147238,0.9318
674,1270.6,56.27,224.96,112.53,0.661772,0.052098,0.117167,0.104196,0.9214
674,1704.48,879.69,64.55,64.21,0.887748,0.814526,0.033622,0.059452,0.906
674,77.7,812.49,155.39,374.09,0.040467,0.752305,0.080934,0.346378,0.8923
674,1649.59,901.03,57.98,58.65,0.859163,0.834285,0.030196,0.054301,0.882
674,111.86,938.98,223.72,216.47,0.058262,0.869423,0.116523,0.200435,0.8542
674,94.71,853.69,189.42,382.5,0.049329,0.790452,0.098658,0.354164,0.8486
675,1002.75,482.17,360.6,374.44,0.522266,0.44645,0.187811,0.346705,0.9588
675,124.52,286.2,249.04,334.59,0.064854,0.265002,0.129708,0.309807,0.9532
675,1530.22,574.05,328.14,329.88,0.796989,0.531526,0.170906,0.305442,0.9511
675,1258.97,70.81,215.01,141.21,0.655714,0.065565,0.111984,0.130753,0.9205
675,1691.88,908.5,64.69,64.51,0.881188,0.841205,0.033694,0.059728,0.9197
675,882.64,1015.07,291.47,129.77,0.459711,0.939882,0.151807,0.120157,0.912
675,1699.21,269.89,57.78,58.05,0.885006,0.249899,0.030095,0.05375,0.9076
675,1637.27,929.66,57.9,58.66,0.852743,0.860795,0.030154,0.054313,0.9056
675,68.11,848.26,136.22,382.11,0.035475,0.785429,0.07095,0.353808,0.8892
675,83.94,900.04,167.89,359.92,0.04372,0.833369,0.08744,0.333262,0.8389
675,102.79,970.42,205.58,217.86,0.053538,0.898537,0.107075,0.201722,0.831
676,988.77,511.32,363.3,371.31,0.514983,0.473444,0.189221,0.343804,0.9577
676,1517.11,604.71,329.48,330.83,0.790162,0.559914,0.171604,0.306328,0.9539
676,117.11,314.67,234.22,330.86,0.060996,0.291358,0.121992,0.306354,0.9429
676,1246.23,85.03,217.96,169.47,0.649077,0.078734,0.113523,0.156921,0.925
676,1679.48,938.1,64.52,64.57,0.874729,0.868608,0.033604,0.059786,0.9149
676,1625.93,959.42,57.71,57.84,0.846841,0.888351,0.030059,0.053554,0.9033
676,1687.29,299.24,58.6,57.73,0.878798,0.27707,0.030519,0.053451,0.8987
676,62.82,857.85,125.64,335.54,0.03272,0.794306,0.065439,0.310681,0.8939
676,870.05,1029.85,299.33,100.31,0.453152,0.953561,0.155903,0.092879,0.8539
676,999.99,17.06,100.85,34.12,0.520827,0.015798,0.052524,0.031596,0.7651
676,94.2,989.66,188.4,180.69,0.049063,0.916348,0.098126,0.167305,0.7621
677,1501.73,630.24,328.74,329.49,0.782153,0.583558,0.171216,0.305081,0.9613
677,979.52,541.61,363.08,372.46,0.510166,0.501487,0.189105,0.344873,0.9534
677,111.16,344.14,222.32,336.09,0.057895,0.318644,0.11579,0.311191,0.9473
677,1234.83,99.8,216.0,199.05,0.643141,0.092408,0.112502,0.184305,0.945
677,1674.23,328.21,59.15,58.35,0.871997,0.3039,0.030806,0.054027,0.9283
677,1667.06,966.58,64.68,65.09,0.86826,0.894985,0.033689,0.060271,0.9178
677,1612.85,989.0,58.52,58.05,0.840025,0.915739,0.030477,0.053754,0.9039
677,986.5,32.66,93.29,64.67,0.513803,0.030239,0.048587,0.059883,0.8914
677,56.29,891.42,112.57,347.34,0.029316,0.825387,0.058632,0.321613,0.8738
677,857.27,1043.05,285.76,73.9,0.446495,0.965785,0.148833,0.068429,0.7508
677,82.25,976.12,164.43,203.48,0.04284,0.903819,0.085643,0.188405,0.7417
678,964.75,570.98,363.37,367.45,0.502474,0.528681,0.189256,0.340228,0.9586
678,1490.75,658.52,326.56,328.31,0.77643,0.609743,0.170081,0.303989,0.9547
678,1221.18,115.6,214.94,218.88,0.636033,0.107037,0.111946,0.20267,0.9401
678,104.66,371.87,209.32,326.81,0.054511,0.344327,0.109022,0.302602,0.9387
678,1653.85,996.19,64.3,63.91,0.861381,0.922399,0.033489,0.059172,0.9356
678,1661.86,358.36,58.59,57.91,0.865552,0.331815,0.030514,0.053618,0.9153
678,973.34,50.08,85.73,86.13,0.506949,0.046368,0.04465,0.07975,0.9115
678,51.58,905.41,103.15,339.02,0.026862,0.838347,0.053724,0.313912,0.8631
678,1599.59,1018.56,59.26,59.92,0.83312,0.943113,0.030865,0.055483,0.8373
678,66.78,976.84,133.17,203.83,0.034781,0.904481,0.069359,0.188729,0.7547
679,950.91,600.49,361.04,373.43,0.495266,0.556014,0.188043,0.345766,0.955
679,1479.64,689.77,332.34,331.49,0.770648,0.638671,0.173092,0.306939,0.9542
679,1209.69,144.08,217.15,225.46,0.630045,0.13341,0.113101,0.208757,0.9438
679,98.45,404.75,196.9,333.63,0.051276,0.374769,0.102551,0.308912,0.9418
679,1642.41,1025.78,63.5,64.36,0.855424,0.949799,0.033073,0.059595,0.9153
679,960.2,80.31,86.11,86.97,0.500105,0.074363,0.044851,0.080528,0.9153
679,1587.06,1047.83,58.36,59.51,0.826592,0.970211,0.030396,0.055104,0.8894
679,42.78,924.81,85.56,294.12,0.022282,0.856302,0.044565,0.27233,0.8523
680,941.68,629.97,363.37,372.37,0.490459,0.58331,0.189254,0.344789,0.9582
680,1467.29,722.79,328.57,330.85,0.764213,0.669246,0.171129,0.306344,0.9528
680,91.83,433.48,183.65,324.92,0.047826,0.401367,0.095652,0.300854,0.9433
680,1196.48,174.51,219.19,220.99,0.623169,0.161584,0.114159,0.204623,0.9401
680,947.66,110.1,86.59,86.89,0.493573,0.101946,0.045098,0.080455,0.9104
680,1629.22,1051.08,61.68,57.11,0.848553,0.973224,0.032127,0.052878,0.8771
680,1576.65,1064.46,59.46,30.87,0.821174,0.985615,0.030971,0.028579,0.796
680,39.11,942.81,78.22,270.2,0.020369,0.872974,0.040738,0.250182,0.7622
681,1454.48,749.05,328.57,330.32,0.757544,0.693567,0.171131,0.305852,0.9579
681,928.17,659.16,362.6,373.27,0.483423,0.610329,0.188852,0.345622,0.9542
681,86.97,464.53,173.93,329.09,0.045295,0.430122,0.090591,0.304714,0.9417
681,1183.1,204.33,219.05,223.33,0.616196,0.189194,0.11409,0.206787,0.9366
681,934.69,140.45,85.78,87.36,0.486817,0.130049,0.044678,0.080893,0.9058
681,1654.35,19.92,59.52,39.81,0.861641,0.018441,0.030998,0.036865,0.8127
681,1889.41,347.93,60.36,320.79,0.984067,0.322158,0.031436,0.297026,0.7495
681,1618.0,1065.52,70.52,28.96,0.842707,0.986595,0.03673,0.026811,0.7437
682,1439.89,781.03,327.47,328.36,0.749945,0.723173,0.170559,0.304036,0.9568
682,915.56,689.73,363.19,369.36,0.476854,0.638639,0.189159,0.341995,0.9563
682,1171.2,233.62,215.04,219.45,0.609998,0.216316,0.111999,0.20319,0.9473
682,1641.92,38.01,61.28,61.6,0.855167,0.03519,0.031915,0.057035,0.9358
682,80.59,495.33,161.18,326.14,0.041975,0.458641,0.083949,0.301985,0.9311
682,1612.12,478.24,58.96,58.41,0.839647,0.442817,0.030708,0.054082,0.9124
682,922.17,170.62,85.78,86.55,0.480296,0.15798,0.044678,0.080135,0.8918
682,1881.99,374.3,75.44,290.54,0.980203,0.346571,0.039292,0.269019,0.8088
683,1428.88,810.75,325.48,328.14,0.744206,0.750696,0.169519,0.303836,0.9607
683,901.23,719.93,360.88,369.14,0.469389,0.666599,0.187958,0.341799,0.9547
683,1158.77,264.61,217.11,220.96,0.603527,0.24501,0.113079,0.204595,0.9418
683,75.18,525.18,150.36,334.7,0.039157,0.486278,0.078314,0.309909,0.928
683,1599.11,508.92,58.73,58.02,0.832871,0.471221,0.030588,0.053723,0.9239
683,1629.88,68.55,62.85,62.04,0.848897,0.063475,0.032736,0.057442,0.9218
683,908.72,200.46,86.03,86.7,0.473292,0.185608,0.04481,0.080282,0.9074
683,1875.35,403.26,88.53,287.04,0.976743,0.373392,0.046107,0.265775,0.8352
683,812.38,44.47,347.76,88.94,0.423115,0.041174,0.181123,0.082349,0.7142
684,889.93,753.51,360.27,369.73,0.463504,0.697697,0.18764,0.342339,0.9578
684,1416.46,841.07,329.56,328.62,0.737739,0.77877,0.171645,0.30428,0.9508
684,1147.28,296.39,217.01,218.91,0.597542,0.274435,0.113028,0.202696,0.9364
684,68.16,556.2,136.31,327.98,0.035498,0.515002,0.070995,0.303684,0.9133
684,1616.92,99.19,62.32,62.41,0.842144,0.091847,0.032459,0.057788,0.9108
684,896.85,232.2,86.33,87.52,0.467109,0.214996,0.044961,0.081034,0.9021
684,1866.76,436.43,106.48,291.88,0.97227,0.404105,0.05546,0.270262,0.8977
684,1586.12,539.85,58.62,58.01,0.826104,0.499865,0.030532,0.053709,0.8968
684,808.83,60.1,344.93,119.9,0.421263,0.055644,0.179649,0.111018,0.737
685,878.75,781.67,362.84,370.53,0.457682,0.723771,0.188978,0.343079,0.9584
685,1406.68,871.42,324.47,326.6,0.732646,0.806868,0.168996,0.302411,0.9477
685,1132.91,326.71,219.01,221.75,0.590059,0.302507,0.11407,0.205323,0.9348
685,1604.14,129.94,63.51,63.0,0.835489,0.120312,0.033077,0.058331,0.9186
685,61.45,584.54,122.9,323.79,0.032006,0.541244,0.064013,0.299801,0.9101
685,1573.44,570.15,58.36,57.92,0.819498,0.527917,0.030398,0.053629,0.9089
685,884.83,263.05,86.84,87.09,0.460849,0.243564,0.045232,0.080635,0.9085
685,1862.21,461.29,115.58,293.86,0.9699,0.427117,0.0602,0.272096,0.903
685,804.68,76.2,373.34,152.34,0.419105,0.070557,0.194451,0.141056,0.8537
686,866.8,813.43,364.91,371.72,0.451459,0.753173,0.190058,0.344183,0.9562
686,1393.25,902.86,324.9,330.72,0.72565,0.835985,0.16922,0.306219,0.954
686,1121.27,358.58,214.81,219.19,0.583995,0.332015,0.11188,0.20295,0.9392
686,1591.53,160.96,63.39,62.41,0.828921,0.14904,0.033014,0.057787,0.9247
686,871.98,293.69,87.33,87.43,0.454157,0.271931,0.045483,0.080957,0.9205
686,796.49,93.73,376.02,187.46,0.414836,0.086785,0.195843,0.173571,0.913
686,54.84,612.38,109.43,315.13,0.028562,0.567017,0.056993,0.291785,0.8984
686,1855.72,496.37,128.56,303.19,0.96652,0.459606,0.066959,0.280733,0.889
686,1887.65,779.67,63.88,204.09,0.983153,0.72192,0.033273,0.188974,0.7722
687,1377.7,924.15,329.52,311.7,0.717553,0.855696,0.171624,0.288609,0.9584
687,857.83,844.6,362.72,367.75,0.446788,0.782041,0.188914,0.340509,0.9517
687,1108.74,389.86,216.02,219.82,0.577466,0.36098,0.112512,0.203533,0.9381
687,781.95,108.83,376.89,217.67,0.407265,0.100772,0.196298,0.201544,0.9337
687,1849.71,521.67,140.57,300.76,0.963392,0.483028,0.073216,0.278478,0.9134
687,1548.58,633.36,58.09,57.79,0.806551,0.586442,0.030255,0.053508,0.9101
687,1578.89,192.11,62.86,63.48,0.822339,0.177878,0.032739,0.058782,0.9099
687,859.12,324.82,84.67,86.09,0.447457,0.30076,0.0441,0.079714,0.9095
687,49.39,645.07,98.77,310.15,0.025722,0.597292,0.051445,0.287179,0.8876
687,1880.14,813.13,78.69,192.29,0.97924,0.752901,0.040986,0.17805,0.7854
687,134.54,31.22,265.22,62.45,0.070073,0.02891,0.138134,0.05782,0.7161
688,839.08,873.96,361.48,366.96,0.437023,0.809222,0.18827,0.339776,0.9557
688,1368.04,940.1,329.59,279.61,0.712518,0.870462,0.171662,0.258901,0.9518
688,766.85,124.34,369.73,248.69,0.399402,0.115133,0.192566,0.230266,0.9432
688,1096.58,420.1,216.76,218.58,0.571137,0.388978,0.112893,0.202392,0.9424
688,847.2,356.26,86.75,86.23,0.441249,0.329872,0.04518,0.079845,0.9272
688,1566.34,223.28,62.98,63.04,0.815801,0.206738,0.0328,0.05837,0.9235
688,1536.68,663.81,58.5,58.78,0.800353,0.614635,0.03047,0.054427,0.9162
688,1844.73,554.03,150.54,295.72,0.960796,0.512988,0.078408,0.273816,0.9151
688,127.88,48.15,253.75,96.3,0.066604,0.044581,0.13216,0.089163,0.8469
688,44.0,677.53,88.01,331.65,0.022919,0.627344,0.045837,0.30708,0.8334
688,1874.68,841.35,90.12,194.15,0.976395,0.77903,0.046937,0.179771,0.8072
689,828.0,901.01,358.55,357.98,0.431248,0.83427,0.186745,0.33146,0.9569
689,1355.65,956.46,327.1,246.67,0.706065,0.885615,0.170365,0.228395,0.9511
689,756.79,139.29,372.08,278.58,0.394163,0.12897,0.193793,0.257941,0.9461
689,1084.0,450.71,215.33,218.65,0.564583,0.417322,0.11215,0.202454,0.9354
689,1839.83,583.39,160.34,298.78,0.958245,0.540179,0.083511,0.276649,0.9234
689,122.81,62.17,245.63,124.33,0.063965,0.057561,0.12793,0.115121,0.9201
689,835.41,388.89,90.71,88.69,0.43511,0.360083,0.047246,0.082122,0.9126
689,1553.86,254.68,63.11,63.19,0.809301,0.235814,0.032871,0.058511,0.8965
689,1869.43,872.36,101.13,197.91,0.97366,0.807738,0.052671,0.183251,0.8343
689,35.45,711.5,70.9,325.43,0.018464,0.658799,0.036927,0.301321,0.7935
690,817.4,916.26,360.22,327.48,0.425728,0.84839,0.187616,0.30322,0.9573
690,739.8,155.74,372.68,308.6,0.385314,0.144207,0.194106,0.285743,0.9531
690,1832.75,618.37,173.18,293.67,0.954558,0.572561,0.0902,0.271919,0.9435
690,1341.14,972.46,327.9,215.07,0.69851,0.90043,0.170781,0.19914,0.9402
690,115.33,78.43,230.66,156.84,0.060068,0.07262,0.120136,0.145222,0.9394
690,1072.47,482.79,220.36,218.46,0.558579,0.447024,0.114771,0.20228,0.9337
690,1511.04,726.77,58.12,57.87,0.786998,0.672937,0.030273,0.053579,0.9264
690,822.09,419.57,86.92,88.03,0.428172,0.38849,0.04527,0.081505,0.9222
690,1541.29,286.1,62.85,63.43,0.802755,0.26491,0.032735,0.058731,0.8986
690,1862.65,901.83,114.7,204.09,0.970131,0.83503,0.059739,0.188968,0.8546
691,729.67,170.65,371.45,341.29,0.380035,0.158007,0.193465,0.316014,0.9579
691,805.26,931.39,363.6,296.31,0.419406,0.862402,0.189373,0.274363,0.9578
691,1060.17,515.15,215.05,218.09,0.552171,0.476993,0.112003,0.201933,0.9485
691,109.02,94.14,218.04,187.45,0.056782,0.087162,0.113565,0.173561,0.9479
691,1827.08,649.39,185.84,298.72,0.951605,0.601292,0.09679,0.276589,0.9369
691,1328.16,987.39,336.15,185.22,0.691752,0.914249,0.175077,0.171501,0.9254
691,1527.83,318.17,63.22,63.86,0.795743,0.294601,0.032928,0.059128,0.9114
691,809.13,451.48,87.6,86.18,0.421424,0.41804,0.045624,0.079794,0.9061
691,1857.45,929.41,125.09,218.5,0.967425,0.860565,0.065151,0.202311,0.7797
692,792.42,946.71,367.15,264.53,0.41272,0.876586,0.191226,0.244931,0.9586
692,716.28,189.54,368.01,367.28,0.373061,0.175499,0.19167,0.340072,0.9547
692,102.53,109.66,205.06,219.31,0.0534,0.101534,0.1068,0.203068,0.9417
692,1820.57,681.77,197.69,288.26,0.948213,0.631266,0.102966,0.266906,0.9377
692,1047.99,546.64,217.46,220.88,0.545828,0.506149,0.113262,0.204517,0.9339
692,796.86,482.27,86.84,85.74,0.415034,0.446551,0.045229,0.079393,0.9258
692,1486.17,790.74,57.77,57.27,0.774047,0.732166,0.030088,0.053027,0.9211
692,1317.74,1004.08,321.32,151.84,0.686324,0.929705,0.167355,0.14059,0.9114
692,1515.45,350.07,62.27,63.06,0.789298,0.324142,0.03243,0.05839,0.8896
692,1848.7,969.17,142.6,193.63,0.962865,0.897381,0.074271,0.17929,0.7075
693,704.63,217.25,371.18,374.66,0.366993,0.201153,0.193321,0.346908,0.9513
693,1814.01,715.54,211.95,289.23,0.944799,0.66254,0.110392,0.26781,0.9474
693,781.34,964.92,364.83,229.93,0.406949,0.89344,0.190015,0.212894,0.9442
693,95.58,126.94,191.16,246.43,0.049782,0.117537,0.099563,0.228175,0.9439
693,1035.67,577.86,217.44,220.63,0.539411,0.535051,0.113248,0.204287,0.9337
693,1473.89,822.63,57.82,57.9,0.767653,0.761698,0.030114,0.05361,0.9241
693,783.68,514.76,85.99,86.84,0.408167,0.476633,0.044784,0.080408,0.9188
693,1502.98,382.6,62.64,62.46,0.782804,0.354262,0.032623,0.057834,0.9123
693,1308.16,1020.12,317.24,119.75,0.681333,0.944558,0.165228,0.110884,0.8706
693,1846.84,997.19,146.32,165.61,0.961895,0.923328,0.07621,0.153343,0.8677
693,1140.44,78.95,408.54,157.68,0.593977,0.073106,0.21278,0.146001,0.8344
693,1791.27,30.13,100.04,59.55,0.932953,0.027896,0.052105,0.055138,0.7254
693,1881.16,56.06,77.67,101.5,0.979773,0.051908,0.040454,0.093982,0.7211
694,691.36,248.55,371.03,377.71,0.360083,0.230141,0.193247,0.349729,0.9548
694,1808.03,745.8,223.94,289.82,0.941683,0.690556,0.116634,0.268356,0.9433
694,89.87,156.9,179.55,245.13,0.046806,0.145282,0.093514,0.226974,0.9393
694,1022.24,610.61,214.46,216.3,0.532417,0.565377,0.111698,0.200278,0.9375
694,1460.43,854.67,57.71,58.59,0.760641,0.791357,0.030056,0.054246,0.9294
694,770.73,979.86,365.59,200.29,0.401424,0.907275,0.190412,0.18545,0.919
694,771.28,547.02,85.63,85.84,0.40171,0.506497,0.0446,0.079483,0.899
694,1490.64,413.83,63.13,62.21,0.776375,0.383174,0.032879,0.057605,0.8817
694,1837.49,1014.83,165.01,130.35,0.957028,0.939655,0.085943,0.12069,0.8585
694,1877.27,92.15,85.46,93.39,0.977745,0.085322,0.044511,0.08647,0.8535
694,1130.08,97.51,438.95,191.56,0.588584,0.090291,0.228619,0.177367,0.8473
695,1801.35,778.31,237.3,293.17,0.938204,0.720653,0.123591,0.271458,0.9522
695,677.37,280.92,372.9,377.57,0.352797,0.26011,0.194219,0.349601,0.9463
695,82.59,187.93,165.17,245.62,0.043014,0.174011,0.086028,0.227423,0.9427
695,1008.48,642.95,217.42,218.04,0.525249,0.595329,0.113241,0.201885,0.9357
695,756.78,578.68,84.49,86.18,0.394158,0.535817,0.044003,0.079794,0.9098
695,1114.91,114.7,432.02,229.4,0.580681,0.106205,0.225008,0.21241,0.8945
695,1478.27,446.55,62.62,62.85,0.769933,0.413473,0.032617,0.058192,0.8915
695,759.16,996.69,367.4,166.61,0.395396,0.922864,0.191356,0.154271,0.8707
695,1871.31,123.74,94.42,94.77,0.97464,0.114576,0.049175,0.087753,0.8405
695,1821.44,1032.68,194.63,94.65,0.948669,0.956182,0.101371,0.087636,0.7473
696,668.53,312.42,373.74,376.39,0.348194,0.28928,0.194657,0.348506,0.953
696,1795.45,808.7,249.1,289.34,0.93513,0.748799,0.129739,0.267906,0.9479
696,999.26,673.95,214.73,218.97,0.520446,0.624029,0.111841,0.202752,0.9467
696,77.39,217.83,154.79,244.55,0.040309,0.20169,0.080618,0.226437,0.9342
696,1103.71,129.09,422.35,258.17,0.574851,0.119525,0.219976,0.239049,0.9284
696,1435.26,918.53,58.79,58.8,0.747533,0.850486,0.030617,0.054447,0.9229
696,745.97,610.97,87.11,87.34,0.388524,0.565712,0.045367,0.080867,0.9088
696,1465.62,478.27,64.13,63.25,0.763342,0.442844,0.033399,0.058568,0.877
696,1862.21,158.55,93.72,89.77,0.969899,0.146809,0.048812,0.083118,0.8188
696,1715.75,44.57,300.88,88.97,0.89362,0.041267,0.156707,0.082376,0.8179
696,753.95,1011.73,356.48,136.53,0.392684,0.936783,0.185664,0.126419,0.79
697,1790.21,844.88,259.57,292.54,0.932403,0.782299,0.135194,0.27087,0.9567
697,655.37,347.69,367.72,376.73,0.341338,0.321937,0.191522,0.348819,0.9509
697,985.44,706.98,216.06,217.03,0.51325,0.654607,0.112532,0.200953,0.9486
697,70.67,252.59,141.34,252.93,0.036808,0.23388,0.073617,0.234197,0.9331
697,1090.38,146.27,420.2,292.02,0.567909,0.135435,0.218855,0.270387,0.9239
697,732.5,643.65,85.97,86.54,0.381511,0.595974,0.044777,0.080132,0.9072
697,1451.98,510.05,63.32,63.21,0.756242,0.472267,0.032977,0.058532,0.903
697,1708.95,61.08,309.38,121.24,0.890076,0.056556,0.161133,0.11226,0.8315
697,1888.15,103.22,63.7,158.59,0.983411,0.095573,0.033178,0.146844,0.8223
697,740.81,1030.31,356.6,99.38,0.385839,0.95399,0.18573,0.092021,0.7276
697,1847.71,191.12,93.26,92.13,0.96235,0.17696,0.048574,0.085304,0.702
698,641.73,376.31,371.15,377.26,0.334233,0.348431,0.193309,0.349312,0.9565
698,1782.5,875.61,274.99,292.09,0.928387,0.810748,0.143226,0.27045,0.9464
698,973.32,736.82,214.04,218.65,0.50694,0.682242,0.111477,0.202453,0.9422
698,1079.29,161.41,425.03,322.81,0.562128,0.149451,0.22137,0.298902,0.9398
698,64.35,279.14,128.33,245.49,0.033516,0.258462,0.06684,0.227303,0.9276
698,720.1,675.89,86.47,86.02,0.375054,0.625821,0.045034,0.079646,0.9206
698,1439.22,542.93,62.91,63.64,0.749595,0.502714,0.032764,0.058929,0.9087
698,1715.66,78.44,350.77,156.87,0.893571,0.072626,0.182694,0.145251,0.868
698,1883.93,141.4,72.13,147.31,0.981216,0.130924,0.037569,0.136402,0.8395
698,1833.41,221.89,92.06,91.75,0.954902,0.205449,0.047948,0.084951,0.744
699,630.26,408.08,369.25,374.97,0.32826,0.377848,0.192318,0.347195,0.952
699,1776.07,908.81,285.48,295.08,0.925038,0.841494,0.148687,0.27322,0.9494
699,960.3,771.09,214.02,216.82,0.500156,0.71397,0.111469,0.200761,0.9388
699,1065.3,176.15,430.05,352.18,0.554842,0.163102,0.223987,0.32609,0.927
699,1698.22,95.41,333.7,190.82,0.884489,0.088343,0.173804,0.176687,0.9242
699,57.95,311.49,115.89,255.79,0.03018,0.288421,0.06036,0.236839,0.9186
699,1398.23,1015.47,57.87,57.75,0.728244,0.940249,0.030141,0.053473,0.9159
699,707.32,707.22,86.2,86.1,0.368396,0.654831,0.044895,0.079724,0.8962
699,1427.02,574.17,62.8,63.78,0.743242,0.531634,0.032706,0.059054,0.893
699,1876.65,184.94,86.7,120.08,0.977421,0.171239,0.045158,0.111181,0.8465
699,1821.67,257.11,92.87,94.09,0.948789,0.238066,0.048368,0.087125,0.834
700,618.34,441.98,370.37,374.49,0.322052,0.409243,0.192901,0.346754,0.9521
700,1054.76,195.03,422.78,390.06,0.549352,0.180581,0.2202,0.361163,0.9478
700,1767.35,936.27,294.2,284.88,0.920495,0.866916,0.15323,0.263781,0.9457
700,1683.06,112.02,333.6,224.03,0.876594,0.103718,0.173752,0.207436,0.9399
700,948.44,800.02,216.1,220.03,0.49398,0.740758,0.112552,0.203735,0.9357
700,53.1,343.27,105.79,253.28,0.027655,0.317845,0.055097,0.234518,0.9145
700,1415.19,606.87,62.9,63.1,0.737076,0.561918,0.032759,0.05843,0.9131
700,694.77,740.23,85.62,87.13,0.36186,0.685401,0.044596,0.080673,0.9056
700,1871.72,215.47,96.57,127.18,0.974852,0.199508,0.050297,0.117758,0.8686
700,1810.1,290.37,89.91,90.29,0.942759,0.268866,0.046827,0.083606,0.8331
